sample	stage	timestamp	epoch_ns	target	comm	pid	glibc_heap_pd_kb	other_anon_pd_kb	file_backed_pd_kb	total_pd_kb	minflt	majflt	MemAvailable_kb	zram_used_kb	zram_orig_bytes	zram_compr_bytes	zram_mem_used_bytes
0	P0	2026-08-14T00:21:22,788354995-0700	1786692082782855245	AppProcD	AppProcD	543	30008	39036	6600	75644	340561	582	818312	93312	92061696	24778111	32534528
0	P0	2026-08-14T00:21:22,788354995-0700	1786692082782855245	AppProcC	AppProcC	2671	15348	16576	4560	36484	101431	40	818312	93312	92061696	24778111	32534528
0	P0	2026-08-14T00:21:22,788354995-0700	1786692082782855245	AppProcB	AppProcB	945	10540	13152	5636	29328	115852	1955	818312	93312	92061696	24778111	32534528
0	P0	2026-08-14T00:21:22,788354995-0700	1786692082782855245	ServiceA	ServiceA	3953	2932	4048	2656	9636	345052	164	818312	93312	92061696	24778111	32534528
0	P0	2026-08-14T00:21:22,788354995-0700	1786692082782855245	ServiceD	ServiceD	953	9512	6720	3364	19596	77246	707	818312	93312	92061696	24778111	32534528
0	P0	2026-08-14T00:21:22,788354995-0700	1786692082782855245	ServiceE	ServiceE	545	8772	2120	7800	18692	28171	342	818312	93312	92061696	24778111	32534528
0	P0	2026-08-14T00:21:22,788354995-0700	1786692082782855245	ServiceL	ServiceL	579	6436	2196	1640	10272	25756	1167	818312	93312	92061696	24778111	32534528
0	P0	2026-08-14T00:21:22,788354995-0700	1786692082782855245	ServiceH[ServiceK]	ServiceH	3740	11544	27356	4308	43208	72389	102	818312	93312	92061696	24778111	32534528
0	P0	2026-08-14T00:21:22,788354995-0700	1786692082782855245	ServiceB	ServiceB	692	3548	4648	2168	10364	21541	337	818312	93312	92061696	24778111	32534528
0	P0	2026-08-14T00:21:22,788354995-0700	1786692082782855245	ServiceC	ServiceC	676	3932	8604	1540	14076	114711	964	818312	93312	92061696	24778111	32534528
1	P0	2026-08-14T00:21:24,778561745-0700	1786692084773912245	AppProcD	AppProcD	543	30008	39036	6600	75644	340561	582	815832	93312	92061696	24778111	32534528
1	P0	2026-08-14T00:21:24,778561745-0700	1786692084773912245	AppProcC	AppProcC	2671	15348	16576	4560	36484	101431	40	815832	93312	92061696	24778111	32534528
1	P0	2026-08-14T00:21:24,778561745-0700	1786692084773912245	AppProcB	AppProcB	945	10540	13152	5636	29328	115852	1955	815832	93312	92061696	24778111	32534528
1	P0	2026-08-14T00:21:24,778561745-0700	1786692084773912245	ServiceA	ServiceA	3953	2932	4048	2656	9636	345052	164	815832	93312	92061696	24778111	32534528
1	P0	2026-08-14T00:21:24,778561745-0700	1786692084773912245	ServiceD	ServiceD	953	9512	6720	3364	19596	77246	707	815832	93312	92061696	24778111	32534528
1	P0	2026-08-14T00:21:24,778561745-0700	1786692084773912245	ServiceE	ServiceE	545	8772	2120	7800	18692	28171	342	815832	93312	92061696	24778111	32534528
1	P0	2026-08-14T00:21:24,778561745-0700	1786692084773912245	ServiceL	ServiceL	579	6436	2196	1640	10272	25758	1167	815832	93312	92061696	24778111	32534528
1	P0	2026-08-14T00:21:24,778561745-0700	1786692084773912245	ServiceH[ServiceK]	ServiceH	3740	11544	27356	4308	43208	72428	102	815832	93312	92061696	24778111	32534528
1	P0	2026-08-14T00:21:24,778561745-0700	1786692084773912245	ServiceB	ServiceB	692	3548	4648	2168	10364	21541	337	815832	93312	92061696	24778111	32534528
1	P0	2026-08-14T00:21:24,778561745-0700	1786692084773912245	ServiceC	ServiceC	676	3932	8604	1540	14076	114711	964	815832	93312	92061696	24778111	32534528
2	P0	2026-08-14T00:21:26,778386661-0700	1786692086770094827	AppProcD	AppProcD	543	30036	39024	6600	75660	340568	582	815852	93312	92061696	24778111	32534528
2	P0	2026-08-14T00:21:26,778386661-0700	1786692086770094827	AppProcC	AppProcC	2671	15348	16576	4560	36484	101432	40	815852	93312	92061696	24778111	32534528
2	P0	2026-08-14T00:21:26,778386661-0700	1786692086770094827	AppProcB	AppProcB	945	10540	13152	5636	29328	115892	1955	815852	93312	92061696	24778111	32534528
2	P0	2026-08-14T00:21:26,778386661-0700	1786692086770094827	ServiceA	ServiceA	3953	2932	4048	2656	9636	345052	164	815852	93312	92061696	24778111	32534528
2	P0	2026-08-14T00:21:26,778386661-0700	1786692086770094827	ServiceD	ServiceD	953	9512	6720	3364	19596	77249	707	815852	93312	92061696	24778111	32534528
2	P0	2026-08-14T00:21:26,778386661-0700	1786692086770094827	ServiceE	ServiceE	545	8772	2120	7800	18692	28171	342	815852	93312	92061696	24778111	32534528
2	P0	2026-08-14T00:21:26,778386661-0700	1786692086770094827	ServiceL	ServiceL	579	6436	2196	1640	10272	25758	1167	815852	93312	92061696	24778111	32534528
2	P0	2026-08-14T00:21:26,778386661-0700	1786692086770094827	ServiceH[ServiceK]	ServiceH	3740	11544	27356	4308	43208	72428	102	815852	93312	92061696	24778111	32534528
2	P0	2026-08-14T00:21:26,778386661-0700	1786692086770094827	ServiceB	ServiceB	692	3548	4648	2168	10364	21541	337	815852	93312	92061696	24778111	32534528
2	P0	2026-08-14T00:21:26,778386661-0700	1786692086770094827	ServiceC	ServiceC	676	3932	8604	1540	14076	114711	964	815852	93312	92061696	24778111	32534528
3	P0	2026-08-14T00:21:28,784381910-0700	1786692088774425910	AppProcD	AppProcD	543	30036	39024	6600	75660	340569	582	815408	93312	92061696	24778111	32534528
3	P0	2026-08-14T00:21:28,784381910-0700	1786692088774425910	AppProcC	AppProcC	2671	15348	16576	4560	36484	101432	40	815408	93312	92061696	24778111	32534528
3	P0	2026-08-14T00:21:28,784381910-0700	1786692088774425910	AppProcB	AppProcB	945	10540	13152	5636	29328	115892	1955	815408	93312	92061696	24778111	32534528
3	P0	2026-08-14T00:21:28,784381910-0700	1786692088774425910	ServiceA	ServiceA	3953	2932	4048	2656	9636	345052	164	815408	93312	92061696	24778111	32534528
3	P0	2026-08-14T00:21:28,784381910-0700	1786692088774425910	ServiceD	ServiceD	953	9512	6720	3364	19596	77249	707	815408	93312	92061696	24778111	32534528
3	P0	2026-08-14T00:21:28,784381910-0700	1786692088774425910	ServiceE	ServiceE	545	8772	2120	7800	18692	28171	342	815408	93312	92061696	24778111	32534528
3	P0	2026-08-14T00:21:28,784381910-0700	1786692088774425910	ServiceL	ServiceL	579	6436	2196	1640	10272	25761	1167	815408	93312	92061696	24778111	32534528
3	P0	2026-08-14T00:21:28,784381910-0700	1786692088774425910	ServiceH[ServiceK]	ServiceH	3740	11540	27328	4308	43176	72428	102	815408	93312	92061696	24778111	32534528
3	P0	2026-08-14T00:21:28,784381910-0700	1786692088774425910	ServiceB	ServiceB	692	3548	4648	2168	10364	21541	337	815408	93312	92061696	24778111	32534528
3	P0	2026-08-14T00:21:28,784381910-0700	1786692088774425910	ServiceC	ServiceC	676	3932	8604	1540	14076	114711	964	815408	93312	92061696	24778111	32534528
4	P0	2026-08-14T00:21:30,773320826-0700	1786692090769076326	AppProcD	AppProcD	543	30036	39024	6600	75660	340569	582	815196	93312	92061696	24778111	32534528
4	P0	2026-08-14T00:21:30,773320826-0700	1786692090769076326	AppProcC	AppProcC	2671	15348	16576	4560	36484	101432	40	815196	93312	92061696	24778111	32534528
4	P0	2026-08-14T00:21:30,773320826-0700	1786692090769076326	AppProcB	AppProcB	945	10540	13152	5636	29328	115895	1955	815196	93312	92061696	24778111	32534528
4	P0	2026-08-14T00:21:30,773320826-0700	1786692090769076326	ServiceA	ServiceA	3953	2932	4048	2656	9636	345052	164	815196	93312	92061696	24778111	32534528
4	P0	2026-08-14T00:21:30,773320826-0700	1786692090769076326	ServiceD	ServiceD	953	9512	6720	3364	19596	77249	707	815196	93312	92061696	24778111	32534528
4	P0	2026-08-14T00:21:30,773320826-0700	1786692090769076326	ServiceE	ServiceE	545	8772	2120	7800	18692	28171	342	815196	93312	92061696	24778111	32534528
4	P0	2026-08-14T00:21:30,773320826-0700	1786692090769076326	ServiceL	ServiceL	579	6436	2196	1640	10272	25761	1167	815196	93312	92061696	24778111	32534528
4	P0	2026-08-14T00:21:30,773320826-0700	1786692090769076326	ServiceH[ServiceK]	ServiceH	3740	11540	27328	4308	43176	72467	102	815196	93312	92061696	24778111	32534528
4	P0	2026-08-14T00:21:30,773320826-0700	1786692090769076326	ServiceB	ServiceB	692	3548	4648	2168	10364	21541	337	815196	93312	92061696	24778111	32534528
4	P0	2026-08-14T00:21:30,773320826-0700	1786692090769076326	ServiceC	ServiceC	676	3932	8604	1540	14076	114711	964	815196	93312	92061696	24778111	32534528
5	P0	2026-08-14T00:21:32,774575243-0700	1786692092768608409	AppProcD	AppProcD	543	30036	39024	6600	75660	340569	582	816000	93312	92061696	24778111	32534528
5	P0	2026-08-14T00:21:32,774575243-0700	1786692092768608409	AppProcC	AppProcC	2671	15348	16576	4560	36484	101433	40	816000	93312	92061696	24778111	32534528
5	P0	2026-08-14T00:21:32,774575243-0700	1786692092768608409	AppProcB	AppProcB	945	10540	13152	5636	29328	115932	1955	816000	93312	92061696	24778111	32534528
5	P0	2026-08-14T00:21:32,774575243-0700	1786692092768608409	ServiceA	ServiceA	3953	2932	4048	2656	9636	345052	164	816000	93312	92061696	24778111	32534528
5	P0	2026-08-14T00:21:32,774575243-0700	1786692092768608409	ServiceD	ServiceD	953	9512	6720	3364	19596	77252	707	816000	93312	92061696	24778111	32534528
5	P0	2026-08-14T00:21:32,774575243-0700	1786692092768608409	ServiceE	ServiceE	545	8772	2120	7800	18692	28171	342	816000	93312	92061696	24778111	32534528
5	P0	2026-08-14T00:21:32,774575243-0700	1786692092768608409	ServiceL	ServiceL	579	6436	2196	1640	10272	25761	1167	816000	93312	92061696	24778111	32534528
5	P0	2026-08-14T00:21:32,774575243-0700	1786692092768608409	ServiceH[ServiceK]	ServiceH	3740	11540	27328	4308	43176	72467	102	816000	93312	92061696	24778111	32534528
5	P0	2026-08-14T00:21:32,774575243-0700	1786692092768608409	ServiceB	ServiceB	692	3548	4648	2168	10364	21541	337	816000	93312	92061696	24778111	32534528
5	P0	2026-08-14T00:21:32,774575243-0700	1786692092768608409	ServiceC	ServiceC	676	3932	8604	1540	14076	114711	964	816000	93312	92061696	24778111	32534528
6	P0	2026-08-14T00:21:34,773505076-0700	1786692094769106742	AppProcD	AppProcD	543	30036	39016	6600	75652	340570	582	815228	93312	92061696	24778111	32534528
6	P0	2026-08-14T00:21:34,773505076-0700	1786692094769106742	AppProcC	AppProcC	2671	15348	16576	4560	36484	101433	40	815228	93312	92061696	24778111	32534528
6	P0	2026-08-14T00:21:34,773505076-0700	1786692094769106742	AppProcB	AppProcB	945	10540	13152	5636	29328	115932	1955	815228	93312	92061696	24778111	32534528
6	P0	2026-08-14T00:21:34,773505076-0700	1786692094769106742	ServiceA	ServiceA	3953	2932	4048	2656	9636	345052	164	815228	93312	92061696	24778111	32534528
6	P0	2026-08-14T00:21:34,773505076-0700	1786692094769106742	ServiceD	ServiceD	953	9512	6720	3364	19596	77252	707	815228	93312	92061696	24778111	32534528
6	P0	2026-08-14T00:21:34,773505076-0700	1786692094769106742	ServiceE	ServiceE	545	8772	2120	7800	18692	28171	342	815228	93312	92061696	24778111	32534528
6	P0	2026-08-14T00:21:34,773505076-0700	1786692094769106742	ServiceL	ServiceL	579	6436	2196	1640	10272	25763	1167	815228	93312	92061696	24778111	32534528
6	P0	2026-08-14T00:21:34,773505076-0700	1786692094769106742	ServiceH[ServiceK]	ServiceH	3740	11540	27328	4308	43176	72506	102	815228	93312	92061696	24778111	32534528
6	P0	2026-08-14T00:21:34,773505076-0700	1786692094769106742	ServiceB	ServiceB	692	3548	4648	2168	10364	21541	337	815228	93312	92061696	24778111	32534528
6	P0	2026-08-14T00:21:34,773505076-0700	1786692094769106742	ServiceC	ServiceC	676	3932	8604	1540	14076	114711	964	815228	93312	92061696	24778111	32534528
7	P0	2026-08-14T00:21:36,775765325-0700	1786692096769701908	AppProcD	AppProcD	543	30036	39016	6600	75652	340570	582	815160	93312	92061696	24778111	32534528
7	P0	2026-08-14T00:21:36,775765325-0700	1786692096769701908	AppProcC	AppProcC	2671	15348	16576	4560	36484	101434	40	815160	93312	92061696	24778111	32534528
7	P0	2026-08-14T00:21:36,775765325-0700	1786692096769701908	AppProcB	AppProcB	945	10540	13152	5636	29328	115972	1955	815160	93312	92061696	24778111	32534528
7	P0	2026-08-14T00:21:36,775765325-0700	1786692096769701908	ServiceA	ServiceA	3953	2932	4048	2656	9636	345052	164	815160	93312	92061696	24778111	32534528
7	P0	2026-08-14T00:21:36,775765325-0700	1786692096769701908	ServiceD	ServiceD	953	9512	6720	3364	19596	77255	707	815160	93312	92061696	24778111	32534528
7	P0	2026-08-14T00:21:36,775765325-0700	1786692096769701908	ServiceE	ServiceE	545	8772	2120	7800	18692	28171	342	815160	93312	92061696	24778111	32534528
7	P0	2026-08-14T00:21:36,775765325-0700	1786692096769701908	ServiceL	ServiceL	579	6436	2196	1640	10272	25763	1167	815160	93312	92061696	24778111	32534528
7	P0	2026-08-14T00:21:36,775765325-0700	1786692096769701908	ServiceH[ServiceK]	ServiceH	3740	11540	27328	4308	43176	72506	102	815160	93312	92061696	24778111	32534528
7	P0	2026-08-14T00:21:36,775765325-0700	1786692096769701908	ServiceB	ServiceB	692	3548	4648	2168	10364	21543	337	815160	93312	92061696	24778111	32534528
7	P0	2026-08-14T00:21:36,775765325-0700	1786692096769701908	ServiceC	ServiceC	676	3932	8604	1540	14076	114711	964	815160	93312	92061696	24778111	32534528
8	P0	2026-08-14T00:21:38,777398575-0700	1786692098769740908	AppProcD	AppProcD	543	30036	39016	6600	75652	340576	582	814660	93312	92061696	24778111	32534528
8	P0	2026-08-14T00:21:38,777398575-0700	1786692098769740908	AppProcC	AppProcC	2671	15348	16576	4560	36484	101434	40	814660	93312	92061696	24778111	32534528
8	P0	2026-08-14T00:21:38,777398575-0700	1786692098769740908	AppProcB	AppProcB	945	10540	13152	5636	29328	115972	1955	814660	93312	92061696	24778111	32534528
8	P0	2026-08-14T00:21:38,777398575-0700	1786692098769740908	ServiceA	ServiceA	3953	2932	4048	2656	9636	345052	164	814660	93312	92061696	24778111	32534528
8	P0	2026-08-14T00:21:38,777398575-0700	1786692098769740908	ServiceD	ServiceD	953	9512	6720	3364	19596	77255	707	814660	93312	92061696	24778111	32534528
8	P0	2026-08-14T00:21:38,777398575-0700	1786692098769740908	ServiceE	ServiceE	545	8772	2120	7800	18692	28171	342	814660	93312	92061696	24778111	32534528
8	P0	2026-08-14T00:21:38,777398575-0700	1786692098769740908	ServiceL	ServiceL	579	6436	2196	1640	10272	25765	1167	814660	93312	92061696	24778111	32534528
8	P0	2026-08-14T00:21:38,777398575-0700	1786692098769740908	ServiceH[ServiceK]	ServiceH	3740	11540	27328	4308	43176	72506	102	814660	93312	92061696	24778111	32534528
8	P0	2026-08-14T00:21:38,777398575-0700	1786692098769740908	ServiceB	ServiceB	692	3548	4648	2168	10364	21543	337	814660	93312	92061696	24778111	32534528
8	P0	2026-08-14T00:21:38,777398575-0700	1786692098769740908	ServiceC	ServiceC	676	3932	8604	1540	14076	114711	964	814660	93312	92061696	24778111	32534528
9	P0	2026-08-14T00:21:40,776163074-0700	1786692100771775991	AppProcD	AppProcD	543	30036	39016	6600	75652	340576	582	814460	93312	92061696	24778111	32534528
9	P0	2026-08-14T00:21:40,776163074-0700	1786692100771775991	AppProcC	AppProcC	2671	15348	16576	4560	36484	101434	40	814460	93312	92061696	24778111	32534528
9	P0	2026-08-14T00:21:40,776163074-0700	1786692100771775991	AppProcB	AppProcB	945	10540	13152	5636	29328	116012	1955	814460	93312	92061696	24778111	32534528
9	P0	2026-08-14T00:21:40,776163074-0700	1786692100771775991	ServiceA	ServiceA	3953	2932	4048	2656	9636	345052	164	814460	93312	92061696	24778111	32534528
9	P0	2026-08-14T00:21:40,776163074-0700	1786692100771775991	ServiceD	ServiceD	953	9512	6720	3364	19596	77255	707	814460	93312	92061696	24778111	32534528
9	P0	2026-08-14T00:21:40,776163074-0700	1786692100771775991	ServiceE	ServiceE	545	8772	2120	7800	18692	28171	342	814460	93312	92061696	24778111	32534528
9	P0	2026-08-14T00:21:40,776163074-0700	1786692100771775991	ServiceL	ServiceL	579	6436	2196	1640	10272	25765	1167	814460	93312	92061696	24778111	32534528
9	P0	2026-08-14T00:21:40,776163074-0700	1786692100771775991	ServiceH[ServiceK]	ServiceH	3740	11540	27328	4308	43176	72545	102	814460	93312	92061696	24778111	32534528
9	P0	2026-08-14T00:21:40,776163074-0700	1786692100771775991	ServiceB	ServiceB	692	3548	4648	2168	10364	21543	337	814460	93312	92061696	24778111	32534528
9	P0	2026-08-14T00:21:40,776163074-0700	1786692100771775991	ServiceC	ServiceC	676	3932	8604	1540	14076	114711	964	814460	93312	92061696	24778111	32534528
10	P0	2026-08-14T00:21:42,780594574-0700	1786692102770665074	AppProcD	AppProcD	543	30036	39016	6600	75652	340578	582	814728	93312	92061696	24778111	32534528
10	P0	2026-08-14T00:21:42,780594574-0700	1786692102770665074	AppProcC	AppProcC	2671	15348	16576	4560	36484	101435	40	814728	93312	92061696	24778111	32534528
10	P0	2026-08-14T00:21:42,780594574-0700	1786692102770665074	AppProcB	AppProcB	945	10540	13152	5636	29328	116012	1955	814728	93312	92061696	24778111	32534528
10	P0	2026-08-14T00:21:42,780594574-0700	1786692102770665074	ServiceA	ServiceA	3953	2932	4048	2656	9636	345052	164	814728	93312	92061696	24778111	32534528
10	P0	2026-08-14T00:21:42,780594574-0700	1786692102770665074	ServiceD	ServiceD	953	9512	6720	3364	19596	77258	707	814728	93312	92061696	24778111	32534528
10	P0	2026-08-14T00:21:42,780594574-0700	1786692102770665074	ServiceE	ServiceE	545	8772	2120	7800	18692	28171	342	814728	93312	92061696	24778111	32534528
10	P0	2026-08-14T00:21:42,780594574-0700	1786692102770665074	ServiceL	ServiceL	579	6436	2196	1640	10272	25765	1167	814728	93312	92061696	24778111	32534528
10	P0	2026-08-14T00:21:42,780594574-0700	1786692102770665074	ServiceH[ServiceK]	ServiceH	3740	11540	27328	4308	43176	72545	102	814728	93312	92061696	24778111	32534528
10	P0	2026-08-14T00:21:42,780594574-0700	1786692102770665074	ServiceB	ServiceB	692	3548	4648	2168	10364	21543	337	814728	93312	92061696	24778111	32534528
10	P0	2026-08-14T00:21:42,780594574-0700	1786692102770665074	ServiceC	ServiceC	676	3932	8604	1540	14076	114711	964	814728	93312	92061696	24778111	32534528
11	P0	2026-08-14T00:21:44,775796490-0700	1786692104770752240	AppProcD	AppProcD	543	30036	39016	6600	75652	340578	582	813824	93312	92061696	24778111	32534528
11	P0	2026-08-14T00:21:44,775796490-0700	1786692104770752240	AppProcC	AppProcC	2671	15348	16576	4560	36484	101435	40	813824	93312	92061696	24778111	32534528
11	P0	2026-08-14T00:21:44,775796490-0700	1786692104770752240	AppProcB	AppProcB	945	10540	13152	5636	29328	116012	1955	813824	93312	92061696	24778111	32534528
11	P0	2026-08-14T00:21:44,775796490-0700	1786692104770752240	ServiceA	ServiceA	3953	2932	4048	2656	9636	345052	164	813824	93312	92061696	24778111	32534528
11	P0	2026-08-14T00:21:44,775796490-0700	1786692104770752240	ServiceD	ServiceD	953	9512	6720	3364	19596	77258	707	813824	93312	92061696	24778111	32534528
11	P0	2026-08-14T00:21:44,775796490-0700	1786692104770752240	ServiceE	ServiceE	545	8772	2120	7800	18692	28171	342	813824	93312	92061696	24778111	32534528
11	P0	2026-08-14T00:21:44,775796490-0700	1786692104770752240	ServiceL	ServiceL	579	6436	2196	1640	10272	25767	1167	813824	93312	92061696	24778111	32534528
11	P0	2026-08-14T00:21:44,775796490-0700	1786692104770752240	ServiceH[ServiceK]	ServiceH	3740	11540	27328	4308	43176	72584	102	813824	93312	92061696	24778111	32534528
11	P0	2026-08-14T00:21:44,775796490-0700	1786692104770752240	ServiceB	ServiceB	692	3548	4648	2168	10364	21543	337	813824	93312	92061696	24778111	32534528
11	P0	2026-08-14T00:21:44,775796490-0700	1786692104770752240	ServiceC	ServiceC	676	3932	8604	1540	14076	114711	964	813824	93312	92061696	24778111	32534528
12	P0	2026-08-14T00:21:46,778472906-0700	1786692106772300989	AppProcD	AppProcD	543	30036	39016	6600	75652	340578	582	814744	93312	92061696	24778111	32534528
12	P0	2026-08-14T00:21:46,778472906-0700	1786692106772300989	AppProcC	AppProcC	2671	15348	16576	4560	36484	101436	40	814744	93312	92061696	24778111	32534528
12	P0	2026-08-14T00:21:46,778472906-0700	1786692106772300989	AppProcB	AppProcB	945	10540	13152	5636	29328	116052	1955	814744	93312	92061696	24778111	32534528
12	P0	2026-08-14T00:21:46,778472906-0700	1786692106772300989	ServiceA	ServiceA	3953	2932	4048	2656	9636	345052	164	814744	93312	92061696	24778111	32534528
12	P0	2026-08-14T00:21:46,778472906-0700	1786692106772300989	ServiceD	ServiceD	953	9512	6720	3364	19596	77261	707	814744	93312	92061696	24778111	32534528
12	P0	2026-08-14T00:21:46,778472906-0700	1786692106772300989	ServiceE	ServiceE	545	8772	2120	7800	18692	28171	342	814744	93312	92061696	24778111	32534528
12	P0	2026-08-14T00:21:46,778472906-0700	1786692106772300989	ServiceL	ServiceL	579	6436	2196	1640	10272	25767	1167	814744	93312	92061696	24778111	32534528
12	P0	2026-08-14T00:21:46,778472906-0700	1786692106772300989	ServiceH[ServiceK]	ServiceH	3740	11540	27328	4308	43176	72584	102	814744	93312	92061696	24778111	32534528
12	P0	2026-08-14T00:21:46,778472906-0700	1786692106772300989	ServiceB	ServiceB	692	3548	4648	2168	10364	21543	337	814744	93312	92061696	24778111	32534528
12	P0	2026-08-14T00:21:46,778472906-0700	1786692106772300989	ServiceC	ServiceC	676	3932	8604	1540	14076	114711	964	814744	93312	92061696	24778111	32534528
13	P0	2026-08-14T00:21:48,772492072-0700	1786692108767669489	AppProcD	AppProcD	543	30036	39016	6600	75652	340579	582	814884	93312	92061696	24778111	32534528
13	P0	2026-08-14T00:21:48,772492072-0700	1786692108767669489	AppProcC	AppProcC	2671	15348	16576	4560	36484	101436	40	814884	93312	92061696	24778111	32534528
13	P0	2026-08-14T00:21:48,772492072-0700	1786692108767669489	AppProcB	AppProcB	945	10540	13152	5636	29328	116052	1955	814884	93312	92061696	24778111	32534528
13	P0	2026-08-14T00:21:48,772492072-0700	1786692108767669489	ServiceA	ServiceA	3953	2932	4048	2656	9636	345052	164	814884	93312	92061696	24778111	32534528
13	P0	2026-08-14T00:21:48,772492072-0700	1786692108767669489	ServiceD	ServiceD	953	9512	6720	3364	19596	77261	707	814884	93312	92061696	24778111	32534528
13	P0	2026-08-14T00:21:48,772492072-0700	1786692108767669489	ServiceE	ServiceE	545	8772	2120	7800	18692	28171	342	814884	93312	92061696	24778111	32534528
13	P0	2026-08-14T00:21:48,772492072-0700	1786692108767669489	ServiceL	ServiceL	579	6436	2196	1640	10272	25769	1167	814884	93312	92061696	24778111	32534528
13	P0	2026-08-14T00:21:48,772492072-0700	1786692108767669489	ServiceH[ServiceK]	ServiceH	3740	11540	27328	4308	43176	72584	102	814884	93312	92061696	24778111	32534528
13	P0	2026-08-14T00:21:48,772492072-0700	1786692108767669489	ServiceB	ServiceB	692	3548	4648	2168	10364	21543	337	814884	93312	92061696	24778111	32534528
13	P0	2026-08-14T00:21:48,772492072-0700	1786692108767669489	ServiceC	ServiceC	676	3932	8604	1540	14076	114711	964	814884	93312	92061696	24778111	32534528
14	P0	2026-08-14T00:21:50,777841488-0700	1786692110770997738	AppProcD	AppProcD	543	30036	39016	6600	75652	340579	582	813560	93312	92061696	24778111	32534528
14	P0	2026-08-14T00:21:50,777841488-0700	1786692110770997738	AppProcC	AppProcC	2671	15348	16576	4560	36484	101436	40	813560	93312	92061696	24778111	32534528
14	P0	2026-08-14T00:21:50,777841488-0700	1786692110770997738	AppProcB	AppProcB	945	10540	13152	5636	29328	116092	1955	813560	93312	92061696	24778111	32534528
14	P0	2026-08-14T00:21:50,777841488-0700	1786692110770997738	ServiceA	ServiceA	3953	2932	4048	2656	9636	345052	164	813560	93312	92061696	24778111	32534528
14	P0	2026-08-14T00:21:50,777841488-0700	1786692110770997738	ServiceD	ServiceD	953	9512	6720	3364	19596	77261	707	813560	93312	92061696	24778111	32534528
14	P0	2026-08-14T00:21:50,777841488-0700	1786692110770997738	ServiceE	ServiceE	545	8772	2120	7800	18692	28171	342	813560	93312	92061696	24778111	32534528
14	P0	2026-08-14T00:21:50,777841488-0700	1786692110770997738	ServiceL	ServiceL	579	6436	2196	1640	10272	25769	1167	813560	93312	92061696	24778111	32534528
14	P0	2026-08-14T00:21:50,777841488-0700	1786692110770997738	ServiceH[ServiceK]	ServiceH	3740	11540	27328	4308	43176	72623	102	813560	93312	92061696	24778111	32534528
14	P0	2026-08-14T00:21:50,777841488-0700	1786692110770997738	ServiceB	ServiceB	692	3548	4648	2168	10364	21543	337	813560	93312	92061696	24778111	32534528
14	P0	2026-08-14T00:21:50,777841488-0700	1786692110770997738	ServiceC	ServiceC	676	3932	8604	1540	14076	114711	964	813560	93312	92061696	24778111	32534528
15	P0	2026-08-14T00:21:52,775925405-0700	1786692112769984821	AppProcD	AppProcD	543	30036	39016	6600	75652	340580	582	813000	93312	92061696	24778111	32534528
15	P0	2026-08-14T00:21:52,775925405-0700	1786692112769984821	AppProcC	AppProcC	2671	15348	16576	4560	36484	101438	40	813000	93312	92061696	24778111	32534528
15	P0	2026-08-14T00:21:52,775925405-0700	1786692112769984821	AppProcB	AppProcB	945	10540	13152	5636	29328	116092	1955	813000	93312	92061696	24778111	32534528
15	P0	2026-08-14T00:21:52,775925405-0700	1786692112769984821	ServiceA	ServiceA	3953	2932	4048	2656	9636	345052	164	813000	93312	92061696	24778111	32534528
15	P0	2026-08-14T00:21:52,775925405-0700	1786692112769984821	ServiceD	ServiceD	953	9512	6720	3364	19596	77264	707	813000	93312	92061696	24778111	32534528
15	P0	2026-08-14T00:21:52,775925405-0700	1786692112769984821	ServiceE	ServiceE	545	8772	2120	7800	18692	28171	342	813000	93312	92061696	24778111	32534528
15	P0	2026-08-14T00:21:52,775925405-0700	1786692112769984821	ServiceL	ServiceL	579	6436	2196	1640	10272	25769	1167	813000	93312	92061696	24778111	32534528
15	P0	2026-08-14T00:21:52,775925405-0700	1786692112769984821	ServiceH[ServiceK]	ServiceH	3740	11540	27328	4308	43176	72623	102	813000	93312	92061696	24778111	32534528
15	P0	2026-08-14T00:21:52,775925405-0700	1786692112769984821	ServiceB	ServiceB	692	3548	4648	2168	10364	21543	337	813000	93312	92061696	24778111	32534528
15	P0	2026-08-14T00:21:52,775925405-0700	1786692112769984821	ServiceC	ServiceC	676	3932	8604	1540	14076	114711	964	813000	93312	92061696	24778111	32534528
16	P0	2026-08-14T00:21:54,774647321-0700	1786692114768579487	AppProcD	AppProcD	543	30036	39016	6600	75652	340580	582	813592	93312	92061696	24778111	32534528
16	P0	2026-08-14T00:21:54,774647321-0700	1786692114768579487	AppProcC	AppProcC	2671	15348	16576	4560	36484	101438	40	813592	93312	92061696	24778111	32534528
16	P0	2026-08-14T00:21:54,774647321-0700	1786692114768579487	AppProcB	AppProcB	945	10540	13152	5636	29328	116092	1955	813592	93312	92061696	24778111	32534528
16	P0	2026-08-14T00:21:54,774647321-0700	1786692114768579487	ServiceA	ServiceA	3953	2932	4048	2656	9636	345052	164	813592	93312	92061696	24778111	32534528
16	P0	2026-08-14T00:21:54,774647321-0700	1786692114768579487	ServiceD	ServiceD	953	9512	6720	3364	19596	77264	707	813592	93312	92061696	24778111	32534528
16	P0	2026-08-14T00:21:54,774647321-0700	1786692114768579487	ServiceE	ServiceE	545	8772	2120	7800	18692	28171	342	813592	93312	92061696	24778111	32534528
16	P0	2026-08-14T00:21:54,774647321-0700	1786692114768579487	ServiceL	ServiceL	579	6436	2196	1640	10272	25771	1167	813592	93312	92061696	24778111	32534528
16	P0	2026-08-14T00:21:54,774647321-0700	1786692114768579487	ServiceH[ServiceK]	ServiceH	3740	11540	27328	4308	43176	72662	102	813592	93312	92061696	24778111	32534528
16	P0	2026-08-14T00:21:54,774647321-0700	1786692114768579487	ServiceB	ServiceB	692	3548	4648	2168	10364	21543	337	813592	93312	92061696	24778111	32534528
16	P0	2026-08-14T00:21:54,774647321-0700	1786692114768579487	ServiceC	ServiceC	676	3932	8604	1540	14076	114711	964	813592	93312	92061696	24778111	32534528
17	P0	2026-08-14T00:21:56,776654320-0700	1786692116771032737	AppProcD	AppProcD	543	30036	38984	6600	75620	340580	582	813360	93312	92061696	24778111	32534528
17	P0	2026-08-14T00:21:56,776654320-0700	1786692116771032737	AppProcC	AppProcC	2671	15348	16576	4560	36484	101439	40	813360	93312	92061696	24778111	32534528
17	P0	2026-08-14T00:21:56,776654320-0700	1786692116771032737	AppProcB	AppProcB	945	10540	13152	5636	29328	116132	1955	813360	93312	92061696	24778111	32534528
17	P0	2026-08-14T00:21:56,776654320-0700	1786692116771032737	ServiceA	ServiceA	3953	2932	4048	2656	9636	345052	164	813360	93312	92061696	24778111	32534528
17	P0	2026-08-14T00:21:56,776654320-0700	1786692116771032737	ServiceD	ServiceD	953	9512	6720	3364	19596	77264	707	813360	93312	92061696	24778111	32534528
17	P0	2026-08-14T00:21:56,776654320-0700	1786692116771032737	ServiceE	ServiceE	545	8772	2120	7800	18692	28171	342	813360	93312	92061696	24778111	32534528
17	P0	2026-08-14T00:21:56,776654320-0700	1786692116771032737	ServiceL	ServiceL	579	6436	2196	1640	10272	25771	1167	813360	93312	92061696	24778111	32534528
17	P0	2026-08-14T00:21:56,776654320-0700	1786692116771032737	ServiceH[ServiceK]	ServiceH	3740	11540	27328	4308	43176	72662	102	813360	93312	92061696	24778111	32534528
17	P0	2026-08-14T00:21:56,776654320-0700	1786692116771032737	ServiceB	ServiceB	692	3548	4648	2168	10364	21544	337	813360	93312	92061696	24778111	32534528
17	P0	2026-08-14T00:21:56,776654320-0700	1786692116771032737	ServiceC	ServiceC	676	3932	8604	1540	14076	114711	964	813360	93312	92061696	24778111	32534528
18	P0	2026-08-14T00:21:58,776644070-0700	1786692118769527986	AppProcD	AppProcD	543	30036	38984	6600	75620	340581	582	813128	93312	92061696	24778111	32534528
18	P0	2026-08-14T00:21:58,776644070-0700	1786692118769527986	AppProcC	AppProcC	2671	15348	16576	4560	36484	101439	40	813128	93312	92061696	24778111	32534528
18	P0	2026-08-14T00:21:58,776644070-0700	1786692118769527986	AppProcB	AppProcB	945	10540	13152	5636	29328	116132	1955	813128	93312	92061696	24778111	32534528
18	P0	2026-08-14T00:21:58,776644070-0700	1786692118769527986	ServiceA	ServiceA	3953	2932	4048	2656	9636	345052	164	813128	93312	92061696	24778111	32534528
18	P0	2026-08-14T00:21:58,776644070-0700	1786692118769527986	ServiceD	ServiceD	953	9512	6720	3364	19596	77267	707	813128	93312	92061696	24778111	32534528
18	P0	2026-08-14T00:21:58,776644070-0700	1786692118769527986	ServiceE	ServiceE	545	8772	2120	7800	18692	28171	342	813128	93312	92061696	24778111	32534528
18	P0	2026-08-14T00:21:58,776644070-0700	1786692118769527986	ServiceL	ServiceL	579	6436	2196	1640	10272	25773	1167	813128	93312	92061696	24778111	32534528
18	P0	2026-08-14T00:21:58,776644070-0700	1786692118769527986	ServiceH[ServiceK]	ServiceH	3740	11540	27328	4308	43176	72662	102	813128	93312	92061696	24778111	32534528
18	P0	2026-08-14T00:21:58,776644070-0700	1786692118769527986	ServiceB	ServiceB	692	3548	4648	2168	10364	21544	337	813128	93312	92061696	24778111	32534528
18	P0	2026-08-14T00:21:58,776644070-0700	1786692118769527986	ServiceC	ServiceC	676	3932	8604	1540	14076	114711	964	813128	93312	92061696	24778111	32534528
19	P0	2026-08-14T00:22:00,773482736-0700	1786692120768443069	AppProcD	AppProcD	543	30036	38984	6600	75620	340581	582	812640	93312	92061696	24778111	32534528
19	P0	2026-08-14T00:22:00,773482736-0700	1786692120768443069	AppProcC	AppProcC	2671	15348	16576	4560	36484	101439	40	812640	93312	92061696	24778111	32534528
19	P0	2026-08-14T00:22:00,773482736-0700	1786692120768443069	AppProcB	AppProcB	945	10540	13152	5636	29328	116172	1955	812640	93312	92061696	24778111	32534528
19	P0	2026-08-14T00:22:00,773482736-0700	1786692120768443069	ServiceA	ServiceA	3953	2932	4048	2656	9636	345052	164	812640	93312	92061696	24778111	32534528
19	P0	2026-08-14T00:22:00,773482736-0700	1786692120768443069	ServiceD	ServiceD	953	9512	6720	3364	19596	77267	707	812640	93312	92061696	24778111	32534528
19	P0	2026-08-14T00:22:00,773482736-0700	1786692120768443069	ServiceE	ServiceE	545	8772	2120	7800	18692	28171	342	812640	93312	92061696	24778111	32534528
19	P0	2026-08-14T00:22:00,773482736-0700	1786692120768443069	ServiceL	ServiceL	579	6436	2196	1640	10272	25773	1167	812640	93312	92061696	24778111	32534528
19	P0	2026-08-14T00:22:00,773482736-0700	1786692120768443069	ServiceH[ServiceK]	ServiceH	3740	11540	27328	4308	43176	72701	102	812640	93312	92061696	24778111	32534528
19	P0	2026-08-14T00:22:00,773482736-0700	1786692120768443069	ServiceB	ServiceB	692	3548	4648	2168	10364	21544	337	812640	93312	92061696	24778111	32534528
19	P0	2026-08-14T00:22:00,773482736-0700	1786692120768443069	ServiceC	ServiceC	676	3932	8604	1540	14076	114711	964	812640	93312	92061696	24778111	32534528
20	P0	2026-08-14T00:22:02,773539319-0700	1786692122769042319	AppProcD	AppProcD	543	30036	38984	6600	75620	340582	582	812360	93312	92061696	24778111	32534528
20	P0	2026-08-14T00:22:02,773539319-0700	1786692122769042319	AppProcC	AppProcC	2671	15348	16576	4560	36484	101441	40	812360	93312	92061696	24778111	32534528
20	P0	2026-08-14T00:22:02,773539319-0700	1786692122769042319	AppProcB	AppProcB	945	10540	13152	5636	29328	116172	1955	812360	93312	92061696	24778111	32534528
20	P0	2026-08-14T00:22:02,773539319-0700	1786692122769042319	ServiceA	ServiceA	3953	2932	4048	2656	9636	345052	164	812360	93312	92061696	24778111	32534528
20	P0	2026-08-14T00:22:02,773539319-0700	1786692122769042319	ServiceD	ServiceD	953	9512	6720	3364	19596	77270	707	812360	93312	92061696	24778111	32534528
20	P0	2026-08-14T00:22:02,773539319-0700	1786692122769042319	ServiceE	ServiceE	545	8772	2120	7800	18692	28171	342	812360	93312	92061696	24778111	32534528
20	P0	2026-08-14T00:22:02,773539319-0700	1786692122769042319	ServiceL	ServiceL	579	6436	2196	1640	10272	25773	1167	812360	93312	92061696	24778111	32534528
20	P0	2026-08-14T00:22:02,773539319-0700	1786692122769042319	ServiceH[ServiceK]	ServiceH	3740	11540	27328	4308	43176	72701	102	812360	93312	92061696	24778111	32534528
20	P0	2026-08-14T00:22:02,773539319-0700	1786692122769042319	ServiceB	ServiceB	692	3508	4628	2168	10304	21548	337	812360	93312	92061696	24778111	32534528
20	P0	2026-08-14T00:22:02,773539319-0700	1786692122769042319	ServiceC	ServiceC	676	3932	8604	1540	14076	114711	964	812360	93312	92061696	24778111	32534528
21	P0	2026-08-14T00:22:04,775079652-0700	1786692124768161318	AppProcD	AppProcD	543	30036	38968	6600	75604	340582	582	811900	93312	92061696	24778111	32534528
21	P0	2026-08-14T00:22:04,775079652-0700	1786692124768161318	AppProcC	AppProcC	2671	15348	16576	4560	36484	101441	40	811900	93312	92061696	24778111	32534528
21	P0	2026-08-14T00:22:04,775079652-0700	1786692124768161318	AppProcB	AppProcB	945	10540	13152	5636	29328	116172	1955	811900	93312	92061696	24778111	32534528
21	P0	2026-08-14T00:22:04,775079652-0700	1786692124768161318	ServiceA	ServiceA	3953	2932	4048	2656	9636	345052	164	811900	93312	92061696	24778111	32534528
21	P0	2026-08-14T00:22:04,775079652-0700	1786692124768161318	ServiceD	ServiceD	953	9512	6720	3364	19596	77270	707	811900	93312	92061696	24778111	32534528
21	P0	2026-08-14T00:22:04,775079652-0700	1786692124768161318	ServiceE	ServiceE	545	8772	2120	7800	18692	28171	342	811900	93312	92061696	24778111	32534528
21	P0	2026-08-14T00:22:04,775079652-0700	1786692124768161318	ServiceL	ServiceL	579	6436	2196	1640	10272	25775	1167	811900	93312	92061696	24778111	32534528
21	P0	2026-08-14T00:22:04,775079652-0700	1786692124768161318	ServiceH[ServiceK]	ServiceH	3740	11540	27328	4308	43176	72740	102	811900	93312	92061696	24778111	32534528
21	P0	2026-08-14T00:22:04,775079652-0700	1786692124768161318	ServiceB	ServiceB	692	3508	4628	2168	10304	21548	337	811900	93312	92061696	24778111	32534528
21	P0	2026-08-14T00:22:04,775079652-0700	1786692124768161318	ServiceC	ServiceC	676	3932	8604	1540	14076	114711	964	811900	93312	92061696	24778111	32534528
22	P0	2026-08-14T00:22:06,777677568-0700	1786692126770601151	AppProcD	AppProcD	543	30036	38968	6600	75604	340582	582	811996	93312	92061696	24778111	32534528
22	P0	2026-08-14T00:22:06,777677568-0700	1786692126770601151	AppProcC	AppProcC	2671	15348	16576	4560	36484	101442	40	811996	93312	92061696	24778111	32534528
22	P0	2026-08-14T00:22:06,777677568-0700	1786692126770601151	AppProcB	AppProcB	945	10540	13152	5636	29328	116212	1955	811996	93312	92061696	24778111	32534528
22	P0	2026-08-14T00:22:06,777677568-0700	1786692126770601151	ServiceA	ServiceA	3953	2932	4048	2656	9636	345052	164	811996	93312	92061696	24778111	32534528
22	P0	2026-08-14T00:22:06,777677568-0700	1786692126770601151	ServiceD	ServiceD	953	9512	6720	3364	19596	77528	707	811996	93312	92061696	24778111	32534528
22	P0	2026-08-14T00:22:06,777677568-0700	1786692126770601151	ServiceE	ServiceE	545	8772	2120	7800	18692	28171	342	811996	93312	92061696	24778111	32534528
22	P0	2026-08-14T00:22:06,777677568-0700	1786692126770601151	ServiceL	ServiceL	579	6436	2196	1640	10272	25775	1167	811996	93312	92061696	24778111	32534528
22	P0	2026-08-14T00:22:06,777677568-0700	1786692126770601151	ServiceH[ServiceK]	ServiceH	3740	11540	27328	4308	43176	72740	102	811996	93312	92061696	24778111	32534528
22	P0	2026-08-14T00:22:06,777677568-0700	1786692126770601151	ServiceB	ServiceB	692	3508	4628	2168	10304	21548	337	811996	93312	92061696	24778111	32534528
22	P0	2026-08-14T00:22:06,777677568-0700	1786692126770601151	ServiceC	ServiceC	676	3932	8604	1540	14076	114755	964	811996	93312	92061696	24778111	32534528
23	P0	2026-08-14T00:22:08,778333234-0700	1786692128773633234	AppProcD	AppProcD	543	30036	38968	6600	75604	340583	582	812292	93312	92061696	24778111	32534528
23	P0	2026-08-14T00:22:08,778333234-0700	1786692128773633234	AppProcC	AppProcC	2671	15348	16576	4560	36484	101442	40	812292	93312	92061696	24778111	32534528
23	P0	2026-08-14T00:22:08,778333234-0700	1786692128773633234	AppProcB	AppProcB	945	10540	13152	5636	29328	116212	1955	812292	93312	92061696	24778111	32534528
23	P0	2026-08-14T00:22:08,778333234-0700	1786692128773633234	ServiceA	ServiceA	3953	2932	4048	2656	9636	345052	164	812292	93312	92061696	24778111	32534528
23	P0	2026-08-14T00:22:08,778333234-0700	1786692128773633234	ServiceD	ServiceD	953	9512	6720	3364	19596	77528	707	812292	93312	92061696	24778111	32534528
23	P0	2026-08-14T00:22:08,778333234-0700	1786692128773633234	ServiceE	ServiceE	545	8772	2120	7800	18692	28171	342	812292	93312	92061696	24778111	32534528
23	P0	2026-08-14T00:22:08,778333234-0700	1786692128773633234	ServiceL	ServiceL	579	6436	2196	1640	10272	25777	1167	812292	93312	92061696	24778111	32534528
23	P0	2026-08-14T00:22:08,778333234-0700	1786692128773633234	ServiceH[ServiceK]	ServiceH	3740	11540	27328	4308	43176	72740	102	812292	93312	92061696	24778111	32534528
23	P0	2026-08-14T00:22:08,778333234-0700	1786692128773633234	ServiceB	ServiceB	692	3508	4628	2168	10304	21548	337	812292	93312	92061696	24778111	32534528
23	P0	2026-08-14T00:22:08,778333234-0700	1786692128773633234	ServiceC	ServiceC	676	3932	8604	1540	14076	114755	964	812292	93312	92061696	24778111	32534528
24	P0	2026-08-14T00:22:10,776552984-0700	1786692130770662317	AppProcD	AppProcD	543	30036	38956	6600	75592	340583	582	811364	93312	92061696	24778111	32534528
24	P0	2026-08-14T00:22:10,776552984-0700	1786692130770662317	AppProcC	AppProcC	2671	15348	16576	4560	36484	101442	40	811364	93312	92061696	24778111	32534528
24	P0	2026-08-14T00:22:10,776552984-0700	1786692130770662317	AppProcB	AppProcB	945	10540	13152	5636	29328	116252	1955	811364	93312	92061696	24778111	32534528
24	P0	2026-08-14T00:22:10,776552984-0700	1786692130770662317	ServiceA	ServiceA	3953	2932	4048	2656	9636	345052	164	811364	93312	92061696	24778111	32534528
24	P0	2026-08-14T00:22:10,776552984-0700	1786692130770662317	ServiceD	ServiceD	953	9512	6720	3364	19596	77528	707	811364	93312	92061696	24778111	32534528
24	P0	2026-08-14T00:22:10,776552984-0700	1786692130770662317	ServiceE	ServiceE	545	8772	2120	7800	18692	28171	342	811364	93312	92061696	24778111	32534528
24	P0	2026-08-14T00:22:10,776552984-0700	1786692130770662317	ServiceL	ServiceL	579	6436	2196	1640	10272	25777	1167	811364	93312	92061696	24778111	32534528
24	P0	2026-08-14T00:22:10,776552984-0700	1786692130770662317	ServiceH[ServiceK]	ServiceH	3740	11540	27328	4308	43176	72779	102	811364	93312	92061696	24778111	32534528
24	P0	2026-08-14T00:22:10,776552984-0700	1786692130770662317	ServiceB	ServiceB	692	3508	4628	2168	10304	21548	337	811364	93312	92061696	24778111	32534528
24	P0	2026-08-14T00:22:10,776552984-0700	1786692130770662317	ServiceC	ServiceC	676	3932	8604	1540	14076	114755	964	811364	93312	92061696	24778111	32534528
25	P0	2026-08-14T00:22:12,775515733-0700	1786692132770824816	AppProcD	AppProcD	543	30036	38956	6600	75592	340584	582	811436	93312	92061696	24778111	32534528
25	P0	2026-08-14T00:22:12,775515733-0700	1786692132770824816	AppProcC	AppProcC	2671	15348	16576	4560	36484	101443	40	811436	93312	92061696	24778111	32534528
25	P0	2026-08-14T00:22:12,775515733-0700	1786692132770824816	AppProcB	AppProcB	945	10540	13152	5636	29328	116252	1955	811436	93312	92061696	24778111	32534528
25	P0	2026-08-14T00:22:12,775515733-0700	1786692132770824816	ServiceA	ServiceA	3953	2932	4048	2656	9636	345052	164	811436	93312	92061696	24778111	32534528
25	P0	2026-08-14T00:22:12,775515733-0700	1786692132770824816	ServiceD	ServiceD	953	9512	6720	3364	19596	77531	707	811436	93312	92061696	24778111	32534528
25	P0	2026-08-14T00:22:12,775515733-0700	1786692132770824816	ServiceE	ServiceE	545	8772	2120	7800	18692	28171	342	811436	93312	92061696	24778111	32534528
25	P0	2026-08-14T00:22:12,775515733-0700	1786692132770824816	ServiceL	ServiceL	579	6436	2196	1640	10272	25777	1167	811436	93312	92061696	24778111	32534528
25	P0	2026-08-14T00:22:12,775515733-0700	1786692132770824816	ServiceH[ServiceK]	ServiceH	3740	11540	27328	4308	43176	72779	102	811436	93312	92061696	24778111	32534528
25	P0	2026-08-14T00:22:12,775515733-0700	1786692132770824816	ServiceB	ServiceB	692	3508	4628	2168	10304	21548	337	811436	93312	92061696	24778111	32534528
25	P0	2026-08-14T00:22:12,775515733-0700	1786692132770824816	ServiceC	ServiceC	676	3932	8604	1540	14076	114755	964	811436	93312	92061696	24778111	32534528
26	P0	2026-08-14T00:22:14,783332149-0700	1786692134777798233	AppProcD	AppProcD	543	30036	38956	6600	75592	340584	582	810924	93312	92061696	24778111	32534528
26	P0	2026-08-14T00:22:14,783332149-0700	1786692134777798233	AppProcC	AppProcC	2671	15348	16576	4560	36484	101443	40	810924	93312	92061696	24778111	32534528
26	P0	2026-08-14T00:22:14,783332149-0700	1786692134777798233	AppProcB	AppProcB	945	10540	13152	5636	29328	116252	1955	810924	93312	92061696	24778111	32534528
26	P0	2026-08-14T00:22:14,783332149-0700	1786692134777798233	ServiceA	ServiceA	3953	2932	4048	2656	9636	345052	164	810924	93312	92061696	24778111	32534528
26	P0	2026-08-14T00:22:14,783332149-0700	1786692134777798233	ServiceD	ServiceD	953	9512	6720	3364	19596	77531	707	810924	93312	92061696	24778111	32534528
26	P0	2026-08-14T00:22:14,783332149-0700	1786692134777798233	ServiceE	ServiceE	545	8772	2120	7800	18692	28171	342	810924	93312	92061696	24778111	32534528
26	P0	2026-08-14T00:22:14,783332149-0700	1786692134777798233	ServiceL	ServiceL	579	6436	2196	1640	10272	25779	1167	810924	93312	92061696	24778111	32534528
26	P0	2026-08-14T00:22:14,783332149-0700	1786692134777798233	ServiceH[ServiceK]	ServiceH	3740	11540	27328	4308	43176	72818	102	810924	93312	92061696	24778111	32534528
26	P0	2026-08-14T00:22:14,783332149-0700	1786692134777798233	ServiceB	ServiceB	692	3508	4628	2168	10304	21548	337	810924	93312	92061696	24778111	32534528
26	P0	2026-08-14T00:22:14,783332149-0700	1786692134777798233	ServiceC	ServiceC	676	3932	8604	1540	14076	114755	964	810924	93312	92061696	24778111	32534528
27	P0	2026-08-14T00:22:16,777987232-0700	1786692136773765399	AppProcD	AppProcD	543	30036	38956	6600	75592	340584	582	811144	93312	92061696	24778111	32534528
27	P0	2026-08-14T00:22:16,777987232-0700	1786692136773765399	AppProcC	AppProcC	2671	15348	16576	4560	36484	101444	40	811144	93312	92061696	24778111	32534528
27	P0	2026-08-14T00:22:16,777987232-0700	1786692136773765399	AppProcB	AppProcB	945	10540	13152	5636	29328	116292	1955	811144	93312	92061696	24778111	32534528
27	P0	2026-08-14T00:22:16,777987232-0700	1786692136773765399	ServiceA	ServiceA	3953	2932	4048	2656	9636	345052	164	811144	93312	92061696	24778111	32534528
27	P0	2026-08-14T00:22:16,777987232-0700	1786692136773765399	ServiceD	ServiceD	953	9512	6720	3364	19596	77534	707	811144	93312	92061696	24778111	32534528
27	P0	2026-08-14T00:22:16,777987232-0700	1786692136773765399	ServiceE	ServiceE	545	8772	2120	7800	18692	28171	342	811144	93312	92061696	24778111	32534528
27	P0	2026-08-14T00:22:16,777987232-0700	1786692136773765399	ServiceL	ServiceL	579	6436	2196	1640	10272	25779	1167	811144	93312	92061696	24778111	32534528
27	P0	2026-08-14T00:22:16,777987232-0700	1786692136773765399	ServiceH[ServiceK]	ServiceH	3740	11540	27328	4308	43176	72818	102	811144	93312	92061696	24778111	32534528
27	P0	2026-08-14T00:22:16,777987232-0700	1786692136773765399	ServiceB	ServiceB	692	3508	4628	2168	10304	21549	337	811144	93312	92061696	24778111	32534528
27	P0	2026-08-14T00:22:16,777987232-0700	1786692136773765399	ServiceC	ServiceC	676	3932	8604	1540	14076	114755	964	811144	93312	92061696	24778111	32534528
28	P0	2026-08-14T00:22:18,779603732-0700	1786692138771496065	AppProcD	AppProcD	543	30036	38956	6600	75592	340585	582	810152	93312	92061696	24778111	32534528
28	P0	2026-08-14T00:22:18,779603732-0700	1786692138771496065	AppProcC	AppProcC	2671	15348	16576	4560	36484	101444	40	810152	93312	92061696	24778111	32534528
28	P0	2026-08-14T00:22:18,779603732-0700	1786692138771496065	AppProcB	AppProcB	945	10540	13152	5636	29328	116292	1955	810152	93312	92061696	24778111	32534528
28	P0	2026-08-14T00:22:18,779603732-0700	1786692138771496065	ServiceA	ServiceA	3953	2932	4048	2656	9636	345052	164	810152	93312	92061696	24778111	32534528
28	P0	2026-08-14T00:22:18,779603732-0700	1786692138771496065	ServiceD	ServiceD	953	9512	6720	3364	19596	77534	707	810152	93312	92061696	24778111	32534528
28	P0	2026-08-14T00:22:18,779603732-0700	1786692138771496065	ServiceE	ServiceE	545	8772	2120	7800	18692	28171	342	810152	93312	92061696	24778111	32534528
28	P0	2026-08-14T00:22:18,779603732-0700	1786692138771496065	ServiceL	ServiceL	579	6436	2196	1640	10272	25781	1167	810152	93312	92061696	24778111	32534528
28	P0	2026-08-14T00:22:18,779603732-0700	1786692138771496065	ServiceH[ServiceK]	ServiceH	3740	11540	27328	4308	43176	72818	102	810152	93312	92061696	24778111	32534528
28	P0	2026-08-14T00:22:18,779603732-0700	1786692138771496065	ServiceB	ServiceB	692	3508	4628	2168	10304	21549	337	810152	93312	92061696	24778111	32534528
28	P0	2026-08-14T00:22:18,779603732-0700	1786692138771496065	ServiceC	ServiceC	676	3932	8604	1540	14076	114755	964	810152	93312	92061696	24778111	32534528
29	P0	2026-08-14T00:22:20,777466148-0700	1786692140772060648	AppProcD	AppProcD	543	30036	38956	6600	75592	340585	582	812528	93312	92061696	24778111	32534528
29	P0	2026-08-14T00:22:20,777466148-0700	1786692140772060648	AppProcC	AppProcC	2671	15348	16576	4560	36484	101444	40	812528	93312	92061696	24778111	32534528
29	P0	2026-08-14T00:22:20,777466148-0700	1786692140772060648	AppProcB	AppProcB	945	10540	13152	5636	29328	116332	1955	812528	93312	92061696	24778111	32534528
29	P0	2026-08-14T00:22:20,777466148-0700	1786692140772060648	ServiceA	ServiceA	3953	2932	4048	2656	9636	345052	164	812528	93312	92061696	24778111	32534528
29	P0	2026-08-14T00:22:20,777466148-0700	1786692140772060648	ServiceD	ServiceD	953	9512	6720	3364	19596	77534	707	812528	93312	92061696	24778111	32534528
29	P0	2026-08-14T00:22:20,777466148-0700	1786692140772060648	ServiceE	ServiceE	545	8772	2120	7800	18692	28171	342	812528	93312	92061696	24778111	32534528
29	P0	2026-08-14T00:22:20,777466148-0700	1786692140772060648	ServiceL	ServiceL	579	6436	2196	1640	10272	25781	1167	812528	93312	92061696	24778111	32534528
29	P0	2026-08-14T00:22:20,777466148-0700	1786692140772060648	ServiceH[ServiceK]	ServiceH	3740	11540	27328	4308	43176	72857	102	812528	93312	92061696	24778111	32534528
29	P0	2026-08-14T00:22:20,777466148-0700	1786692140772060648	ServiceB	ServiceB	692	3508	4628	2168	10304	21549	337	812528	93312	92061696	24778111	32534528
29	P0	2026-08-14T00:22:20,777466148-0700	1786692140772060648	ServiceC	ServiceC	676	3932	8604	1540	14076	114755	964	812528	93312	92061696	24778111	32534528
30	P0	2026-08-14T00:22:22,776053814-0700	1786692142770083147	AppProcD	AppProcD	543	30036	38956	6600	75592	340586	582	811660	93312	92061696	24778111	32534528
30	P0	2026-08-14T00:22:22,776053814-0700	1786692142770083147	AppProcC	AppProcC	2671	15348	16576	4560	36484	101445	40	811660	93312	92061696	24778111	32534528
30	P0	2026-08-14T00:22:22,776053814-0700	1786692142770083147	AppProcB	AppProcB	945	10540	13152	5636	29328	116332	1955	811660	93312	92061696	24778111	32534528
30	P0	2026-08-14T00:22:22,776053814-0700	1786692142770083147	ServiceA	ServiceA	3953	2932	4048	2656	9636	345052	164	811660	93312	92061696	24778111	32534528
30	P0	2026-08-14T00:22:22,776053814-0700	1786692142770083147	ServiceD	ServiceD	953	9512	6720	3364	19596	77537	707	811660	93312	92061696	24778111	32534528
30	P0	2026-08-14T00:22:22,776053814-0700	1786692142770083147	ServiceE	ServiceE	545	8772	2120	7800	18692	28172	342	811660	93312	92061696	24778111	32534528
30	P0	2026-08-14T00:22:22,776053814-0700	1786692142770083147	ServiceL	ServiceL	579	6436	2196	1640	10272	25781	1167	811660	93312	92061696	24778111	32534528
30	P0	2026-08-14T00:22:22,776053814-0700	1786692142770083147	ServiceH[ServiceK]	ServiceH	3740	11540	27328	4308	43176	72857	102	811660	93312	92061696	24778111	32534528
30	P0	2026-08-14T00:22:22,776053814-0700	1786692142770083147	ServiceB	ServiceB	692	3508	4628	2168	10304	21549	337	811660	93312	92061696	24778111	32534528
30	P0	2026-08-14T00:22:22,776053814-0700	1786692142770083147	ServiceC	ServiceC	676	3932	8604	1540	14076	114755	964	811660	93312	92061696	24778111	32534528
31	P0	2026-08-14T00:22:24,774818564-0700	1786692144769031480	AppProcD	AppProcD	543	30036	38956	6600	75592	340586	582	810296	93312	92061696	24778111	32534528
31	P0	2026-08-14T00:22:24,774818564-0700	1786692144769031480	AppProcC	AppProcC	2671	15348	16576	4560	36484	101446	40	810296	93312	92061696	24778111	32534528
31	P0	2026-08-14T00:22:24,774818564-0700	1786692144769031480	AppProcB	AppProcB	945	10540	13152	5636	29328	116332	1955	810296	93312	92061696	24778111	32534528
31	P0	2026-08-14T00:22:24,774818564-0700	1786692144769031480	ServiceA	ServiceA	3953	2932	4048	2656	9636	345052	164	810296	93312	92061696	24778111	32534528
31	P0	2026-08-14T00:22:24,774818564-0700	1786692144769031480	ServiceD	ServiceD	953	9512	6720	3364	19596	77537	707	810296	93312	92061696	24778111	32534528
31	P0	2026-08-14T00:22:24,774818564-0700	1786692144769031480	ServiceE	ServiceE	545	8772	2120	7800	18692	28172	342	810296	93312	92061696	24778111	32534528
31	P0	2026-08-14T00:22:24,774818564-0700	1786692144769031480	ServiceL	ServiceL	579	6436	2196	1640	10272	25783	1167	810296	93312	92061696	24778111	32534528
31	P0	2026-08-14T00:22:24,774818564-0700	1786692144769031480	ServiceH[ServiceK]	ServiceH	3740	11540	27328	4308	43176	72896	102	810296	93312	92061696	24778111	32534528
31	P0	2026-08-14T00:22:24,774818564-0700	1786692144769031480	ServiceB	ServiceB	692	3508	4628	2168	10304	21549	337	810296	93312	92061696	24778111	32534528
31	P0	2026-08-14T00:22:24,774818564-0700	1786692144769031480	ServiceC	ServiceC	676	3932	8604	1540	14076	114755	964	810296	93312	92061696	24778111	32534528
32	P0	2026-08-14T00:22:26,773039063-0700	1786692146768401980	AppProcD	AppProcD	543	30036	38956	6600	75592	340586	582	810516	93312	92061696	24778111	32534528
32	P0	2026-08-14T00:22:26,773039063-0700	1786692146768401980	AppProcC	AppProcC	2671	15348	16576	4560	36484	101447	40	810516	93312	92061696	24778111	32534528
32	P0	2026-08-14T00:22:26,773039063-0700	1786692146768401980	AppProcB	AppProcB	945	10540	13152	5636	29328	116372	1955	810516	93312	92061696	24778111	32534528
32	P0	2026-08-14T00:22:26,773039063-0700	1786692146768401980	ServiceA	ServiceA	3953	2932	4048	2656	9636	345052	164	810516	93312	92061696	24778111	32534528
32	P0	2026-08-14T00:22:26,773039063-0700	1786692146768401980	ServiceD	ServiceD	953	9512	6720	3364	19596	77540	707	810516	93312	92061696	24778111	32534528
32	P0	2026-08-14T00:22:26,773039063-0700	1786692146768401980	ServiceE	ServiceE	545	8772	2120	7800	18692	28172	342	810516	93312	92061696	24778111	32534528
32	P0	2026-08-14T00:22:26,773039063-0700	1786692146768401980	ServiceL	ServiceL	579	6436	2196	1640	10272	25783	1167	810516	93312	92061696	24778111	32534528
32	P0	2026-08-14T00:22:26,773039063-0700	1786692146768401980	ServiceH[ServiceK]	ServiceH	3740	11540	27328	4308	43176	72896	102	810516	93312	92061696	24778111	32534528
32	P0	2026-08-14T00:22:26,773039063-0700	1786692146768401980	ServiceB	ServiceB	692	3508	4628	2168	10304	21549	337	810516	93312	92061696	24778111	32534528
32	P0	2026-08-14T00:22:26,773039063-0700	1786692146768401980	ServiceC	ServiceC	676	3932	8604	1540	14076	114755	964	810516	93312	92061696	24778111	32534528
33	P0	2026-08-14T00:22:28,776813729-0700	1786692148769878563	AppProcD	AppProcD	543	30036	38956	6600	75592	340587	582	809880	93312	92061696	24778111	32534528
33	P0	2026-08-14T00:22:28,776813729-0700	1786692148769878563	AppProcC	AppProcC	2671	15348	16576	4560	36484	101447	40	809880	93312	92061696	24778111	32534528
33	P0	2026-08-14T00:22:28,776813729-0700	1786692148769878563	AppProcB	AppProcB	945	10540	13152	5636	29328	116372	1955	809880	93312	92061696	24778111	32534528
33	P0	2026-08-14T00:22:28,776813729-0700	1786692148769878563	ServiceA	ServiceA	3953	2932	4048	2656	9636	345052	164	809880	93312	92061696	24778111	32534528
33	P0	2026-08-14T00:22:28,776813729-0700	1786692148769878563	ServiceD	ServiceD	953	9512	6720	3364	19596	77540	707	809880	93312	92061696	24778111	32534528
33	P0	2026-08-14T00:22:28,776813729-0700	1786692148769878563	ServiceE	ServiceE	545	8772	2120	7800	18692	28172	342	809880	93312	92061696	24778111	32534528
33	P0	2026-08-14T00:22:28,776813729-0700	1786692148769878563	ServiceL	ServiceL	579	6436	2196	1640	10272	25785	1167	809880	93312	92061696	24778111	32534528
33	P0	2026-08-14T00:22:28,776813729-0700	1786692148769878563	ServiceH[ServiceK]	ServiceH	3740	11540	27328	4308	43176	72896	102	809880	93312	92061696	24778111	32534528
33	P0	2026-08-14T00:22:28,776813729-0700	1786692148769878563	ServiceB	ServiceB	692	3508	4628	2168	10304	21549	337	809880	93312	92061696	24778111	32534528
33	P0	2026-08-14T00:22:28,776813729-0700	1786692148769878563	ServiceC	ServiceC	676	3932	8604	1540	14076	114755	964	809880	93312	92061696	24778111	32534528
34	P0	2026-08-14T00:22:30,775447312-0700	1786692150769892479	AppProcD	AppProcD	543	30036	38956	6600	75592	340587	582	809624	93312	92061696	24778111	32534528
34	P0	2026-08-14T00:22:30,775447312-0700	1786692150769892479	AppProcC	AppProcC	2671	15348	16576	4560	36484	101447	40	809624	93312	92061696	24778111	32534528
34	P0	2026-08-14T00:22:30,775447312-0700	1786692150769892479	AppProcB	AppProcB	945	10540	13152	5636	29328	116412	1955	809624	93312	92061696	24778111	32534528
34	P0	2026-08-14T00:22:30,775447312-0700	1786692150769892479	ServiceA	ServiceA	3953	2932	4048	2656	9636	345052	164	809624	93312	92061696	24778111	32534528
34	P0	2026-08-14T00:22:30,775447312-0700	1786692150769892479	ServiceD	ServiceD	953	9512	6720	3364	19596	77540	707	809624	93312	92061696	24778111	32534528
34	P0	2026-08-14T00:22:30,775447312-0700	1786692150769892479	ServiceE	ServiceE	545	8772	2120	7800	18692	28172	342	809624	93312	92061696	24778111	32534528
34	P0	2026-08-14T00:22:30,775447312-0700	1786692150769892479	ServiceL	ServiceL	579	6436	2196	1640	10272	25785	1167	809624	93312	92061696	24778111	32534528
34	P0	2026-08-14T00:22:30,775447312-0700	1786692150769892479	ServiceH[ServiceK]	ServiceH	3740	11540	27328	4308	43176	72936	102	809624	93312	92061696	24778111	32534528
34	P0	2026-08-14T00:22:30,775447312-0700	1786692150769892479	ServiceB	ServiceB	692	3508	4628	2168	10304	21549	337	809624	93312	92061696	24778111	32534528
34	P0	2026-08-14T00:22:30,775447312-0700	1786692150769892479	ServiceC	ServiceC	676	3932	8604	1540	14076	114755	964	809624	93312	92061696	24778111	32534528
35	P0	2026-08-14T00:22:32,773879478-0700	1786692152767680312	AppProcD	AppProcD	543	30036	38956	6600	75592	340588	582	810032	93312	92061696	24778111	32534528
35	P0	2026-08-14T00:22:32,773879478-0700	1786692152767680312	AppProcC	AppProcC	2671	15348	16576	4560	36484	101448	40	810032	93312	92061696	24778111	32534528
35	P0	2026-08-14T00:22:32,773879478-0700	1786692152767680312	AppProcB	AppProcB	945	10540	13152	5636	29328	116412	1955	810032	93312	92061696	24778111	32534528
35	P0	2026-08-14T00:22:32,773879478-0700	1786692152767680312	ServiceA	ServiceA	3953	2932	4048	2656	9636	345052	164	810032	93312	92061696	24778111	32534528
35	P0	2026-08-14T00:22:32,773879478-0700	1786692152767680312	ServiceD	ServiceD	953	9512	6720	3364	19596	77543	707	810032	93312	92061696	24778111	32534528
35	P0	2026-08-14T00:22:32,773879478-0700	1786692152767680312	ServiceE	ServiceE	545	8772	2120	7800	18692	28172	342	810032	93312	92061696	24778111	32534528
35	P0	2026-08-14T00:22:32,773879478-0700	1786692152767680312	ServiceL	ServiceL	579	6436	2196	1640	10272	25785	1167	810032	93312	92061696	24778111	32534528
35	P0	2026-08-14T00:22:32,773879478-0700	1786692152767680312	ServiceH[ServiceK]	ServiceH	3740	11540	27328	4308	43176	72936	102	810032	93312	92061696	24778111	32534528
35	P0	2026-08-14T00:22:32,773879478-0700	1786692152767680312	ServiceB	ServiceB	692	3508	4628	2168	10304	21549	337	810032	93312	92061696	24778111	32534528
35	P0	2026-08-14T00:22:32,773879478-0700	1786692152767680312	ServiceC	ServiceC	676	3932	8604	1540	14076	114755	964	810032	93312	92061696	24778111	32534528
36	P0	2026-08-14T00:22:34,777315478-0700	1786692154769614811	AppProcD	AppProcD	543	30036	38956	6600	75592	340588	582	809184	93312	92061696	24778111	32534528
36	P0	2026-08-14T00:22:34,777315478-0700	1786692154769614811	AppProcC	AppProcC	2671	15348	16576	4560	36484	101448	40	809184	93312	92061696	24778111	32534528
36	P0	2026-08-14T00:22:34,777315478-0700	1786692154769614811	AppProcB	AppProcB	945	10540	13152	5636	29328	116412	1955	809184	93312	92061696	24778111	32534528
36	P0	2026-08-14T00:22:34,777315478-0700	1786692154769614811	ServiceA	ServiceA	3953	2932	4048	2656	9636	345052	164	809184	93312	92061696	24778111	32534528
36	P0	2026-08-14T00:22:34,777315478-0700	1786692154769614811	ServiceD	ServiceD	953	9512	6720	3364	19596	77543	707	809184	93312	92061696	24778111	32534528
36	P0	2026-08-14T00:22:34,777315478-0700	1786692154769614811	ServiceE	ServiceE	545	8772	2120	7800	18692	28172	342	809184	93312	92061696	24778111	32534528
36	P0	2026-08-14T00:22:34,777315478-0700	1786692154769614811	ServiceL	ServiceL	579	6436	2196	1640	10272	25787	1167	809184	93312	92061696	24778111	32534528
36	P0	2026-08-14T00:22:34,777315478-0700	1786692154769614811	ServiceH[ServiceK]	ServiceH	3740	11540	27328	4308	43176	72975	102	809184	93312	92061696	24778111	32534528
36	P0	2026-08-14T00:22:34,777315478-0700	1786692154769614811	ServiceB	ServiceB	692	3508	4628	2168	10304	21549	337	809184	93312	92061696	24778111	32534528
36	P0	2026-08-14T00:22:34,777315478-0700	1786692154769614811	ServiceC	ServiceC	676	3932	8604	1540	14076	114755	964	809184	93312	92061696	24778111	32534528
37	P0	2026-08-14T00:22:36,776700977-0700	1786692156772209311	AppProcD	AppProcD	543	30036	38956	6600	75592	340588	582	810468	93312	92061696	24778111	32534528
37	P0	2026-08-14T00:22:36,776700977-0700	1786692156772209311	AppProcC	AppProcC	2671	15348	16576	4560	36484	101449	40	810468	93312	92061696	24778111	32534528
37	P0	2026-08-14T00:22:36,776700977-0700	1786692156772209311	AppProcB	AppProcB	945	10540	13152	5636	29328	116452	1955	810468	93312	92061696	24778111	32534528
37	P0	2026-08-14T00:22:36,776700977-0700	1786692156772209311	ServiceA	ServiceA	3953	2932	4048	2656	9636	345052	164	810468	93312	92061696	24778111	32534528
37	P0	2026-08-14T00:22:36,776700977-0700	1786692156772209311	ServiceD	ServiceD	953	9512	6720	3364	19596	77546	707	810468	93312	92061696	24778111	32534528
37	P0	2026-08-14T00:22:36,776700977-0700	1786692156772209311	ServiceE	ServiceE	545	8772	2120	7800	18692	28172	342	810468	93312	92061696	24778111	32534528
37	P0	2026-08-14T00:22:36,776700977-0700	1786692156772209311	ServiceL	ServiceL	579	6436	2196	1640	10272	25787	1167	810468	93312	92061696	24778111	32534528
37	P0	2026-08-14T00:22:36,776700977-0700	1786692156772209311	ServiceH[ServiceK]	ServiceH	3740	11324	27328	4308	42960	72975	102	810468	93312	92061696	24778111	32534528
37	P0	2026-08-14T00:22:36,776700977-0700	1786692156772209311	ServiceB	ServiceB	692	3508	4628	2168	10304	21550	337	810468	93312	92061696	24778111	32534528
37	P0	2026-08-14T00:22:36,776700977-0700	1786692156772209311	ServiceC	ServiceC	676	3932	8604	1540	14076	114755	964	810468	93312	92061696	24778111	32534528
38	P0	2026-08-14T00:22:38,779489644-0700	1786692158772302060	AppProcD	AppProcD	543	30036	38956	6600	75592	340589	582	808688	93312	92061696	24778111	32534528
38	P0	2026-08-14T00:22:38,779489644-0700	1786692158772302060	AppProcC	AppProcC	2671	15348	16576	4560	36484	101449	40	808688	93312	92061696	24778111	32534528
38	P0	2026-08-14T00:22:38,779489644-0700	1786692158772302060	AppProcB	AppProcB	945	10540	13152	5636	29328	116452	1955	808688	93312	92061696	24778111	32534528
38	P0	2026-08-14T00:22:38,779489644-0700	1786692158772302060	ServiceA	ServiceA	3953	2932	4048	2656	9636	345052	164	808688	93312	92061696	24778111	32534528
38	P0	2026-08-14T00:22:38,779489644-0700	1786692158772302060	ServiceD	ServiceD	953	9512	6720	3364	19596	77546	707	808688	93312	92061696	24778111	32534528
38	P0	2026-08-14T00:22:38,779489644-0700	1786692158772302060	ServiceE	ServiceE	545	8772	2120	7800	18692	28172	342	808688	93312	92061696	24778111	32534528
38	P0	2026-08-14T00:22:38,779489644-0700	1786692158772302060	ServiceL	ServiceL	579	6436	2196	1640	10272	25789	1167	808688	93312	92061696	24778111	32534528
38	P0	2026-08-14T00:22:38,779489644-0700	1786692158772302060	ServiceH[ServiceK]	ServiceH	3740	11324	27212	4308	42844	72975	102	808688	93312	92061696	24778111	32534528
38	P0	2026-08-14T00:22:38,779489644-0700	1786692158772302060	ServiceB	ServiceB	692	3508	4628	2168	10304	21550	337	808688	93312	92061696	24778111	32534528
38	P0	2026-08-14T00:22:38,779489644-0700	1786692158772302060	ServiceC	ServiceC	676	3932	8604	1540	14076	114755	964	808688	93312	92061696	24778111	32534528
39	P0	2026-08-14T00:22:40,774541143-0700	1786692160770253060	AppProcD	AppProcD	543	30036	38932	6600	75568	340589	582	809712	93312	92061696	24778111	32534528
39	P0	2026-08-14T00:22:40,774541143-0700	1786692160770253060	AppProcC	AppProcC	2671	15348	16576	4560	36484	101449	40	809712	93312	92061696	24778111	32534528
39	P0	2026-08-14T00:22:40,774541143-0700	1786692160770253060	AppProcB	AppProcB	945	10540	13152	5636	29328	116492	1955	809712	93312	92061696	24778111	32534528
39	P0	2026-08-14T00:22:40,774541143-0700	1786692160770253060	ServiceA	ServiceA	3953	2932	4048	2656	9636	345052	164	809712	93312	92061696	24778111	32534528
39	P0	2026-08-14T00:22:40,774541143-0700	1786692160770253060	ServiceD	ServiceD	953	9512	6720	3364	19596	77546	707	809712	93312	92061696	24778111	32534528
39	P0	2026-08-14T00:22:40,774541143-0700	1786692160770253060	ServiceE	ServiceE	545	8772	2120	7800	18692	28172	342	809712	93312	92061696	24778111	32534528
39	P0	2026-08-14T00:22:40,774541143-0700	1786692160770253060	ServiceL	ServiceL	579	6436	2196	1640	10272	25789	1167	809712	93312	92061696	24778111	32534528
39	P0	2026-08-14T00:22:40,774541143-0700	1786692160770253060	ServiceH[ServiceK]	ServiceH	3740	11324	26756	4308	42388	73014	102	809712	93312	92061696	24778111	32534528
39	P0	2026-08-14T00:22:40,774541143-0700	1786692160770253060	ServiceB	ServiceB	692	3508	4628	2168	10304	21550	337	809712	93312	92061696	24778111	32534528
39	P0	2026-08-14T00:22:40,774541143-0700	1786692160770253060	ServiceC	ServiceC	676	3932	8604	1540	14076	114755	964	809712	93312	92061696	24778111	32534528
40	P0	2026-08-14T00:22:42,780747059-0700	1786692162772443059	AppProcD	AppProcD	543	30036	38932	6600	75568	340589	582	811284	93312	92061696	24778111	32534528
40	P0	2026-08-14T00:22:42,780747059-0700	1786692162772443059	AppProcC	AppProcC	2671	15348	16576	4560	36484	101450	40	811284	93312	92061696	24778111	32534528
40	P0	2026-08-14T00:22:42,780747059-0700	1786692162772443059	AppProcB	AppProcB	945	10540	13152	5636	29328	116492	1955	811284	93312	92061696	24778111	32534528
40	P0	2026-08-14T00:22:42,780747059-0700	1786692162772443059	ServiceA	ServiceA	3953	2932	4048	2656	9636	345052	164	811284	93312	92061696	24778111	32534528
40	P0	2026-08-14T00:22:42,780747059-0700	1786692162772443059	ServiceD	ServiceD	953	9512	6720	3364	19596	77549	707	811284	93312	92061696	24778111	32534528
40	P0	2026-08-14T00:22:42,780747059-0700	1786692162772443059	ServiceE	ServiceE	545	8772	2120	7800	18692	28172	342	811284	93312	92061696	24778111	32534528
40	P0	2026-08-14T00:22:42,780747059-0700	1786692162772443059	ServiceL	ServiceL	579	6436	2196	1640	10272	25789	1167	811284	93312	92061696	24778111	32534528
40	P0	2026-08-14T00:22:42,780747059-0700	1786692162772443059	ServiceH[ServiceK]	ServiceH	3740	11324	25240	4308	40872	73014	102	811284	93312	92061696	24778111	32534528
40	P0	2026-08-14T00:22:42,780747059-0700	1786692162772443059	ServiceB	ServiceB	692	3508	4628	2168	10304	21550	337	811284	93312	92061696	24778111	32534528
40	P0	2026-08-14T00:22:42,780747059-0700	1786692162772443059	ServiceC	ServiceC	676	3932	8604	1540	14076	114755	964	811284	93312	92061696	24778111	32534528
41	P0	2026-08-14T00:22:44,775652809-0700	1786692164769699059	AppProcD	AppProcD	543	30036	38932	6600	75568	340590	582	810828	93312	92061696	24778111	32534528
41	P0	2026-08-14T00:22:44,775652809-0700	1786692164769699059	AppProcC	AppProcC	2671	15348	16576	4560	36484	101450	40	810828	93312	92061696	24778111	32534528
41	P0	2026-08-14T00:22:44,775652809-0700	1786692164769699059	AppProcB	AppProcB	945	10540	13152	5636	29328	116492	1955	810828	93312	92061696	24778111	32534528
41	P0	2026-08-14T00:22:44,775652809-0700	1786692164769699059	ServiceA	ServiceA	3953	2932	4048	2656	9636	345052	164	810828	93312	92061696	24778111	32534528
41	P0	2026-08-14T00:22:44,775652809-0700	1786692164769699059	ServiceD	ServiceD	953	9512	6720	3364	19596	77549	707	810828	93312	92061696	24778111	32534528
41	P0	2026-08-14T00:22:44,775652809-0700	1786692164769699059	ServiceE	ServiceE	545	8772	2120	7800	18692	28172	342	810828	93312	92061696	24778111	32534528
41	P0	2026-08-14T00:22:44,775652809-0700	1786692164769699059	ServiceL	ServiceL	579	6436	2196	1640	10272	25791	1167	810828	93312	92061696	24778111	32534528
41	P0	2026-08-14T00:22:44,775652809-0700	1786692164769699059	ServiceH[ServiceK]	ServiceH	3740	11240	25216	4308	40764	73053	102	810828	93312	92061696	24778111	32534528
41	P0	2026-08-14T00:22:44,775652809-0700	1786692164769699059	ServiceB	ServiceB	692	3508	4628	2168	10304	21550	337	810828	93312	92061696	24778111	32534528
41	P0	2026-08-14T00:22:44,775652809-0700	1786692164769699059	ServiceC	ServiceC	676	3932	8604	1540	14076	114755	964	810828	93312	92061696	24778111	32534528
42	P0	2026-08-14T00:22:46,779028308-0700	1786692166772571725	AppProcD	AppProcD	543	30036	38912	6600	75548	340590	582	810676	93312	92061696	24778111	32534528
42	P0	2026-08-14T00:22:46,779028308-0700	1786692166772571725	AppProcC	AppProcC	2671	15348	16576	4560	36484	101451	40	810676	93312	92061696	24778111	32534528
42	P0	2026-08-14T00:22:46,779028308-0700	1786692166772571725	AppProcB	AppProcB	945	10540	13152	5636	29328	116532	1955	810676	93312	92061696	24778111	32534528
42	P0	2026-08-14T00:22:46,779028308-0700	1786692166772571725	ServiceA	ServiceA	3953	2932	4032	2656	9620	345052	164	810676	93312	92061696	24778111	32534528
42	P0	2026-08-14T00:22:46,779028308-0700	1786692166772571725	ServiceD	ServiceD	953	9512	6720	3364	19596	77552	707	810676	93312	92061696	24778111	32534528
42	P0	2026-08-14T00:22:46,779028308-0700	1786692166772571725	ServiceE	ServiceE	545	8772	2120	7800	18692	28172	342	810676	93312	92061696	24778111	32534528
42	P0	2026-08-14T00:22:46,779028308-0700	1786692166772571725	ServiceL	ServiceL	579	6436	2196	1640	10272	25791	1167	810676	93312	92061696	24778111	32534528
42	P0	2026-08-14T00:22:46,779028308-0700	1786692166772571725	ServiceH[ServiceK]	ServiceH	3740	11240	25216	4308	40764	73053	102	810676	93312	92061696	24778111	32534528
42	P0	2026-08-14T00:22:46,779028308-0700	1786692166772571725	ServiceB	ServiceB	692	3508	4628	2168	10304	21550	337	810676	93312	92061696	24778111	32534528
42	P0	2026-08-14T00:22:46,779028308-0700	1786692166772571725	ServiceC	ServiceC	676	3932	8604	1540	14076	114755	964	810676	93312	92061696	24778111	32534528
43	P0	2026-08-14T00:22:48,773454641-0700	1786692168768785891	AppProcD	AppProcD	543	30036	38528	6600	75164	340591	582	810268	93312	92061696	24778111	32534528
43	P0	2026-08-14T00:22:48,773454641-0700	1786692168768785891	AppProcC	AppProcC	2671	15348	16576	4560	36484	101451	40	810268	93312	92061696	24778111	32534528
43	P0	2026-08-14T00:22:48,773454641-0700	1786692168768785891	AppProcB	AppProcB	945	10540	13152	5636	29328	116532	1955	810268	93312	92061696	24778111	32534528
43	P0	2026-08-14T00:22:48,773454641-0700	1786692168768785891	ServiceA	ServiceA	3953	2932	4032	2656	9620	345052	164	810268	93312	92061696	24778111	32534528
43	P0	2026-08-14T00:22:48,773454641-0700	1786692168768785891	ServiceD	ServiceD	953	9512	6720	3364	19596	77552	707	810268	93312	92061696	24778111	32534528
43	P0	2026-08-14T00:22:48,773454641-0700	1786692168768785891	ServiceE	ServiceE	545	8772	2120	7800	18692	28172	342	810268	93312	92061696	24778111	32534528
43	P0	2026-08-14T00:22:48,773454641-0700	1786692168768785891	ServiceL	ServiceL	579	6436	2196	1640	10272	25793	1167	810268	93312	92061696	24778111	32534528
43	P0	2026-08-14T00:22:48,773454641-0700	1786692168768785891	ServiceH[ServiceK]	ServiceH	3740	11240	25216	4308	40764	73053	102	810268	93312	92061696	24778111	32534528
43	P0	2026-08-14T00:22:48,773454641-0700	1786692168768785891	ServiceB	ServiceB	692	3508	4628	2168	10304	21550	337	810268	93312	92061696	24778111	32534528
43	P0	2026-08-14T00:22:48,773454641-0700	1786692168768785891	ServiceC	ServiceC	676	3932	8604	1540	14076	114755	964	810268	93312	92061696	24778111	32534528
44	P0	2026-08-14T00:22:50,776867807-0700	1786692170770494141	AppProcD	AppProcD	543	30036	38528	6600	75164	340591	582	810444	93312	92061696	24778111	32534528
44	P0	2026-08-14T00:22:50,776867807-0700	1786692170770494141	AppProcC	AppProcC	2671	15348	16576	4560	36484	101451	40	810444	93312	92061696	24778111	32534528
44	P0	2026-08-14T00:22:50,776867807-0700	1786692170770494141	AppProcB	AppProcB	945	10540	13152	5636	29328	116572	1955	810444	93312	92061696	24778111	32534528
44	P0	2026-08-14T00:22:50,776867807-0700	1786692170770494141	ServiceA	ServiceA	3953	2932	4032	2656	9620	345052	164	810444	93312	92061696	24778111	32534528
44	P0	2026-08-14T00:22:50,776867807-0700	1786692170770494141	ServiceD	ServiceD	953	9512	6720	3364	19596	77552	707	810444	93312	92061696	24778111	32534528
44	P0	2026-08-14T00:22:50,776867807-0700	1786692170770494141	ServiceE	ServiceE	545	8772	2120	7800	18692	28172	342	810444	93312	92061696	24778111	32534528
44	P0	2026-08-14T00:22:50,776867807-0700	1786692170770494141	ServiceL	ServiceL	579	6436	2196	1640	10272	25793	1167	810444	93312	92061696	24778111	32534528
44	P0	2026-08-14T00:22:50,776867807-0700	1786692170770494141	ServiceH[ServiceK]	ServiceH	3740	11240	25216	4308	40764	73092	102	810444	93312	92061696	24778111	32534528
44	P0	2026-08-14T00:22:50,776867807-0700	1786692170770494141	ServiceB	ServiceB	692	3508	4628	2168	10304	21550	337	810444	93312	92061696	24778111	32534528
44	P0	2026-08-14T00:22:50,776867807-0700	1786692170770494141	ServiceC	ServiceC	676	3932	8604	1540	14076	114755	964	810444	93312	92061696	24778111	32534528
45	R1	2026-08-14T00:22:52,773167890-0700	1786692172768538640	AppProcD	AppProcD	543	30024	38560	6380	74964	341250	582	810196	93312	92061696	24778111	32534528
45	R1	2026-08-14T00:22:52,773167890-0700	1786692172768538640	AppProcC	AppProcC	2671	15348	16576	4560	36484	101452	40	810196	93312	92061696	24778111	32534528
45	R1	2026-08-14T00:22:52,773167890-0700	1786692172768538640	AppProcB	AppProcB	945	10540	13152	5636	29328	116572	1955	810196	93312	92061696	24778111	32534528
45	R1	2026-08-14T00:22:52,773167890-0700	1786692172768538640	ServiceA	ServiceA	3953	3720	4136	2656	10512	345406	164	810196	93312	92061696	24778111	32534528
45	R1	2026-08-14T00:22:52,773167890-0700	1786692172768538640	ServiceD	ServiceD	953	9512	6720	3364	19596	77654	707	810196	93312	92061696	24778111	32534528
45	R1	2026-08-14T00:22:52,773167890-0700	1786692172768538640	ServiceE	ServiceE	545	8772	2120	7800	18692	28172	342	810196	93312	92061696	24778111	32534528
45	R1	2026-08-14T00:22:52,773167890-0700	1786692172768538640	ServiceL	ServiceL	579	6436	2196	1640	10272	25816	1167	810196	93312	92061696	24778111	32534528
45	R1	2026-08-14T00:22:52,773167890-0700	1786692172768538640	ServiceH[ServiceK]	ServiceH	3740	11964	25464	4308	41736	75368	102	810196	93312	92061696	24778111	32534528
45	R1	2026-08-14T00:22:52,773167890-0700	1786692172768538640	ServiceB	ServiceB	692	4352	4608	2168	11128	21889	337	810196	93312	92061696	24778111	32534528
45	R1	2026-08-14T00:22:52,773167890-0700	1786692172768538640	ServiceC	ServiceC	676	3936	8588	1540	14064	117743	964	810196	93312	92061696	24778111	32534528
46	R1	2026-08-14T00:22:58,108380556-0700	1786692178093088972	AppProcD	AppProcD	543	30280	38584	6600	75464	345213	582	791856	93056	91799552	24702983	32501760
46	R1	2026-08-14T00:22:58,108380556-0700	1786692178093088972	AppProcC	AppProcC	2671	15348	16576	4560	36484	101453	40	791856	93056	91799552	24702983	32501760
46	R1	2026-08-14T00:22:58,108380556-0700	1786692178093088972	AppProcB	AppProcB	945	10540	13152	5636	29328	116612	1955	791856	93056	91799552	24702983	32501760
46	R1	2026-08-14T00:22:58,108380556-0700	1786692178093088972	ServiceA	ServiceA	3953	3472	4160	2656	10288	352948	164	791856	93056	91799552	24702983	32501760
46	R1	2026-08-14T00:22:58,108380556-0700	1786692178093088972	ServiceD	ServiceD	953	9524	6724	3364	19612	78013	711	791856	93056	91799552	24702983	32501760
46	R1	2026-08-14T00:22:58,108380556-0700	1786692178093088972	ServiceE	ServiceE	545	8772	2120	7800	18692	28172	342	791856	93056	91799552	24702983	32501760
46	R1	2026-08-14T00:22:58,108380556-0700	1786692178093088972	ServiceL	ServiceL	579	6460	2196	1640	10296	26658	1167	791856	93056	91799552	24702983	32501760
46	R1	2026-08-14T00:22:58,108380556-0700	1786692178093088972	ServiceH[ServiceK]	ServiceH	3740	12076	25464	4308	41848	76531	102	791856	93056	91799552	24702983	32501760
46	R1	2026-08-14T00:22:58,108380556-0700	1786692178093088972	ServiceB	ServiceB	692	3924	4592	2176	10692	22380	338	791856	93056	91799552	24702983	32501760
46	R1	2026-08-14T00:22:58,108380556-0700	1786692178093088972	ServiceC	ServiceC	676	3940	8580	1540	14060	123340	964	791856	93056	91799552	24702983	32501760
47	R1	2026-08-14T00:23:03,530307054-0700	1786692183493632138	AppProcD	AppProcD	543	30028	38584	6600	75212	349830	582	786872	93056	91799552	24702983	32501760
47	R1	2026-08-14T00:23:03,530307054-0700	1786692183493632138	AppProcC	AppProcC	2671	15348	16576	4560	36484	101455	40	786872	93056	91799552	24702983	32501760
47	R1	2026-08-14T00:23:03,530307054-0700	1786692183493632138	AppProcB	AppProcB	945	10540	13152	5636	29328	116653	1955	786872	93056	91799552	24702983	32501760
47	R1	2026-08-14T00:23:03,530307054-0700	1786692183493632138	ServiceA	ServiceA	3953	3244	4152	2656	10052	353183	164	786872	93056	91799552	24702983	32501760
47	R1	2026-08-14T00:23:03,530307054-0700	1786692183493632138	ServiceD	ServiceD	953	9536	6724	3364	19624	78214	714	786872	93056	91799552	24702983	32501760
47	R1	2026-08-14T00:23:03,530307054-0700	1786692183493632138	ServiceE	ServiceE	545	8772	2120	7800	18692	28172	342	786872	93056	91799552	24702983	32501760
47	R1	2026-08-14T00:23:03,530307054-0700	1786692183493632138	ServiceL	ServiceL	579	6440	2196	1640	10276	26664	1167	786872	93056	91799552	24702983	32501760
47	R1	2026-08-14T00:23:03,530307054-0700	1786692183493632138	ServiceH[ServiceK]	ServiceH	3740	12396	25468	4308	42172	76781	102	786872	93056	91799552	24702983	32501760
47	R1	2026-08-14T00:23:03,530307054-0700	1786692183493632138	ServiceB	ServiceB	692	4512	4432	2176	11120	22936	382	786872	93056	91799552	24702983	32501760
47	R1	2026-08-14T00:23:03,530307054-0700	1786692183493632138	ServiceC	ServiceC	676	3944	8580	1540	14064	127297	964	786872	93056	91799552	24702983	32501760
48	R1	2026-08-14T00:23:07,804529720-0700	1786692187790996470	AppProcD	AppProcD	543	30028	38584	6600	75212	349831	582	791148	93056	91799552	24702983	32501760
48	R1	2026-08-14T00:23:07,804529720-0700	1786692187790996470	AppProcC	AppProcC	2671	15348	16576	4560	36484	101457	40	791148	93056	91799552	24702983	32501760
48	R1	2026-08-14T00:23:07,804529720-0700	1786692187790996470	AppProcB	AppProcB	945	10540	13152	5636	29328	116693	1955	791148	93056	91799552	24702983	32501760
48	R1	2026-08-14T00:23:07,804529720-0700	1786692187790996470	ServiceA	ServiceA	3953	3244	4152	2656	10052	353183	164	791148	93056	91799552	24702983	32501760
48	R1	2026-08-14T00:23:07,804529720-0700	1786692187790996470	ServiceD	ServiceD	953	9536	6732	3364	19632	78382	714	791148	93056	91799552	24702983	32501760
48	R1	2026-08-14T00:23:07,804529720-0700	1786692187790996470	ServiceE	ServiceE	545	8772	2120	7800	18692	28172	342	791148	93056	91799552	24702983	32501760
48	R1	2026-08-14T00:23:07,804529720-0700	1786692187790996470	ServiceL	ServiceL	579	6440	2196	1640	10276	26666	1167	791148	93056	91799552	24702983	32501760
48	R1	2026-08-14T00:23:07,804529720-0700	1786692187790996470	ServiceH[ServiceK]	ServiceH	3740	12776	25304	4308	42388	77104	102	791148	93056	91799552	24702983	32501760
48	R1	2026-08-14T00:23:07,804529720-0700	1786692187790996470	ServiceB	ServiceB	692	4680	4472	2176	11328	23111	382	791148	93056	91799552	24702983	32501760
48	R1	2026-08-14T00:23:07,804529720-0700	1786692187790996470	ServiceC	ServiceC	676	3944	8580	1540	14064	130869	964	791148	93056	91799552	24702983	32501760
49	R1	2026-08-14T00:23:11,870674469-0700	1786692191863327386	AppProcD	AppProcD	543	30004	38584	6600	75188	353378	582	796752	93056	91799552	24702983	32501760
49	R1	2026-08-14T00:23:11,870674469-0700	1786692191863327386	AppProcC	AppProcC	2671	15348	16576	4560	36484	101458	40	796752	93056	91799552	24702983	32501760
49	R1	2026-08-14T00:23:11,870674469-0700	1786692191863327386	AppProcB	AppProcB	945	10540	13152	5636	29328	116733	1955	796752	93056	91799552	24702983	32501760
49	R1	2026-08-14T00:23:11,870674469-0700	1786692191863327386	ServiceA	ServiceA	3953	3244	4152	2656	10052	353183	164	796752	93056	91799552	24702983	32501760
49	R1	2026-08-14T00:23:11,870674469-0700	1786692191863327386	ServiceD	ServiceD	953	9536	6732	3364	19632	78392	714	796752	93056	91799552	24702983	32501760
49	R1	2026-08-14T00:23:11,870674469-0700	1786692191863327386	ServiceE	ServiceE	545	8772	2120	7800	18692	28172	342	796752	93056	91799552	24702983	32501760
49	R1	2026-08-14T00:23:11,870674469-0700	1786692191863327386	ServiceL	ServiceL	579	6440	2196	1640	10276	26666	1167	796752	93056	91799552	24702983	32501760
49	R1	2026-08-14T00:23:11,870674469-0700	1786692191863327386	ServiceH[ServiceK]	ServiceH	3740	12452	25608	4324	42384	81269	103	796752	93056	91799552	24702983	32501760
49	R1	2026-08-14T00:23:11,870674469-0700	1786692191863327386	ServiceB	ServiceB	692	4680	4468	2176	11324	23134	382	796752	93056	91799552	24702983	32501760
49	R1	2026-08-14T00:23:11,870674469-0700	1786692191863327386	ServiceC	ServiceC	676	3944	8580	1540	14064	131654	965	796752	93056	91799552	24702983	32501760
50	R1	2026-08-14T00:23:13,378580885-0700	1786692193373659469	AppProcD	AppProcD	543	30004	38584	6600	75188	354297	582	796164	93056	91799552	24702983	32501760
50	R1	2026-08-14T00:23:13,378580885-0700	1786692193373659469	AppProcC	AppProcC	2671	15348	16576	4560	36484	101458	40	796164	93056	91799552	24702983	32501760
50	R1	2026-08-14T00:23:13,378580885-0700	1786692193373659469	AppProcB	AppProcB	945	10540	13152	5636	29328	116733	1955	796164	93056	91799552	24702983	32501760
50	R1	2026-08-14T00:23:13,378580885-0700	1786692193373659469	ServiceA	ServiceA	3953	3244	4152	2656	10052	353183	164	796164	93056	91799552	24702983	32501760
50	R1	2026-08-14T00:23:13,378580885-0700	1786692193373659469	ServiceD	ServiceD	953	9536	6732	3364	19632	78392	714	796164	93056	91799552	24702983	32501760
50	R1	2026-08-14T00:23:13,378580885-0700	1786692193373659469	ServiceE	ServiceE	545	8772	2120	7800	18692	28172	342	796164	93056	91799552	24702983	32501760
50	R1	2026-08-14T00:23:13,378580885-0700	1786692193373659469	ServiceL	ServiceL	579	6440	2196	1640	10276	26668	1167	796164	93056	91799552	24702983	32501760
50	R1	2026-08-14T00:23:13,378580885-0700	1786692193373659469	ServiceH[ServiceK]	ServiceH	3740	12452	25608	4324	42384	81277	103	796164	93056	91799552	24702983	32501760
50	R1	2026-08-14T00:23:13,378580885-0700	1786692193373659469	ServiceB	ServiceB	692	4576	4452	2176	11204	23135	382	796164	93056	91799552	24702983	32501760
50	R1	2026-08-14T00:23:13,378580885-0700	1786692193373659469	ServiceC	ServiceC	676	3944	8580	1540	14064	131654	965	796164	93056	91799552	24702983	32501760
51	R1	2026-08-14T00:23:14,871839135-0700	1786692194866765718	AppProcD	AppProcD	543	30004	38584	6600	75188	354300	582	797548	93056	91799552	24702983	32501760
51	R1	2026-08-14T00:23:14,871839135-0700	1786692194866765718	AppProcC	AppProcC	2671	15348	16576	4560	36484	101458	40	797548	93056	91799552	24702983	32501760
51	R1	2026-08-14T00:23:14,871839135-0700	1786692194866765718	AppProcB	AppProcB	945	10540	13152	5636	29328	116733	1955	797548	93056	91799552	24702983	32501760
51	R1	2026-08-14T00:23:14,871839135-0700	1786692194866765718	ServiceA	ServiceA	3953	3244	4152	2656	10052	353183	164	797548	93056	91799552	24702983	32501760
51	R1	2026-08-14T00:23:14,871839135-0700	1786692194866765718	ServiceD	ServiceD	953	9536	6732	3364	19632	78392	714	797548	93056	91799552	24702983	32501760
51	R1	2026-08-14T00:23:14,871839135-0700	1786692194866765718	ServiceE	ServiceE	545	8772	2120	7800	18692	28172	342	797548	93056	91799552	24702983	32501760
51	R1	2026-08-14T00:23:14,871839135-0700	1786692194866765718	ServiceL	ServiceL	579	6440	2196	1640	10276	26668	1167	797548	93056	91799552	24702983	32501760
51	R1	2026-08-14T00:23:14,871839135-0700	1786692194866765718	ServiceH[ServiceK]	ServiceH	3740	12452	25608	4324	42384	81320	103	797548	93056	91799552	24702983	32501760
51	R1	2026-08-14T00:23:14,871839135-0700	1786692194866765718	ServiceB	ServiceB	692	4576	4452	2176	11204	23135	382	797548	93056	91799552	24702983	32501760
51	R1	2026-08-14T00:23:14,871839135-0700	1786692194866765718	ServiceC	ServiceC	676	3944	8580	1540	14064	131654	965	797548	93056	91799552	24702983	32501760
52	R1	2026-08-14T00:23:16,365146635-0700	1786692196359241051	AppProcD	AppProcD	543	30004	38580	6600	75184	354326	582	799416	93056	91799552	24702983	32501760
52	R1	2026-08-14T00:23:16,365146635-0700	1786692196359241051	AppProcC	AppProcC	2671	15348	16576	4560	36484	101459	40	799416	93056	91799552	24702983	32501760
52	R1	2026-08-14T00:23:16,365146635-0700	1786692196359241051	AppProcB	AppProcB	945	10540	13152	5636	29328	116773	1955	799416	93056	91799552	24702983	32501760
52	R1	2026-08-14T00:23:16,365146635-0700	1786692196359241051	ServiceA	ServiceA	3953	2936	4136	2656	9728	353183	164	799416	93056	91799552	24702983	32501760
52	R1	2026-08-14T00:23:16,365146635-0700	1786692196359241051	ServiceD	ServiceD	953	9536	6732	3364	19632	78392	714	799416	93056	91799552	24702983	32501760
52	R1	2026-08-14T00:23:16,365146635-0700	1786692196359241051	ServiceE	ServiceE	545	8772	2120	7800	18692	28172	342	799416	93056	91799552	24702983	32501760
52	R1	2026-08-14T00:23:16,365146635-0700	1786692196359241051	ServiceL	ServiceL	579	6440	2196	1640	10276	26668	1167	799416	93056	91799552	24702983	32501760
52	R1	2026-08-14T00:23:16,365146635-0700	1786692196359241051	ServiceH[ServiceK]	ServiceH	3740	12452	25608	4324	42384	81320	103	799416	93056	91799552	24702983	32501760
52	R1	2026-08-14T00:23:16,365146635-0700	1786692196359241051	ServiceB	ServiceB	692	4576	4452	2176	11204	23135	382	799416	93056	91799552	24702983	32501760
52	R1	2026-08-14T00:23:16,365146635-0700	1786692196359241051	ServiceC	ServiceC	676	3944	8580	1540	14064	131654	965	799416	93056	91799552	24702983	32501760
53	R1	2026-08-14T00:23:17,778439134-0700	1786692197774115384	AppProcD	AppProcD	543	30004	38568	6600	75172	355413	582	799316	93056	91799552	24702983	32501760
53	R1	2026-08-14T00:23:17,778439134-0700	1786692197774115384	AppProcC	AppProcC	2671	15348	16576	4560	36484	101459	40	799316	93056	91799552	24702983	32501760
53	R1	2026-08-14T00:23:17,778439134-0700	1786692197774115384	AppProcB	AppProcB	945	10540	13152	5636	29328	116773	1955	799316	93056	91799552	24702983	32501760
53	R1	2026-08-14T00:23:17,778439134-0700	1786692197774115384	ServiceA	ServiceA	3953	2936	4136	2656	9728	353184	164	799316	93056	91799552	24702983	32501760
53	R1	2026-08-14T00:23:17,778439134-0700	1786692197774115384	ServiceD	ServiceD	953	9536	6732	3364	19632	78420	714	799316	93056	91799552	24702983	32501760
53	R1	2026-08-14T00:23:17,778439134-0700	1786692197774115384	ServiceE	ServiceE	545	8772	2120	7800	18692	28172	342	799316	93056	91799552	24702983	32501760
53	R1	2026-08-14T00:23:17,778439134-0700	1786692197774115384	ServiceL	ServiceL	579	6440	2196	1640	10276	26670	1167	799316	93056	91799552	24702983	32501760
53	R1	2026-08-14T00:23:17,778439134-0700	1786692197774115384	ServiceH[ServiceK]	ServiceH	3740	12452	25608	4324	42384	81363	103	799316	93056	91799552	24702983	32501760
53	R1	2026-08-14T00:23:17,778439134-0700	1786692197774115384	ServiceB	ServiceB	692	4576	4424	2176	11176	23150	383	799316	93056	91799552	24702983	32501760
53	R1	2026-08-14T00:23:17,778439134-0700	1786692197774115384	ServiceC	ServiceC	676	3944	8568	1540	14052	131982	970	799316	93056	91799552	24702983	32501760
54	R1	2026-08-14T00:23:20,836966467-0700	1786692200828655967	AppProcD	AppProcD	543	29996	38572	6600	75168	357602	582	784976	93056	91799552	24702983	32501760
54	R1	2026-08-14T00:23:20,836966467-0700	1786692200828655967	AppProcC	AppProcC	2671	15348	16576	4560	36484	101459	40	784976	93056	91799552	24702983	32501760
54	R1	2026-08-14T00:23:20,836966467-0700	1786692200828655967	AppProcB	AppProcB	945	10540	13152	5636	29328	116813	1955	784976	93056	91799552	24702983	32501760
54	R1	2026-08-14T00:23:20,836966467-0700	1786692200828655967	ServiceA	ServiceA	3953	2936	4136	2656	9728	353184	164	784976	93056	91799552	24702983	32501760
54	R1	2026-08-14T00:23:20,836966467-0700	1786692200828655967	ServiceD	ServiceD	953	9536	6732	3364	19632	78429	714	784976	93056	91799552	24702983	32501760
54	R1	2026-08-14T00:23:20,836966467-0700	1786692200828655967	ServiceE	ServiceE	545	8772	2120	7800	18692	28172	342	784976	93056	91799552	24702983	32501760
54	R1	2026-08-14T00:23:20,836966467-0700	1786692200828655967	ServiceL	ServiceL	579	6440	2196	1640	10276	26670	1167	784976	93056	91799552	24702983	32501760
54	R1	2026-08-14T00:23:20,836966467-0700	1786692200828655967	ServiceH[ServiceK]	ServiceH	3740	12452	25608	4324	42384	81363	103	784976	93056	91799552	24702983	32501760
54	R1	2026-08-14T00:23:20,836966467-0700	1786692200828655967	ServiceB	ServiceB	692	4576	4428	2176	11180	23155	383	784976	93056	91799552	24702983	32501760
54	R1	2026-08-14T00:23:20,836966467-0700	1786692200828655967	ServiceC	ServiceC	676	3944	8568	1540	14052	131982	970	784976	93056	91799552	24702983	32501760
55	R1	2026-08-14T00:23:22,802474133-0700	1786692202794616050	AppProcD	AppProcD	543	29472	39244	6600	75316	357930	582	808868	93056	91799552	24702983	32501760
55	R1	2026-08-14T00:23:22,802474133-0700	1786692202794616050	AppProcC	AppProcC	2671	15348	16576	4560	36484	101460	40	808868	93056	91799552	24702983	32501760
55	R1	2026-08-14T00:23:22,802474133-0700	1786692202794616050	AppProcB	AppProcB	945	10540	13156	5636	29332	116815	1955	808868	93056	91799552	24702983	32501760
55	R1	2026-08-14T00:23:22,802474133-0700	1786692202794616050	ServiceA	ServiceA	3953	2936	4136	2656	9728	353184	164	808868	93056	91799552	24702983	32501760
55	R1	2026-08-14T00:23:22,802474133-0700	1786692202794616050	ServiceD	ServiceD	953	9536	6732	3364	19632	78458	714	808868	93056	91799552	24702983	32501760
55	R1	2026-08-14T00:23:22,802474133-0700	1786692202794616050	ServiceE	ServiceE	545	8772	2120	7800	18692	28172	342	808868	93056	91799552	24702983	32501760
55	R1	2026-08-14T00:23:22,802474133-0700	1786692202794616050	ServiceL	ServiceL	579	6440	2196	1640	10276	26671	1167	808868	93056	91799552	24702983	32501760
55	R1	2026-08-14T00:23:22,802474133-0700	1786692202794616050	ServiceH[ServiceK]	ServiceH	3740	12452	25608	4324	42384	81364	103	808868	93056	91799552	24702983	32501760
55	R1	2026-08-14T00:23:22,802474133-0700	1786692202794616050	ServiceB	ServiceB	692	4576	4440	2176	11192	23199	383	808868	93056	91799552	24702983	32501760
55	R1	2026-08-14T00:23:22,802474133-0700	1786692202794616050	ServiceC	ServiceC	676	3944	8568	1540	14052	132027	970	808868	93056	91799552	24702983	32501760
56	R1	2026-08-14T00:23:24,581136383-0700	1786692204570983383	AppProcD	AppProcD	543	29472	39244	6600	75316	358538	582	807348	92516	91246592	24542242	32489472
56	R1	2026-08-14T00:23:24,581136383-0700	1786692204570983383	AppProcC	AppProcC	2671	15348	16576	4560	36484	101460	40	807348	92516	91246592	24542242	32489472
56	R1	2026-08-14T00:23:24,581136383-0700	1786692204570983383	AppProcB	AppProcB	945	10540	13156	5636	29332	116815	1955	807348	92516	91246592	24542242	32489472
56	R1	2026-08-14T00:23:24,581136383-0700	1786692204570983383	ServiceA	ServiceA	3953	2936	4136	2656	9728	353184	164	807348	92516	91246592	24542242	32489472
56	R1	2026-08-14T00:23:24,581136383-0700	1786692204570983383	ServiceD	ServiceD	953	9536	6732	3364	19632	78458	714	807348	92516	91246592	24542242	32489472
56	R1	2026-08-14T00:23:24,581136383-0700	1786692204570983383	ServiceE	ServiceE	545	8772	2120	7800	18692	28172	342	807348	92516	91246592	24542242	32489472
56	R1	2026-08-14T00:23:24,581136383-0700	1786692204570983383	ServiceL	ServiceL	579	6440	2196	1640	10276	26701	1167	807348	92516	91246592	24542242	32489472
56	R1	2026-08-14T00:23:24,581136383-0700	1786692204570983383	ServiceH[ServiceK]	ServiceH	3740	12452	25608	4324	42384	81406	103	807348	92516	91246592	24542242	32489472
56	R1	2026-08-14T00:23:24,581136383-0700	1786692204570983383	ServiceB	ServiceB	692	4576	4440	2176	11192	23199	383	807348	92516	91246592	24542242	32489472
56	R1	2026-08-14T00:23:24,581136383-0700	1786692204570983383	ServiceC	ServiceC	676	3944	8568	1540	14052	132027	970	807348	92516	91246592	24542242	32489472
57	R1	2026-08-14T00:23:26,576083799-0700	1786692206569504466	AppProcD	AppProcD	543	29472	39244	6600	75316	358605	582	803684	92516	91246592	24542242	32489472
57	R1	2026-08-14T00:23:26,576083799-0700	1786692206569504466	AppProcC	AppProcC	2671	15348	16576	4560	36484	101461	40	803684	92516	91246592	24542242	32489472
57	R1	2026-08-14T00:23:26,576083799-0700	1786692206569504466	AppProcB	AppProcB	945	10540	13156	5636	29332	116855	1955	803684	92516	91246592	24542242	32489472
57	R1	2026-08-14T00:23:26,576083799-0700	1786692206569504466	ServiceA	ServiceA	3953	2936	4136	2656	9728	353184	164	803684	92516	91246592	24542242	32489472
57	R1	2026-08-14T00:23:26,576083799-0700	1786692206569504466	ServiceD	ServiceD	953	9536	6732	3364	19632	78458	714	803684	92516	91246592	24542242	32489472
57	R1	2026-08-14T00:23:26,576083799-0700	1786692206569504466	ServiceE	ServiceE	545	8772	2120	7800	18692	28172	342	803684	92516	91246592	24542242	32489472
57	R1	2026-08-14T00:23:26,576083799-0700	1786692206569504466	ServiceL	ServiceL	579	6440	2196	1640	10276	26701	1167	803684	92516	91246592	24542242	32489472
57	R1	2026-08-14T00:23:26,576083799-0700	1786692206569504466	ServiceH[ServiceK]	ServiceH	3740	12452	25608	4324	42384	81406	103	803684	92516	91246592	24542242	32489472
57	R1	2026-08-14T00:23:26,576083799-0700	1786692206569504466	ServiceB	ServiceB	692	4576	4440	2176	11192	23199	383	803684	92516	91246592	24542242	32489472
57	R1	2026-08-14T00:23:26,576083799-0700	1786692206569504466	ServiceC	ServiceC	676	3944	8568	1540	14052	132027	970	803684	92516	91246592	24542242	32489472
58	R1	2026-08-14T00:23:28,042035132-0700	1786692208036537215	AppProcD	AppProcD	543	29472	39244	6600	75316	358672	582	804224	92516	91246592	24542242	32489472
58	R1	2026-08-14T00:23:28,042035132-0700	1786692208036537215	AppProcC	AppProcC	2671	15348	16576	4560	36484	101461	40	804224	92516	91246592	24542242	32489472
58	R1	2026-08-14T00:23:28,042035132-0700	1786692208036537215	AppProcB	AppProcB	945	10540	13156	5636	29332	116855	1955	804224	92516	91246592	24542242	32489472
58	R1	2026-08-14T00:23:28,042035132-0700	1786692208036537215	ServiceA	ServiceA	3953	2936	4136	2656	9728	353184	164	804224	92516	91246592	24542242	32489472
58	R1	2026-08-14T00:23:28,042035132-0700	1786692208036537215	ServiceD	ServiceD	953	9536	6732	3364	19632	78459	714	804224	92516	91246592	24542242	32489472
58	R1	2026-08-14T00:23:28,042035132-0700	1786692208036537215	ServiceE	ServiceE	545	8772	2120	7800	18692	28172	342	804224	92516	91246592	24542242	32489472
58	R1	2026-08-14T00:23:28,042035132-0700	1786692208036537215	ServiceL	ServiceL	579	6440	2196	1640	10276	26701	1167	804224	92516	91246592	24542242	32489472
58	R1	2026-08-14T00:23:28,042035132-0700	1786692208036537215	ServiceH[ServiceK]	ServiceH	3740	12452	25608	4324	42384	81406	103	804224	92516	91246592	24542242	32489472
58	R1	2026-08-14T00:23:28,042035132-0700	1786692208036537215	ServiceB	ServiceB	692	4576	4440	2176	11192	23199	383	804224	92516	91246592	24542242	32489472
58	R1	2026-08-14T00:23:28,042035132-0700	1786692208036537215	ServiceC	ServiceC	676	3944	8568	1540	14052	132027	970	804224	92516	91246592	24542242	32489472
59	R1	2026-08-14T00:23:29,404214298-0700	1786692209398283132	AppProcD	AppProcD	543	29472	39244	6600	75316	358672	582	804292	92516	91246592	24542242	32489472
59	R1	2026-08-14T00:23:29,404214298-0700	1786692209398283132	AppProcC	AppProcC	2671	15348	16576	4560	36484	101461	40	804292	92516	91246592	24542242	32489472
59	R1	2026-08-14T00:23:29,404214298-0700	1786692209398283132	AppProcB	AppProcB	945	10540	13156	5636	29332	116855	1955	804292	92516	91246592	24542242	32489472
59	R1	2026-08-14T00:23:29,404214298-0700	1786692209398283132	ServiceA	ServiceA	3953	2936	4136	2656	9728	353184	164	804292	92516	91246592	24542242	32489472
59	R1	2026-08-14T00:23:29,404214298-0700	1786692209398283132	ServiceD	ServiceD	953	9536	6732	3364	19632	78459	714	804292	92516	91246592	24542242	32489472
59	R1	2026-08-14T00:23:29,404214298-0700	1786692209398283132	ServiceE	ServiceE	545	8772	2120	7800	18692	28172	342	804292	92516	91246592	24542242	32489472
59	R1	2026-08-14T00:23:29,404214298-0700	1786692209398283132	ServiceL	ServiceL	579	6440	2196	1640	10276	26731	1167	804292	92516	91246592	24542242	32489472
59	R1	2026-08-14T00:23:29,404214298-0700	1786692209398283132	ServiceH[ServiceK]	ServiceH	3740	12452	25608	4324	42384	81448	103	804292	92516	91246592	24542242	32489472
59	R1	2026-08-14T00:23:29,404214298-0700	1786692209398283132	ServiceB	ServiceB	692	4576	4440	2176	11192	23199	383	804292	92516	91246592	24542242	32489472
59	R1	2026-08-14T00:23:29,404214298-0700	1786692209398283132	ServiceC	ServiceC	676	3944	8568	1540	14052	132027	970	804292	92516	91246592	24542242	32489472
60	R1	2026-08-14T00:23:30,757292215-0700	1786692210736956715	AppProcD	AppProcD	543	29472	39244	6600	75316	360243	582	802848	92516	91246592	24542242	32489472
60	R1	2026-08-14T00:23:30,757292215-0700	1786692210736956715	AppProcC	AppProcC	2671	15348	16576	4560	36484	101461	40	802848	92516	91246592	24542242	32489472
60	R1	2026-08-14T00:23:30,757292215-0700	1786692210736956715	AppProcB	AppProcB	945	10540	13156	5636	29332	116895	1955	802848	92516	91246592	24542242	32489472
60	R1	2026-08-14T00:23:30,757292215-0700	1786692210736956715	ServiceA	ServiceA	3953	2936	4136	2656	9728	353184	164	802848	92516	91246592	24542242	32489472
60	R1	2026-08-14T00:23:30,757292215-0700	1786692210736956715	ServiceD	ServiceD	953	9536	6732	3364	19632	78468	714	802848	92516	91246592	24542242	32489472
60	R1	2026-08-14T00:23:30,757292215-0700	1786692210736956715	ServiceE	ServiceE	545	8772	2120	7800	18692	28172	342	802848	92516	91246592	24542242	32489472
60	R1	2026-08-14T00:23:30,757292215-0700	1786692210736956715	ServiceL	ServiceL	579	6440	2196	1640	10276	26731	1167	802848	92516	91246592	24542242	32489472
60	R1	2026-08-14T00:23:30,757292215-0700	1786692210736956715	ServiceH[ServiceK]	ServiceH	3740	12452	25608	4324	42384	81448	103	802848	92516	91246592	24542242	32489472
60	R1	2026-08-14T00:23:30,757292215-0700	1786692210736956715	ServiceB	ServiceB	692	4576	4440	2176	11192	23199	383	802848	92516	91246592	24542242	32489472
60	R1	2026-08-14T00:23:30,757292215-0700	1786692210736956715	ServiceC	ServiceC	676	3944	8568	1540	14052	132027	970	802848	92516	91246592	24542242	32489472
61	R1	2026-08-14T00:23:32,219284798-0700	1786692212211454964	AppProcD	AppProcD	543	29472	39244	6600	75316	360268	582	805332	92516	91246592	24542242	32489472
61	R1	2026-08-14T00:23:32,219284798-0700	1786692212211454964	AppProcC	AppProcC	2671	15348	16576	4560	36484	101463	40	805332	92516	91246592	24542242	32489472
61	R1	2026-08-14T00:23:32,219284798-0700	1786692212211454964	AppProcB	AppProcB	945	10540	13156	5636	29332	116895	1955	805332	92516	91246592	24542242	32489472
61	R1	2026-08-14T00:23:32,219284798-0700	1786692212211454964	ServiceA	ServiceA	3953	2936	4136	2656	9728	353184	164	805332	92516	91246592	24542242	32489472
61	R1	2026-08-14T00:23:32,219284798-0700	1786692212211454964	ServiceD	ServiceD	953	9536	6732	3364	19632	78469	714	805332	92516	91246592	24542242	32489472
61	R1	2026-08-14T00:23:32,219284798-0700	1786692212211454964	ServiceE	ServiceE	545	8772	2120	7800	18692	28172	342	805332	92516	91246592	24542242	32489472
61	R1	2026-08-14T00:23:32,219284798-0700	1786692212211454964	ServiceL	ServiceL	579	6440	2196	1640	10276	26731	1167	805332	92516	91246592	24542242	32489472
61	R1	2026-08-14T00:23:32,219284798-0700	1786692212211454964	ServiceH[ServiceK]	ServiceH	3740	12452	25608	4324	42384	81448	103	805332	92516	91246592	24542242	32489472
61	R1	2026-08-14T00:23:32,219284798-0700	1786692212211454964	ServiceB	ServiceB	692	4576	4440	2176	11192	23199	383	805332	92516	91246592	24542242	32489472
61	R1	2026-08-14T00:23:32,219284798-0700	1786692212211454964	ServiceC	ServiceC	676	3944	8568	1540	14052	132027	970	805332	92516	91246592	24542242	32489472
62	R1	2026-08-14T00:23:33,561040964-0700	1786692213554565714	AppProcD	AppProcD	543	29468	39244	6600	75312	360269	582	806828	92516	91246592	24542242	32489472
62	R1	2026-08-14T00:23:33,561040964-0700	1786692213554565714	AppProcC	AppProcC	2671	15348	16576	4560	36484	101463	40	806828	92516	91246592	24542242	32489472
62	R1	2026-08-14T00:23:33,561040964-0700	1786692213554565714	AppProcB	AppProcB	945	10540	13156	5636	29332	116895	1955	806828	92516	91246592	24542242	32489472
62	R1	2026-08-14T00:23:33,561040964-0700	1786692213554565714	ServiceA	ServiceA	3953	2936	4136	2656	9728	353184	164	806828	92516	91246592	24542242	32489472
62	R1	2026-08-14T00:23:33,561040964-0700	1786692213554565714	ServiceD	ServiceD	953	9536	6732	3364	19632	78469	714	806828	92516	91246592	24542242	32489472
62	R1	2026-08-14T00:23:33,561040964-0700	1786692213554565714	ServiceE	ServiceE	545	8772	2120	7800	18692	28172	342	806828	92516	91246592	24542242	32489472
62	R1	2026-08-14T00:23:33,561040964-0700	1786692213554565714	ServiceL	ServiceL	579	6440	2196	1640	10276	26761	1167	806828	92516	91246592	24542242	32489472
62	R1	2026-08-14T00:23:33,561040964-0700	1786692213554565714	ServiceH[ServiceK]	ServiceH	3740	12452	25604	4324	42380	81448	103	806828	92516	91246592	24542242	32489472
62	R1	2026-08-14T00:23:33,561040964-0700	1786692213554565714	ServiceB	ServiceB	692	4576	4440	2176	11192	23199	383	806828	92516	91246592	24542242	32489472
62	R1	2026-08-14T00:23:33,561040964-0700	1786692213554565714	ServiceC	ServiceC	676	3944	8568	1540	14052	132027	970	806828	92516	91246592	24542242	32489472
63	R1	2026-08-14T00:23:34,927442297-0700	1786692214922815547	AppProcD	AppProcD	543	29468	39244	6600	75312	360269	582	806392	92516	91246592	24542242	32489472
63	R1	2026-08-14T00:23:34,927442297-0700	1786692214922815547	AppProcC	AppProcC	2671	15348	16576	4560	36484	101463	40	806392	92516	91246592	24542242	32489472
63	R1	2026-08-14T00:23:34,927442297-0700	1786692214922815547	AppProcB	AppProcB	945	10544	13156	5636	29336	116895	1955	806392	92516	91246592	24542242	32489472
63	R1	2026-08-14T00:23:34,927442297-0700	1786692214922815547	ServiceA	ServiceA	3953	2936	4136	2656	9728	353184	164	806392	92516	91246592	24542242	32489472
63	R1	2026-08-14T00:23:34,927442297-0700	1786692214922815547	ServiceD	ServiceD	953	9536	6732	3364	19632	78469	714	806392	92516	91246592	24542242	32489472
63	R1	2026-08-14T00:23:34,927442297-0700	1786692214922815547	ServiceE	ServiceE	545	8772	2120	7800	18692	28172	342	806392	92516	91246592	24542242	32489472
63	R1	2026-08-14T00:23:34,927442297-0700	1786692214922815547	ServiceL	ServiceL	579	6440	2196	1640	10276	26761	1167	806392	92516	91246592	24542242	32489472
63	R1	2026-08-14T00:23:34,927442297-0700	1786692214922815547	ServiceH[ServiceK]	ServiceH	3740	12448	25604	4324	42376	81488	103	806392	92516	91246592	24542242	32489472
63	R1	2026-08-14T00:23:34,927442297-0700	1786692214922815547	ServiceB	ServiceB	692	4576	4440	2176	11192	23199	383	806392	92516	91246592	24542242	32489472
63	R1	2026-08-14T00:23:34,927442297-0700	1786692214922815547	ServiceC	ServiceC	676	3944	8568	1540	14052	132027	970	806392	92516	91246592	24542242	32489472
64	R1	2026-08-14T00:23:36,327462130-0700	1786692216319465963	AppProcD	AppProcD	543	29468	39248	6600	75316	360269	582	807888	92516	91246592	24542242	32489472
64	R1	2026-08-14T00:23:36,327462130-0700	1786692216319465963	AppProcC	AppProcC	2671	15348	16576	4560	36484	101464	40	807888	92516	91246592	24542242	32489472
64	R1	2026-08-14T00:23:36,327462130-0700	1786692216319465963	AppProcB	AppProcB	945	10540	13156	5636	29332	116935	1955	807888	92516	91246592	24542242	32489472
64	R1	2026-08-14T00:23:36,327462130-0700	1786692216319465963	ServiceA	ServiceA	3953	2936	4136	2656	9728	353184	164	807888	92516	91246592	24542242	32489472
64	R1	2026-08-14T00:23:36,327462130-0700	1786692216319465963	ServiceD	ServiceD	953	9536	6732	3364	19632	78469	714	807888	92516	91246592	24542242	32489472
64	R1	2026-08-14T00:23:36,327462130-0700	1786692216319465963	ServiceE	ServiceE	545	8772	2120	7800	18692	28172	342	807888	92516	91246592	24542242	32489472
64	R1	2026-08-14T00:23:36,327462130-0700	1786692216319465963	ServiceL	ServiceL	579	6440	2196	1640	10276	26761	1167	807888	92516	91246592	24542242	32489472
64	R1	2026-08-14T00:23:36,327462130-0700	1786692216319465963	ServiceH[ServiceK]	ServiceH	3740	12448	25604	4324	42376	81488	103	807888	92516	91246592	24542242	32489472
64	R1	2026-08-14T00:23:36,327462130-0700	1786692216319465963	ServiceB	ServiceB	692	4576	4440	2176	11192	23199	383	807888	92516	91246592	24542242	32489472
64	R1	2026-08-14T00:23:36,327462130-0700	1786692216319465963	ServiceC	ServiceC	676	3944	8568	1540	14052	132027	970	807888	92516	91246592	24542242	32489472
65	R1	2026-08-14T00:23:37,680594880-0700	1786692217673681380	AppProcD	AppProcD	543	29468	39248	6600	75316	360272	582	805652	92516	91246592	24542242	32489472
65	R1	2026-08-14T00:23:37,680594880-0700	1786692217673681380	AppProcC	AppProcC	2671	15348	16576	4560	36484	101464	40	805652	92516	91246592	24542242	32489472
65	R1	2026-08-14T00:23:37,680594880-0700	1786692217673681380	AppProcB	AppProcB	945	10540	13156	5636	29332	116935	1955	805652	92516	91246592	24542242	32489472
65	R1	2026-08-14T00:23:37,680594880-0700	1786692217673681380	ServiceA	ServiceA	3953	2936	4136	2656	9728	353184	164	805652	92516	91246592	24542242	32489472
65	R1	2026-08-14T00:23:37,680594880-0700	1786692217673681380	ServiceD	ServiceD	953	9536	6732	3364	19632	78470	714	805652	92516	91246592	24542242	32489472
65	R1	2026-08-14T00:23:37,680594880-0700	1786692217673681380	ServiceE	ServiceE	545	8772	2120	7800	18692	28172	342	805652	92516	91246592	24542242	32489472
65	R1	2026-08-14T00:23:37,680594880-0700	1786692217673681380	ServiceL	ServiceL	579	6440	2196	1640	10276	26761	1167	805652	92516	91246592	24542242	32489472
65	R1	2026-08-14T00:23:37,680594880-0700	1786692217673681380	ServiceH[ServiceK]	ServiceH	3740	12448	25604	4324	42376	81488	103	805652	92516	91246592	24542242	32489472
65	R1	2026-08-14T00:23:37,680594880-0700	1786692217673681380	ServiceB	ServiceB	692	4576	4440	2176	11192	23199	383	805652	92516	91246592	24542242	32489472
65	R1	2026-08-14T00:23:37,680594880-0700	1786692217673681380	ServiceC	ServiceC	676	3944	8568	1540	14052	132027	970	805652	92516	91246592	24542242	32489472
66	R1	2026-08-14T00:23:39,093618713-0700	1786692219089098879	AppProcD	AppProcD	543	29468	39248	6600	75316	360272	582	804220	92516	91246592	24542242	32489472
66	R1	2026-08-14T00:23:39,093618713-0700	1786692219089098879	AppProcC	AppProcC	2671	15348	16576	4560	36484	101464	40	804220	92516	91246592	24542242	32489472
66	R1	2026-08-14T00:23:39,093618713-0700	1786692219089098879	AppProcB	AppProcB	945	10540	13156	5636	29332	116935	1955	804220	92516	91246592	24542242	32489472
66	R1	2026-08-14T00:23:39,093618713-0700	1786692219089098879	ServiceA	ServiceA	3953	2936	4136	2656	9728	353184	164	804220	92516	91246592	24542242	32489472
66	R1	2026-08-14T00:23:39,093618713-0700	1786692219089098879	ServiceD	ServiceD	953	9536	6732	3364	19632	78470	714	804220	92516	91246592	24542242	32489472
66	R1	2026-08-14T00:23:39,093618713-0700	1786692219089098879	ServiceE	ServiceE	545	8772	2120	7800	18692	28172	342	804220	92516	91246592	24542242	32489472
66	R1	2026-08-14T00:23:39,093618713-0700	1786692219089098879	ServiceL	ServiceL	579	6440	2196	1640	10276	26791	1167	804220	92516	91246592	24542242	32489472
66	R1	2026-08-14T00:23:39,093618713-0700	1786692219089098879	ServiceH[ServiceK]	ServiceH	3740	12448	25604	4324	42376	81488	103	804220	92516	91246592	24542242	32489472
66	R1	2026-08-14T00:23:39,093618713-0700	1786692219089098879	ServiceB	ServiceB	692	4576	4440	2176	11192	23199	383	804220	92516	91246592	24542242	32489472
66	R1	2026-08-14T00:23:39,093618713-0700	1786692219089098879	ServiceC	ServiceC	676	3944	8568	1540	14052	132027	970	804220	92516	91246592	24542242	32489472
67	R1	2026-08-14T00:23:40,416803546-0700	1786692220410669962	AppProcD	AppProcD	543	29472	39244	6600	75316	360272	582	804080	92516	91246592	24542242	32489472
67	R1	2026-08-14T00:23:40,416803546-0700	1786692220410669962	AppProcC	AppProcC	2671	15348	16576	4560	36484	101464	40	804080	92516	91246592	24542242	32489472
67	R1	2026-08-14T00:23:40,416803546-0700	1786692220410669962	AppProcB	AppProcB	945	10540	13156	5636	29332	116935	1955	804080	92516	91246592	24542242	32489472
67	R1	2026-08-14T00:23:40,416803546-0700	1786692220410669962	ServiceA	ServiceA	3953	2936	4136	2656	9728	353184	164	804080	92516	91246592	24542242	32489472
67	R1	2026-08-14T00:23:40,416803546-0700	1786692220410669962	ServiceD	ServiceD	953	9536	6732	3364	19632	78470	714	804080	92516	91246592	24542242	32489472
67	R1	2026-08-14T00:23:40,416803546-0700	1786692220410669962	ServiceE	ServiceE	545	8772	2120	7800	18692	28172	342	804080	92516	91246592	24542242	32489472
67	R1	2026-08-14T00:23:40,416803546-0700	1786692220410669962	ServiceL	ServiceL	579	6440	2196	1640	10276	26791	1167	804080	92516	91246592	24542242	32489472
67	R1	2026-08-14T00:23:40,416803546-0700	1786692220410669962	ServiceH[ServiceK]	ServiceH	3740	12448	25604	4324	42376	81528	103	804080	92516	91246592	24542242	32489472
67	R1	2026-08-14T00:23:40,416803546-0700	1786692220410669962	ServiceB	ServiceB	692	4576	4440	2176	11192	23199	383	804080	92516	91246592	24542242	32489472
67	R1	2026-08-14T00:23:40,416803546-0700	1786692220410669962	ServiceC	ServiceC	676	3944	8568	1540	14052	132027	970	804080	92516	91246592	24542242	32489472
68	R1	2026-08-14T00:23:41,840013962-0700	1786692221835203962	AppProcD	AppProcD	543	29448	39244	6600	75292	361786	582	798480	92516	91246592	24542242	32489472
68	R1	2026-08-14T00:23:41,840013962-0700	1786692221835203962	AppProcC	AppProcC	2671	15348	16576	4560	36484	101465	40	798480	92516	91246592	24542242	32489472
68	R1	2026-08-14T00:23:41,840013962-0700	1786692221835203962	AppProcB	AppProcB	945	10540	13156	5636	29332	116975	1955	798480	92516	91246592	24542242	32489472
68	R1	2026-08-14T00:23:41,840013962-0700	1786692221835203962	ServiceA	ServiceA	3953	2936	4136	2656	9728	353184	164	798480	92516	91246592	24542242	32489472
68	R1	2026-08-14T00:23:41,840013962-0700	1786692221835203962	ServiceD	ServiceD	953	9536	6732	3364	19632	78479	714	798480	92516	91246592	24542242	32489472
68	R1	2026-08-14T00:23:41,840013962-0700	1786692221835203962	ServiceE	ServiceE	545	8772	2120	7800	18692	28172	342	798480	92516	91246592	24542242	32489472
68	R1	2026-08-14T00:23:41,840013962-0700	1786692221835203962	ServiceL	ServiceL	579	6440	2196	1640	10276	26791	1167	798480	92516	91246592	24542242	32489472
68	R1	2026-08-14T00:23:41,840013962-0700	1786692221835203962	ServiceH[ServiceK]	ServiceH	3740	12448	25604	4324	42376	81528	103	798480	92516	91246592	24542242	32489472
68	R1	2026-08-14T00:23:41,840013962-0700	1786692221835203962	ServiceB	ServiceB	692	4576	4440	2176	11192	23199	383	798480	92516	91246592	24542242	32489472
68	R1	2026-08-14T00:23:41,840013962-0700	1786692221835203962	ServiceC	ServiceC	676	3944	8568	1540	14052	132027	970	798480	92516	91246592	24542242	32489472
69	R1	2026-08-14T00:23:43,172241045-0700	1786692223162115712	AppProcD	AppProcD	543	29448	39244	6600	75292	361787	582	798848	92516	91246592	24542242	32489472
69	R1	2026-08-14T00:23:43,172241045-0700	1786692223162115712	AppProcC	AppProcC	2671	15348	16576	4560	36484	101465	40	798848	92516	91246592	24542242	32489472
69	R1	2026-08-14T00:23:43,172241045-0700	1786692223162115712	AppProcB	AppProcB	945	10540	13156	5636	29332	116975	1955	798848	92516	91246592	24542242	32489472
69	R1	2026-08-14T00:23:43,172241045-0700	1786692223162115712	ServiceA	ServiceA	3953	2936	4136	2656	9728	353184	164	798848	92516	91246592	24542242	32489472
69	R1	2026-08-14T00:23:43,172241045-0700	1786692223162115712	ServiceD	ServiceD	953	9536	6732	3364	19632	78480	714	798848	92516	91246592	24542242	32489472
69	R1	2026-08-14T00:23:43,172241045-0700	1786692223162115712	ServiceE	ServiceE	545	8772	2120	7800	18692	28172	342	798848	92516	91246592	24542242	32489472
69	R1	2026-08-14T00:23:43,172241045-0700	1786692223162115712	ServiceL	ServiceL	579	6440	2196	1640	10276	26821	1167	798848	92516	91246592	24542242	32489472
69	R1	2026-08-14T00:23:43,172241045-0700	1786692223162115712	ServiceH[ServiceK]	ServiceH	3740	12448	25604	4324	42376	81528	103	798848	92516	91246592	24542242	32489472
69	R1	2026-08-14T00:23:43,172241045-0700	1786692223162115712	ServiceB	ServiceB	692	4576	4440	2176	11192	23199	383	798848	92516	91246592	24542242	32489472
69	R1	2026-08-14T00:23:43,172241045-0700	1786692223162115712	ServiceC	ServiceC	676	3944	8568	1540	14052	132027	970	798848	92516	91246592	24542242	32489472
70	R1	2026-08-14T00:23:44,528359628-0700	1786692224523685295	AppProcD	AppProcD	543	29448	39244	6600	75292	361787	582	799100	92516	91246592	24542242	32489472
70	R1	2026-08-14T00:23:44,528359628-0700	1786692224523685295	AppProcC	AppProcC	2671	15348	16576	4560	36484	101465	40	799100	92516	91246592	24542242	32489472
70	R1	2026-08-14T00:23:44,528359628-0700	1786692224523685295	AppProcB	AppProcB	945	10540	13156	5636	29332	116975	1955	799100	92516	91246592	24542242	32489472
70	R1	2026-08-14T00:23:44,528359628-0700	1786692224523685295	ServiceA	ServiceA	3953	2936	4136	2656	9728	353184	164	799100	92516	91246592	24542242	32489472
70	R1	2026-08-14T00:23:44,528359628-0700	1786692224523685295	ServiceD	ServiceD	953	9536	6732	3364	19632	78480	714	799100	92516	91246592	24542242	32489472
70	R1	2026-08-14T00:23:44,528359628-0700	1786692224523685295	ServiceE	ServiceE	545	8772	2120	7800	18692	28172	342	799100	92516	91246592	24542242	32489472
70	R1	2026-08-14T00:23:44,528359628-0700	1786692224523685295	ServiceL	ServiceL	579	6440	2196	1640	10276	26821	1167	799100	92516	91246592	24542242	32489472
70	R1	2026-08-14T00:23:44,528359628-0700	1786692224523685295	ServiceH[ServiceK]	ServiceH	3740	12448	25604	4324	42376	81568	103	799100	92516	91246592	24542242	32489472
70	R1	2026-08-14T00:23:44,528359628-0700	1786692224523685295	ServiceB	ServiceB	692	4576	4440	2176	11192	23199	383	799100	92516	91246592	24542242	32489472
70	R1	2026-08-14T00:23:44,528359628-0700	1786692224523685295	ServiceC	ServiceC	676	3944	8568	1540	14052	132027	970	799100	92516	91246592	24542242	32489472
71	R1	2026-08-14T00:23:45,936484378-0700	1786692225930956128	AppProcD	AppProcD	543	29448	39244	6600	75292	361787	582	797580	92516	91246592	24542242	32489472
71	R1	2026-08-14T00:23:45,936484378-0700	1786692225930956128	AppProcC	AppProcC	2671	15348	16576	4560	36484	101465	40	797580	92516	91246592	24542242	32489472
71	R1	2026-08-14T00:23:45,936484378-0700	1786692225930956128	AppProcB	AppProcB	945	10540	13156	5636	29332	117015	1955	797580	92516	91246592	24542242	32489472
71	R1	2026-08-14T00:23:45,936484378-0700	1786692225930956128	ServiceA	ServiceA	3953	2936	4136	2656	9728	353184	164	797580	92516	91246592	24542242	32489472
71	R1	2026-08-14T00:23:45,936484378-0700	1786692225930956128	ServiceD	ServiceD	953	9536	6732	3364	19632	78480	714	797580	92516	91246592	24542242	32489472
71	R1	2026-08-14T00:23:45,936484378-0700	1786692225930956128	ServiceE	ServiceE	545	8772	2120	7800	18692	28172	342	797580	92516	91246592	24542242	32489472
71	R1	2026-08-14T00:23:45,936484378-0700	1786692225930956128	ServiceL	ServiceL	579	6440	2196	1640	10276	26821	1167	797580	92516	91246592	24542242	32489472
71	R1	2026-08-14T00:23:45,936484378-0700	1786692225930956128	ServiceH[ServiceK]	ServiceH	3740	12448	25604	4324	42376	81568	103	797580	92516	91246592	24542242	32489472
71	R1	2026-08-14T00:23:45,936484378-0700	1786692225930956128	ServiceB	ServiceB	692	4576	4440	2176	11192	23199	383	797580	92516	91246592	24542242	32489472
71	R1	2026-08-14T00:23:45,936484378-0700	1786692225930956128	ServiceC	ServiceC	676	3944	8568	1540	14052	132027	970	797580	92516	91246592	24542242	32489472
72	R1	2026-08-14T00:23:47,224435127-0700	1786692227218855044	AppProcD	AppProcD	543	29448	39244	6600	75292	361787	582	797020	92516	91246592	24542242	32489472
72	R1	2026-08-14T00:23:47,224435127-0700	1786692227218855044	AppProcC	AppProcC	2671	15348	16576	4560	36484	101466	40	797020	92516	91246592	24542242	32489472
72	R1	2026-08-14T00:23:47,224435127-0700	1786692227218855044	AppProcB	AppProcB	945	10540	13156	5636	29332	117015	1955	797020	92516	91246592	24542242	32489472
72	R1	2026-08-14T00:23:47,224435127-0700	1786692227218855044	ServiceA	ServiceA	3953	2936	4136	2656	9728	353184	164	797020	92516	91246592	24542242	32489472
72	R1	2026-08-14T00:23:47,224435127-0700	1786692227218855044	ServiceD	ServiceD	953	9536	6732	3364	19632	78481	714	797020	92516	91246592	24542242	32489472
72	R1	2026-08-14T00:23:47,224435127-0700	1786692227218855044	ServiceE	ServiceE	545	8772	2120	7800	18692	28172	342	797020	92516	91246592	24542242	32489472
72	R1	2026-08-14T00:23:47,224435127-0700	1786692227218855044	ServiceL	ServiceL	579	6440	2196	1640	10276	26821	1167	797020	92516	91246592	24542242	32489472
72	R1	2026-08-14T00:23:47,224435127-0700	1786692227218855044	ServiceH[ServiceK]	ServiceH	3740	12448	25604	4324	42376	81568	103	797020	92516	91246592	24542242	32489472
72	R1	2026-08-14T00:23:47,224435127-0700	1786692227218855044	ServiceB	ServiceB	692	4576	4440	2176	11192	23199	383	797020	92516	91246592	24542242	32489472
72	R1	2026-08-14T00:23:47,224435127-0700	1786692227218855044	ServiceC	ServiceC	676	3944	8568	1540	14052	132027	970	797020	92516	91246592	24542242	32489472
73	R1	2026-08-14T00:23:48,785732794-0700	1786692228776652460	AppProcD	AppProcD	543	29448	39244	6600	75292	361788	582	797244	92516	91246592	24542242	32489472
73	R1	2026-08-14T00:23:48,785732794-0700	1786692228776652460	AppProcC	AppProcC	2671	15348	16576	4560	36484	101466	40	797244	92516	91246592	24542242	32489472
73	R1	2026-08-14T00:23:48,785732794-0700	1786692228776652460	AppProcB	AppProcB	945	10540	13156	5636	29332	117015	1955	797244	92516	91246592	24542242	32489472
73	R1	2026-08-14T00:23:48,785732794-0700	1786692228776652460	ServiceA	ServiceA	3953	2936	4136	2656	9728	353184	164	797244	92516	91246592	24542242	32489472
73	R1	2026-08-14T00:23:48,785732794-0700	1786692228776652460	ServiceD	ServiceD	953	9536	6732	3364	19632	78481	714	797244	92516	91246592	24542242	32489472
73	R1	2026-08-14T00:23:48,785732794-0700	1786692228776652460	ServiceE	ServiceE	545	8772	2120	7800	18692	28172	342	797244	92516	91246592	24542242	32489472
73	R1	2026-08-14T00:23:48,785732794-0700	1786692228776652460	ServiceL	ServiceL	579	6440	2196	1640	10276	26851	1167	797244	92516	91246592	24542242	32489472
73	R1	2026-08-14T00:23:48,785732794-0700	1786692228776652460	ServiceH[ServiceK]	ServiceH	3740	12448	25604	4324	42376	81568	103	797244	92516	91246592	24542242	32489472
73	R1	2026-08-14T00:23:48,785732794-0700	1786692228776652460	ServiceB	ServiceB	692	4576	4440	2176	11192	23199	383	797244	92516	91246592	24542242	32489472
73	R1	2026-08-14T00:23:48,785732794-0700	1786692228776652460	ServiceC	ServiceC	676	3944	8568	1540	14052	132027	970	797244	92516	91246592	24542242	32489472
74	R1	2026-08-14T00:23:50,784236043-0700	1786692230772332626	AppProcD	AppProcD	543	29444	39244	6600	75288	362709	582	796500	92516	91246592	24542242	32489472
74	R1	2026-08-14T00:23:50,784236043-0700	1786692230772332626	AppProcC	AppProcC	2671	15348	16576	4560	36484	101466	40	796500	92516	91246592	24542242	32489472
74	R1	2026-08-14T00:23:50,784236043-0700	1786692230772332626	AppProcB	AppProcB	945	10540	13156	5636	29332	117055	1955	796500	92516	91246592	24542242	32489472
74	R1	2026-08-14T00:23:50,784236043-0700	1786692230772332626	ServiceA	ServiceA	3953	2936	4136	2656	9728	353184	164	796500	92516	91246592	24542242	32489472
74	R1	2026-08-14T00:23:50,784236043-0700	1786692230772332626	ServiceD	ServiceD	953	9536	6732	3364	19632	78490	714	796500	92516	91246592	24542242	32489472
74	R1	2026-08-14T00:23:50,784236043-0700	1786692230772332626	ServiceE	ServiceE	545	8772	2120	7800	18692	28172	342	796500	92516	91246592	24542242	32489472
74	R1	2026-08-14T00:23:50,784236043-0700	1786692230772332626	ServiceL	ServiceL	579	6440	2196	1640	10276	26851	1167	796500	92516	91246592	24542242	32489472
74	R1	2026-08-14T00:23:50,784236043-0700	1786692230772332626	ServiceH[ServiceK]	ServiceH	3740	12448	25604	4324	42376	81608	103	796500	92516	91246592	24542242	32489472
74	R1	2026-08-14T00:23:50,784236043-0700	1786692230772332626	ServiceB	ServiceB	692	4576	4440	2176	11192	23199	383	796500	92516	91246592	24542242	32489472
74	R1	2026-08-14T00:23:50,784236043-0700	1786692230772332626	ServiceC	ServiceC	676	3944	8568	1540	14052	132027	970	796500	92516	91246592	24542242	32489472
75	R2	2026-08-14T00:23:52,777965126-0700	1786692232771391959	AppProcD	AppProcD	543	29452	39244	6380	75076	363193	582	796616	92516	91246592	24542242	32489472
75	R2	2026-08-14T00:23:52,777965126-0700	1786692232771391959	AppProcC	AppProcC	2671	15348	16576	4560	36484	101467	40	796616	92516	91246592	24542242	32489472
75	R2	2026-08-14T00:23:52,777965126-0700	1786692232771391959	AppProcB	AppProcB	945	10540	13156	5636	29332	117055	1955	796616	92516	91246592	24542242	32489472
75	R2	2026-08-14T00:23:52,777965126-0700	1786692232771391959	ServiceA	ServiceA	3953	3128	4140	2656	9924	353184	164	796616	92516	91246592	24542242	32489472
75	R2	2026-08-14T00:23:52,777965126-0700	1786692232771391959	ServiceD	ServiceD	953	9536	6732	3364	19632	78589	714	796616	92516	91246592	24542242	32489472
75	R2	2026-08-14T00:23:52,777965126-0700	1786692232771391959	ServiceE	ServiceE	545	8772	2120	7800	18692	28172	342	796616	92516	91246592	24542242	32489472
75	R2	2026-08-14T00:23:52,777965126-0700	1786692232771391959	ServiceL	ServiceL	579	6436	2200	1640	10276	26905	1167	796616	92516	91246592	24542242	32489472
75	R2	2026-08-14T00:23:52,777965126-0700	1786692232771391959	ServiceH[ServiceK]	ServiceH	3740	12980	25804	4324	43108	81807	103	796616	92516	91246592	24542242	32489472
75	R2	2026-08-14T00:23:52,777965126-0700	1786692232771391959	ServiceB	ServiceB	692	4488	4392	2176	11056	23217	383	796616	92516	91246592	24542242	32489472
75	R2	2026-08-14T00:23:52,777965126-0700	1786692232771391959	ServiceC	ServiceC	676	3956	8588	1540	14084	133129	970	796616	92516	91246592	24542242	32489472
76	R2	2026-08-14T00:23:57,736163041-0700	1786692237696526541	AppProcD	AppProcD	543	29440	40048	6600	76088	365669	582	783380	92516	91246592	24542242	32489472
76	R2	2026-08-14T00:23:57,736163041-0700	1786692237696526541	AppProcC	AppProcC	2671	15348	16576	4560	36484	101470	40	783380	92516	91246592	24542242	32489472
76	R2	2026-08-14T00:23:57,736163041-0700	1786692237696526541	AppProcB	AppProcB	945	10540	13156	5636	29332	117169	1955	783380	92516	91246592	24542242	32489472
76	R2	2026-08-14T00:23:57,736163041-0700	1786692237696526541	ServiceA	ServiceA	3953	2940	4264	2656	9860	363726	166	783380	92516	91246592	24542242	32489472
76	R2	2026-08-14T00:23:57,736163041-0700	1786692237696526541	ServiceD	ServiceD	953	9556	6736	3364	19656	78950	718	783380	92516	91246592	24542242	32489472
76	R2	2026-08-14T00:23:57,736163041-0700	1786692237696526541	ServiceE	ServiceE	545	8772	2120	7800	18692	28172	342	783380	92516	91246592	24542242	32489472
76	R2	2026-08-14T00:23:57,736163041-0700	1786692237696526541	ServiceL	ServiceL	579	6452	2196	1640	10288	27510	1167	783380	92516	91246592	24542242	32489472
76	R2	2026-08-14T00:23:57,736163041-0700	1786692237696526541	ServiceH[ServiceK]	ServiceH	3740	12980	25808	4324	43112	83265	103	783380	92516	91246592	24542242	32489472
76	R2	2026-08-14T00:23:57,736163041-0700	1786692237696526541	ServiceB	ServiceB	692	4656	4448	2176	11280	23830	383	783380	92516	91246592	24542242	32489472
76	R2	2026-08-14T00:23:57,736163041-0700	1786692237696526541	ServiceC	ServiceC	676	3948	8564	1540	14052	142968	970	783380	92516	91246592	24542242	32489472
77	R2	2026-08-14T00:24:04,595802873-0700	1786692244582491706	AppProcD	AppProcD	543	29440	39960	6600	76000	372583	582	792932	92516	91299840	24553266	32489472
77	R2	2026-08-14T00:24:04,595802873-0700	1786692244582491706	AppProcC	AppProcC	2671	15348	16576	4560	36484	101470	40	792932	92516	91299840	24553266	32489472
77	R2	2026-08-14T00:24:04,595802873-0700	1786692244582491706	AppProcB	AppProcB	945	10540	13156	5636	29332	117174	1955	792932	92516	91299840	24553266	32489472
77	R2	2026-08-14T00:24:04,595802873-0700	1786692244582491706	ServiceA	ServiceA	3953	2940	4264	2656	9860	363726	166	792932	92516	91299840	24553266	32489472
77	R2	2026-08-14T00:24:04,595802873-0700	1786692244582491706	ServiceD	ServiceD	953	9560	6736	3364	19660	79431	719	792932	92516	91299840	24553266	32489472
77	R2	2026-08-14T00:24:04,595802873-0700	1786692244582491706	ServiceE	ServiceE	545	8772	2120	7800	18692	28172	342	792932	92516	91299840	24553266	32489472
77	R2	2026-08-14T00:24:04,595802873-0700	1786692244582491706	ServiceL	ServiceL	579	6436	2196	1640	10272	27546	1167	792932	92516	91299840	24553266	32489472
77	R2	2026-08-14T00:24:04,595802873-0700	1786692244582491706	ServiceH[ServiceK]	ServiceH	3740	12980	25640	4324	42944	83307	103	792932	92516	91299840	24553266	32489472
77	R2	2026-08-14T00:24:04,595802873-0700	1786692244582491706	ServiceB	ServiceB	692	4928	4472	2176	11576	24218	383	792932	92516	91299840	24553266	32489472
77	R2	2026-08-14T00:24:04,595802873-0700	1786692244582491706	ServiceC	ServiceC	676	3948	8564	1540	14052	145483	970	792932	92516	91299840	24553266	32489472
78	R2	2026-08-14T00:24:08,668382122-0700	1786692248657080622	AppProcD	AppProcD	543	29412	39960	6600	75972	372634	582	793052	92516	91299840	24553266	32489472
78	R2	2026-08-14T00:24:08,668382122-0700	1786692248657080622	AppProcC	AppProcC	2671	15348	16576	4560	36484	101471	40	793052	92516	91299840	24553266	32489472
78	R2	2026-08-14T00:24:08,668382122-0700	1786692248657080622	AppProcB	AppProcB	945	10540	13156	5636	29332	117214	1955	793052	92516	91299840	24553266	32489472
78	R2	2026-08-14T00:24:08,668382122-0700	1786692248657080622	ServiceA	ServiceA	3953	2940	4264	2656	9860	363726	166	793052	92516	91299840	24553266	32489472
78	R2	2026-08-14T00:24:08,668382122-0700	1786692248657080622	ServiceD	ServiceD	953	9560	6736	3364	19660	79504	719	793052	92516	91299840	24553266	32489472
78	R2	2026-08-14T00:24:08,668382122-0700	1786692248657080622	ServiceE	ServiceE	545	8772	2120	7800	18692	28172	342	793052	92516	91299840	24553266	32489472
78	R2	2026-08-14T00:24:08,668382122-0700	1786692248657080622	ServiceL	ServiceL	579	6436	2196	1640	10272	27576	1167	793052	92516	91299840	24553266	32489472
78	R2	2026-08-14T00:24:08,668382122-0700	1786692248657080622	ServiceH[ServiceK]	ServiceH	3740	13020	25432	4324	42776	83367	103	793052	92516	91299840	24553266	32489472
78	R2	2026-08-14T00:24:08,668382122-0700	1786692248657080622	ServiceB	ServiceB	692	4928	4460	2176	11564	24308	383	793052	92516	91299840	24553266	32489472
78	R2	2026-08-14T00:24:08,668382122-0700	1786692248657080622	ServiceC	ServiceC	676	3948	8564	1540	14052	149767	970	793052	92516	91299840	24553266	32489472
79	R2	2026-08-14T00:24:12,670529371-0700	1786692252657675288	AppProcD	AppProcD	543	29416	40192	6600	76208	374764	582	794532	92516	91299840	24553266	32489472
79	R2	2026-08-14T00:24:12,670529371-0700	1786692252657675288	AppProcC	AppProcC	2671	15348	16576	4560	36484	101472	40	794532	92516	91299840	24553266	32489472
79	R2	2026-08-14T00:24:12,670529371-0700	1786692252657675288	AppProcB	AppProcB	945	10540	13156	5636	29332	117254	1955	794532	92516	91299840	24553266	32489472
79	R2	2026-08-14T00:24:12,670529371-0700	1786692252657675288	ServiceA	ServiceA	3953	2940	4264	2656	9860	363726	166	794532	92516	91299840	24553266	32489472
79	R2	2026-08-14T00:24:12,670529371-0700	1786692252657675288	ServiceD	ServiceD	953	9560	6736	3364	19660	79544	719	794532	92516	91299840	24553266	32489472
79	R2	2026-08-14T00:24:12,670529371-0700	1786692252657675288	ServiceE	ServiceE	545	8772	2120	7800	18692	28172	342	794532	92516	91299840	24553266	32489472
79	R2	2026-08-14T00:24:12,670529371-0700	1786692252657675288	ServiceL	ServiceL	579	6436	2196	1640	10272	27576	1167	794532	92516	91299840	24553266	32489472
79	R2	2026-08-14T00:24:12,670529371-0700	1786692252657675288	ServiceH[ServiceK]	ServiceH	3740	12228	25652	4324	42204	85698	103	794532	92516	91299840	24553266	32489472
79	R2	2026-08-14T00:24:12,670529371-0700	1786692252657675288	ServiceB	ServiceB	692	4928	4456	2176	11560	24448	383	794532	92516	91299840	24553266	32489472
79	R2	2026-08-14T00:24:12,670529371-0700	1786692252657675288	ServiceC	ServiceC	676	3948	8564	1540	14052	150884	970	794532	92516	91299840	24553266	32489472
80	R2	2026-08-14T00:24:14,254089871-0700	1786692254247262871	AppProcD	AppProcD	543	29416	40192	6600	76208	375403	582	794568	92516	91299840	24553266	32489472
80	R2	2026-08-14T00:24:14,254089871-0700	1786692254247262871	AppProcC	AppProcC	2671	15348	16576	4560	36484	101472	40	794568	92516	91299840	24553266	32489472
80	R2	2026-08-14T00:24:14,254089871-0700	1786692254247262871	AppProcB	AppProcB	945	10540	13156	5636	29332	117254	1955	794568	92516	91299840	24553266	32489472
80	R2	2026-08-14T00:24:14,254089871-0700	1786692254247262871	ServiceA	ServiceA	3953	2940	4264	2656	9860	363726	166	794568	92516	91299840	24553266	32489472
80	R2	2026-08-14T00:24:14,254089871-0700	1786692254247262871	ServiceD	ServiceD	953	9560	6736	3364	19660	79544	719	794568	92516	91299840	24553266	32489472
80	R2	2026-08-14T00:24:14,254089871-0700	1786692254247262871	ServiceE	ServiceE	545	8772	2120	7800	18692	28172	342	794568	92516	91299840	24553266	32489472
80	R2	2026-08-14T00:24:14,254089871-0700	1786692254247262871	ServiceL	ServiceL	579	6436	2196	1640	10272	27606	1167	794568	92516	91299840	24553266	32489472
80	R2	2026-08-14T00:24:14,254089871-0700	1786692254247262871	ServiceH[ServiceK]	ServiceH	3740	12228	25652	4324	42204	85740	103	794568	92516	91299840	24553266	32489472
80	R2	2026-08-14T00:24:14,254089871-0700	1786692254247262871	ServiceB	ServiceB	692	4928	4468	2176	11572	24459	383	794568	92516	91299840	24553266	32489472
80	R2	2026-08-14T00:24:14,254089871-0700	1786692254247262871	ServiceC	ServiceC	676	3948	8564	1540	14052	150884	970	794568	92516	91299840	24553266	32489472
81	R2	2026-08-14T00:24:15,744961204-0700	1786692255738308120	AppProcD	AppProcD	543	29416	40192	6600	76208	375403	582	799308	92516	91299840	24553266	32489472
81	R2	2026-08-14T00:24:15,744961204-0700	1786692255738308120	AppProcC	AppProcC	2671	15348	16576	4560	36484	101472	40	799308	92516	91299840	24553266	32489472
81	R2	2026-08-14T00:24:15,744961204-0700	1786692255738308120	AppProcB	AppProcB	945	10540	13156	5636	29332	117294	1955	799308	92516	91299840	24553266	32489472
81	R2	2026-08-14T00:24:15,744961204-0700	1786692255738308120	ServiceA	ServiceA	3953	2928	4244	2656	9828	363726	166	799308	92516	91299840	24553266	32489472
81	R2	2026-08-14T00:24:15,744961204-0700	1786692255738308120	ServiceD	ServiceD	953	9560	6736	3364	19660	79544	719	799308	92516	91299840	24553266	32489472
81	R2	2026-08-14T00:24:15,744961204-0700	1786692255738308120	ServiceE	ServiceE	545	8772	2120	7800	18692	28172	342	799308	92516	91299840	24553266	32489472
81	R2	2026-08-14T00:24:15,744961204-0700	1786692255738308120	ServiceL	ServiceL	579	6436	2196	1640	10272	27606	1167	799308	92516	91299840	24553266	32489472
81	R2	2026-08-14T00:24:15,744961204-0700	1786692255738308120	ServiceH[ServiceK]	ServiceH	3740	12228	25652	4324	42204	85740	103	799308	92516	91299840	24553266	32489472
81	R2	2026-08-14T00:24:15,744961204-0700	1786692255738308120	ServiceB	ServiceB	692	4928	4460	2176	11564	24469	383	799308	92516	91299840	24553266	32489472
81	R2	2026-08-14T00:24:15,744961204-0700	1786692255738308120	ServiceC	ServiceC	676	3948	8564	1540	14052	150884	970	799308	92516	91299840	24553266	32489472
82	R2	2026-08-14T00:24:17,173199453-0700	1786692257167368453	AppProcD	AppProcD	543	29416	40192	6600	76208	375403	582	796444	92516	91299840	24553266	32489472
82	R2	2026-08-14T00:24:17,173199453-0700	1786692257167368453	AppProcC	AppProcC	2671	15348	16576	4560	36484	101474	40	796444	92516	91299840	24553266	32489472
82	R2	2026-08-14T00:24:17,173199453-0700	1786692257167368453	AppProcB	AppProcB	945	10540	13156	5636	29332	117294	1955	796444	92516	91299840	24553266	32489472
82	R2	2026-08-14T00:24:17,173199453-0700	1786692257167368453	ServiceA	ServiceA	3953	2928	4244	2656	9828	363726	166	796444	92516	91299840	24553266	32489472
82	R2	2026-08-14T00:24:17,173199453-0700	1786692257167368453	ServiceD	ServiceD	953	9560	6736	3364	19660	79584	719	796444	92516	91299840	24553266	32489472
82	R2	2026-08-14T00:24:17,173199453-0700	1786692257167368453	ServiceE	ServiceE	545	8772	2120	7800	18692	28172	342	796444	92516	91299840	24553266	32489472
82	R2	2026-08-14T00:24:17,173199453-0700	1786692257167368453	ServiceL	ServiceL	579	6436	2196	1640	10272	27606	1167	796444	92516	91299840	24553266	32489472
82	R2	2026-08-14T00:24:17,173199453-0700	1786692257167368453	ServiceH[ServiceK]	ServiceH	3740	12228	25652	4324	42204	85740	103	796444	92516	91299840	24553266	32489472
82	R2	2026-08-14T00:24:17,173199453-0700	1786692257167368453	ServiceB	ServiceB	692	4928	4460	2176	11564	24469	383	796444	92516	91299840	24553266	32489472
82	R2	2026-08-14T00:24:17,173199453-0700	1786692257167368453	ServiceC	ServiceC	676	3948	8564	1540	14052	151199	970	796444	92516	91299840	24553266	32489472
83	R2	2026-08-14T00:24:19,875442786-0700	1786692259869294119	AppProcD	AppProcD	543	29348	40180	6600	76128	378572	582	788572	94052	92418048	24891199	32522240
83	R2	2026-08-14T00:24:19,875442786-0700	1786692259869294119	AppProcC	AppProcC	2671	15348	16576	4560	36484	101474	40	788572	94052	92418048	24891199	32522240
83	R2	2026-08-14T00:24:19,875442786-0700	1786692259869294119	AppProcB	AppProcB	945	10540	12772	5508	28820	117342	1955	788572	94052	92418048	24891199	32522240
83	R2	2026-08-14T00:24:19,875442786-0700	1786692259869294119	ServiceA	ServiceA	3953	2928	4244	2656	9828	363726	166	788572	94052	92418048	24891199	32522240
83	R2	2026-08-14T00:24:19,875442786-0700	1786692259869294119	ServiceD	ServiceD	953	9560	6736	3364	19660	79620	719	788572	94052	92418048	24891199	32522240
83	R2	2026-08-14T00:24:19,875442786-0700	1786692259869294119	ServiceE	ServiceE	545	8772	2120	7800	18692	28175	342	788572	94052	92418048	24891199	32522240
83	R2	2026-08-14T00:24:19,875442786-0700	1786692259869294119	ServiceL	ServiceL	579	6436	2196	1640	10272	27636	1167	788572	94052	92418048	24891199	32522240
83	R2	2026-08-14T00:24:19,875442786-0700	1786692259869294119	ServiceH[ServiceK]	ServiceH	3740	12228	25652	4324	42204	85782	103	788572	94052	92418048	24891199	32522240
83	R2	2026-08-14T00:24:19,875442786-0700	1786692259869294119	ServiceB	ServiceB	692	4924	4456	2176	11556	24598	389	788572	94052	92418048	24891199	32522240
83	R2	2026-08-14T00:24:19,875442786-0700	1786692259869294119	ServiceC	ServiceC	676	3948	8564	1540	14052	151209	970	788572	94052	92418048	24891199	32522240
84	R2	2026-08-14T00:24:21,461738286-0700	1786692261457245452	AppProcD	AppProcD	543	29336	40180	6600	76116	378656	582	787684	94052	92418048	24891199	32522240
84	R2	2026-08-14T00:24:21,461738286-0700	1786692261457245452	AppProcC	AppProcC	2671	15348	16576	4560	36484	101475	40	787684	94052	92418048	24891199	32522240
84	R2	2026-08-14T00:24:21,461738286-0700	1786692261457245452	AppProcB	AppProcB	945	10540	12780	5508	28828	117385	1955	787684	94052	92418048	24891199	32522240
84	R2	2026-08-14T00:24:21,461738286-0700	1786692261457245452	ServiceA	ServiceA	3953	2928	4244	2656	9828	363727	166	787684	94052	92418048	24891199	32522240
84	R2	2026-08-14T00:24:21,461738286-0700	1786692261457245452	ServiceD	ServiceD	953	9560	6744	3364	19668	79620	719	787684	94052	92418048	24891199	32522240
84	R2	2026-08-14T00:24:21,461738286-0700	1786692261457245452	ServiceE	ServiceE	545	8772	2120	7800	18692	28175	342	787684	94052	92418048	24891199	32522240
84	R2	2026-08-14T00:24:21,461738286-0700	1786692261457245452	ServiceL	ServiceL	579	6436	2196	1640	10272	27636	1167	787684	94052	92418048	24891199	32522240
84	R2	2026-08-14T00:24:21,461738286-0700	1786692261457245452	ServiceH[ServiceK]	ServiceH	3740	12228	25652	4324	42204	85782	103	787684	94052	92418048	24891199	32522240
84	R2	2026-08-14T00:24:21,461738286-0700	1786692261457245452	ServiceB	ServiceB	692	4924	4476	2176	11576	24672	389	787684	94052	92418048	24891199	32522240
84	R2	2026-08-14T00:24:21,461738286-0700	1786692261457245452	ServiceC	ServiceC	676	3948	8564	1540	14052	151278	970	787684	94052	92418048	24891199	32522240
85	R2	2026-08-14T00:24:23,252620702-0700	1786692263245071619	AppProcD	AppProcD	543	29360	40180	6600	76140	379133	582	805132	94052	92418048	24891199	32522240
85	R2	2026-08-14T00:24:23,252620702-0700	1786692263245071619	AppProcC	AppProcC	2671	15348	16576	4560	36484	101475	40	805132	94052	92418048	24891199	32522240
85	R2	2026-08-14T00:24:23,252620702-0700	1786692263245071619	AppProcB	AppProcB	945	10540	12780	5508	28828	117412	1955	805132	94052	92418048	24891199	32522240
85	R2	2026-08-14T00:24:23,252620702-0700	1786692263245071619	ServiceA	ServiceA	3953	2928	4244	2656	9828	363727	166	805132	94052	92418048	24891199	32522240
85	R2	2026-08-14T00:24:23,252620702-0700	1786692263245071619	ServiceD	ServiceD	953	9560	6736	3364	19660	79691	719	805132	94052	92418048	24891199	32522240
85	R2	2026-08-14T00:24:23,252620702-0700	1786692263245071619	ServiceE	ServiceE	545	8772	2120	7800	18692	28175	342	805132	94052	92418048	24891199	32522240
85	R2	2026-08-14T00:24:23,252620702-0700	1786692263245071619	ServiceL	ServiceL	579	6436	2196	1640	10272	27674	1167	805132	94052	92418048	24891199	32522240
85	R2	2026-08-14T00:24:23,252620702-0700	1786692263245071619	ServiceH[ServiceK]	ServiceH	3740	12228	25652	4324	42204	85782	103	805132	94052	92418048	24891199	32522240
85	R2	2026-08-14T00:24:23,252620702-0700	1786692263245071619	ServiceB	ServiceB	692	4868	4476	2176	11520	24711	389	805132	94052	92418048	24891199	32522240
85	R2	2026-08-14T00:24:23,252620702-0700	1786692263245071619	ServiceC	ServiceC	676	3948	8564	1540	14052	151278	970	805132	94052	92418048	24891199	32522240
86	R2	2026-08-14T00:24:25,117152618-0700	1786692265110324618	AppProcD	AppProcD	543	29360	40180	6600	76140	379133	582	805948	94052	92418048	24891199	32522240
86	R2	2026-08-14T00:24:25,117152618-0700	1786692265110324618	AppProcC	AppProcC	2671	15348	16576	4560	36484	101475	40	805948	94052	92418048	24891199	32522240
86	R2	2026-08-14T00:24:25,117152618-0700	1786692265110324618	AppProcB	AppProcB	945	10540	12780	5508	28828	117413	1955	805948	94052	92418048	24891199	32522240
86	R2	2026-08-14T00:24:25,117152618-0700	1786692265110324618	ServiceA	ServiceA	3953	2928	4244	2656	9828	363727	166	805948	94052	92418048	24891199	32522240
86	R2	2026-08-14T00:24:25,117152618-0700	1786692265110324618	ServiceD	ServiceD	953	9560	6736	3364	19660	79691	719	805948	94052	92418048	24891199	32522240
86	R2	2026-08-14T00:24:25,117152618-0700	1786692265110324618	ServiceE	ServiceE	545	8772	2120	7800	18692	28190	342	805948	94052	92418048	24891199	32522240
86	R2	2026-08-14T00:24:25,117152618-0700	1786692265110324618	ServiceL	ServiceL	579	6436	2196	1640	10272	27674	1167	805948	94052	92418048	24891199	32522240
86	R2	2026-08-14T00:24:25,117152618-0700	1786692265110324618	ServiceH[ServiceK]	ServiceH	3740	12228	25652	4324	42204	85824	103	805948	94052	92418048	24891199	32522240
86	R2	2026-08-14T00:24:25,117152618-0700	1786692265110324618	ServiceB	ServiceB	692	4868	4476	2176	11520	24711	389	805948	94052	92418048	24891199	32522240
86	R2	2026-08-14T00:24:25,117152618-0700	1786692265110324618	ServiceC	ServiceC	676	3948	8564	1540	14052	151278	970	805948	94052	92418048	24891199	32522240
87	R2	2026-08-14T00:24:27,006925618-0700	1786692267000592284	AppProcD	AppProcD	543	29360	40180	6600	76140	379142	582	802812	94052	92418048	24891199	32522240
87	R2	2026-08-14T00:24:27,006925618-0700	1786692267000592284	AppProcC	AppProcC	2671	15348	16576	4560	36484	101476	40	802812	94052	92418048	24891199	32522240
87	R2	2026-08-14T00:24:27,006925618-0700	1786692267000592284	AppProcB	AppProcB	945	10540	12780	5508	28828	117455	1955	802812	94052	92418048	24891199	32522240
87	R2	2026-08-14T00:24:27,006925618-0700	1786692267000592284	ServiceA	ServiceA	3953	2928	4244	2656	9828	363727	166	802812	94052	92418048	24891199	32522240
87	R2	2026-08-14T00:24:27,006925618-0700	1786692267000592284	ServiceD	ServiceD	953	9560	6736	3364	19660	79731	719	802812	94052	92418048	24891199	32522240
87	R2	2026-08-14T00:24:27,006925618-0700	1786692267000592284	ServiceE	ServiceE	545	8772	2120	7800	18692	28190	342	802812	94052	92418048	24891199	32522240
87	R2	2026-08-14T00:24:27,006925618-0700	1786692267000592284	ServiceL	ServiceL	579	6436	2196	1640	10272	27674	1167	802812	94052	92418048	24891199	32522240
87	R2	2026-08-14T00:24:27,006925618-0700	1786692267000592284	ServiceH[ServiceK]	ServiceH	3740	12228	25652	4324	42204	85824	103	802812	94052	92418048	24891199	32522240
87	R2	2026-08-14T00:24:27,006925618-0700	1786692267000592284	ServiceB	ServiceB	692	4868	4476	2176	11520	24711	389	802812	94052	92418048	24891199	32522240
87	R2	2026-08-14T00:24:27,006925618-0700	1786692267000592284	ServiceC	ServiceC	676	3948	8564	1540	14052	151278	970	802812	94052	92418048	24891199	32522240
88	R2	2026-08-14T00:24:28,420600867-0700	1786692268411765951	AppProcD	AppProcD	543	29360	40180	6600	76140	379143	582	801504	94052	92418048	24891199	32522240
88	R2	2026-08-14T00:24:28,420600867-0700	1786692268411765951	AppProcC	AppProcC	2671	15348	16576	4560	36484	101476	40	801504	94052	92418048	24891199	32522240
88	R2	2026-08-14T00:24:28,420600867-0700	1786692268411765951	AppProcB	AppProcB	945	10540	12780	5508	28828	117455	1955	801504	94052	92418048	24891199	32522240
88	R2	2026-08-14T00:24:28,420600867-0700	1786692268411765951	ServiceA	ServiceA	3953	2928	4244	2656	9828	363727	166	801504	94052	92418048	24891199	32522240
88	R2	2026-08-14T00:24:28,420600867-0700	1786692268411765951	ServiceD	ServiceD	953	9560	6736	3364	19660	79731	719	801504	94052	92418048	24891199	32522240
88	R2	2026-08-14T00:24:28,420600867-0700	1786692268411765951	ServiceE	ServiceE	545	8772	2120	7800	18692	28190	342	801504	94052	92418048	24891199	32522240
88	R2	2026-08-14T00:24:28,420600867-0700	1786692268411765951	ServiceL	ServiceL	579	6436	2196	1640	10272	27704	1167	801504	94052	92418048	24891199	32522240
88	R2	2026-08-14T00:24:28,420600867-0700	1786692268411765951	ServiceH[ServiceK]	ServiceH	3740	12232	25652	4324	42208	85824	103	801504	94052	92418048	24891199	32522240
88	R2	2026-08-14T00:24:28,420600867-0700	1786692268411765951	ServiceB	ServiceB	692	4868	4476	2176	11520	24711	389	801504	94052	92418048	24891199	32522240
88	R2	2026-08-14T00:24:28,420600867-0700	1786692268411765951	ServiceC	ServiceC	676	3948	8564	1540	14052	151278	970	801504	94052	92418048	24891199	32522240
89	R2	2026-08-14T00:24:29,758000867-0700	1786692269751084534	AppProcD	AppProcD	543	29356	40176	6600	76132	380719	582	802268	94052	92418048	24891199	32522240
89	R2	2026-08-14T00:24:29,758000867-0700	1786692269751084534	AppProcC	AppProcC	2671	15348	16576	4560	36484	101476	40	802268	94052	92418048	24891199	32522240
89	R2	2026-08-14T00:24:29,758000867-0700	1786692269751084534	AppProcB	AppProcB	945	10540	12780	5508	28828	117455	1955	802268	94052	92418048	24891199	32522240
89	R2	2026-08-14T00:24:29,758000867-0700	1786692269751084534	ServiceA	ServiceA	3953	2928	4244	2656	9828	363727	166	802268	94052	92418048	24891199	32522240
89	R2	2026-08-14T00:24:29,758000867-0700	1786692269751084534	ServiceD	ServiceD	953	9560	6736	3364	19660	79740	719	802268	94052	92418048	24891199	32522240
89	R2	2026-08-14T00:24:29,758000867-0700	1786692269751084534	ServiceE	ServiceE	545	8772	2120	7800	18692	28190	342	802268	94052	92418048	24891199	32522240
89	R2	2026-08-14T00:24:29,758000867-0700	1786692269751084534	ServiceL	ServiceL	579	6436	2196	1640	10272	27704	1167	802268	94052	92418048	24891199	32522240
89	R2	2026-08-14T00:24:29,758000867-0700	1786692269751084534	ServiceH[ServiceK]	ServiceH	3740	12228	25652	4324	42204	85866	103	802268	94052	92418048	24891199	32522240
89	R2	2026-08-14T00:24:29,758000867-0700	1786692269751084534	ServiceB	ServiceB	692	4868	4476	2176	11520	24711	389	802268	94052	92418048	24891199	32522240
89	R2	2026-08-14T00:24:29,758000867-0700	1786692269751084534	ServiceC	ServiceC	676	3948	8564	1540	14052	151278	970	802268	94052	92418048	24891199	32522240
90	R2	2026-08-14T00:24:31,161365617-0700	1786692271155544367	AppProcD	AppProcD	543	29356	40176	6600	76132	380726	582	803704	94052	92418048	24891199	32522240
90	R2	2026-08-14T00:24:31,161365617-0700	1786692271155544367	AppProcC	AppProcC	2671	15348	16576	4560	36484	101477	40	803704	94052	92418048	24891199	32522240
90	R2	2026-08-14T00:24:31,161365617-0700	1786692271155544367	AppProcB	AppProcB	945	10540	12780	5508	28828	117495	1955	803704	94052	92418048	24891199	32522240
90	R2	2026-08-14T00:24:31,161365617-0700	1786692271155544367	ServiceA	ServiceA	3953	2928	4244	2656	9828	363727	166	803704	94052	92418048	24891199	32522240
90	R2	2026-08-14T00:24:31,161365617-0700	1786692271155544367	ServiceD	ServiceD	953	9560	6736	3364	19660	79740	719	803704	94052	92418048	24891199	32522240
90	R2	2026-08-14T00:24:31,161365617-0700	1786692271155544367	ServiceE	ServiceE	545	8772	2120	7800	18692	28190	342	803704	94052	92418048	24891199	32522240
90	R2	2026-08-14T00:24:31,161365617-0700	1786692271155544367	ServiceL	ServiceL	579	6436	2196	1640	10272	27704	1167	803704	94052	92418048	24891199	32522240
90	R2	2026-08-14T00:24:31,161365617-0700	1786692271155544367	ServiceH[ServiceK]	ServiceH	3740	12228	25652	4324	42204	85866	103	803704	94052	92418048	24891199	32522240
90	R2	2026-08-14T00:24:31,161365617-0700	1786692271155544367	ServiceB	ServiceB	692	4868	4476	2176	11520	24711	389	803704	94052	92418048	24891199	32522240
90	R2	2026-08-14T00:24:31,161365617-0700	1786692271155544367	ServiceC	ServiceC	676	3948	8564	1540	14052	151278	970	803704	94052	92418048	24891199	32522240
91	R2	2026-08-14T00:24:32,547496450-0700	1786692272541526616	AppProcD	AppProcD	543	29356	40176	6600	76132	380727	582	805668	94052	92418048	24891199	32522240
91	R2	2026-08-14T00:24:32,547496450-0700	1786692272541526616	AppProcC	AppProcC	2671	15348	16576	4560	36484	101477	40	805668	94052	92418048	24891199	32522240
91	R2	2026-08-14T00:24:32,547496450-0700	1786692272541526616	AppProcB	AppProcB	945	10540	12780	5508	28828	117495	1955	805668	94052	92418048	24891199	32522240
91	R2	2026-08-14T00:24:32,547496450-0700	1786692272541526616	ServiceA	ServiceA	3953	2928	4244	2656	9828	363727	166	805668	94052	92418048	24891199	32522240
91	R2	2026-08-14T00:24:32,547496450-0700	1786692272541526616	ServiceD	ServiceD	953	9560	6736	3364	19660	79780	719	805668	94052	92418048	24891199	32522240
91	R2	2026-08-14T00:24:32,547496450-0700	1786692272541526616	ServiceE	ServiceE	545	8772	2120	7800	18692	28190	342	805668	94052	92418048	24891199	32522240
91	R2	2026-08-14T00:24:32,547496450-0700	1786692272541526616	ServiceL	ServiceL	579	6436	2196	1640	10272	27704	1167	805668	94052	92418048	24891199	32522240
91	R2	2026-08-14T00:24:32,547496450-0700	1786692272541526616	ServiceH[ServiceK]	ServiceH	3740	12228	25652	4324	42204	85866	103	805668	94052	92418048	24891199	32522240
91	R2	2026-08-14T00:24:32,547496450-0700	1786692272541526616	ServiceB	ServiceB	692	4868	4476	2176	11520	24711	389	805668	94052	92418048	24891199	32522240
91	R2	2026-08-14T00:24:32,547496450-0700	1786692272541526616	ServiceC	ServiceC	676	3948	8564	1540	14052	151278	970	805668	94052	92418048	24891199	32522240
92	R2	2026-08-14T00:24:33,880551699-0700	1786692273875960699	AppProcD	AppProcD	543	29356	40176	6600	76132	380727	582	807368	94052	92418048	24891199	32522240
92	R2	2026-08-14T00:24:33,880551699-0700	1786692273875960699	AppProcC	AppProcC	2671	15348	16576	4560	36484	101477	40	807368	94052	92418048	24891199	32522240
92	R2	2026-08-14T00:24:33,880551699-0700	1786692273875960699	AppProcB	AppProcB	945	10540	12780	5508	28828	117495	1955	807368	94052	92418048	24891199	32522240
92	R2	2026-08-14T00:24:33,880551699-0700	1786692273875960699	ServiceA	ServiceA	3953	2928	4244	2656	9828	363727	166	807368	94052	92418048	24891199	32522240
92	R2	2026-08-14T00:24:33,880551699-0700	1786692273875960699	ServiceD	ServiceD	953	9560	6736	3364	19660	79780	719	807368	94052	92418048	24891199	32522240
92	R2	2026-08-14T00:24:33,880551699-0700	1786692273875960699	ServiceE	ServiceE	545	8772	2120	7800	18692	28190	342	807368	94052	92418048	24891199	32522240
92	R2	2026-08-14T00:24:33,880551699-0700	1786692273875960699	ServiceL	ServiceL	579	6436	2196	1640	10272	27734	1167	807368	94052	92418048	24891199	32522240
92	R2	2026-08-14T00:24:33,880551699-0700	1786692273875960699	ServiceH[ServiceK]	ServiceH	3740	12232	25652	4324	42208	85866	103	807368	94052	92418048	24891199	32522240
92	R2	2026-08-14T00:24:33,880551699-0700	1786692273875960699	ServiceB	ServiceB	692	4868	4476	2176	11520	24711	389	807368	94052	92418048	24891199	32522240
92	R2	2026-08-14T00:24:33,880551699-0700	1786692273875960699	ServiceC	ServiceC	676	3948	8564	1540	14052	151278	970	807368	94052	92418048	24891199	32522240
93	R2	2026-08-14T00:24:35,210285366-0700	1786692275205964199	AppProcD	AppProcD	543	29356	40176	6600	76132	380727	582	806860	94052	92418048	24891199	32522240
93	R2	2026-08-14T00:24:35,210285366-0700	1786692275205964199	AppProcC	AppProcC	2671	15348	16576	4560	36484	101477	40	806860	94052	92418048	24891199	32522240
93	R2	2026-08-14T00:24:35,210285366-0700	1786692275205964199	AppProcB	AppProcB	945	10540	12780	5508	28828	117495	1955	806860	94052	92418048	24891199	32522240
93	R2	2026-08-14T00:24:35,210285366-0700	1786692275205964199	ServiceA	ServiceA	3953	2928	4244	2656	9828	363727	166	806860	94052	92418048	24891199	32522240
93	R2	2026-08-14T00:24:35,210285366-0700	1786692275205964199	ServiceD	ServiceD	953	9560	6736	3364	19660	79780	719	806860	94052	92418048	24891199	32522240
93	R2	2026-08-14T00:24:35,210285366-0700	1786692275205964199	ServiceE	ServiceE	545	8772	2120	7800	18692	28190	342	806860	94052	92418048	24891199	32522240
93	R2	2026-08-14T00:24:35,210285366-0700	1786692275205964199	ServiceL	ServiceL	579	6436	2196	1640	10272	27734	1167	806860	94052	92418048	24891199	32522240
93	R2	2026-08-14T00:24:35,210285366-0700	1786692275205964199	ServiceH[ServiceK]	ServiceH	3740	12228	25652	4324	42204	85909	103	806860	94052	92418048	24891199	32522240
93	R2	2026-08-14T00:24:35,210285366-0700	1786692275205964199	ServiceB	ServiceB	692	4868	4476	2176	11520	24711	389	806860	94052	92418048	24891199	32522240
93	R2	2026-08-14T00:24:35,210285366-0700	1786692275205964199	ServiceC	ServiceC	676	3948	8564	1540	14052	151278	970	806860	94052	92418048	24891199	32522240
94	R2	2026-08-14T00:24:36,535498616-0700	1786692276527473699	AppProcD	AppProcD	543	29356	40176	6600	76132	380727	582	806904	94052	92418048	24891199	32522240
94	R2	2026-08-14T00:24:36,535498616-0700	1786692276527473699	AppProcC	AppProcC	2671	15348	16576	4560	36484	101478	40	806904	94052	92418048	24891199	32522240
94	R2	2026-08-14T00:24:36,535498616-0700	1786692276527473699	AppProcB	AppProcB	945	10540	12780	5508	28828	117535	1955	806904	94052	92418048	24891199	32522240
94	R2	2026-08-14T00:24:36,535498616-0700	1786692276527473699	ServiceA	ServiceA	3953	2928	4244	2656	9828	363727	166	806904	94052	92418048	24891199	32522240
94	R2	2026-08-14T00:24:36,535498616-0700	1786692276527473699	ServiceD	ServiceD	953	9560	6736	3364	19660	79780	719	806904	94052	92418048	24891199	32522240
94	R2	2026-08-14T00:24:36,535498616-0700	1786692276527473699	ServiceE	ServiceE	545	8772	2120	7800	18692	28190	342	806904	94052	92418048	24891199	32522240
94	R2	2026-08-14T00:24:36,535498616-0700	1786692276527473699	ServiceL	ServiceL	579	6436	2196	1640	10272	27734	1167	806904	94052	92418048	24891199	32522240
94	R2	2026-08-14T00:24:36,535498616-0700	1786692276527473699	ServiceH[ServiceK]	ServiceH	3740	12228	25652	4324	42204	85909	103	806904	94052	92418048	24891199	32522240
94	R2	2026-08-14T00:24:36,535498616-0700	1786692276527473699	ServiceB	ServiceB	692	4868	4476	2176	11520	24711	389	806904	94052	92418048	24891199	32522240
94	R2	2026-08-14T00:24:36,535498616-0700	1786692276527473699	ServiceC	ServiceC	676	3948	8564	1540	14052	151278	970	806904	94052	92418048	24891199	32522240
95	R2	2026-08-14T00:24:37,902943615-0700	1786692277894932699	AppProcD	AppProcD	543	29356	40176	6600	76132	380730	582	806060	94052	92418048	24891199	32522240
95	R2	2026-08-14T00:24:37,902943615-0700	1786692277894932699	AppProcC	AppProcC	2671	15348	16576	4560	36484	101478	40	806060	94052	92418048	24891199	32522240
95	R2	2026-08-14T00:24:37,902943615-0700	1786692277894932699	AppProcB	AppProcB	945	10540	12780	5508	28828	117535	1955	806060	94052	92418048	24891199	32522240
95	R2	2026-08-14T00:24:37,902943615-0700	1786692277894932699	ServiceA	ServiceA	3953	2928	4244	2656	9828	363727	166	806060	94052	92418048	24891199	32522240
95	R2	2026-08-14T00:24:37,902943615-0700	1786692277894932699	ServiceD	ServiceD	953	9560	6736	3364	19660	79820	719	806060	94052	92418048	24891199	32522240
95	R2	2026-08-14T00:24:37,902943615-0700	1786692277894932699	ServiceE	ServiceE	545	8772	2120	7800	18692	28190	342	806060	94052	92418048	24891199	32522240
95	R2	2026-08-14T00:24:37,902943615-0700	1786692277894932699	ServiceL	ServiceL	579	6436	2196	1640	10272	27734	1167	806060	94052	92418048	24891199	32522240
95	R2	2026-08-14T00:24:37,902943615-0700	1786692277894932699	ServiceH[ServiceK]	ServiceH	3740	12228	25652	4324	42204	85909	103	806060	94052	92418048	24891199	32522240
95	R2	2026-08-14T00:24:37,902943615-0700	1786692277894932699	ServiceB	ServiceB	692	4868	4476	2176	11520	24711	389	806060	94052	92418048	24891199	32522240
95	R2	2026-08-14T00:24:37,902943615-0700	1786692277894932699	ServiceC	ServiceC	676	3948	8564	1540	14052	151278	970	806060	94052	92418048	24891199	32522240
96	R2	2026-08-14T00:24:39,238885532-0700	1786692279231370448	AppProcD	AppProcD	543	29328	40176	6600	76104	380730	582	808520	94052	92418048	24891199	32522240
96	R2	2026-08-14T00:24:39,238885532-0700	1786692279231370448	AppProcC	AppProcC	2671	15348	16576	4560	36484	101478	40	808520	94052	92418048	24891199	32522240
96	R2	2026-08-14T00:24:39,238885532-0700	1786692279231370448	AppProcB	AppProcB	945	10540	12780	5508	28828	117535	1955	808520	94052	92418048	24891199	32522240
96	R2	2026-08-14T00:24:39,238885532-0700	1786692279231370448	ServiceA	ServiceA	3953	2928	4244	2656	9828	363727	166	808520	94052	92418048	24891199	32522240
96	R2	2026-08-14T00:24:39,238885532-0700	1786692279231370448	ServiceD	ServiceD	953	9560	6736	3364	19660	79820	719	808520	94052	92418048	24891199	32522240
96	R2	2026-08-14T00:24:39,238885532-0700	1786692279231370448	ServiceE	ServiceE	545	8772	2120	7800	18692	28190	342	808520	94052	92418048	24891199	32522240
96	R2	2026-08-14T00:24:39,238885532-0700	1786692279231370448	ServiceL	ServiceL	579	6436	2196	1640	10272	27764	1167	808520	94052	92418048	24891199	32522240
96	R2	2026-08-14T00:24:39,238885532-0700	1786692279231370448	ServiceH[ServiceK]	ServiceH	3740	12228	25652	4324	42204	85949	103	808520	94052	92418048	24891199	32522240
96	R2	2026-08-14T00:24:39,238885532-0700	1786692279231370448	ServiceB	ServiceB	692	4868	4476	2176	11520	24711	389	808520	94052	92418048	24891199	32522240
96	R2	2026-08-14T00:24:39,238885532-0700	1786692279231370448	ServiceC	ServiceC	676	3948	8564	1540	14052	151278	970	808520	94052	92418048	24891199	32522240
97	R2	2026-08-14T00:24:40,751041615-0700	1786692280742806031	AppProcD	AppProcD	543	29328	40176	6600	76104	382358	582	807424	94052	92418048	24891199	32522240
97	R2	2026-08-14T00:24:40,751041615-0700	1786692280742806031	AppProcC	AppProcC	2671	15348	16576	4560	36484	101478	40	807424	94052	92418048	24891199	32522240
97	R2	2026-08-14T00:24:40,751041615-0700	1786692280742806031	AppProcB	AppProcB	945	10540	12780	5508	28828	117535	1955	807424	94052	92418048	24891199	32522240
97	R2	2026-08-14T00:24:40,751041615-0700	1786692280742806031	ServiceA	ServiceA	3953	2928	4244	2656	9828	363727	166	807424	94052	92418048	24891199	32522240
97	R2	2026-08-14T00:24:40,751041615-0700	1786692280742806031	ServiceD	ServiceD	953	9560	6736	3364	19660	79829	719	807424	94052	92418048	24891199	32522240
97	R2	2026-08-14T00:24:40,751041615-0700	1786692280742806031	ServiceE	ServiceE	545	8772	2120	7800	18692	28190	342	807424	94052	92418048	24891199	32522240
97	R2	2026-08-14T00:24:40,751041615-0700	1786692280742806031	ServiceL	ServiceL	579	6436	2196	1640	10272	27764	1167	807424	94052	92418048	24891199	32522240
97	R2	2026-08-14T00:24:40,751041615-0700	1786692280742806031	ServiceH[ServiceK]	ServiceH	3740	12228	25652	4324	42204	85949	103	807424	94052	92418048	24891199	32522240
97	R2	2026-08-14T00:24:40,751041615-0700	1786692280742806031	ServiceB	ServiceB	692	4868	4476	2176	11520	24711	389	807424	94052	92418048	24891199	32522240
97	R2	2026-08-14T00:24:40,751041615-0700	1786692280742806031	ServiceC	ServiceC	676	3948	8564	1540	14052	151278	970	807424	94052	92418048	24891199	32522240
98	R2	2026-08-14T00:24:42,143443698-0700	1786692282139036781	AppProcD	AppProcD	543	29328	40176	6600	76104	382358	582	808096	94052	92418048	24891199	32522240
98	R2	2026-08-14T00:24:42,143443698-0700	1786692282139036781	AppProcC	AppProcC	2671	15348	16576	4560	36484	101479	40	808096	94052	92418048	24891199	32522240
98	R2	2026-08-14T00:24:42,143443698-0700	1786692282139036781	AppProcB	AppProcB	945	10540	12780	5508	28828	117575	1955	808096	94052	92418048	24891199	32522240
98	R2	2026-08-14T00:24:42,143443698-0700	1786692282139036781	ServiceA	ServiceA	3953	2928	4244	2656	9828	363727	166	808096	94052	92418048	24891199	32522240
98	R2	2026-08-14T00:24:42,143443698-0700	1786692282139036781	ServiceD	ServiceD	953	9560	6736	3364	19660	79869	719	808096	94052	92418048	24891199	32522240
98	R2	2026-08-14T00:24:42,143443698-0700	1786692282139036781	ServiceE	ServiceE	545	8772	2120	7800	18692	28190	342	808096	94052	92418048	24891199	32522240
98	R2	2026-08-14T00:24:42,143443698-0700	1786692282139036781	ServiceL	ServiceL	579	6436	2196	1640	10272	27764	1167	808096	94052	92418048	24891199	32522240
98	R2	2026-08-14T00:24:42,143443698-0700	1786692282139036781	ServiceH[ServiceK]	ServiceH	3740	12228	25652	4324	42204	85949	103	808096	94052	92418048	24891199	32522240
98	R2	2026-08-14T00:24:42,143443698-0700	1786692282139036781	ServiceB	ServiceB	692	4868	4476	2176	11520	24711	389	808096	94052	92418048	24891199	32522240
98	R2	2026-08-14T00:24:42,143443698-0700	1786692282139036781	ServiceC	ServiceC	676	3948	8564	1540	14052	151278	970	808096	94052	92418048	24891199	32522240
99	R2	2026-08-14T00:24:43,466409197-0700	1786692283459889197	AppProcD	AppProcD	543	29328	40176	6600	76104	382362	582	805480	94052	92418048	24891199	32522240
99	R2	2026-08-14T00:24:43,466409197-0700	1786692283459889197	AppProcC	AppProcC	2671	15348	16576	4560	36484	101479	40	805480	94052	92418048	24891199	32522240
99	R2	2026-08-14T00:24:43,466409197-0700	1786692283459889197	AppProcB	AppProcB	945	10540	12780	5508	28828	117575	1955	805480	94052	92418048	24891199	32522240
99	R2	2026-08-14T00:24:43,466409197-0700	1786692283459889197	ServiceA	ServiceA	3953	2928	4244	2656	9828	363727	166	805480	94052	92418048	24891199	32522240
99	R2	2026-08-14T00:24:43,466409197-0700	1786692283459889197	ServiceD	ServiceD	953	9560	6736	3364	19660	79869	719	805480	94052	92418048	24891199	32522240
99	R2	2026-08-14T00:24:43,466409197-0700	1786692283459889197	ServiceE	ServiceE	545	8772	2120	7800	18692	28190	342	805480	94052	92418048	24891199	32522240
99	R2	2026-08-14T00:24:43,466409197-0700	1786692283459889197	ServiceL	ServiceL	579	6436	2196	1640	10272	27794	1167	805480	94052	92418048	24891199	32522240
99	R2	2026-08-14T00:24:43,466409197-0700	1786692283459889197	ServiceH[ServiceK]	ServiceH	3740	12228	25652	4324	42204	85949	103	805480	94052	92418048	24891199	32522240
99	R2	2026-08-14T00:24:43,466409197-0700	1786692283459889197	ServiceB	ServiceB	692	4868	4476	2176	11520	24711	389	805480	94052	92418048	24891199	32522240
99	R2	2026-08-14T00:24:43,466409197-0700	1786692283459889197	ServiceC	ServiceC	676	3948	8564	1540	14052	151278	970	805480	94052	92418048	24891199	32522240
100	R2	2026-08-14T00:24:44,792795364-0700	1786692284786013697	AppProcD	AppProcD	543	29328	40176	6600	76104	382362	582	805984	94052	92418048	24891199	32522240
100	R2	2026-08-14T00:24:44,792795364-0700	1786692284786013697	AppProcC	AppProcC	2671	15348	16576	4560	36484	101479	40	805984	94052	92418048	24891199	32522240
100	R2	2026-08-14T00:24:44,792795364-0700	1786692284786013697	AppProcB	AppProcB	945	10540	12780	5508	28828	117575	1955	805984	94052	92418048	24891199	32522240
100	R2	2026-08-14T00:24:44,792795364-0700	1786692284786013697	ServiceA	ServiceA	3953	2928	4244	2656	9828	363727	166	805984	94052	92418048	24891199	32522240
100	R2	2026-08-14T00:24:44,792795364-0700	1786692284786013697	ServiceD	ServiceD	953	9560	6736	3364	19660	79869	719	805984	94052	92418048	24891199	32522240
100	R2	2026-08-14T00:24:44,792795364-0700	1786692284786013697	ServiceE	ServiceE	545	8772	2120	7800	18692	28190	342	805984	94052	92418048	24891199	32522240
100	R2	2026-08-14T00:24:44,792795364-0700	1786692284786013697	ServiceL	ServiceL	579	6436	2196	1640	10272	27794	1167	805984	94052	92418048	24891199	32522240
100	R2	2026-08-14T00:24:44,792795364-0700	1786692284786013697	ServiceH[ServiceK]	ServiceH	3740	12228	25652	4324	42204	85989	103	805984	94052	92418048	24891199	32522240
100	R2	2026-08-14T00:24:44,792795364-0700	1786692284786013697	ServiceB	ServiceB	692	4868	4476	2176	11520	24711	389	805984	94052	92418048	24891199	32522240
100	R2	2026-08-14T00:24:44,792795364-0700	1786692284786013697	ServiceC	ServiceC	676	3948	8564	1540	14052	151278	970	805984	94052	92418048	24891199	32522240
101	R2	2026-08-14T00:24:46,111247447-0700	1786692286106467530	AppProcD	AppProcD	543	29328	40188	6600	76116	382833	582	804592	94052	92418048	24891199	32522240
101	R2	2026-08-14T00:24:46,111247447-0700	1786692286106467530	AppProcC	AppProcC	2671	15348	16576	4560	36484	101480	40	804592	94052	92418048	24891199	32522240
101	R2	2026-08-14T00:24:46,111247447-0700	1786692286106467530	AppProcB	AppProcB	945	10540	12780	5508	28828	117615	1955	804592	94052	92418048	24891199	32522240
101	R2	2026-08-14T00:24:46,111247447-0700	1786692286106467530	ServiceA	ServiceA	3953	2928	4244	2656	9828	363727	166	804592	94052	92418048	24891199	32522240
101	R2	2026-08-14T00:24:46,111247447-0700	1786692286106467530	ServiceD	ServiceD	953	9560	6736	3364	19660	79869	719	804592	94052	92418048	24891199	32522240
101	R2	2026-08-14T00:24:46,111247447-0700	1786692286106467530	ServiceE	ServiceE	545	8772	2120	7800	18692	28190	342	804592	94052	92418048	24891199	32522240
101	R2	2026-08-14T00:24:46,111247447-0700	1786692286106467530	ServiceL	ServiceL	579	6436	2196	1640	10272	27794	1167	804592	94052	92418048	24891199	32522240
101	R2	2026-08-14T00:24:46,111247447-0700	1786692286106467530	ServiceH[ServiceK]	ServiceH	3740	12228	25652	4324	42204	85989	103	804592	94052	92418048	24891199	32522240
101	R2	2026-08-14T00:24:46,111247447-0700	1786692286106467530	ServiceB	ServiceB	692	4868	4476	2176	11520	24711	389	804592	94052	92418048	24891199	32522240
101	R2	2026-08-14T00:24:46,111247447-0700	1786692286106467530	ServiceC	ServiceC	676	3948	8564	1540	14052	151278	970	804592	94052	92418048	24891199	32522240
102	R2	2026-08-14T00:24:47,399844613-0700	1786692287393215030	AppProcD	AppProcD	543	29328	40188	6600	76116	382837	582	804436	94052	92418048	24891199	32522240
102	R2	2026-08-14T00:24:47,399844613-0700	1786692287393215030	AppProcC	AppProcC	2671	15348	16576	4560	36484	101480	40	804436	94052	92418048	24891199	32522240
102	R2	2026-08-14T00:24:47,399844613-0700	1786692287393215030	AppProcB	AppProcB	945	10540	12780	5508	28828	117615	1955	804436	94052	92418048	24891199	32522240
102	R2	2026-08-14T00:24:47,399844613-0700	1786692287393215030	ServiceA	ServiceA	3953	2928	4244	2656	9828	363727	166	804436	94052	92418048	24891199	32522240
102	R2	2026-08-14T00:24:47,399844613-0700	1786692287393215030	ServiceD	ServiceD	953	9560	6736	3364	19660	79909	719	804436	94052	92418048	24891199	32522240
102	R2	2026-08-14T00:24:47,399844613-0700	1786692287393215030	ServiceE	ServiceE	545	8772	2120	7800	18692	28190	342	804436	94052	92418048	24891199	32522240
102	R2	2026-08-14T00:24:47,399844613-0700	1786692287393215030	ServiceL	ServiceL	579	6436	2196	1640	10272	27794	1167	804436	94052	92418048	24891199	32522240
102	R2	2026-08-14T00:24:47,399844613-0700	1786692287393215030	ServiceH[ServiceK]	ServiceH	3740	12228	25652	4324	42204	85989	103	804436	94052	92418048	24891199	32522240
102	R2	2026-08-14T00:24:47,399844613-0700	1786692287393215030	ServiceB	ServiceB	692	4868	4476	2176	11520	24711	389	804436	94052	92418048	24891199	32522240
102	R2	2026-08-14T00:24:47,399844613-0700	1786692287393215030	ServiceC	ServiceC	676	3948	8564	1540	14052	151278	970	804436	94052	92418048	24891199	32522240
103	R2	2026-08-14T00:24:48,776379696-0700	1786692288771572279	AppProcD	AppProcD	543	29328	40188	6600	76116	382900	582	804172	94052	92418048	24891199	32522240
103	R2	2026-08-14T00:24:48,776379696-0700	1786692288771572279	AppProcC	AppProcC	2671	15348	16576	4560	36484	101480	40	804172	94052	92418048	24891199	32522240
103	R2	2026-08-14T00:24:48,776379696-0700	1786692288771572279	AppProcB	AppProcB	945	10540	12780	5508	28828	117615	1955	804172	94052	92418048	24891199	32522240
103	R2	2026-08-14T00:24:48,776379696-0700	1786692288771572279	ServiceA	ServiceA	3953	2928	4244	2656	9828	363727	166	804172	94052	92418048	24891199	32522240
103	R2	2026-08-14T00:24:48,776379696-0700	1786692288771572279	ServiceD	ServiceD	953	9560	6736	3364	19660	79909	719	804172	94052	92418048	24891199	32522240
103	R2	2026-08-14T00:24:48,776379696-0700	1786692288771572279	ServiceE	ServiceE	545	8772	2120	7800	18692	28190	342	804172	94052	92418048	24891199	32522240
103	R2	2026-08-14T00:24:48,776379696-0700	1786692288771572279	ServiceL	ServiceL	579	6436	2196	1640	10272	27824	1167	804172	94052	92418048	24891199	32522240
103	R2	2026-08-14T00:24:48,776379696-0700	1786692288771572279	ServiceH[ServiceK]	ServiceH	3740	12228	25652	4324	42204	85989	103	804172	94052	92418048	24891199	32522240
103	R2	2026-08-14T00:24:48,776379696-0700	1786692288771572279	ServiceB	ServiceB	692	4868	4476	2176	11520	24711	389	804172	94052	92418048	24891199	32522240
103	R2	2026-08-14T00:24:48,776379696-0700	1786692288771572279	ServiceC	ServiceC	676	3948	8564	1540	14052	151278	970	804172	94052	92418048	24891199	32522240
104	R2	2026-08-14T00:24:50,779205529-0700	1786692290772119612	AppProcD	AppProcD	543	29328	40188	6600	76116	384581	582	803848	94052	92418048	24891199	32522240
104	R2	2026-08-14T00:24:50,779205529-0700	1786692290772119612	AppProcC	AppProcC	2671	15348	16576	4560	36484	101480	40	803848	94052	92418048	24891199	32522240
104	R2	2026-08-14T00:24:50,779205529-0700	1786692290772119612	AppProcB	AppProcB	945	10540	12780	5508	28828	117655	1955	803848	94052	92418048	24891199	32522240
104	R2	2026-08-14T00:24:50,779205529-0700	1786692290772119612	ServiceA	ServiceA	3953	2928	4244	2656	9828	363727	166	803848	94052	92418048	24891199	32522240
104	R2	2026-08-14T00:24:50,779205529-0700	1786692290772119612	ServiceD	ServiceD	953	9560	6736	3364	19660	79918	719	803848	94052	92418048	24891199	32522240
104	R2	2026-08-14T00:24:50,779205529-0700	1786692290772119612	ServiceE	ServiceE	545	8772	2120	7800	18692	28190	342	803848	94052	92418048	24891199	32522240
104	R2	2026-08-14T00:24:50,779205529-0700	1786692290772119612	ServiceL	ServiceL	579	6436	2196	1640	10272	27824	1167	803848	94052	92418048	24891199	32522240
104	R2	2026-08-14T00:24:50,779205529-0700	1786692290772119612	ServiceH[ServiceK]	ServiceH	3740	12228	25652	4324	42204	86029	103	803848	94052	92418048	24891199	32522240
104	R2	2026-08-14T00:24:50,779205529-0700	1786692290772119612	ServiceB	ServiceB	692	4868	4476	2176	11520	24711	389	803848	94052	92418048	24891199	32522240
104	R2	2026-08-14T00:24:50,779205529-0700	1786692290772119612	ServiceC	ServiceC	676	3948	8564	1540	14052	151278	970	803848	94052	92418048	24891199	32522240
105	R3	2026-08-14T00:24:52,777680612-0700	1786692292772134112	AppProcD	AppProcD	543	29312	40188	6380	75880	384991	582	804416	94052	92418048	24891199	32522240
105	R3	2026-08-14T00:24:52,777680612-0700	1786692292772134112	AppProcC	AppProcC	2671	15348	16576	4560	36484	101481	40	804416	94052	92418048	24891199	32522240
105	R3	2026-08-14T00:24:52,777680612-0700	1786692292772134112	AppProcB	AppProcB	945	10540	12780	5508	28828	117682	1955	804416	94052	92418048	24891199	32522240
105	R3	2026-08-14T00:24:52,777680612-0700	1786692292772134112	ServiceA	ServiceA	3953	3708	4348	2656	10712	363727	166	804416	94052	92418048	24891199	32522240
105	R3	2026-08-14T00:24:52,777680612-0700	1786692292772134112	ServiceD	ServiceD	953	9568	6736	3364	19668	80018	721	804416	94052	92418048	24891199	32522240
105	R3	2026-08-14T00:24:52,777680612-0700	1786692292772134112	ServiceE	ServiceE	545	8772	2120	7800	18692	28190	342	804416	94052	92418048	24891199	32522240
105	R3	2026-08-14T00:24:52,777680612-0700	1786692292772134112	ServiceL	ServiceL	579	6436	2208	1640	10284	27892	1167	804416	94052	92418048	24891199	32522240
105	R3	2026-08-14T00:24:52,777680612-0700	1786692292772134112	ServiceH[ServiceK]	ServiceH	3740	12776	25556	4324	42656	86247	103	804416	94052	92418048	24891199	32522240
105	R3	2026-08-14T00:24:52,777680612-0700	1786692292772134112	ServiceB	ServiceB	692	4732	4404	2176	11312	24811	389	804416	94052	92418048	24891199	32522240
105	R3	2026-08-14T00:24:52,777680612-0700	1786692292772134112	ServiceC	ServiceC	676	3948	8612	1540	14100	153835	970	804416	94052	92418048	24891199	32522240
106	R3	2026-08-14T00:24:57,704577944-0700	1786692297687822110	AppProcD	AppProcD	543	29280	40324	6600	76204	389899	582	775548	94052	92418048	24891199	32522240
106	R3	2026-08-14T00:24:57,704577944-0700	1786692297687822110	AppProcC	AppProcC	2671	15348	16576	4560	36484	101482	40	775548	94052	92418048	24891199	32522240
106	R3	2026-08-14T00:24:57,704577944-0700	1786692297687822110	AppProcB	AppProcB	945	10540	12812	5508	28860	117728	1955	775548	94052	92418048	24891199	32522240
106	R3	2026-08-14T00:24:57,704577944-0700	1786692297687822110	ServiceA	ServiceA	3953	11760	7820	2684	22264	373935	166	775548	94052	92418048	24891199	32522240
106	R3	2026-08-14T00:24:57,704577944-0700	1786692297687822110	ServiceD	ServiceD	953	9584	6728	3364	19676	80328	725	775548	94052	92418048	24891199	32522240
106	R3	2026-08-14T00:24:57,704577944-0700	1786692297687822110	ServiceE	ServiceE	545	8772	2120	7800	18692	28191	342	775548	94052	92418048	24891199	32522240
106	R3	2026-08-14T00:24:57,704577944-0700	1786692297687822110	ServiceL	ServiceL	579	6444	2200	1640	10284	28451	1173	775548	94052	92418048	24891199	32522240
106	R3	2026-08-14T00:24:57,704577944-0700	1786692297687822110	ServiceH[ServiceK]	ServiceH	3740	12824	25668	4324	42816	87715	103	775548	94052	92418048	24891199	32522240
106	R3	2026-08-14T00:24:57,704577944-0700	1786692297687822110	ServiceB	ServiceB	692	4544	4372	2176	11092	25334	389	775548	94052	92418048	24891199	32522240
106	R3	2026-08-14T00:24:57,704577944-0700	1786692297687822110	ServiceC	ServiceC	676	3948	8576	1540	14064	158585	970	775548	94052	92418048	24891199	32522240
107	R3	2026-08-14T00:25:04,991533359-0700	1786692304972984525	AppProcD	AppProcD	543	29324	40324	6600	76248	393396	582	802864	94052	92418048	24891199	32522240
107	R3	2026-08-14T00:25:04,991533359-0700	1786692304972984525	AppProcC	AppProcC	2671	15348	16576	4560	36484	101484	40	802864	94052	92418048	24891199	32522240
107	R3	2026-08-14T00:25:04,991533359-0700	1786692304972984525	AppProcB	AppProcB	945	10540	12812	5508	28860	117877	1962	802864	94052	92418048	24891199	32522240
107	R3	2026-08-14T00:25:04,991533359-0700	1786692304972984525	ServiceA	ServiceA	3953	3064	4376	2656	10096	375130	166	802864	94052	92418048	24891199	32522240
107	R3	2026-08-14T00:25:04,991533359-0700	1786692304972984525	ServiceD	ServiceD	953	9584	6732	3364	19680	80587	726	802864	94052	92418048	24891199	32522240
107	R3	2026-08-14T00:25:04,991533359-0700	1786692304972984525	ServiceE	ServiceE	545	8772	2120	7800	18692	28191	342	802864	94052	92418048	24891199	32522240
107	R3	2026-08-14T00:25:04,991533359-0700	1786692304972984525	ServiceL	ServiceL	579	6436	2200	1640	10276	28550	1173	802864	94052	92418048	24891199	32522240
107	R3	2026-08-14T00:25:04,991533359-0700	1786692304972984525	ServiceH[ServiceK]	ServiceH	3740	12988	25668	4324	42980	87887	103	802864	94052	92418048	24891199	32522240
107	R3	2026-08-14T00:25:04,991533359-0700	1786692304972984525	ServiceB	ServiceB	692	4396	4440	2176	11012	25774	391	802864	94052	92418048	24891199	32522240
107	R3	2026-08-14T00:25:04,991533359-0700	1786692304972984525	ServiceC	ServiceC	676	3952	8576	1540	14068	162829	970	802864	94052	92418048	24891199	32522240
108	R3	2026-08-14T00:25:08,766439941-0700	1786692308754318358	AppProcD	AppProcD	543	29324	40324	6600	76248	393409	582	801456	94052	92418048	24891199	32522240
108	R3	2026-08-14T00:25:08,766439941-0700	1786692308754318358	AppProcC	AppProcC	2671	15348	16576	4560	36484	101485	40	801456	94052	92418048	24891199	32522240
108	R3	2026-08-14T00:25:08,766439941-0700	1786692308754318358	AppProcB	AppProcB	945	10540	12812	5508	28860	117917	1962	801456	94052	92418048	24891199	32522240
108	R3	2026-08-14T00:25:08,766439941-0700	1786692308754318358	ServiceA	ServiceA	3953	3064	4376	2656	10096	375130	166	801456	94052	92418048	24891199	32522240
108	R3	2026-08-14T00:25:08,766439941-0700	1786692308754318358	ServiceD	ServiceD	953	9584	6728	3364	19676	80772	726	801456	94052	92418048	24891199	32522240
108	R3	2026-08-14T00:25:08,766439941-0700	1786692308754318358	ServiceE	ServiceE	545	8772	2120	7800	18692	28191	342	801456	94052	92418048	24891199	32522240
108	R3	2026-08-14T00:25:08,766439941-0700	1786692308754318358	ServiceL	ServiceL	579	6436	2200	1640	10276	28580	1173	801456	94052	92418048	24891199	32522240
108	R3	2026-08-14T00:25:08,766439941-0700	1786692308754318358	ServiceH[ServiceK]	ServiceH	3740	13180	25668	4324	43172	88078	103	801456	94052	92418048	24891199	32522240
108	R3	2026-08-14T00:25:08,766439941-0700	1786692308754318358	ServiceB	ServiceB	692	4612	4440	2176	11228	25963	391	801456	94052	92418048	24891199	32522240
108	R3	2026-08-14T00:25:08,766439941-0700	1786692308754318358	ServiceC	ServiceC	676	3952	8576	1540	14068	166663	970	801456	94052	92418048	24891199	32522240
109	R3	2026-08-14T00:25:12,397249857-0700	1786692312382636274	AppProcD	AppProcD	543	29324	40324	6600	76248	393462	582	800556	94052	92418048	24891199	32522240
109	R3	2026-08-14T00:25:12,397249857-0700	1786692312382636274	AppProcC	AppProcC	2671	15348	16576	4560	36484	101486	40	800556	94052	92418048	24891199	32522240
109	R3	2026-08-14T00:25:12,397249857-0700	1786692312382636274	AppProcB	AppProcB	945	10540	12812	5508	28860	117957	1962	800556	94052	92418048	24891199	32522240
109	R3	2026-08-14T00:25:12,397249857-0700	1786692312382636274	ServiceA	ServiceA	3953	3064	4376	2656	10096	375130	166	800556	94052	92418048	24891199	32522240
109	R3	2026-08-14T00:25:12,397249857-0700	1786692312382636274	ServiceD	ServiceD	953	9584	6728	3364	19676	80812	726	800556	94052	92418048	24891199	32522240
109	R3	2026-08-14T00:25:12,397249857-0700	1786692312382636274	ServiceE	ServiceE	545	8772	2120	7800	18692	28192	342	800556	94052	92418048	24891199	32522240
109	R3	2026-08-14T00:25:12,397249857-0700	1786692312382636274	ServiceL	ServiceL	579	6436	2200	1640	10276	28580	1173	800556	94052	92418048	24891199	32522240
109	R3	2026-08-14T00:25:12,397249857-0700	1786692312382636274	ServiceH[ServiceK]	ServiceH	3740	12960	25784	4324	43068	90523	103	800556	94052	92418048	24891199	32522240
109	R3	2026-08-14T00:25:12,397249857-0700	1786692312382636274	ServiceB	ServiceB	692	4604	4440	2176	11220	26049	391	800556	94052	92418048	24891199	32522240
109	R3	2026-08-14T00:25:12,397249857-0700	1786692312382636274	ServiceC	ServiceC	676	3952	8576	1540	14068	168409	970	800556	94052	92418048	24891199	32522240
110	R3	2026-08-14T00:25:14,297599107-0700	1786692314291025440	AppProcD	AppProcD	543	29324	40324	6600	76248	393462	582	799344	94052	92418048	24891199	32522240
110	R3	2026-08-14T00:25:14,297599107-0700	1786692314291025440	AppProcC	AppProcC	2671	15348	16576	4560	36484	101486	40	799344	94052	92418048	24891199	32522240
110	R3	2026-08-14T00:25:14,297599107-0700	1786692314291025440	AppProcB	AppProcB	945	10540	12812	5508	28860	117957	1962	799344	94052	92418048	24891199	32522240
110	R3	2026-08-14T00:25:14,297599107-0700	1786692314291025440	ServiceA	ServiceA	3953	3064	4376	2656	10096	375130	166	799344	94052	92418048	24891199	32522240
110	R3	2026-08-14T00:25:14,297599107-0700	1786692314291025440	ServiceD	ServiceD	953	9584	6728	3364	19676	80812	726	799344	94052	92418048	24891199	32522240
110	R3	2026-08-14T00:25:14,297599107-0700	1786692314291025440	ServiceE	ServiceE	545	8772	2120	7800	18692	28192	342	799344	94052	92418048	24891199	32522240
110	R3	2026-08-14T00:25:14,297599107-0700	1786692314291025440	ServiceL	ServiceL	579	6436	2200	1640	10276	28610	1173	799344	94052	92418048	24891199	32522240
110	R3	2026-08-14T00:25:14,297599107-0700	1786692314291025440	ServiceH[ServiceK]	ServiceH	3740	12864	25784	4324	42972	90567	103	799344	94052	92418048	24891199	32522240
110	R3	2026-08-14T00:25:14,297599107-0700	1786692314291025440	ServiceB	ServiceB	692	4604	4440	2176	11220	26049	391	799344	94052	92418048	24891199	32522240
110	R3	2026-08-14T00:25:14,297599107-0700	1786692314291025440	ServiceC	ServiceC	676	3952	8576	1540	14068	168409	970	799344	94052	92418048	24891199	32522240
111	R3	2026-08-14T00:25:15,678307440-0700	1786692315673891190	AppProcD	AppProcD	543	29324	40324	6600	76248	393462	582	797908	94052	92418048	24891199	32522240
111	R3	2026-08-14T00:25:15,678307440-0700	1786692315673891190	AppProcC	AppProcC	2671	15348	16576	4560	36484	101486	40	797908	94052	92418048	24891199	32522240
111	R3	2026-08-14T00:25:15,678307440-0700	1786692315673891190	AppProcB	AppProcB	945	10540	12812	5508	28860	117957	1962	797908	94052	92418048	24891199	32522240
111	R3	2026-08-14T00:25:15,678307440-0700	1786692315673891190	ServiceA	ServiceA	3953	3064	4376	2656	10096	375130	166	797908	94052	92418048	24891199	32522240
111	R3	2026-08-14T00:25:15,678307440-0700	1786692315673891190	ServiceD	ServiceD	953	9584	6728	3364	19676	80812	726	797908	94052	92418048	24891199	32522240
111	R3	2026-08-14T00:25:15,678307440-0700	1786692315673891190	ServiceE	ServiceE	545	8772	2120	7800	18692	28192	342	797908	94052	92418048	24891199	32522240
111	R3	2026-08-14T00:25:15,678307440-0700	1786692315673891190	ServiceL	ServiceL	579	6436	2200	1640	10276	28610	1173	797908	94052	92418048	24891199	32522240
111	R3	2026-08-14T00:25:15,678307440-0700	1786692315673891190	ServiceH[ServiceK]	ServiceH	3740	12864	25784	4324	42972	90567	103	797908	94052	92418048	24891199	32522240
111	R3	2026-08-14T00:25:15,678307440-0700	1786692315673891190	ServiceB	ServiceB	692	4604	4440	2176	11220	26049	391	797908	94052	92418048	24891199	32522240
111	R3	2026-08-14T00:25:15,678307440-0700	1786692315673891190	ServiceC	ServiceC	676	3952	8576	1540	14068	168409	970	797908	94052	92418048	24891199	32522240
112	R3	2026-08-14T00:25:17,016972106-0700	1786692317009500356	AppProcD	AppProcD	543	29324	40324	6600	76248	393463	582	798368	94052	92418048	24891199	32522240
112	R3	2026-08-14T00:25:17,016972106-0700	1786692317009500356	AppProcC	AppProcC	2671	15348	16320	4472	36140	101487	40	798368	94052	92418048	24891199	32522240
112	R3	2026-08-14T00:25:17,016972106-0700	1786692317009500356	AppProcB	AppProcB	945	10540	12812	5508	28860	117997	1962	798368	94052	92418048	24891199	32522240
112	R3	2026-08-14T00:25:17,016972106-0700	1786692317009500356	ServiceA	ServiceA	3953	3024	4332	2656	10012	375130	166	798368	94052	92418048	24891199	32522240
112	R3	2026-08-14T00:25:17,016972106-0700	1786692317009500356	ServiceD	ServiceD	953	9584	6728	3364	19676	80812	726	798368	94052	92418048	24891199	32522240
112	R3	2026-08-14T00:25:17,016972106-0700	1786692317009500356	ServiceE	ServiceE	545	8772	2120	7800	18692	28192	342	798368	94052	92418048	24891199	32522240
112	R3	2026-08-14T00:25:17,016972106-0700	1786692317009500356	ServiceL	ServiceL	579	6436	2200	1640	10276	28610	1173	798368	94052	92418048	24891199	32522240
112	R3	2026-08-14T00:25:17,016972106-0700	1786692317009500356	ServiceH[ServiceK]	ServiceH	3740	12864	25784	4324	42972	90567	103	798368	94052	92418048	24891199	32522240
112	R3	2026-08-14T00:25:17,016972106-0700	1786692317009500356	ServiceB	ServiceB	692	4604	4440	2176	11220	26049	391	798368	94052	92418048	24891199	32522240
112	R3	2026-08-14T00:25:17,016972106-0700	1786692317009500356	ServiceC	ServiceC	676	3952	8568	1540	14060	168838	970	798368	94052	92418048	24891199	32522240
113	R3	2026-08-14T00:25:19,743848522-0700	1786692319739169772	AppProcD	AppProcD	543	29320	40324	6600	76244	394255	582	779020	96868	92893184	25065092	32530432
113	R3	2026-08-14T00:25:19,743848522-0700	1786692319739169772	AppProcC	AppProcC	2671	15008	16164	4416	35588	101562	40	779020	96868	92893184	25065092	32530432
113	R3	2026-08-14T00:25:19,743848522-0700	1786692319739169772	AppProcB	AppProcB	945	10168	12436	5468	28072	118138	1965	779020	96868	92893184	25065092	32530432
113	R3	2026-08-14T00:25:19,743848522-0700	1786692319739169772	ServiceA	ServiceA	3953	3024	4332	2656	10012	375130	166	779020	96868	92893184	25065092	32530432
113	R3	2026-08-14T00:25:19,743848522-0700	1786692319739169772	ServiceD	ServiceD	953	9584	6728	3364	19676	80879	726	779020	96868	92893184	25065092	32530432
113	R3	2026-08-14T00:25:19,743848522-0700	1786692319739169772	ServiceE	ServiceE	545	8772	2120	7800	18692	28192	342	779020	96868	92893184	25065092	32530432
113	R3	2026-08-14T00:25:19,743848522-0700	1786692319739169772	ServiceL	ServiceL	579	6436	2200	1640	10276	28640	1173	779020	96868	92893184	25065092	32530432
113	R3	2026-08-14T00:25:19,743848522-0700	1786692319739169772	ServiceH[ServiceK]	ServiceH	3740	12864	25784	4324	42972	90609	103	779020	96868	92893184	25065092	32530432
113	R3	2026-08-14T00:25:19,743848522-0700	1786692319739169772	ServiceB	ServiceB	692	4436	4144	2176	10756	26066	391	779020	96868	92893184	25065092	32530432
113	R3	2026-08-14T00:25:19,743848522-0700	1786692319739169772	ServiceC	ServiceC	676	3952	8568	1540	14060	168854	970	779020	96868	92893184	25065092	32530432
114	R3	2026-08-14T00:25:21,127149355-0700	1786692321121128105	AppProcD	AppProcD	543	29320	40324	6600	76244	394256	582	776884	96868	92893184	25065092	32530432
114	R3	2026-08-14T00:25:21,127149355-0700	1786692321121128105	AppProcC	AppProcC	2671	15008	16164	4428	35600	101584	40	776884	96868	92893184	25065092	32530432
114	R3	2026-08-14T00:25:21,127149355-0700	1786692321121128105	AppProcB	AppProcB	945	10168	12444	5468	28080	118243	1965	776884	96868	92893184	25065092	32530432
114	R3	2026-08-14T00:25:21,127149355-0700	1786692321121128105	ServiceA	ServiceA	3953	3024	4332	2656	10012	375130	166	776884	96868	92893184	25065092	32530432
114	R3	2026-08-14T00:25:21,127149355-0700	1786692321121128105	ServiceD	ServiceD	953	9584	6728	3364	19676	80879	726	776884	96868	92893184	25065092	32530432
114	R3	2026-08-14T00:25:21,127149355-0700	1786692321121128105	ServiceE	ServiceE	545	8772	2120	7800	18692	28192	342	776884	96868	92893184	25065092	32530432
114	R3	2026-08-14T00:25:21,127149355-0700	1786692321121128105	ServiceL	ServiceL	579	6436	2200	1640	10276	28640	1173	776884	96868	92893184	25065092	32530432
114	R3	2026-08-14T00:25:21,127149355-0700	1786692321121128105	ServiceH[ServiceK]	ServiceH	3740	12864	25784	4324	42972	90609	103	776884	96868	92893184	25065092	32530432
114	R3	2026-08-14T00:25:21,127149355-0700	1786692321121128105	ServiceB	ServiceB	692	4436	4144	2176	10756	26066	391	776884	96868	92893184	25065092	32530432
114	R3	2026-08-14T00:25:21,127149355-0700	1786692321121128105	ServiceC	ServiceC	676	3952	8568	1540	14060	168854	970	776884	96868	92893184	25065092	32530432
115	R3	2026-08-14T00:25:22,856615188-0700	1786692322851202771	AppProcD	AppProcD	543	29324	40324	6600	76248	394984	582	806140	96868	92893184	25065092	32530432
115	R3	2026-08-14T00:25:22,856615188-0700	1786692322851202771	AppProcC	AppProcC	2671	15008	16164	4428	35600	101584	40	806140	96868	92893184	25065092	32530432
115	R3	2026-08-14T00:25:22,856615188-0700	1786692322851202771	AppProcB	AppProcB	945	10180	12444	5468	28092	118326	1966	806140	96868	92893184	25065092	32530432
115	R3	2026-08-14T00:25:22,856615188-0700	1786692322851202771	ServiceA	ServiceA	3953	3024	4332	2656	10012	375130	166	806140	96868	92893184	25065092	32530432
115	R3	2026-08-14T00:25:22,856615188-0700	1786692322851202771	ServiceD	ServiceD	953	9584	6728	3364	19676	80947	726	806140	96868	92893184	25065092	32530432
115	R3	2026-08-14T00:25:22,856615188-0700	1786692322851202771	ServiceE	ServiceE	545	8772	2120	7800	18692	28192	342	806140	96868	92893184	25065092	32530432
115	R3	2026-08-14T00:25:22,856615188-0700	1786692322851202771	ServiceL	ServiceL	579	6436	2200	1640	10276	28641	1173	806140	96868	92893184	25065092	32530432
115	R3	2026-08-14T00:25:22,856615188-0700	1786692322851202771	ServiceH[ServiceK]	ServiceH	3740	12864	25784	4324	42972	90609	103	806140	96868	92893184	25065092	32530432
115	R3	2026-08-14T00:25:22,856615188-0700	1786692322851202771	ServiceB	ServiceB	692	4444	4152	2176	10772	26187	391	806140	96868	92893184	25065092	32530432
115	R3	2026-08-14T00:25:22,856615188-0700	1786692322851202771	ServiceC	ServiceC	676	3952	8568	1540	14060	168987	970	806140	96868	92893184	25065092	32530432
116	R3	2026-08-14T00:25:24,736032854-0700	1786692324710795104	AppProcD	AppProcD	543	29324	40324	6600	76248	394985	582	803760	96868	92893184	25065092	32530432
116	R3	2026-08-14T00:25:24,736032854-0700	1786692324710795104	AppProcC	AppProcC	2671	15008	16164	4428	35600	101584	40	803760	96868	92893184	25065092	32530432
116	R3	2026-08-14T00:25:24,736032854-0700	1786692324710795104	AppProcB	AppProcB	945	10180	12444	5468	28092	118331	1966	803760	96868	92893184	25065092	32530432
116	R3	2026-08-14T00:25:24,736032854-0700	1786692324710795104	ServiceA	ServiceA	3953	3024	4332	2656	10012	375130	166	803760	96868	92893184	25065092	32530432
116	R3	2026-08-14T00:25:24,736032854-0700	1786692324710795104	ServiceD	ServiceD	953	9584	6728	3364	19676	80947	726	803760	96868	92893184	25065092	32530432
116	R3	2026-08-14T00:25:24,736032854-0700	1786692324710795104	ServiceE	ServiceE	545	8772	2120	7800	18692	28192	342	803760	96868	92893184	25065092	32530432
116	R3	2026-08-14T00:25:24,736032854-0700	1786692324710795104	ServiceL	ServiceL	579	6436	2200	1640	10276	28671	1173	803760	96868	92893184	25065092	32530432
116	R3	2026-08-14T00:25:24,736032854-0700	1786692324710795104	ServiceH[ServiceK]	ServiceH	3740	12864	25784	4324	42972	90651	103	803760	96868	92893184	25065092	32530432
116	R3	2026-08-14T00:25:24,736032854-0700	1786692324710795104	ServiceB	ServiceB	692	4444	4148	2176	10768	26187	391	803760	96868	92893184	25065092	32530432
116	R3	2026-08-14T00:25:24,736032854-0700	1786692324710795104	ServiceC	ServiceC	676	3952	8568	1540	14060	168987	970	803760	96868	92893184	25065092	32530432
117	R3	2026-08-14T00:25:26,662575354-0700	1786692326656724770	AppProcD	AppProcD	543	29324	40324	6600	76248	394986	582	802296	96868	92893184	25065092	32530432
117	R3	2026-08-14T00:25:26,662575354-0700	1786692326656724770	AppProcC	AppProcC	2671	15008	16164	4428	35600	101585	40	802296	96868	92893184	25065092	32530432
117	R3	2026-08-14T00:25:26,662575354-0700	1786692326656724770	AppProcB	AppProcB	945	10180	12444	5468	28092	118372	1966	802296	96868	92893184	25065092	32530432
117	R3	2026-08-14T00:25:26,662575354-0700	1786692326656724770	ServiceA	ServiceA	3953	3024	4332	2656	10012	375130	166	802296	96868	92893184	25065092	32530432
117	R3	2026-08-14T00:25:26,662575354-0700	1786692326656724770	ServiceD	ServiceD	953	9584	6728	3364	19676	80947	726	802296	96868	92893184	25065092	32530432
117	R3	2026-08-14T00:25:26,662575354-0700	1786692326656724770	ServiceE	ServiceE	545	8772	2120	7800	18692	28211	342	802296	96868	92893184	25065092	32530432
117	R3	2026-08-14T00:25:26,662575354-0700	1786692326656724770	ServiceL	ServiceL	579	6436	2200	1640	10276	28671	1173	802296	96868	92893184	25065092	32530432
117	R3	2026-08-14T00:25:26,662575354-0700	1786692326656724770	ServiceH[ServiceK]	ServiceH	3740	12864	25784	4324	42972	90651	103	802296	96868	92893184	25065092	32530432
117	R3	2026-08-14T00:25:26,662575354-0700	1786692326656724770	ServiceB	ServiceB	692	4444	4148	2176	10768	26187	391	802296	96868	92893184	25065092	32530432
117	R3	2026-08-14T00:25:26,662575354-0700	1786692326656724770	ServiceC	ServiceC	676	3952	8568	1540	14060	168987	970	802296	96868	92893184	25065092	32530432
118	R3	2026-08-14T00:25:28,057443353-0700	1786692328048334020	AppProcD	AppProcD	543	29324	40324	6600	76248	394988	582	801236	96868	92893184	25065092	32530432
118	R3	2026-08-14T00:25:28,057443353-0700	1786692328048334020	AppProcC	AppProcC	2671	15008	16164	4428	35600	101585	40	801236	96868	92893184	25065092	32530432
118	R3	2026-08-14T00:25:28,057443353-0700	1786692328048334020	AppProcB	AppProcB	945	10180	12444	5468	28092	118372	1966	801236	96868	92893184	25065092	32530432
118	R3	2026-08-14T00:25:28,057443353-0700	1786692328048334020	ServiceA	ServiceA	3953	3024	4332	2656	10012	375130	166	801236	96868	92893184	25065092	32530432
118	R3	2026-08-14T00:25:28,057443353-0700	1786692328048334020	ServiceD	ServiceD	953	9584	6728	3364	19676	80987	726	801236	96868	92893184	25065092	32530432
118	R3	2026-08-14T00:25:28,057443353-0700	1786692328048334020	ServiceE	ServiceE	545	8772	2120	7800	18692	28211	342	801236	96868	92893184	25065092	32530432
118	R3	2026-08-14T00:25:28,057443353-0700	1786692328048334020	ServiceL	ServiceL	579	6436	2200	1640	10276	28701	1173	801236	96868	92893184	25065092	32530432
118	R3	2026-08-14T00:25:28,057443353-0700	1786692328048334020	ServiceH[ServiceK]	ServiceH	3740	12864	25784	4324	42972	90651	103	801236	96868	92893184	25065092	32530432
118	R3	2026-08-14T00:25:28,057443353-0700	1786692328048334020	ServiceB	ServiceB	692	4444	4148	2176	10768	26187	391	801236	96868	92893184	25065092	32530432
118	R3	2026-08-14T00:25:28,057443353-0700	1786692328048334020	ServiceC	ServiceC	676	3952	8568	1540	14060	168987	970	801236	96868	92893184	25065092	32530432
119	R3	2026-08-14T00:25:29,319132353-0700	1786692329312365603	AppProcD	AppProcD	543	29324	40324	6600	76248	394988	582	804056	96868	92893184	25065092	32530432
119	R3	2026-08-14T00:25:29,319132353-0700	1786692329312365603	AppProcC	AppProcC	2671	15008	16164	4428	35600	101585	40	804056	96868	92893184	25065092	32530432
119	R3	2026-08-14T00:25:29,319132353-0700	1786692329312365603	AppProcB	AppProcB	945	10180	12444	5468	28092	118372	1966	804056	96868	92893184	25065092	32530432
119	R3	2026-08-14T00:25:29,319132353-0700	1786692329312365603	ServiceA	ServiceA	3953	3024	4332	2656	10012	375130	166	804056	96868	92893184	25065092	32530432
119	R3	2026-08-14T00:25:29,319132353-0700	1786692329312365603	ServiceD	ServiceD	953	9584	6728	3364	19676	80987	726	804056	96868	92893184	25065092	32530432
119	R3	2026-08-14T00:25:29,319132353-0700	1786692329312365603	ServiceE	ServiceE	545	8772	2120	7800	18692	28211	342	804056	96868	92893184	25065092	32530432
119	R3	2026-08-14T00:25:29,319132353-0700	1786692329312365603	ServiceL	ServiceL	579	6436	2200	1640	10276	28701	1173	804056	96868	92893184	25065092	32530432
119	R3	2026-08-14T00:25:29,319132353-0700	1786692329312365603	ServiceH[ServiceK]	ServiceH	3740	12864	25784	4324	42972	90693	103	804056	96868	92893184	25065092	32530432
119	R3	2026-08-14T00:25:29,319132353-0700	1786692329312365603	ServiceB	ServiceB	692	4444	4148	2176	10768	26187	391	804056	96868	92893184	25065092	32530432
119	R3	2026-08-14T00:25:29,319132353-0700	1786692329312365603	ServiceC	ServiceC	676	3952	8568	1540	14060	168987	970	804056	96868	92893184	25065092	32530432
120	R3	2026-08-14T00:25:30,662732103-0700	1786692330655806186	AppProcD	AppProcD	543	29324	40324	6600	76248	394989	582	801908	96868	92893184	25065092	32530432
120	R3	2026-08-14T00:25:30,662732103-0700	1786692330655806186	AppProcC	AppProcC	2671	15008	16164	4428	35600	101585	40	801908	96868	92893184	25065092	32530432
120	R3	2026-08-14T00:25:30,662732103-0700	1786692330655806186	AppProcB	AppProcB	945	10180	12444	5468	28092	118373	1966	801908	96868	92893184	25065092	32530432
120	R3	2026-08-14T00:25:30,662732103-0700	1786692330655806186	ServiceA	ServiceA	3953	3024	4332	2656	10012	375130	166	801908	96868	92893184	25065092	32530432
120	R3	2026-08-14T00:25:30,662732103-0700	1786692330655806186	ServiceD	ServiceD	953	9584	6728	3364	19676	80987	726	801908	96868	92893184	25065092	32530432
120	R3	2026-08-14T00:25:30,662732103-0700	1786692330655806186	ServiceE	ServiceE	545	8772	2120	7800	18692	28211	342	801908	96868	92893184	25065092	32530432
120	R3	2026-08-14T00:25:30,662732103-0700	1786692330655806186	ServiceL	ServiceL	579	6436	2200	1640	10276	28701	1173	801908	96868	92893184	25065092	32530432
120	R3	2026-08-14T00:25:30,662732103-0700	1786692330655806186	ServiceH[ServiceK]	ServiceH	3740	12864	25784	4324	42972	90693	103	801908	96868	92893184	25065092	32530432
120	R3	2026-08-14T00:25:30,662732103-0700	1786692330655806186	ServiceB	ServiceB	692	4444	4148	2176	10768	26187	391	801908	96868	92893184	25065092	32530432
120	R3	2026-08-14T00:25:30,662732103-0700	1786692330655806186	ServiceC	ServiceC	676	3952	8568	1540	14060	168987	970	801908	96868	92893184	25065092	32530432
121	R3	2026-08-14T00:25:31,951106769-0700	1786692331944939936	AppProcD	AppProcD	543	29324	40324	6600	76248	394989	582	802900	96868	92893184	25065092	32530432
121	R3	2026-08-14T00:25:31,951106769-0700	1786692331944939936	AppProcC	AppProcC	2671	15008	16164	4428	35600	101587	40	802900	96868	92893184	25065092	32530432
121	R3	2026-08-14T00:25:31,951106769-0700	1786692331944939936	AppProcB	AppProcB	945	10180	12444	5468	28092	118413	1966	802900	96868	92893184	25065092	32530432
121	R3	2026-08-14T00:25:31,951106769-0700	1786692331944939936	ServiceA	ServiceA	3953	3024	4332	2656	10012	375130	166	802900	96868	92893184	25065092	32530432
121	R3	2026-08-14T00:25:31,951106769-0700	1786692331944939936	ServiceD	ServiceD	953	9584	6728	3364	19676	80987	726	802900	96868	92893184	25065092	32530432
121	R3	2026-08-14T00:25:31,951106769-0700	1786692331944939936	ServiceE	ServiceE	545	8772	2120	7800	18692	28211	342	802900	96868	92893184	25065092	32530432
121	R3	2026-08-14T00:25:31,951106769-0700	1786692331944939936	ServiceL	ServiceL	579	6436	2200	1640	10276	28701	1173	802900	96868	92893184	25065092	32530432
121	R3	2026-08-14T00:25:31,951106769-0700	1786692331944939936	ServiceH[ServiceK]	ServiceH	3740	12864	25784	4324	42972	90693	103	802900	96868	92893184	25065092	32530432
121	R3	2026-08-14T00:25:31,951106769-0700	1786692331944939936	ServiceB	ServiceB	692	4444	4148	2176	10768	26187	391	802900	96868	92893184	25065092	32530432
121	R3	2026-08-14T00:25:31,951106769-0700	1786692331944939936	ServiceC	ServiceC	676	3952	8568	1540	14060	168987	970	802900	96868	92893184	25065092	32530432
122	R3	2026-08-14T00:25:33,206800852-0700	1786692333201545769	AppProcD	AppProcD	543	29324	40324	6600	76248	394991	582	804344	96868	92893184	25065092	32530432
122	R3	2026-08-14T00:25:33,206800852-0700	1786692333201545769	AppProcC	AppProcC	2671	15008	16164	4428	35600	101587	40	804344	96868	92893184	25065092	32530432
122	R3	2026-08-14T00:25:33,206800852-0700	1786692333201545769	AppProcB	AppProcB	945	10180	12444	5468	28092	118413	1966	804344	96868	92893184	25065092	32530432
122	R3	2026-08-14T00:25:33,206800852-0700	1786692333201545769	ServiceA	ServiceA	3953	3024	4332	2656	10012	375130	166	804344	96868	92893184	25065092	32530432
122	R3	2026-08-14T00:25:33,206800852-0700	1786692333201545769	ServiceD	ServiceD	953	9584	6728	3364	19676	81027	726	804344	96868	92893184	25065092	32530432
122	R3	2026-08-14T00:25:33,206800852-0700	1786692333201545769	ServiceE	ServiceE	545	8772	2120	7800	18692	28211	342	804344	96868	92893184	25065092	32530432
122	R3	2026-08-14T00:25:33,206800852-0700	1786692333201545769	ServiceL	ServiceL	579	6436	2200	1640	10276	28701	1173	804344	96868	92893184	25065092	32530432
122	R3	2026-08-14T00:25:33,206800852-0700	1786692333201545769	ServiceH[ServiceK]	ServiceH	3740	12864	25784	4324	42972	90693	103	804344	96868	92893184	25065092	32530432
122	R3	2026-08-14T00:25:33,206800852-0700	1786692333201545769	ServiceB	ServiceB	692	4444	4148	2176	10768	26187	391	804344	96868	92893184	25065092	32530432
122	R3	2026-08-14T00:25:33,206800852-0700	1786692333201545769	ServiceC	ServiceC	676	3952	8568	1540	14060	168987	970	804344	96868	92893184	25065092	32530432
123	R3	2026-08-14T00:25:34,558294685-0700	1786692334548497018	AppProcD	AppProcD	543	29324	40324	6600	76248	394993	582	808172	96868	92893184	25065092	32530432
123	R3	2026-08-14T00:25:34,558294685-0700	1786692334548497018	AppProcC	AppProcC	2671	15008	16164	4428	35600	101587	40	808172	96868	92893184	25065092	32530432
123	R3	2026-08-14T00:25:34,558294685-0700	1786692334548497018	AppProcB	AppProcB	945	10180	12444	5468	28092	118413	1966	808172	96868	92893184	25065092	32530432
123	R3	2026-08-14T00:25:34,558294685-0700	1786692334548497018	ServiceA	ServiceA	3953	3024	4332	2656	10012	375130	166	808172	96868	92893184	25065092	32530432
123	R3	2026-08-14T00:25:34,558294685-0700	1786692334548497018	ServiceD	ServiceD	953	9584	6728	3364	19676	81027	726	808172	96868	92893184	25065092	32530432
123	R3	2026-08-14T00:25:34,558294685-0700	1786692334548497018	ServiceE	ServiceE	545	8772	2120	7800	18692	28211	342	808172	96868	92893184	25065092	32530432
123	R3	2026-08-14T00:25:34,558294685-0700	1786692334548497018	ServiceL	ServiceL	579	6436	2200	1640	10276	28731	1173	808172	96868	92893184	25065092	32530432
123	R3	2026-08-14T00:25:34,558294685-0700	1786692334548497018	ServiceH[ServiceK]	ServiceH	3740	12864	25784	4324	42972	90735	103	808172	96868	92893184	25065092	32530432
123	R3	2026-08-14T00:25:34,558294685-0700	1786692334548497018	ServiceB	ServiceB	692	3932	4148	2176	10256	26189	391	808172	96868	92893184	25065092	32530432
123	R3	2026-08-14T00:25:34,558294685-0700	1786692334548497018	ServiceC	ServiceC	676	3952	8568	1540	14060	168987	970	808172	96868	92893184	25065092	32530432
124	R3	2026-08-14T00:25:35,834109435-0700	1786692335826731518	AppProcD	AppProcD	543	29324	40324	6600	76248	394993	582	807152	96868	92893184	25065092	32530432
124	R3	2026-08-14T00:25:35,834109435-0700	1786692335826731518	AppProcC	AppProcC	2671	15008	16164	4428	35600	101587	40	807152	96868	92893184	25065092	32530432
124	R3	2026-08-14T00:25:35,834109435-0700	1786692335826731518	AppProcB	AppProcB	945	10180	12444	5468	28092	118413	1966	807152	96868	92893184	25065092	32530432
124	R3	2026-08-14T00:25:35,834109435-0700	1786692335826731518	ServiceA	ServiceA	3953	3024	4332	2656	10012	375130	166	807152	96868	92893184	25065092	32530432
124	R3	2026-08-14T00:25:35,834109435-0700	1786692335826731518	ServiceD	ServiceD	953	9584	6728	3364	19676	81027	726	807152	96868	92893184	25065092	32530432
124	R3	2026-08-14T00:25:35,834109435-0700	1786692335826731518	ServiceE	ServiceE	545	8772	2120	7800	18692	28211	342	807152	96868	92893184	25065092	32530432
124	R3	2026-08-14T00:25:35,834109435-0700	1786692335826731518	ServiceL	ServiceL	579	6436	2200	1640	10276	28731	1173	807152	96868	92893184	25065092	32530432
124	R3	2026-08-14T00:25:35,834109435-0700	1786692335826731518	ServiceH[ServiceK]	ServiceH	3740	12864	25784	4324	42972	90735	103	807152	96868	92893184	25065092	32530432
124	R3	2026-08-14T00:25:35,834109435-0700	1786692335826731518	ServiceB	ServiceB	692	3932	4148	2176	10256	26189	391	807152	96868	92893184	25065092	32530432
124	R3	2026-08-14T00:25:35,834109435-0700	1786692335826731518	ServiceC	ServiceC	676	3952	8568	1540	14060	168987	970	807152	96868	92893184	25065092	32530432
125	R3	2026-08-14T00:25:37,093238518-0700	1786692337088594518	AppProcD	AppProcD	543	29288	40324	6600	76212	394995	582	806820	96868	92893184	25065092	32530432
125	R3	2026-08-14T00:25:37,093238518-0700	1786692337088594518	AppProcC	AppProcC	2671	15008	16164	4428	35600	101588	40	806820	96868	92893184	25065092	32530432
125	R3	2026-08-14T00:25:37,093238518-0700	1786692337088594518	AppProcB	AppProcB	945	10180	12444	5468	28092	118453	1966	806820	96868	92893184	25065092	32530432
125	R3	2026-08-14T00:25:37,093238518-0700	1786692337088594518	ServiceA	ServiceA	3953	3024	4332	2656	10012	375130	166	806820	96868	92893184	25065092	32530432
125	R3	2026-08-14T00:25:37,093238518-0700	1786692337088594518	ServiceD	ServiceD	953	9584	6728	3364	19676	81067	726	806820	96868	92893184	25065092	32530432
125	R3	2026-08-14T00:25:37,093238518-0700	1786692337088594518	ServiceE	ServiceE	545	8772	2120	7800	18692	28211	342	806820	96868	92893184	25065092	32530432
125	R3	2026-08-14T00:25:37,093238518-0700	1786692337088594518	ServiceL	ServiceL	579	6436	2200	1640	10276	28731	1173	806820	96868	92893184	25065092	32530432
125	R3	2026-08-14T00:25:37,093238518-0700	1786692337088594518	ServiceH[ServiceK]	ServiceH	3740	12864	25784	4324	42972	90735	103	806820	96868	92893184	25065092	32530432
125	R3	2026-08-14T00:25:37,093238518-0700	1786692337088594518	ServiceB	ServiceB	692	3932	4148	2176	10256	26189	391	806820	96868	92893184	25065092	32530432
125	R3	2026-08-14T00:25:37,093238518-0700	1786692337088594518	ServiceC	ServiceC	676	3952	8568	1540	14060	168987	970	806820	96868	92893184	25065092	32530432
126	R3	2026-08-14T00:25:38,344657101-0700	1786692338340317267	AppProcD	AppProcD	543	29288	40324	6600	76212	394997	582	806900	96868	92893184	25065092	32530432
126	R3	2026-08-14T00:25:38,344657101-0700	1786692338340317267	AppProcC	AppProcC	2671	15008	16164	4428	35600	101588	40	806900	96868	92893184	25065092	32530432
126	R3	2026-08-14T00:25:38,344657101-0700	1786692338340317267	AppProcB	AppProcB	945	10180	12444	5468	28092	118453	1966	806900	96868	92893184	25065092	32530432
126	R3	2026-08-14T00:25:38,344657101-0700	1786692338340317267	ServiceA	ServiceA	3953	3024	4332	2656	10012	375130	166	806900	96868	92893184	25065092	32530432
126	R3	2026-08-14T00:25:38,344657101-0700	1786692338340317267	ServiceD	ServiceD	953	9584	6728	3364	19676	81067	726	806900	96868	92893184	25065092	32530432
126	R3	2026-08-14T00:25:38,344657101-0700	1786692338340317267	ServiceE	ServiceE	545	8772	2120	7800	18692	28211	342	806900	96868	92893184	25065092	32530432
126	R3	2026-08-14T00:25:38,344657101-0700	1786692338340317267	ServiceL	ServiceL	579	6436	2200	1640	10276	28761	1173	806900	96868	92893184	25065092	32530432
126	R3	2026-08-14T00:25:38,344657101-0700	1786692338340317267	ServiceH[ServiceK]	ServiceH	3740	12864	25784	4324	42972	90735	103	806900	96868	92893184	25065092	32530432
126	R3	2026-08-14T00:25:38,344657101-0700	1786692338340317267	ServiceB	ServiceB	692	3932	4148	2176	10256	26189	391	806900	96868	92893184	25065092	32530432
126	R3	2026-08-14T00:25:38,344657101-0700	1786692338340317267	ServiceC	ServiceC	676	3952	8568	1540	14060	168987	970	806900	96868	92893184	25065092	32530432
127	R3	2026-08-14T00:25:39,644125350-0700	1786692339639099600	AppProcD	AppProcD	543	29288	40324	6600	76212	394997	582	807420	96868	92893184	25065092	32530432
127	R3	2026-08-14T00:25:39,644125350-0700	1786692339639099600	AppProcC	AppProcC	2671	15008	16164	4428	35600	101588	40	807420	96868	92893184	25065092	32530432
127	R3	2026-08-14T00:25:39,644125350-0700	1786692339639099600	AppProcB	AppProcB	945	10180	12444	5468	28092	118453	1966	807420	96868	92893184	25065092	32530432
127	R3	2026-08-14T00:25:39,644125350-0700	1786692339639099600	ServiceA	ServiceA	3953	3024	4332	2656	10012	375130	166	807420	96868	92893184	25065092	32530432
127	R3	2026-08-14T00:25:39,644125350-0700	1786692339639099600	ServiceD	ServiceD	953	9584	6728	3364	19676	81067	726	807420	96868	92893184	25065092	32530432
127	R3	2026-08-14T00:25:39,644125350-0700	1786692339639099600	ServiceE	ServiceE	545	8772	2120	7800	18692	28211	342	807420	96868	92893184	25065092	32530432
127	R3	2026-08-14T00:25:39,644125350-0700	1786692339639099600	ServiceL	ServiceL	579	6436	2200	1640	10276	28761	1173	807420	96868	92893184	25065092	32530432
127	R3	2026-08-14T00:25:39,644125350-0700	1786692339639099600	ServiceH[ServiceK]	ServiceH	3740	12864	25784	4324	42972	90775	103	807420	96868	92893184	25065092	32530432
127	R3	2026-08-14T00:25:39,644125350-0700	1786692339639099600	ServiceB	ServiceB	692	3932	4148	2176	10256	26189	391	807420	96868	92893184	25065092	32530432
127	R3	2026-08-14T00:25:39,644125350-0700	1786692339639099600	ServiceC	ServiceC	676	3952	8568	1540	14060	168987	970	807420	96868	92893184	25065092	32530432
128	R3	2026-08-14T00:25:40,986676767-0700	1786692340979859433	AppProcD	AppProcD	543	29288	40324	6600	76212	394997	582	811640	96868	92893184	25065092	32530432
128	R3	2026-08-14T00:25:40,986676767-0700	1786692340979859433	AppProcC	AppProcC	2671	15008	16164	4428	35600	101588	40	811640	96868	92893184	25065092	32530432
128	R3	2026-08-14T00:25:40,986676767-0700	1786692340979859433	AppProcB	AppProcB	945	10180	12444	5468	28092	118493	1966	811640	96868	92893184	25065092	32530432
128	R3	2026-08-14T00:25:40,986676767-0700	1786692340979859433	ServiceA	ServiceA	3953	3024	4332	2656	10012	375130	166	811640	96868	92893184	25065092	32530432
128	R3	2026-08-14T00:25:40,986676767-0700	1786692340979859433	ServiceD	ServiceD	953	9584	6728	3364	19676	81067	726	811640	96868	92893184	25065092	32530432
128	R3	2026-08-14T00:25:40,986676767-0700	1786692340979859433	ServiceE	ServiceE	545	8772	2120	7800	18692	28211	342	811640	96868	92893184	25065092	32530432
128	R3	2026-08-14T00:25:40,986676767-0700	1786692340979859433	ServiceL	ServiceL	579	6436	2200	1640	10276	28761	1173	811640	96868	92893184	25065092	32530432
128	R3	2026-08-14T00:25:40,986676767-0700	1786692340979859433	ServiceH[ServiceK]	ServiceH	3740	12864	25784	4324	42972	90775	103	811640	96868	92893184	25065092	32530432
128	R3	2026-08-14T00:25:40,986676767-0700	1786692340979859433	ServiceB	ServiceB	692	3932	4148	2176	10256	26189	391	811640	96868	92893184	25065092	32530432
128	R3	2026-08-14T00:25:40,986676767-0700	1786692340979859433	ServiceC	ServiceC	676	3952	8568	1540	14060	168987	970	811640	96868	92893184	25065092	32530432
129	R3	2026-08-14T00:25:42,309551600-0700	1786692342304688516	AppProcD	AppProcD	543	29288	40324	6600	76212	394997	582	809852	96868	92893184	25065092	32530432
129	R3	2026-08-14T00:25:42,309551600-0700	1786692342304688516	AppProcC	AppProcC	2671	15008	16164	4428	35600	101589	40	809852	96868	92893184	25065092	32530432
129	R3	2026-08-14T00:25:42,309551600-0700	1786692342304688516	AppProcB	AppProcB	945	10180	12444	5468	28092	118493	1966	809852	96868	92893184	25065092	32530432
129	R3	2026-08-14T00:25:42,309551600-0700	1786692342304688516	ServiceA	ServiceA	3953	3024	4332	2656	10012	375130	166	809852	96868	92893184	25065092	32530432
129	R3	2026-08-14T00:25:42,309551600-0700	1786692342304688516	ServiceD	ServiceD	953	9584	6728	3364	19676	81107	726	809852	96868	92893184	25065092	32530432
129	R3	2026-08-14T00:25:42,309551600-0700	1786692342304688516	ServiceE	ServiceE	545	8772	2120	7800	18692	28211	342	809852	96868	92893184	25065092	32530432
129	R3	2026-08-14T00:25:42,309551600-0700	1786692342304688516	ServiceL	ServiceL	579	6436	2200	1640	10276	28761	1173	809852	96868	92893184	25065092	32530432
129	R3	2026-08-14T00:25:42,309551600-0700	1786692342304688516	ServiceH[ServiceK]	ServiceH	3740	12864	25784	4324	42972	90775	103	809852	96868	92893184	25065092	32530432
129	R3	2026-08-14T00:25:42,309551600-0700	1786692342304688516	ServiceB	ServiceB	692	3932	4148	2176	10256	26189	391	809852	96868	92893184	25065092	32530432
129	R3	2026-08-14T00:25:42,309551600-0700	1786692342304688516	ServiceC	ServiceC	676	3952	8568	1540	14060	168987	970	809852	96868	92893184	25065092	32530432
130	R3	2026-08-14T00:25:43,582795433-0700	1786692343576921683	AppProcD	AppProcD	543	29288	40324	6600	76212	394999	582	810848	96868	92893184	25065092	32530432
130	R3	2026-08-14T00:25:43,582795433-0700	1786692343576921683	AppProcC	AppProcC	2671	15008	16164	4428	35600	101589	40	810848	96868	92893184	25065092	32530432
130	R3	2026-08-14T00:25:43,582795433-0700	1786692343576921683	AppProcB	AppProcB	945	10180	12444	5468	28092	118493	1966	810848	96868	92893184	25065092	32530432
130	R3	2026-08-14T00:25:43,582795433-0700	1786692343576921683	ServiceA	ServiceA	3953	3024	4332	2656	10012	375130	166	810848	96868	92893184	25065092	32530432
130	R3	2026-08-14T00:25:43,582795433-0700	1786692343576921683	ServiceD	ServiceD	953	9584	6728	3364	19676	81107	726	810848	96868	92893184	25065092	32530432
130	R3	2026-08-14T00:25:43,582795433-0700	1786692343576921683	ServiceE	ServiceE	545	8772	2120	7800	18692	28211	342	810848	96868	92893184	25065092	32530432
130	R3	2026-08-14T00:25:43,582795433-0700	1786692343576921683	ServiceL	ServiceL	579	6436	2200	1640	10276	28791	1173	810848	96868	92893184	25065092	32530432
130	R3	2026-08-14T00:25:43,582795433-0700	1786692343576921683	ServiceH[ServiceK]	ServiceH	3740	12864	25784	4324	42972	90775	103	810848	96868	92893184	25065092	32530432
130	R3	2026-08-14T00:25:43,582795433-0700	1786692343576921683	ServiceB	ServiceB	692	3932	4148	2176	10256	26189	391	810848	96868	92893184	25065092	32530432
130	R3	2026-08-14T00:25:43,582795433-0700	1786692343576921683	ServiceC	ServiceC	676	3952	8568	1540	14060	168987	970	810848	96868	92893184	25065092	32530432
131	R3	2026-08-14T00:25:44,911690599-0700	1786692344906937849	AppProcD	AppProcD	543	29288	40324	6600	76212	394999	582	811436	96868	92893184	25065092	32530432
131	R3	2026-08-14T00:25:44,911690599-0700	1786692344906937849	AppProcC	AppProcC	2671	15008	16164	4428	35600	101589	40	811436	96868	92893184	25065092	32530432
131	R3	2026-08-14T00:25:44,911690599-0700	1786692344906937849	AppProcB	AppProcB	945	10180	12444	5468	28092	118493	1966	811436	96868	92893184	25065092	32530432
131	R3	2026-08-14T00:25:44,911690599-0700	1786692344906937849	ServiceA	ServiceA	3953	3024	4332	2656	10012	375130	166	811436	96868	92893184	25065092	32530432
131	R3	2026-08-14T00:25:44,911690599-0700	1786692344906937849	ServiceD	ServiceD	953	9584	6728	3364	19676	81107	726	811436	96868	92893184	25065092	32530432
131	R3	2026-08-14T00:25:44,911690599-0700	1786692344906937849	ServiceE	ServiceE	545	8772	2120	7800	18692	28211	342	811436	96868	92893184	25065092	32530432
131	R3	2026-08-14T00:25:44,911690599-0700	1786692344906937849	ServiceL	ServiceL	579	6436	2200	1640	10276	28791	1173	811436	96868	92893184	25065092	32530432
131	R3	2026-08-14T00:25:44,911690599-0700	1786692344906937849	ServiceH[ServiceK]	ServiceH	3740	12864	25784	4324	42972	90815	103	811436	96868	92893184	25065092	32530432
131	R3	2026-08-14T00:25:44,911690599-0700	1786692344906937849	ServiceB	ServiceB	692	3932	4148	2176	10256	26189	391	811436	96868	92893184	25065092	32530432
131	R3	2026-08-14T00:25:44,911690599-0700	1786692344906937849	ServiceC	ServiceC	676	3952	8568	1540	14060	168987	970	811436	96868	92893184	25065092	32530432
132	R3	2026-08-14T00:25:46,775401932-0700	1786692346770118515	AppProcD	AppProcD	543	29288	40324	6600	76212	394999	582	810972	96868	92893184	25065092	32530432
132	R3	2026-08-14T00:25:46,775401932-0700	1786692346770118515	AppProcC	AppProcC	2671	15008	16164	4428	35600	101590	40	810972	96868	92893184	25065092	32530432
132	R3	2026-08-14T00:25:46,775401932-0700	1786692346770118515	AppProcB	AppProcB	945	10180	12444	5468	28092	118533	1966	810972	96868	92893184	25065092	32530432
132	R3	2026-08-14T00:25:46,775401932-0700	1786692346770118515	ServiceA	ServiceA	3953	3024	4332	2656	10012	375130	166	810972	96868	92893184	25065092	32530432
132	R3	2026-08-14T00:25:46,775401932-0700	1786692346770118515	ServiceD	ServiceD	953	9584	6728	3364	19676	81107	726	810972	96868	92893184	25065092	32530432
132	R3	2026-08-14T00:25:46,775401932-0700	1786692346770118515	ServiceE	ServiceE	545	8772	2120	7800	18692	28211	342	810972	96868	92893184	25065092	32530432
132	R3	2026-08-14T00:25:46,775401932-0700	1786692346770118515	ServiceL	ServiceL	579	6436	2200	1640	10276	28791	1173	810972	96868	92893184	25065092	32530432
132	R3	2026-08-14T00:25:46,775401932-0700	1786692346770118515	ServiceH[ServiceK]	ServiceH	3740	12864	25784	4324	42972	90815	103	810972	96868	92893184	25065092	32530432
132	R3	2026-08-14T00:25:46,775401932-0700	1786692346770118515	ServiceB	ServiceB	692	3932	4148	2176	10256	26189	391	810972	96868	92893184	25065092	32530432
132	R3	2026-08-14T00:25:46,775401932-0700	1786692346770118515	ServiceC	ServiceC	676	3952	8568	1540	14060	168987	970	810972	96868	92893184	25065092	32530432
133	R3	2026-08-14T00:25:48,776757515-0700	1786692348771742515	AppProcD	AppProcD	543	29288	40324	6600	76212	395001	582	811024	96868	92893184	25065092	32530432
133	R3	2026-08-14T00:25:48,776757515-0700	1786692348771742515	AppProcC	AppProcC	2671	15008	16164	4428	35600	101590	40	811024	96868	92893184	25065092	32530432
133	R3	2026-08-14T00:25:48,776757515-0700	1786692348771742515	AppProcB	AppProcB	945	10180	12444	5468	28092	118533	1966	811024	96868	92893184	25065092	32530432
133	R3	2026-08-14T00:25:48,776757515-0700	1786692348771742515	ServiceA	ServiceA	3953	3024	4332	2656	10012	375130	166	811024	96868	92893184	25065092	32530432
133	R3	2026-08-14T00:25:48,776757515-0700	1786692348771742515	ServiceD	ServiceD	953	9584	6728	3364	19676	81147	726	811024	96868	92893184	25065092	32530432
133	R3	2026-08-14T00:25:48,776757515-0700	1786692348771742515	ServiceE	ServiceE	545	8772	2120	7800	18692	28211	342	811024	96868	92893184	25065092	32530432
133	R3	2026-08-14T00:25:48,776757515-0700	1786692348771742515	ServiceL	ServiceL	579	6436	2200	1640	10276	28821	1173	811024	96868	92893184	25065092	32530432
133	R3	2026-08-14T00:25:48,776757515-0700	1786692348771742515	ServiceH[ServiceK]	ServiceH	3740	12864	25784	4324	42972	90815	103	811024	96868	92893184	25065092	32530432
133	R3	2026-08-14T00:25:48,776757515-0700	1786692348771742515	ServiceB	ServiceB	692	3932	4148	2176	10256	26189	391	811024	96868	92893184	25065092	32530432
133	R3	2026-08-14T00:25:48,776757515-0700	1786692348771742515	ServiceC	ServiceC	676	3952	8568	1540	14060	168987	970	811024	96868	92893184	25065092	32530432
134	R3	2026-08-14T00:25:50,775453598-0700	1786692350771022931	AppProcD	AppProcD	543	29288	40324	6600	76212	395001	582	809444	96868	92893184	25065092	32530432
134	R3	2026-08-14T00:25:50,775453598-0700	1786692350771022931	AppProcC	AppProcC	2671	15008	16164	4428	35600	101590	40	809444	96868	92893184	25065092	32530432
134	R3	2026-08-14T00:25:50,775453598-0700	1786692350771022931	AppProcB	AppProcB	945	10180	12444	5468	28092	118580	1966	809444	96868	92893184	25065092	32530432
134	R3	2026-08-14T00:25:50,775453598-0700	1786692350771022931	ServiceA	ServiceA	3953	3024	4332	2656	10012	375130	166	809444	96868	92893184	25065092	32530432
134	R3	2026-08-14T00:25:50,775453598-0700	1786692350771022931	ServiceD	ServiceD	953	9584	6728	3364	19676	81147	726	809444	96868	92893184	25065092	32530432
134	R3	2026-08-14T00:25:50,775453598-0700	1786692350771022931	ServiceE	ServiceE	545	8772	2120	7800	18692	28211	342	809444	96868	92893184	25065092	32530432
134	R3	2026-08-14T00:25:50,775453598-0700	1786692350771022931	ServiceL	ServiceL	579	6436	2200	1640	10276	28821	1173	809444	96868	92893184	25065092	32530432
134	R3	2026-08-14T00:25:50,775453598-0700	1786692350771022931	ServiceH[ServiceK]	ServiceH	3740	12864	25784	4324	42972	90855	103	809444	96868	92893184	25065092	32530432
134	R3	2026-08-14T00:25:50,775453598-0700	1786692350771022931	ServiceB	ServiceB	692	3932	4148	2176	10256	26189	391	809444	96868	92893184	25065092	32530432
134	R3	2026-08-14T00:25:50,775453598-0700	1786692350771022931	ServiceC	ServiceC	676	3952	8568	1540	14060	168987	970	809444	96868	92893184	25065092	32530432
135	R4	2026-08-14T00:25:52,784792597-0700	1786692352775687681	AppProcD	AppProcD	543	29276	40332	6380	75988	395133	582	809912	96868	92893184	25065092	32530432
135	R4	2026-08-14T00:25:52,784792597-0700	1786692352775687681	AppProcC	AppProcC	2671	14996	16164	4428	35588	101591	40	809912	96868	92893184	25065092	32530432
135	R4	2026-08-14T00:25:52,784792597-0700	1786692352775687681	AppProcB	AppProcB	945	10192	12448	5468	28108	118616	1966	809912	96868	92893184	25065092	32530432
135	R4	2026-08-14T00:25:52,784792597-0700	1786692352775687681	ServiceA	ServiceA	3953	4608	4844	2656	12108	376004	166	809912	96868	92893184	25065092	32530432
135	R4	2026-08-14T00:25:52,784792597-0700	1786692352775687681	ServiceD	ServiceD	953	9584	6728	3364	19676	81247	726	809912	96868	92893184	25065092	32530432
135	R4	2026-08-14T00:25:52,784792597-0700	1786692352775687681	ServiceE	ServiceE	545	8772	2120	7800	18692	28224	342	809912	96868	92893184	25065092	32530432
135	R4	2026-08-14T00:25:52,784792597-0700	1786692352775687681	ServiceL	ServiceL	579	6436	2204	1640	10280	28863	1173	809912	96868	92893184	25065092	32530432
135	R4	2026-08-14T00:25:52,784792597-0700	1786692352775687681	ServiceH[ServiceK]	ServiceH	3740	13368	25592	4324	43284	91027	103	809912	96868	92893184	25065092	32530432
135	R4	2026-08-14T00:25:52,784792597-0700	1786692352775687681	ServiceB	ServiceB	692	4276	4160	2176	10612	27353	410	809912	96868	92893184	25065092	32530432
135	R4	2026-08-14T00:25:52,784792597-0700	1786692352775687681	ServiceC	ServiceC	676	3952	8580	1540	14072	170164	970	809912	96868	92893184	25065092	32530432
136	R4	2026-08-14T00:25:57,208221430-0700	1786692357189802596	AppProcD	AppProcD	543	29252	40340	6600	76192	395822	582	773588	96356	92385280	24930601	32493568
136	R4	2026-08-14T00:25:57,208221430-0700	1786692357189802596	AppProcC	AppProcC	2671	15008	16164	4428	35600	101592	40	773588	96356	92385280	24930601	32493568
136	R4	2026-08-14T00:25:57,208221430-0700	1786692357189802596	AppProcB	AppProcB	945	10200	12472	5468	28140	118660	1966	773588	96356	92385280	24930601	32493568
136	R4	2026-08-14T00:25:57,208221430-0700	1786692357189802596	ServiceA	ServiceA	3953	11484	8460	2684	22628	384715	166	773588	96356	92385280	24930601	32493568
136	R4	2026-08-14T00:25:57,208221430-0700	1786692357189802596	ServiceD	ServiceD	953	9600	6728	3364	19692	81515	729	773588	96356	92385280	24930601	32493568
136	R4	2026-08-14T00:25:57,208221430-0700	1786692357189802596	ServiceE	ServiceE	545	8772	2120	7800	18692	28242	342	773588	96356	92385280	24930601	32493568
136	R4	2026-08-14T00:25:57,208221430-0700	1786692357189802596	ServiceL	ServiceL	579	6448	2200	1640	10288	29508	1173	773588	96356	92385280	24930601	32493568
136	R4	2026-08-14T00:25:57,208221430-0700	1786692357189802596	ServiceH[ServiceK]	ServiceH	3740	13368	25592	4324	43284	92444	103	773588	96356	92385280	24930601	32493568
136	R4	2026-08-14T00:25:57,208221430-0700	1786692357189802596	ServiceB	ServiceB	692	4276	4160	2176	10612	27354	410	773588	96356	92385280	24930601	32493568
136	R4	2026-08-14T00:25:57,208221430-0700	1786692357189802596	ServiceC	ServiceC	676	3960	8580	1540	14080	177434	970	773588	96356	92385280	24930601	32493568
137	R4	2026-08-14T00:26:03,631488345-0700	1786692363609957678	AppProcD	AppProcD	543	29204	40340	6600	76144	398768	582	802272	96356	92385280	24930601	32493568
137	R4	2026-08-14T00:26:03,631488345-0700	1786692363609957678	AppProcC	AppProcC	2671	15008	16164	4428	35600	101593	40	802272	96356	92385280	24930601	32493568
137	R4	2026-08-14T00:26:03,631488345-0700	1786692363609957678	AppProcB	AppProcB	945	10200	12472	5468	28140	118839	1966	802272	96356	92385280	24930601	32493568
137	R4	2026-08-14T00:26:03,631488345-0700	1786692363609957678	ServiceA	ServiceA	3953	3084	4416	2656	10156	386124	166	802272	96356	92385280	24930601	32493568
137	R4	2026-08-14T00:26:03,631488345-0700	1786692363609957678	ServiceD	ServiceD	953	9604	6728	3364	19696	82244	730	802272	96356	92385280	24930601	32493568
137	R4	2026-08-14T00:26:03,631488345-0700	1786692363609957678	ServiceE	ServiceE	545	8772	2120	7800	18692	28242	342	802272	96356	92385280	24930601	32493568
137	R4	2026-08-14T00:26:03,631488345-0700	1786692363609957678	ServiceL	ServiceL	579	6436	2200	1640	10276	29605	1173	802272	96356	92385280	24930601	32493568
137	R4	2026-08-14T00:26:03,631488345-0700	1786692363609957678	ServiceH[ServiceK]	ServiceH	3740	13368	25596	4324	43288	92533	103	802272	96356	92385280	24930601	32493568
137	R4	2026-08-14T00:26:03,631488345-0700	1786692363609957678	ServiceB	ServiceB	692	4156	4260	2176	10592	27631	412	802272	96356	92385280	24930601	32493568
137	R4	2026-08-14T00:26:03,631488345-0700	1786692363609957678	ServiceC	ServiceC	676	3960	8580	1540	14080	180295	970	802272	96356	92385280	24930601	32493568
138	R4	2026-08-14T00:26:07,031296427-0700	1786692367014719427	AppProcD	AppProcD	543	29188	40340	6600	76128	398816	582	802964	96356	92385280	24930601	32493568
138	R4	2026-08-14T00:26:07,031296427-0700	1786692367014719427	AppProcC	AppProcC	2671	15008	16164	4428	35600	101594	40	802964	96356	92385280	24930601	32493568
138	R4	2026-08-14T00:26:07,031296427-0700	1786692367014719427	AppProcB	AppProcB	945	10200	12472	5468	28140	118881	1966	802964	96356	92385280	24930601	32493568
138	R4	2026-08-14T00:26:07,031296427-0700	1786692367014719427	ServiceA	ServiceA	3953	3084	4416	2656	10156	386124	166	802964	96356	92385280	24930601	32493568
138	R4	2026-08-14T00:26:07,031296427-0700	1786692367014719427	ServiceD	ServiceD	953	9604	6728	3364	19696	82483	730	802964	96356	92385280	24930601	32493568
138	R4	2026-08-14T00:26:07,031296427-0700	1786692367014719427	ServiceE	ServiceE	545	8772	2120	7800	18692	28242	342	802964	96356	92385280	24930601	32493568
138	R4	2026-08-14T00:26:07,031296427-0700	1786692367014719427	ServiceL	ServiceL	579	6436	2200	1640	10276	29605	1173	802964	96356	92385280	24930601	32493568
138	R4	2026-08-14T00:26:07,031296427-0700	1786692367014719427	ServiceH[ServiceK]	ServiceH	3740	13368	25596	4324	43288	92539	103	802964	96356	92385280	24930601	32493568
138	R4	2026-08-14T00:26:07,031296427-0700	1786692367014719427	ServiceB	ServiceB	692	4152	4268	2176	10596	27713	412	802964	96356	92385280	24930601	32493568
138	R4	2026-08-14T00:26:07,031296427-0700	1786692367014719427	ServiceC	ServiceC	676	3960	8580	1540	14080	184404	970	802964	96356	92385280	24930601	32493568
139	R4	2026-08-14T00:26:10,326415010-0700	1786692370310894260	AppProcD	AppProcD	543	29188	40340	6600	76128	398818	582	802600	96356	92385280	24930601	32493568
139	R4	2026-08-14T00:26:10,326415010-0700	1786692370310894260	AppProcC	AppProcC	2671	15008	16164	4428	35600	101605	41	802600	96356	92385280	24930601	32493568
139	R4	2026-08-14T00:26:10,326415010-0700	1786692370310894260	AppProcB	AppProcB	945	10200	12472	5468	28140	118881	1966	802600	96356	92385280	24930601	32493568
139	R4	2026-08-14T00:26:10,326415010-0700	1786692370310894260	ServiceA	ServiceA	3953	3084	4416	2656	10156	386124	166	802600	96356	92385280	24930601	32493568
139	R4	2026-08-14T00:26:10,326415010-0700	1786692370310894260	ServiceD	ServiceD	953	9604	6728	3364	19696	82483	730	802600	96356	92385280	24930601	32493568
139	R4	2026-08-14T00:26:10,326415010-0700	1786692370310894260	ServiceE	ServiceE	545	8772	2120	7800	18692	28242	342	802600	96356	92385280	24930601	32493568
139	R4	2026-08-14T00:26:10,326415010-0700	1786692370310894260	ServiceL	ServiceL	579	6436	2200	1640	10276	29635	1173	802600	96356	92385280	24930601	32493568
139	R4	2026-08-14T00:26:10,326415010-0700	1786692370310894260	ServiceH[ServiceK]	ServiceH	3740	13376	25496	4324	43196	92587	103	802600	96356	92385280	24930601	32493568
139	R4	2026-08-14T00:26:10,326415010-0700	1786692370310894260	ServiceB	ServiceB	692	4116	4268	2176	10560	27715	412	802600	96356	92385280	24930601	32493568
139	R4	2026-08-14T00:26:10,326415010-0700	1786692370310894260	ServiceC	ServiceC	676	3960	8580	1540	14080	186951	970	802600	96356	92385280	24930601	32493568
140	R4	2026-08-14T00:26:13,171890342-0700	1786692373165639592	AppProcD	AppProcD	543	29188	40340	6600	76128	398825	582	803396	96356	92385280	24930601	32493568
140	R4	2026-08-14T00:26:13,171890342-0700	1786692373165639592	AppProcC	AppProcC	2671	15008	16164	4428	35600	101606	41	803396	96356	92385280	24930601	32493568
140	R4	2026-08-14T00:26:13,171890342-0700	1786692373165639592	AppProcB	AppProcB	945	10200	12472	5468	28140	118921	1966	803396	96356	92385280	24930601	32493568
140	R4	2026-08-14T00:26:13,171890342-0700	1786692373165639592	ServiceA	ServiceA	3953	3084	4416	2656	10156	386124	166	803396	96356	92385280	24930601	32493568
140	R4	2026-08-14T00:26:13,171890342-0700	1786692373165639592	ServiceD	ServiceD	953	9604	6728	3364	19696	82523	730	803396	96356	92385280	24930601	32493568
140	R4	2026-08-14T00:26:13,171890342-0700	1786692373165639592	ServiceE	ServiceE	545	8772	2120	7800	18692	28246	342	803396	96356	92385280	24930601	32493568
140	R4	2026-08-14T00:26:13,171890342-0700	1786692373165639592	ServiceL	ServiceL	579	6436	2200	1640	10276	29635	1173	803396	96356	92385280	24930601	32493568
140	R4	2026-08-14T00:26:13,171890342-0700	1786692373165639592	ServiceH[ServiceK]	ServiceH	3740	12796	25644	4324	42764	94926	103	803396	96356	92385280	24930601	32493568
140	R4	2026-08-14T00:26:13,171890342-0700	1786692373165639592	ServiceB	ServiceB	692	4116	4268	2176	10560	27715	412	803396	96356	92385280	24930601	32493568
140	R4	2026-08-14T00:26:13,171890342-0700	1786692373165639592	ServiceC	ServiceC	676	3960	8580	1540	14080	187865	970	803396	96356	92385280	24930601	32493568
141	R4	2026-08-14T00:26:14,568872925-0700	1786692374562967175	AppProcD	AppProcD	543	29188	40340	6600	76128	398825	582	802576	96356	92385280	24930601	32493568
141	R4	2026-08-14T00:26:14,568872925-0700	1786692374562967175	AppProcC	AppProcC	2671	15008	16164	4428	35600	101606	41	802576	96356	92385280	24930601	32493568
141	R4	2026-08-14T00:26:14,568872925-0700	1786692374562967175	AppProcB	AppProcB	945	10200	12472	5468	28140	118921	1966	802576	96356	92385280	24930601	32493568
141	R4	2026-08-14T00:26:14,568872925-0700	1786692374562967175	ServiceA	ServiceA	3953	3084	4416	2656	10156	386124	166	802576	96356	92385280	24930601	32493568
141	R4	2026-08-14T00:26:14,568872925-0700	1786692374562967175	ServiceD	ServiceD	953	9604	6728	3364	19696	82523	730	802576	96356	92385280	24930601	32493568
141	R4	2026-08-14T00:26:14,568872925-0700	1786692374562967175	ServiceE	ServiceE	545	8772	2120	7800	18692	28246	342	802576	96356	92385280	24930601	32493568
141	R4	2026-08-14T00:26:14,568872925-0700	1786692374562967175	ServiceL	ServiceL	579	6436	2200	1640	10276	29665	1173	802576	96356	92385280	24930601	32493568
141	R4	2026-08-14T00:26:14,568872925-0700	1786692374562967175	ServiceH[ServiceK]	ServiceH	3740	12796	25644	4324	42764	94970	103	802576	96356	92385280	24930601	32493568
141	R4	2026-08-14T00:26:14,568872925-0700	1786692374562967175	ServiceB	ServiceB	692	4040	4268	2176	10484	27715	412	802576	96356	92385280	24930601	32493568
141	R4	2026-08-14T00:26:14,568872925-0700	1786692374562967175	ServiceC	ServiceC	676	3960	8580	1540	14080	187865	970	802576	96356	92385280	24930601	32493568
142	R4	2026-08-14T00:26:15,967581092-0700	1786692375960893092	AppProcD	AppProcD	543	29188	40324	6600	76112	398829	582	802672	96356	92385280	24930601	32493568
142	R4	2026-08-14T00:26:15,967581092-0700	1786692375960893092	AppProcC	AppProcC	2671	15008	16164	4428	35600	101606	41	802672	96356	92385280	24930601	32493568
142	R4	2026-08-14T00:26:15,967581092-0700	1786692375960893092	AppProcB	AppProcB	945	10200	12472	5468	28140	118921	1966	802672	96356	92385280	24930601	32493568
142	R4	2026-08-14T00:26:15,967581092-0700	1786692375960893092	ServiceA	ServiceA	3953	3084	4416	2656	10156	386124	166	802672	96356	92385280	24930601	32493568
142	R4	2026-08-14T00:26:15,967581092-0700	1786692375960893092	ServiceD	ServiceD	953	9604	6728	3364	19696	82523	730	802672	96356	92385280	24930601	32493568
142	R4	2026-08-14T00:26:15,967581092-0700	1786692375960893092	ServiceE	ServiceE	545	8772	2120	7800	18692	28246	342	802672	96356	92385280	24930601	32493568
142	R4	2026-08-14T00:26:15,967581092-0700	1786692375960893092	ServiceL	ServiceL	579	6436	2200	1640	10276	29665	1173	802672	96356	92385280	24930601	32493568
142	R4	2026-08-14T00:26:15,967581092-0700	1786692375960893092	ServiceH[ServiceK]	ServiceH	3740	12796	25644	4324	42764	94970	103	802672	96356	92385280	24930601	32493568
142	R4	2026-08-14T00:26:15,967581092-0700	1786692375960893092	ServiceB	ServiceB	692	4040	4268	2176	10484	27716	412	802672	96356	92385280	24930601	32493568
142	R4	2026-08-14T00:26:15,967581092-0700	1786692375960893092	ServiceC	ServiceC	676	3960	8580	1540	14080	187865	970	802672	96356	92385280	24930601	32493568
143	R4	2026-08-14T00:26:17,279624675-0700	1786692377275467175	AppProcD	AppProcD	543	29188	40324	6600	76112	398831	582	801656	96356	92385280	24930601	32493568
143	R4	2026-08-14T00:26:17,279624675-0700	1786692377275467175	AppProcC	AppProcC	2671	15008	16164	4428	35600	101607	41	801656	96356	92385280	24930601	32493568
143	R4	2026-08-14T00:26:17,279624675-0700	1786692377275467175	AppProcB	AppProcB	945	10200	12472	5468	28140	118961	1966	801656	96356	92385280	24930601	32493568
143	R4	2026-08-14T00:26:17,279624675-0700	1786692377275467175	ServiceA	ServiceA	3953	3044	4400	2656	10100	386124	166	801656	96356	92385280	24930601	32493568
143	R4	2026-08-14T00:26:17,279624675-0700	1786692377275467175	ServiceD	ServiceD	953	9604	6728	3364	19696	82523	730	801656	96356	92385280	24930601	32493568
143	R4	2026-08-14T00:26:17,279624675-0700	1786692377275467175	ServiceE	ServiceE	545	8772	2120	7800	18692	28246	342	801656	96356	92385280	24930601	32493568
143	R4	2026-08-14T00:26:17,279624675-0700	1786692377275467175	ServiceL	ServiceL	579	6436	2200	1640	10276	29665	1173	801656	96356	92385280	24930601	32493568
143	R4	2026-08-14T00:26:17,279624675-0700	1786692377275467175	ServiceH[ServiceK]	ServiceH	3740	12796	25644	4324	42764	94970	103	801656	96356	92385280	24930601	32493568
143	R4	2026-08-14T00:26:17,279624675-0700	1786692377275467175	ServiceB	ServiceB	692	4040	4268	2176	10484	27716	412	801656	96356	92385280	24930601	32493568
143	R4	2026-08-14T00:26:17,279624675-0700	1786692377275467175	ServiceC	ServiceC	676	3960	8580	1540	14080	188177	970	801656	96356	92385280	24930601	32493568
144	R4	2026-08-14T00:26:19,892998008-0700	1786692379887946008	AppProcD	AppProcD	543	29160	40324	6600	76084	399692	582	768176	96356	92385280	24930601	32493568
144	R4	2026-08-14T00:26:19,892998008-0700	1786692379887946008	AppProcC	AppProcC	2671	15008	16164	4428	35600	101607	41	768176	96356	92385280	24930601	32493568
144	R4	2026-08-14T00:26:19,892998008-0700	1786692379887946008	AppProcB	AppProcB	945	10200	12472	5468	28140	118970	1966	768176	96356	92385280	24930601	32493568
144	R4	2026-08-14T00:26:19,892998008-0700	1786692379887946008	ServiceA	ServiceA	3953	3044	4400	2656	10100	386124	166	768176	96356	92385280	24930601	32493568
144	R4	2026-08-14T00:26:19,892998008-0700	1786692379887946008	ServiceD	ServiceD	953	9604	6728	3364	19696	82592	730	768176	96356	92385280	24930601	32493568
144	R4	2026-08-14T00:26:19,892998008-0700	1786692379887946008	ServiceE	ServiceE	545	8772	2120	7800	18692	28246	342	768176	96356	92385280	24930601	32493568
144	R4	2026-08-14T00:26:19,892998008-0700	1786692379887946008	ServiceL	ServiceL	579	6436	2200	1640	10276	29695	1173	768176	96356	92385280	24930601	32493568
144	R4	2026-08-14T00:26:19,892998008-0700	1786692379887946008	ServiceH[ServiceK]	ServiceH	3740	12796	25644	4324	42764	95013	103	768176	96356	92385280	24930601	32493568
144	R4	2026-08-14T00:26:19,892998008-0700	1786692379887946008	ServiceB	ServiceB	692	4040	4276	2176	10492	27764	412	768176	96356	92385280	24930601	32493568
144	R4	2026-08-14T00:26:19,892998008-0700	1786692379887946008	ServiceC	ServiceC	676	3960	8580	1540	14080	188177	970	768176	96356	92385280	24930601	32493568
145	R4	2026-08-14T00:26:21,367457591-0700	1786692381360766341	AppProcD	AppProcD	543	29160	40324	6600	76084	399695	582	768936	96356	92385280	24930601	32493568
145	R4	2026-08-14T00:26:21,367457591-0700	1786692381360766341	AppProcC	AppProcC	2671	15008	16164	4428	35600	101608	41	768936	96356	92385280	24930601	32493568
145	R4	2026-08-14T00:26:21,367457591-0700	1786692381360766341	AppProcB	AppProcB	945	10200	12472	5468	28140	119010	1966	768936	96356	92385280	24930601	32493568
145	R4	2026-08-14T00:26:21,367457591-0700	1786692381360766341	ServiceA	ServiceA	3953	3044	4400	2656	10100	386124	166	768936	96356	92385280	24930601	32493568
145	R4	2026-08-14T00:26:21,367457591-0700	1786692381360766341	ServiceD	ServiceD	953	9604	6728	3364	19696	82592	730	768936	96356	92385280	24930601	32493568
145	R4	2026-08-14T00:26:21,367457591-0700	1786692381360766341	ServiceE	ServiceE	545	8772	2120	7800	18692	28246	342	768936	96356	92385280	24930601	32493568
145	R4	2026-08-14T00:26:21,367457591-0700	1786692381360766341	ServiceL	ServiceL	579	6436	2200	1640	10276	29695	1173	768936	96356	92385280	24930601	32493568
145	R4	2026-08-14T00:26:21,367457591-0700	1786692381360766341	ServiceH[ServiceK]	ServiceH	3740	12796	25644	4324	42764	95013	103	768936	96356	92385280	24930601	32493568
145	R4	2026-08-14T00:26:21,367457591-0700	1786692381360766341	ServiceB	ServiceB	692	4040	4276	2176	10492	27764	412	768936	96356	92385280	24930601	32493568
145	R4	2026-08-14T00:26:21,367457591-0700	1786692381360766341	ServiceC	ServiceC	676	3960	8580	1540	14080	188177	970	768936	96356	92385280	24930601	32493568
146	R4	2026-08-14T00:26:23,019461840-0700	1786692383010545257	AppProcD	AppProcD	543	29172	40324	6600	76096	400390	582	798472	96356	92385280	24930601	32493568
146	R4	2026-08-14T00:26:23,019461840-0700	1786692383010545257	AppProcC	AppProcC	2671	15008	16164	4428	35600	101608	41	798472	96356	92385280	24930601	32493568
146	R4	2026-08-14T00:26:23,019461840-0700	1786692383010545257	AppProcB	AppProcB	945	10200	12472	5468	28140	119017	1966	798472	96356	92385280	24930601	32493568
146	R4	2026-08-14T00:26:23,019461840-0700	1786692383010545257	ServiceA	ServiceA	3953	3044	4400	2656	10100	386124	166	798472	96356	92385280	24930601	32493568
146	R4	2026-08-14T00:26:23,019461840-0700	1786692383010545257	ServiceD	ServiceD	953	9604	6728	3364	19696	82686	730	798472	96356	92385280	24930601	32493568
146	R4	2026-08-14T00:26:23,019461840-0700	1786692383010545257	ServiceE	ServiceE	545	8772	2120	7800	18692	28255	342	798472	96356	92385280	24930601	32493568
146	R4	2026-08-14T00:26:23,019461840-0700	1786692383010545257	ServiceL	ServiceL	579	6436	2200	1640	10276	29696	1173	798472	96356	92385280	24930601	32493568
146	R4	2026-08-14T00:26:23,019461840-0700	1786692383010545257	ServiceH[ServiceK]	ServiceH	3740	12796	25644	4324	42764	95014	103	798472	96356	92385280	24930601	32493568
146	R4	2026-08-14T00:26:23,019461840-0700	1786692383010545257	ServiceB	ServiceB	692	4012	4332	2176	10520	27780	412	798472	96356	92385280	24930601	32493568
146	R4	2026-08-14T00:26:23,019461840-0700	1786692383010545257	ServiceC	ServiceC	676	3960	8580	1540	14080	188221	970	798472	96356	92385280	24930601	32493568
147	R4	2026-08-14T00:26:24,850720756-0700	1786692384844068173	AppProcD	AppProcD	543	29172	40324	6600	76096	400390	582	803020	96356	92385280	24930601	32493568
147	R4	2026-08-14T00:26:24,850720756-0700	1786692384844068173	AppProcC	AppProcC	2671	15008	16164	4428	35600	101608	41	803020	96356	92385280	24930601	32493568
147	R4	2026-08-14T00:26:24,850720756-0700	1786692384844068173	AppProcB	AppProcB	945	10200	12472	5468	28140	119017	1966	803020	96356	92385280	24930601	32493568
147	R4	2026-08-14T00:26:24,850720756-0700	1786692384844068173	ServiceA	ServiceA	3953	3044	4400	2656	10100	386124	166	803020	96356	92385280	24930601	32493568
147	R4	2026-08-14T00:26:24,850720756-0700	1786692384844068173	ServiceD	ServiceD	953	9604	6728	3364	19696	82687	730	803020	96356	92385280	24930601	32493568
147	R4	2026-08-14T00:26:24,850720756-0700	1786692384844068173	ServiceE	ServiceE	545	8772	2120	7800	18692	28255	342	803020	96356	92385280	24930601	32493568
147	R4	2026-08-14T00:26:24,850720756-0700	1786692384844068173	ServiceL	ServiceL	579	6436	2200	1640	10276	29726	1173	803020	96356	92385280	24930601	32493568
147	R4	2026-08-14T00:26:24,850720756-0700	1786692384844068173	ServiceH[ServiceK]	ServiceH	3740	12796	25644	4324	42764	95056	103	803020	96356	92385280	24930601	32493568
147	R4	2026-08-14T00:26:24,850720756-0700	1786692384844068173	ServiceB	ServiceB	692	4012	4328	2176	10516	27801	412	803020	96356	92385280	24930601	32493568
147	R4	2026-08-14T00:26:24,850720756-0700	1786692384844068173	ServiceC	ServiceC	676	3960	8580	1540	14080	188221	970	803020	96356	92385280	24930601	32493568
148	R4	2026-08-14T00:26:26,678533423-0700	1786692386673880339	AppProcD	AppProcD	543	29688	39184	6600	75472	400390	582	803020	96356	92385280	24930601	32493568
148	R4	2026-08-14T00:26:26,678533423-0700	1786692386673880339	AppProcC	AppProcC	2671	15008	16164	4428	35600	101609	41	803020	96356	92385280	24930601	32493568
148	R4	2026-08-14T00:26:26,678533423-0700	1786692386673880339	AppProcB	AppProcB	945	10200	12472	5468	28140	119057	1966	803020	96356	92385280	24930601	32493568
148	R4	2026-08-14T00:26:26,678533423-0700	1786692386673880339	ServiceA	ServiceA	3953	3044	4400	2656	10100	386124	166	803020	96356	92385280	24930601	32493568
148	R4	2026-08-14T00:26:26,678533423-0700	1786692386673880339	ServiceD	ServiceD	953	9604	6728	3364	19696	82687	730	803020	96356	92385280	24930601	32493568
148	R4	2026-08-14T00:26:26,678533423-0700	1786692386673880339	ServiceE	ServiceE	545	8772	2120	7800	18692	28255	342	803020	96356	92385280	24930601	32493568
148	R4	2026-08-14T00:26:26,678533423-0700	1786692386673880339	ServiceL	ServiceL	579	6436	2200	1640	10276	29726	1173	803020	96356	92385280	24930601	32493568
148	R4	2026-08-14T00:26:26,678533423-0700	1786692386673880339	ServiceH[ServiceK]	ServiceH	3740	12796	25644	4324	42764	95056	103	803020	96356	92385280	24930601	32493568
148	R4	2026-08-14T00:26:26,678533423-0700	1786692386673880339	ServiceB	ServiceB	692	4012	4328	2176	10516	27801	412	803020	96356	92385280	24930601	32493568
148	R4	2026-08-14T00:26:26,678533423-0700	1786692386673880339	ServiceC	ServiceC	676	3960	8580	1540	14080	188221	970	803020	96356	92385280	24930601	32493568
149	R4	2026-08-14T00:26:28,169775089-0700	1786692388162129256	AppProcD	AppProcD	543	29676	39500	6600	75776	402073	582	802360	96356	92385280	24930601	32493568
149	R4	2026-08-14T00:26:28,169775089-0700	1786692388162129256	AppProcC	AppProcC	2671	15008	16164	4428	35600	101609	41	802360	96356	92385280	24930601	32493568
149	R4	2026-08-14T00:26:28,169775089-0700	1786692388162129256	AppProcB	AppProcB	945	10200	12472	5468	28140	119057	1966	802360	96356	92385280	24930601	32493568
149	R4	2026-08-14T00:26:28,169775089-0700	1786692388162129256	ServiceA	ServiceA	3953	3044	4400	2656	10100	386124	166	802360	96356	92385280	24930601	32493568
149	R4	2026-08-14T00:26:28,169775089-0700	1786692388162129256	ServiceD	ServiceD	953	9604	6728	3364	19696	82731	730	802360	96356	92385280	24930601	32493568
149	R4	2026-08-14T00:26:28,169775089-0700	1786692388162129256	ServiceE	ServiceE	545	8772	2120	7800	18692	28255	342	802360	96356	92385280	24930601	32493568
149	R4	2026-08-14T00:26:28,169775089-0700	1786692388162129256	ServiceL	ServiceL	579	6436	2200	1640	10276	29750	1173	802360	96356	92385280	24930601	32493568
149	R4	2026-08-14T00:26:28,169775089-0700	1786692388162129256	ServiceH[ServiceK]	ServiceH	3740	12796	25644	4324	42764	95056	103	802360	96356	92385280	24930601	32493568
149	R4	2026-08-14T00:26:28,169775089-0700	1786692388162129256	ServiceB	ServiceB	692	4012	4328	2176	10516	27801	412	802360	96356	92385280	24930601	32493568
149	R4	2026-08-14T00:26:28,169775089-0700	1786692388162129256	ServiceC	ServiceC	676	3960	8580	1540	14080	188221	970	802360	96356	92385280	24930601	32493568
150	R4	2026-08-14T00:26:29,510196255-0700	1786692389505757755	AppProcD	AppProcD	543	29676	39500	6600	75776	402073	582	802356	96356	92385280	24930601	32493568
150	R4	2026-08-14T00:26:29,510196255-0700	1786692389505757755	AppProcC	AppProcC	2671	15008	16164	4428	35600	101609	41	802356	96356	92385280	24930601	32493568
150	R4	2026-08-14T00:26:29,510196255-0700	1786692389505757755	AppProcB	AppProcB	945	10200	12472	5468	28140	119057	1966	802356	96356	92385280	24930601	32493568
150	R4	2026-08-14T00:26:29,510196255-0700	1786692389505757755	ServiceA	ServiceA	3953	3044	4400	2656	10100	386124	166	802356	96356	92385280	24930601	32493568
150	R4	2026-08-14T00:26:29,510196255-0700	1786692389505757755	ServiceD	ServiceD	953	9604	6728	3364	19696	82731	730	802356	96356	92385280	24930601	32493568
150	R4	2026-08-14T00:26:29,510196255-0700	1786692389505757755	ServiceE	ServiceE	545	8772	2120	7800	18692	28255	342	802356	96356	92385280	24930601	32493568
150	R4	2026-08-14T00:26:29,510196255-0700	1786692389505757755	ServiceL	ServiceL	579	6436	2200	1640	10276	29756	1173	802356	96356	92385280	24930601	32493568
150	R4	2026-08-14T00:26:29,510196255-0700	1786692389505757755	ServiceH[ServiceK]	ServiceH	3740	12768	25644	4324	42736	95098	103	802356	96356	92385280	24930601	32493568
150	R4	2026-08-14T00:26:29,510196255-0700	1786692389505757755	ServiceB	ServiceB	692	4012	4328	2176	10516	27801	412	802356	96356	92385280	24930601	32493568
150	R4	2026-08-14T00:26:29,510196255-0700	1786692389505757755	ServiceC	ServiceC	676	3960	8580	1540	14080	188221	970	802356	96356	92385280	24930601	32493568
151	R4	2026-08-14T00:26:30,794684672-0700	1786692390790217505	AppProcD	AppProcD	543	29676	39500	6600	75776	402073	582	802464	96356	92385280	24930601	32493568
151	R4	2026-08-14T00:26:30,794684672-0700	1786692390790217505	AppProcC	AppProcC	2671	15008	16164	4428	35600	101609	41	802464	96356	92385280	24930601	32493568
151	R4	2026-08-14T00:26:30,794684672-0700	1786692390790217505	AppProcB	AppProcB	945	10200	12472	5468	28140	119057	1966	802464	96356	92385280	24930601	32493568
151	R4	2026-08-14T00:26:30,794684672-0700	1786692390790217505	ServiceA	ServiceA	3953	3044	4400	2656	10100	386124	166	802464	96356	92385280	24930601	32493568
151	R4	2026-08-14T00:26:30,794684672-0700	1786692390790217505	ServiceD	ServiceD	953	9604	6728	3364	19696	82731	730	802464	96356	92385280	24930601	32493568
151	R4	2026-08-14T00:26:30,794684672-0700	1786692390790217505	ServiceE	ServiceE	545	8772	2120	7800	18692	28255	342	802464	96356	92385280	24930601	32493568
151	R4	2026-08-14T00:26:30,794684672-0700	1786692390790217505	ServiceL	ServiceL	579	6436	2200	1640	10276	29756	1173	802464	96356	92385280	24930601	32493568
151	R4	2026-08-14T00:26:30,794684672-0700	1786692390790217505	ServiceH[ServiceK]	ServiceH	3740	12768	25644	4324	42736	95098	103	802464	96356	92385280	24930601	32493568
151	R4	2026-08-14T00:26:30,794684672-0700	1786692390790217505	ServiceB	ServiceB	692	4012	4328	2176	10516	27801	412	802464	96356	92385280	24930601	32493568
151	R4	2026-08-14T00:26:30,794684672-0700	1786692390790217505	ServiceC	ServiceC	676	3960	8580	1540	14080	188221	970	802464	96356	92385280	24930601	32493568
152	R4	2026-08-14T00:26:32,041773921-0700	1786692392037205921	AppProcD	AppProcD	543	29676	39500	6600	75776	402073	582	804336	96356	92385280	24930601	32493568
152	R4	2026-08-14T00:26:32,041773921-0700	1786692392037205921	AppProcC	AppProcC	2671	15008	16164	4428	35600	101610	41	804336	96356	92385280	24930601	32493568
152	R4	2026-08-14T00:26:32,041773921-0700	1786692392037205921	AppProcB	AppProcB	945	10200	12472	5468	28140	119097	1966	804336	96356	92385280	24930601	32493568
152	R4	2026-08-14T00:26:32,041773921-0700	1786692392037205921	ServiceA	ServiceA	3953	3044	4400	2656	10100	386124	166	804336	96356	92385280	24930601	32493568
152	R4	2026-08-14T00:26:32,041773921-0700	1786692392037205921	ServiceD	ServiceD	953	9604	6728	3364	19696	82772	730	804336	96356	92385280	24930601	32493568
152	R4	2026-08-14T00:26:32,041773921-0700	1786692392037205921	ServiceE	ServiceE	545	8772	2120	7800	18692	28255	342	804336	96356	92385280	24930601	32493568
152	R4	2026-08-14T00:26:32,041773921-0700	1786692392037205921	ServiceL	ServiceL	579	6436	2200	1640	10276	29756	1173	804336	96356	92385280	24930601	32493568
152	R4	2026-08-14T00:26:32,041773921-0700	1786692392037205921	ServiceH[ServiceK]	ServiceH	3740	12768	25644	4324	42736	95098	103	804336	96356	92385280	24930601	32493568
152	R4	2026-08-14T00:26:32,041773921-0700	1786692392037205921	ServiceB	ServiceB	692	4012	4328	2176	10516	27801	412	804336	96356	92385280	24930601	32493568
152	R4	2026-08-14T00:26:32,041773921-0700	1786692392037205921	ServiceC	ServiceC	676	3960	8580	1540	14080	188221	970	804336	96356	92385280	24930601	32493568
153	R4	2026-08-14T00:26:33,323540338-0700	1786692393317049671	AppProcD	AppProcD	543	29676	39500	6600	75776	402075	582	804336	96356	92385280	24930601	32493568
153	R4	2026-08-14T00:26:33,323540338-0700	1786692393317049671	AppProcC	AppProcC	2671	15008	16164	4428	35600	101610	41	804336	96356	92385280	24930601	32493568
153	R4	2026-08-14T00:26:33,323540338-0700	1786692393317049671	AppProcB	AppProcB	945	10200	12472	5468	28140	119097	1966	804336	96356	92385280	24930601	32493568
153	R4	2026-08-14T00:26:33,323540338-0700	1786692393317049671	ServiceA	ServiceA	3953	3044	4400	2656	10100	386124	166	804336	96356	92385280	24930601	32493568
153	R4	2026-08-14T00:26:33,323540338-0700	1786692393317049671	ServiceD	ServiceD	953	9604	6728	3364	19696	82772	730	804336	96356	92385280	24930601	32493568
153	R4	2026-08-14T00:26:33,323540338-0700	1786692393317049671	ServiceE	ServiceE	545	8772	2120	7800	18692	28255	342	804336	96356	92385280	24930601	32493568
153	R4	2026-08-14T00:26:33,323540338-0700	1786692393317049671	ServiceL	ServiceL	579	6436	2200	1640	10276	29786	1173	804336	96356	92385280	24930601	32493568
153	R4	2026-08-14T00:26:33,323540338-0700	1786692393317049671	ServiceH[ServiceK]	ServiceH	3740	12768	25644	4324	42736	95098	103	804336	96356	92385280	24930601	32493568
153	R4	2026-08-14T00:26:33,323540338-0700	1786692393317049671	ServiceB	ServiceB	692	4012	4328	2176	10516	27801	412	804336	96356	92385280	24930601	32493568
153	R4	2026-08-14T00:26:33,323540338-0700	1786692393317049671	ServiceC	ServiceC	676	3960	8580	1540	14080	188221	970	804336	96356	92385280	24930601	32493568
154	R4	2026-08-14T00:26:34,634399004-0700	1786692394627429087	AppProcD	AppProcD	543	29676	39500	6600	75776	402075	582	808132	96356	92385280	24930601	32493568
154	R4	2026-08-14T00:26:34,634399004-0700	1786692394627429087	AppProcC	AppProcC	2671	15008	16164	4428	35600	101610	41	808132	96356	92385280	24930601	32493568
154	R4	2026-08-14T00:26:34,634399004-0700	1786692394627429087	AppProcB	AppProcB	945	10200	12472	5468	28140	119097	1966	808132	96356	92385280	24930601	32493568
154	R4	2026-08-14T00:26:34,634399004-0700	1786692394627429087	ServiceA	ServiceA	3953	3044	4400	2656	10100	386124	166	808132	96356	92385280	24930601	32493568
154	R4	2026-08-14T00:26:34,634399004-0700	1786692394627429087	ServiceD	ServiceD	953	9604	6728	3364	19696	82772	730	808132	96356	92385280	24930601	32493568
154	R4	2026-08-14T00:26:34,634399004-0700	1786692394627429087	ServiceE	ServiceE	545	8772	2120	7800	18692	28255	342	808132	96356	92385280	24930601	32493568
154	R4	2026-08-14T00:26:34,634399004-0700	1786692394627429087	ServiceL	ServiceL	579	6436	2200	1640	10276	29786	1173	808132	96356	92385280	24930601	32493568
154	R4	2026-08-14T00:26:34,634399004-0700	1786692394627429087	ServiceH[ServiceK]	ServiceH	3740	12768	25644	4324	42736	95140	103	808132	96356	92385280	24930601	32493568
154	R4	2026-08-14T00:26:34,634399004-0700	1786692394627429087	ServiceB	ServiceB	692	4012	4328	2176	10516	27801	412	808132	96356	92385280	24930601	32493568
154	R4	2026-08-14T00:26:34,634399004-0700	1786692394627429087	ServiceC	ServiceC	676	3960	8580	1540	14080	188221	970	808132	96356	92385280	24930601	32493568
155	R4	2026-08-14T00:26:35,990742920-0700	1786692395985993920	AppProcD	AppProcD	543	29676	39500	6600	75776	402075	582	809528	96356	92385280	24930601	32493568
155	R4	2026-08-14T00:26:35,990742920-0700	1786692395985993920	AppProcC	AppProcC	2671	15008	16164	4428	35600	101610	41	809528	96356	92385280	24930601	32493568
155	R4	2026-08-14T00:26:35,990742920-0700	1786692395985993920	AppProcB	AppProcB	945	10200	12472	5468	28140	119137	1966	809528	96356	92385280	24930601	32493568
155	R4	2026-08-14T00:26:35,990742920-0700	1786692395985993920	ServiceA	ServiceA	3953	3044	4400	2656	10100	386124	166	809528	96356	92385280	24930601	32493568
155	R4	2026-08-14T00:26:35,990742920-0700	1786692395985993920	ServiceD	ServiceD	953	9604	6728	3364	19696	82772	730	809528	96356	92385280	24930601	32493568
155	R4	2026-08-14T00:26:35,990742920-0700	1786692395985993920	ServiceE	ServiceE	545	8772	2120	7800	18692	28255	342	809528	96356	92385280	24930601	32493568
155	R4	2026-08-14T00:26:35,990742920-0700	1786692395985993920	ServiceL	ServiceL	579	6436	2200	1640	10276	29786	1173	809528	96356	92385280	24930601	32493568
155	R4	2026-08-14T00:26:35,990742920-0700	1786692395985993920	ServiceH[ServiceK]	ServiceH	3740	12768	25644	4324	42736	95140	103	809528	96356	92385280	24930601	32493568
155	R4	2026-08-14T00:26:35,990742920-0700	1786692395985993920	ServiceB	ServiceB	692	4012	4328	2176	10516	27801	412	809528	96356	92385280	24930601	32493568
155	R4	2026-08-14T00:26:35,990742920-0700	1786692395985993920	ServiceC	ServiceC	676	3960	8580	1540	14080	188221	970	809528	96356	92385280	24930601	32493568
156	R4	2026-08-14T00:26:37,247015587-0700	1786692397242067337	AppProcD	AppProcD	543	29704	39500	6600	75804	402080	582	807928	96356	92385280	24930601	32493568
156	R4	2026-08-14T00:26:37,247015587-0700	1786692397242067337	AppProcC	AppProcC	2671	15008	16164	4428	35600	101611	41	807928	96356	92385280	24930601	32493568
156	R4	2026-08-14T00:26:37,247015587-0700	1786692397242067337	AppProcB	AppProcB	945	10200	12472	5468	28140	119137	1966	807928	96356	92385280	24930601	32493568
156	R4	2026-08-14T00:26:37,247015587-0700	1786692397242067337	ServiceA	ServiceA	3953	3044	4400	2656	10100	386124	166	807928	96356	92385280	24930601	32493568
156	R4	2026-08-14T00:26:37,247015587-0700	1786692397242067337	ServiceD	ServiceD	953	9604	6728	3364	19696	82772	730	807928	96356	92385280	24930601	32493568
156	R4	2026-08-14T00:26:37,247015587-0700	1786692397242067337	ServiceE	ServiceE	545	8772	2120	7800	18692	28255	342	807928	96356	92385280	24930601	32493568
156	R4	2026-08-14T00:26:37,247015587-0700	1786692397242067337	ServiceL	ServiceL	579	6436	2200	1640	10276	29786	1173	807928	96356	92385280	24930601	32493568
156	R4	2026-08-14T00:26:37,247015587-0700	1786692397242067337	ServiceH[ServiceK]	ServiceH	3740	12768	25644	4324	42736	95140	103	807928	96356	92385280	24930601	32493568
156	R4	2026-08-14T00:26:37,247015587-0700	1786692397242067337	ServiceB	ServiceB	692	4012	4328	2176	10516	27801	412	807928	96356	92385280	24930601	32493568
156	R4	2026-08-14T00:26:37,247015587-0700	1786692397242067337	ServiceC	ServiceC	676	3960	8580	1540	14080	188221	970	807928	96356	92385280	24930601	32493568
157	R4	2026-08-14T00:26:38,575077753-0700	1786692398570210420	AppProcD	AppProcD	543	29704	39500	6600	75804	402084	582	807100	96356	92385280	24930601	32493568
157	R4	2026-08-14T00:26:38,575077753-0700	1786692398570210420	AppProcC	AppProcC	2671	15008	16164	4428	35600	101611	41	807100	96356	92385280	24930601	32493568
157	R4	2026-08-14T00:26:38,575077753-0700	1786692398570210420	AppProcB	AppProcB	945	10200	12472	5468	28140	119137	1966	807100	96356	92385280	24930601	32493568
157	R4	2026-08-14T00:26:38,575077753-0700	1786692398570210420	ServiceA	ServiceA	3953	3044	4400	2656	10100	386124	166	807100	96356	92385280	24930601	32493568
157	R4	2026-08-14T00:26:38,575077753-0700	1786692398570210420	ServiceD	ServiceD	953	9604	6728	3364	19696	82812	730	807100	96356	92385280	24930601	32493568
157	R4	2026-08-14T00:26:38,575077753-0700	1786692398570210420	ServiceE	ServiceE	545	8772	2120	7800	18692	28255	342	807100	96356	92385280	24930601	32493568
157	R4	2026-08-14T00:26:38,575077753-0700	1786692398570210420	ServiceL	ServiceL	579	6436	2200	1640	10276	29816	1173	807100	96356	92385280	24930601	32493568
157	R4	2026-08-14T00:26:38,575077753-0700	1786692398570210420	ServiceH[ServiceK]	ServiceH	3740	12768	25644	4324	42736	95140	103	807100	96356	92385280	24930601	32493568
157	R4	2026-08-14T00:26:38,575077753-0700	1786692398570210420	ServiceB	ServiceB	692	4012	4328	2176	10516	27801	412	807100	96356	92385280	24930601	32493568
157	R4	2026-08-14T00:26:38,575077753-0700	1786692398570210420	ServiceC	ServiceC	676	3960	8580	1540	14080	188221	970	807100	96356	92385280	24930601	32493568
158	R4	2026-08-14T00:26:39,860146836-0700	1786692399855569336	AppProcD	AppProcD	543	29704	39500	6600	75804	402084	582	809156	96356	92385280	24930601	32493568
158	R4	2026-08-14T00:26:39,860146836-0700	1786692399855569336	AppProcC	AppProcC	2671	15008	16164	4428	35600	101611	41	809156	96356	92385280	24930601	32493568
158	R4	2026-08-14T00:26:39,860146836-0700	1786692399855569336	AppProcB	AppProcB	945	10200	12480	5468	28148	119137	1966	809156	96356	92385280	24930601	32493568
158	R4	2026-08-14T00:26:39,860146836-0700	1786692399855569336	ServiceA	ServiceA	3953	3044	4400	2656	10100	386124	166	809156	96356	92385280	24930601	32493568
158	R4	2026-08-14T00:26:39,860146836-0700	1786692399855569336	ServiceD	ServiceD	953	9604	6728	3364	19696	82812	730	809156	96356	92385280	24930601	32493568
158	R4	2026-08-14T00:26:39,860146836-0700	1786692399855569336	ServiceE	ServiceE	545	8772	2120	7800	18692	28255	342	809156	96356	92385280	24930601	32493568
158	R4	2026-08-14T00:26:39,860146836-0700	1786692399855569336	ServiceL	ServiceL	579	6436	2200	1640	10276	29816	1173	809156	96356	92385280	24930601	32493568
158	R4	2026-08-14T00:26:39,860146836-0700	1786692399855569336	ServiceH[ServiceK]	ServiceH	3740	12768	25644	4324	42736	95180	103	809156	96356	92385280	24930601	32493568
158	R4	2026-08-14T00:26:39,860146836-0700	1786692399855569336	ServiceB	ServiceB	692	4012	4328	2176	10516	27801	412	809156	96356	92385280	24930601	32493568
158	R4	2026-08-14T00:26:39,860146836-0700	1786692399855569336	ServiceC	ServiceC	676	3960	8580	1540	14080	188221	970	809156	96356	92385280	24930601	32493568
159	R4	2026-08-14T00:26:41,158203919-0700	1786692401152348169	AppProcD	AppProcD	543	29704	39500	6600	75804	402084	582	808928	96356	92385280	24930601	32493568
159	R4	2026-08-14T00:26:41,158203919-0700	1786692401152348169	AppProcC	AppProcC	2671	15008	16164	4428	35600	101612	41	808928	96356	92385280	24930601	32493568
159	R4	2026-08-14T00:26:41,158203919-0700	1786692401152348169	AppProcB	AppProcB	945	10200	12480	5468	28148	119179	1966	808928	96356	92385280	24930601	32493568
159	R4	2026-08-14T00:26:41,158203919-0700	1786692401152348169	ServiceA	ServiceA	3953	3044	4400	2656	10100	386124	166	808928	96356	92385280	24930601	32493568
159	R4	2026-08-14T00:26:41,158203919-0700	1786692401152348169	ServiceD	ServiceD	953	9604	6728	3364	19696	82812	730	808928	96356	92385280	24930601	32493568
159	R4	2026-08-14T00:26:41,158203919-0700	1786692401152348169	ServiceE	ServiceE	545	8772	2120	7800	18692	28255	342	808928	96356	92385280	24930601	32493568
159	R4	2026-08-14T00:26:41,158203919-0700	1786692401152348169	ServiceL	ServiceL	579	6436	2200	1640	10276	29816	1173	808928	96356	92385280	24930601	32493568
159	R4	2026-08-14T00:26:41,158203919-0700	1786692401152348169	ServiceH[ServiceK]	ServiceH	3740	12768	25644	4324	42736	95180	103	808928	96356	92385280	24930601	32493568
159	R4	2026-08-14T00:26:41,158203919-0700	1786692401152348169	ServiceB	ServiceB	692	4012	4328	2176	10516	27801	412	808928	96356	92385280	24930601	32493568
159	R4	2026-08-14T00:26:41,158203919-0700	1786692401152348169	ServiceC	ServiceC	676	3960	8580	1540	14080	188221	970	808928	96356	92385280	24930601	32493568
160	R4	2026-08-14T00:26:42,779328002-0700	1786692402770749919	AppProcD	AppProcD	543	29704	39500	6600	75804	402084	582	808960	96356	92385280	24930601	32493568
160	R4	2026-08-14T00:26:42,779328002-0700	1786692402770749919	AppProcC	AppProcC	2671	15008	16164	4428	35600	101612	41	808960	96356	92385280	24930601	32493568
160	R4	2026-08-14T00:26:42,779328002-0700	1786692402770749919	AppProcB	AppProcB	945	10200	12480	5468	28148	119179	1966	808960	96356	92385280	24930601	32493568
160	R4	2026-08-14T00:26:42,779328002-0700	1786692402770749919	ServiceA	ServiceA	3953	3044	4400	2656	10100	386124	166	808960	96356	92385280	24930601	32493568
160	R4	2026-08-14T00:26:42,779328002-0700	1786692402770749919	ServiceD	ServiceD	953	9604	6728	3364	19696	82852	730	808960	96356	92385280	24930601	32493568
160	R4	2026-08-14T00:26:42,779328002-0700	1786692402770749919	ServiceE	ServiceE	545	8772	2120	7800	18692	28255	342	808960	96356	92385280	24930601	32493568
160	R4	2026-08-14T00:26:42,779328002-0700	1786692402770749919	ServiceL	ServiceL	579	6436	2200	1640	10276	29816	1173	808960	96356	92385280	24930601	32493568
160	R4	2026-08-14T00:26:42,779328002-0700	1786692402770749919	ServiceH[ServiceK]	ServiceH	3740	12768	25644	4324	42736	95180	103	808960	96356	92385280	24930601	32493568
160	R4	2026-08-14T00:26:42,779328002-0700	1786692402770749919	ServiceB	ServiceB	692	4012	4328	2176	10516	27801	412	808960	96356	92385280	24930601	32493568
160	R4	2026-08-14T00:26:42,779328002-0700	1786692402770749919	ServiceC	ServiceC	676	3960	8580	1540	14080	188221	970	808960	96356	92385280	24930601	32493568
161	R4	2026-08-14T00:26:44,776059502-0700	1786692404771604252	AppProcD	AppProcD	543	29704	39500	6600	75804	402086	582	812936	96356	92385280	24930601	32493568
161	R4	2026-08-14T00:26:44,776059502-0700	1786692404771604252	AppProcC	AppProcC	2671	15008	16164	4428	35600	101612	41	812936	96356	92385280	24930601	32493568
161	R4	2026-08-14T00:26:44,776059502-0700	1786692404771604252	AppProcB	AppProcB	945	10200	12480	5468	28148	119179	1966	812936	96356	92385280	24930601	32493568
161	R4	2026-08-14T00:26:44,776059502-0700	1786692404771604252	ServiceA	ServiceA	3953	3044	4400	2656	10100	386124	166	812936	96356	92385280	24930601	32493568
161	R4	2026-08-14T00:26:44,776059502-0700	1786692404771604252	ServiceD	ServiceD	953	9604	6728	3364	19696	82852	730	812936	96356	92385280	24930601	32493568
161	R4	2026-08-14T00:26:44,776059502-0700	1786692404771604252	ServiceE	ServiceE	545	8772	2120	7800	18692	28255	342	812936	96356	92385280	24930601	32493568
161	R4	2026-08-14T00:26:44,776059502-0700	1786692404771604252	ServiceL	ServiceL	579	6436	2200	1640	10276	29846	1173	812936	96356	92385280	24930601	32493568
161	R4	2026-08-14T00:26:44,776059502-0700	1786692404771604252	ServiceH[ServiceK]	ServiceH	3740	12768	25644	4324	42736	95220	103	812936	96356	92385280	24930601	32493568
161	R4	2026-08-14T00:26:44,776059502-0700	1786692404771604252	ServiceB	ServiceB	692	4012	4328	2176	10516	27801	412	812936	96356	92385280	24930601	32493568
161	R4	2026-08-14T00:26:44,776059502-0700	1786692404771604252	ServiceC	ServiceC	676	3960	8580	1540	14080	188221	970	812936	96356	92385280	24930601	32493568
162	R4	2026-08-14T00:26:46,779069418-0700	1786692406772797084	AppProcD	AppProcD	543	29704	39496	6600	75800	402086	582	814504	96356	92385280	24930601	32493568
162	R4	2026-08-14T00:26:46,779069418-0700	1786692406772797084	AppProcC	AppProcC	2671	15008	16164	4428	35600	101613	41	814504	96356	92385280	24930601	32493568
162	R4	2026-08-14T00:26:46,779069418-0700	1786692406772797084	AppProcB	AppProcB	945	10200	12480	5468	28148	119219	1966	814504	96356	92385280	24930601	32493568
162	R4	2026-08-14T00:26:46,779069418-0700	1786692406772797084	ServiceA	ServiceA	3953	3044	4400	2656	10100	386124	166	814504	96356	92385280	24930601	32493568
162	R4	2026-08-14T00:26:46,779069418-0700	1786692406772797084	ServiceD	ServiceD	953	9604	6728	3364	19696	82852	730	814504	96356	92385280	24930601	32493568
162	R4	2026-08-14T00:26:46,779069418-0700	1786692406772797084	ServiceE	ServiceE	545	8772	2120	7800	18692	28255	342	814504	96356	92385280	24930601	32493568
162	R4	2026-08-14T00:26:46,779069418-0700	1786692406772797084	ServiceL	ServiceL	579	6436	2200	1640	10276	29846	1173	814504	96356	92385280	24930601	32493568
162	R4	2026-08-14T00:26:46,779069418-0700	1786692406772797084	ServiceH[ServiceK]	ServiceH	3740	12768	25644	4324	42736	95220	103	814504	96356	92385280	24930601	32493568
162	R4	2026-08-14T00:26:46,779069418-0700	1786692406772797084	ServiceB	ServiceB	692	4012	4328	2176	10516	27801	412	814504	96356	92385280	24930601	32493568
162	R4	2026-08-14T00:26:46,779069418-0700	1786692406772797084	ServiceC	ServiceC	676	3960	8580	1540	14080	188221	970	814504	96356	92385280	24930601	32493568
163	R4	2026-08-14T00:26:48,781903917-0700	1786692408774686251	AppProcD	AppProcD	543	29704	39496	6600	75800	402088	582	814116	96356	92385280	24930601	32493568
163	R4	2026-08-14T00:26:48,781903917-0700	1786692408774686251	AppProcC	AppProcC	2671	15008	16164	4428	35600	101613	41	814116	96356	92385280	24930601	32493568
163	R4	2026-08-14T00:26:48,781903917-0700	1786692408774686251	AppProcB	AppProcB	945	10200	12480	5468	28148	119219	1966	814116	96356	92385280	24930601	32493568
163	R4	2026-08-14T00:26:48,781903917-0700	1786692408774686251	ServiceA	ServiceA	3953	3044	4400	2656	10100	386124	166	814116	96356	92385280	24930601	32493568
163	R4	2026-08-14T00:26:48,781903917-0700	1786692408774686251	ServiceD	ServiceD	953	9604	6728	3364	19696	82893	730	814116	96356	92385280	24930601	32493568
163	R4	2026-08-14T00:26:48,781903917-0700	1786692408774686251	ServiceE	ServiceE	545	8772	2120	7800	18692	28255	342	814116	96356	92385280	24930601	32493568
163	R4	2026-08-14T00:26:48,781903917-0700	1786692408774686251	ServiceL	ServiceL	579	6436	2200	1640	10276	29876	1173	814116	96356	92385280	24930601	32493568
163	R4	2026-08-14T00:26:48,781903917-0700	1786692408774686251	ServiceH[ServiceK]	ServiceH	3740	12768	25644	4324	42736	95220	103	814116	96356	92385280	24930601	32493568
163	R4	2026-08-14T00:26:48,781903917-0700	1786692408774686251	ServiceB	ServiceB	692	4012	4328	2176	10516	27801	412	814116	96356	92385280	24930601	32493568
163	R4	2026-08-14T00:26:48,781903917-0700	1786692408774686251	ServiceC	ServiceC	676	3960	8580	1540	14080	188221	970	814116	96356	92385280	24930601	32493568
164	R4	2026-08-14T00:26:50,775332417-0700	1786692410769530084	AppProcD	AppProcD	543	29704	39496	6600	75800	402088	582	815592	96356	92385280	24930601	32493568
164	R4	2026-08-14T00:26:50,775332417-0700	1786692410769530084	AppProcC	AppProcC	2671	15008	16164	4428	35600	101613	41	815592	96356	92385280	24930601	32493568
164	R4	2026-08-14T00:26:50,775332417-0700	1786692410769530084	AppProcB	AppProcB	945	10200	12480	5468	28148	119219	1966	815592	96356	92385280	24930601	32493568
164	R4	2026-08-14T00:26:50,775332417-0700	1786692410769530084	ServiceA	ServiceA	3953	3044	4400	2656	10100	386124	166	815592	96356	92385280	24930601	32493568
164	R4	2026-08-14T00:26:50,775332417-0700	1786692410769530084	ServiceD	ServiceD	953	9604	6728	3364	19696	82893	730	815592	96356	92385280	24930601	32493568
164	R4	2026-08-14T00:26:50,775332417-0700	1786692410769530084	ServiceE	ServiceE	545	8772	2120	7800	18692	28255	342	815592	96356	92385280	24930601	32493568
164	R4	2026-08-14T00:26:50,775332417-0700	1786692410769530084	ServiceL	ServiceL	579	6436	2200	1640	10276	29876	1173	815592	96356	92385280	24930601	32493568
164	R4	2026-08-14T00:26:50,775332417-0700	1786692410769530084	ServiceH[ServiceK]	ServiceH	3740	12768	25644	4324	42736	95260	103	815592	96356	92385280	24930601	32493568
164	R4	2026-08-14T00:26:50,775332417-0700	1786692410769530084	ServiceB	ServiceB	692	4012	4328	2176	10516	27801	412	815592	96356	92385280	24930601	32493568
164	R4	2026-08-14T00:26:50,775332417-0700	1786692410769530084	ServiceC	ServiceC	676	3960	8580	1540	14080	188221	970	815592	96356	92385280	24930601	32493568
165	R5	2026-08-14T00:26:52,775525083-0700	1786692412769767166	AppProcD	AppProcD	543	29636	39500	6380	75516	402168	582	813252	96356	92385280	24930601	32493568
165	R5	2026-08-14T00:26:52,775525083-0700	1786692412769767166	AppProcC	AppProcC	2671	15008	16164	4428	35600	101614	41	813252	96356	92385280	24930601	32493568
165	R5	2026-08-14T00:26:52,775525083-0700	1786692412769767166	AppProcB	AppProcB	945	10200	12480	5468	28148	119259	1966	813252	96356	92385280	24930601	32493568
165	R5	2026-08-14T00:26:52,775525083-0700	1786692412769767166	ServiceA	ServiceA	3953	4024	4392	2656	11072	386124	166	813252	96356	92385280	24930601	32493568
165	R5	2026-08-14T00:26:52,775525083-0700	1786692412769767166	ServiceD	ServiceD	953	9604	6728	3364	19696	82996	730	813252	96356	92385280	24930601	32493568
165	R5	2026-08-14T00:26:52,775525083-0700	1786692412769767166	ServiceE	ServiceE	545	8772	2120	7800	18692	28255	342	813252	96356	92385280	24930601	32493568
165	R5	2026-08-14T00:26:52,775525083-0700	1786692412769767166	ServiceL	ServiceL	579	6436	2200	1640	10276	29917	1173	813252	96356	92385280	24930601	32493568
165	R5	2026-08-14T00:26:52,775525083-0700	1786692412769767166	ServiceH[ServiceK]	ServiceH	3740	12980	25500	4324	42804	95441	103	813252	96356	92385280	24930601	32493568
165	R5	2026-08-14T00:26:52,775525083-0700	1786692412769767166	ServiceB	ServiceB	692	4316	4296	2176	10788	27833	412	813252	96356	92385280	24930601	32493568
165	R5	2026-08-14T00:26:52,775525083-0700	1786692412769767166	ServiceC	ServiceC	676	3960	8624	1540	14124	190770	970	813252	96356	92385280	24930601	32493568
166	R5	2026-08-14T00:26:56,992299915-0700	1786692416976948832	AppProcD	AppProcD	543	29764	39500	6600	75864	405729	582	780216	96356	92385280	24930601	32493568
166	R5	2026-08-14T00:26:56,992299915-0700	1786692416976948832	AppProcC	AppProcC	2671	15008	16164	4428	35600	101615	41	780216	96356	92385280	24930601	32493568
166	R5	2026-08-14T00:26:56,992299915-0700	1786692416976948832	AppProcB	AppProcB	945	10200	12488	5468	28156	119299	1966	780216	96356	92385280	24930601	32493568
166	R5	2026-08-14T00:26:56,992299915-0700	1786692416976948832	ServiceA	ServiceA	3953	7480	10328	2656	20464	397232	167	780216	96356	92385280	24930601	32493568
166	R5	2026-08-14T00:26:56,992299915-0700	1786692416976948832	ServiceD	ServiceD	953	9620	6748	3364	19732	83333	736	780216	96356	92385280	24930601	32493568
166	R5	2026-08-14T00:26:56,992299915-0700	1786692416976948832	ServiceE	ServiceE	545	8772	2120	7800	18692	28255	342	780216	96356	92385280	24930601	32493568
166	R5	2026-08-14T00:26:56,992299915-0700	1786692416976948832	ServiceL	ServiceL	579	6468	2200	1640	10308	30617	1176	780216	96356	92385280	24930601	32493568
166	R5	2026-08-14T00:26:56,992299915-0700	1786692416976948832	ServiceH[ServiceK]	ServiceH	3740	13320	26008	4324	43652	96931	103	780216	96356	92385280	24930601	32493568
166	R5	2026-08-14T00:26:56,992299915-0700	1786692416976948832	ServiceB	ServiceB	692	4356	4276	2176	10808	28386	412	780216	96356	92385280	24930601	32493568
166	R5	2026-08-14T00:26:56,992299915-0700	1786692416976948832	ServiceC	ServiceC	676	3968	8588	1540	14096	197440	970	780216	96356	92385280	24930601	32493568
167	R5	2026-08-14T00:27:04,202771497-0700	1786692424184965747	AppProcD	AppProcD	543	29784	39500	6600	75884	407792	582	777816	96356	92385280	24930601	32493568
167	R5	2026-08-14T00:27:04,202771497-0700	1786692424184965747	AppProcC	AppProcC	2671	15008	16164	4428	35600	101616	41	777816	96356	92385280	24930601	32493568
167	R5	2026-08-14T00:27:04,202771497-0700	1786692424184965747	AppProcB	AppProcB	945	10200	12488	5468	28156	119342	1966	777816	96356	92385280	24930601	32493568
167	R5	2026-08-14T00:27:04,202771497-0700	1786692424184965747	ServiceA	ServiceA	3953	3292	4528	2656	10476	398113	167	777816	96356	92385280	24930601	32493568
167	R5	2026-08-14T00:27:04,202771497-0700	1786692424184965747	ServiceD	ServiceD	953	9624	6748	3364	19736	83570	737	777816	96356	92385280	24930601	32493568
167	R5	2026-08-14T00:27:04,202771497-0700	1786692424184965747	ServiceE	ServiceE	545	8772	2120	7800	18692	28255	342	777816	96356	92385280	24930601	32493568
167	R5	2026-08-14T00:27:04,202771497-0700	1786692424184965747	ServiceL	ServiceL	579	6444	2200	1640	10284	30652	1176	777816	96356	92385280	24930601	32493568
167	R5	2026-08-14T00:27:04,202771497-0700	1786692424184965747	ServiceH[ServiceK]	ServiceH	3740	13320	26008	4324	43652	97025	103	777816	96356	92385280	24930601	32493568
167	R5	2026-08-14T00:27:04,202771497-0700	1786692424184965747	ServiceB	ServiceB	692	4304	4288	2176	10768	28401	412	777816	96356	92385280	24930601	32493568
167	R5	2026-08-14T00:27:04,202771497-0700	1786692424184965747	ServiceC	ServiceC	676	4012	8588	1540	14140	199423	970	777816	96356	92385280	24930601	32493568
168	R5	2026-08-14T00:27:07,826691329-0700	1786692427805535496	AppProcD	AppProcD	543	29784	39500	6600	75884	407794	582	784864	96356	92385280	24930601	32493568
168	R5	2026-08-14T00:27:07,826691329-0700	1786692427805535496	AppProcC	AppProcC	2671	15008	16164	4428	35600	101617	41	784864	96356	92385280	24930601	32493568
168	R5	2026-08-14T00:27:07,826691329-0700	1786692427805535496	AppProcB	AppProcB	945	10200	12488	5468	28156	119382	1966	784864	96356	92385280	24930601	32493568
168	R5	2026-08-14T00:27:07,826691329-0700	1786692427805535496	ServiceA	ServiceA	3953	3292	4528	2656	10476	398113	167	784864	96356	92385280	24930601	32493568
168	R5	2026-08-14T00:27:07,826691329-0700	1786692427805535496	ServiceD	ServiceD	953	9624	6748	3364	19736	83861	737	784864	96356	92385280	24930601	32493568
168	R5	2026-08-14T00:27:07,826691329-0700	1786692427805535496	ServiceE	ServiceE	545	8772	2120	7800	18692	28255	342	784864	96356	92385280	24930601	32493568
168	R5	2026-08-14T00:27:07,826691329-0700	1786692427805535496	ServiceL	ServiceL	579	6444	2200	1640	10284	30682	1176	784864	96356	92385280	24930601	32493568
168	R5	2026-08-14T00:27:07,826691329-0700	1786692427805535496	ServiceH[ServiceK]	ServiceH	3740	13380	26008	4324	43712	97072	103	784864	96356	92385280	24930601	32493568
168	R5	2026-08-14T00:27:07,826691329-0700	1786692427805535496	ServiceB	ServiceB	692	4232	4388	2176	10796	28570	414	784864	96356	92385280	24930601	32493568
168	R5	2026-08-14T00:27:07,826691329-0700	1786692427805535496	ServiceC	ServiceC	676	3968	8588	1540	14096	202339	970	784864	96356	92385280	24930601	32493568
169	R5	2026-08-14T00:27:11,427501829-0700	1786692431404709745	AppProcD	AppProcD	543	29756	39500	6600	75856	407794	582	791860	96356	92385280	24930601	32493568
169	R5	2026-08-14T00:27:11,427501829-0700	1786692431404709745	AppProcC	AppProcC	2671	15008	16164	4428	35600	101619	41	791860	96356	92385280	24930601	32493568
169	R5	2026-08-14T00:27:11,427501829-0700	1786692431404709745	AppProcB	AppProcB	945	10200	12488	5468	28156	119422	1966	791860	96356	92385280	24930601	32493568
169	R5	2026-08-14T00:27:11,427501829-0700	1786692431404709745	ServiceA	ServiceA	3953	3292	4528	2656	10476	398113	167	791860	96356	92385280	24930601	32493568
169	R5	2026-08-14T00:27:11,427501829-0700	1786692431404709745	ServiceD	ServiceD	953	9624	6748	3364	19736	83901	737	791860	96356	92385280	24930601	32493568
169	R5	2026-08-14T00:27:11,427501829-0700	1786692431404709745	ServiceE	ServiceE	545	8772	2120	7800	18692	28255	342	791860	96356	92385280	24930601	32493568
169	R5	2026-08-14T00:27:11,427501829-0700	1786692431404709745	ServiceL	ServiceL	579	6444	2200	1640	10284	30682	1176	791860	96356	92385280	24930601	32493568
169	R5	2026-08-14T00:27:11,427501829-0700	1786692431404709745	ServiceH[ServiceK]	ServiceH	3740	13224	26160	4324	43708	97195	103	791860	96356	92385280	24930601	32493568
169	R5	2026-08-14T00:27:11,427501829-0700	1786692431404709745	ServiceB	ServiceB	692	4232	4388	2176	10796	28570	414	791860	96356	92385280	24930601	32493568
169	R5	2026-08-14T00:27:11,427501829-0700	1786692431404709745	ServiceC	ServiceC	676	3968	8584	1540	14092	205140	970	791860	96356	92385280	24930601	32493568
170	R5	2026-08-14T00:27:13,658124661-0700	1786692433651234578	AppProcD	AppProcD	543	29756	39500	6600	75856	407796	582	790112	96356	92385280	24930601	32493568
170	R5	2026-08-14T00:27:13,658124661-0700	1786692433651234578	AppProcC	AppProcC	2671	15008	16164	4428	35600	101619	41	790112	96356	92385280	24930601	32493568
170	R5	2026-08-14T00:27:13,658124661-0700	1786692433651234578	AppProcB	AppProcB	945	10200	12488	5468	28156	119422	1966	790112	96356	92385280	24930601	32493568
170	R5	2026-08-14T00:27:13,658124661-0700	1786692433651234578	ServiceA	ServiceA	3953	3292	4528	2656	10476	398113	167	790112	96356	92385280	24930601	32493568
170	R5	2026-08-14T00:27:13,658124661-0700	1786692433651234578	ServiceD	ServiceD	953	9624	6748	3364	19736	83901	737	790112	96356	92385280	24930601	32493568
170	R5	2026-08-14T00:27:13,658124661-0700	1786692433651234578	ServiceE	ServiceE	545	8772	2120	7800	18692	28255	342	790112	96356	92385280	24930601	32493568
170	R5	2026-08-14T00:27:13,658124661-0700	1786692433651234578	ServiceL	ServiceL	579	6444	2200	1640	10284	30712	1176	790112	96356	92385280	24930601	32493568
170	R5	2026-08-14T00:27:13,658124661-0700	1786692433651234578	ServiceH[ServiceK]	ServiceH	3740	13084	26124	4324	43532	99545	103	790112	96356	92385280	24930601	32493568
170	R5	2026-08-14T00:27:13,658124661-0700	1786692433651234578	ServiceB	ServiceB	692	4232	4388	2176	10796	28570	414	790112	96356	92385280	24930601	32493568
170	R5	2026-08-14T00:27:13,658124661-0700	1786692433651234578	ServiceC	ServiceC	676	3968	8584	1540	14092	205140	970	790112	96356	92385280	24930601	32493568
171	R5	2026-08-14T00:27:15,059201744-0700	1786692435052791828	AppProcD	AppProcD	543	29756	39500	6600	75856	407796	582	791000	96356	92385280	24930601	32493568
171	R5	2026-08-14T00:27:15,059201744-0700	1786692435052791828	AppProcC	AppProcC	2671	15008	16164	4428	35600	101619	41	791000	96356	92385280	24930601	32493568
171	R5	2026-08-14T00:27:15,059201744-0700	1786692435052791828	AppProcB	AppProcB	945	10200	12488	5468	28156	119422	1966	791000	96356	92385280	24930601	32493568
171	R5	2026-08-14T00:27:15,059201744-0700	1786692435052791828	ServiceA	ServiceA	3953	3292	4528	2656	10476	398113	167	791000	96356	92385280	24930601	32493568
171	R5	2026-08-14T00:27:15,059201744-0700	1786692435052791828	ServiceD	ServiceD	953	9624	6748	3364	19736	83901	737	791000	96356	92385280	24930601	32493568
171	R5	2026-08-14T00:27:15,059201744-0700	1786692435052791828	ServiceE	ServiceE	545	8772	2120	7800	18692	28255	342	791000	96356	92385280	24930601	32493568
171	R5	2026-08-14T00:27:15,059201744-0700	1786692435052791828	ServiceL	ServiceL	579	6444	2200	1640	10284	30712	1176	791000	96356	92385280	24930601	32493568
171	R5	2026-08-14T00:27:15,059201744-0700	1786692435052791828	ServiceH[ServiceK]	ServiceH	3740	13084	26124	4324	43532	99588	103	791000	96356	92385280	24930601	32493568
171	R5	2026-08-14T00:27:15,059201744-0700	1786692435052791828	ServiceB	ServiceB	692	4232	4388	2176	10796	28570	414	791000	96356	92385280	24930601	32493568
171	R5	2026-08-14T00:27:15,059201744-0700	1786692435052791828	ServiceC	ServiceC	676	3968	8584	1540	14092	205140	970	791000	96356	92385280	24930601	32493568
172	R5	2026-08-14T00:27:16,459271077-0700	1786692436453902744	AppProcD	AppProcD	543	29756	39500	6600	75856	407796	582	791232	96356	92385280	24930601	32493568
172	R5	2026-08-14T00:27:16,459271077-0700	1786692436453902744	AppProcC	AppProcC	2671	15008	16164	4428	35600	101620	41	791232	96356	92385280	24930601	32493568
172	R5	2026-08-14T00:27:16,459271077-0700	1786692436453902744	AppProcB	AppProcB	945	10200	12488	5468	28156	119462	1966	791232	96356	92385280	24930601	32493568
172	R5	2026-08-14T00:27:16,459271077-0700	1786692436453902744	ServiceA	ServiceA	3953	3292	4528	2656	10476	398113	167	791232	96356	92385280	24930601	32493568
172	R5	2026-08-14T00:27:16,459271077-0700	1786692436453902744	ServiceD	ServiceD	953	9624	6748	3364	19736	83901	737	791232	96356	92385280	24930601	32493568
172	R5	2026-08-14T00:27:16,459271077-0700	1786692436453902744	ServiceE	ServiceE	545	8772	2120	7800	18692	28255	342	791232	96356	92385280	24930601	32493568
172	R5	2026-08-14T00:27:16,459271077-0700	1786692436453902744	ServiceL	ServiceL	579	6444	2200	1640	10284	30712	1176	791232	96356	92385280	24930601	32493568
172	R5	2026-08-14T00:27:16,459271077-0700	1786692436453902744	ServiceH[ServiceK]	ServiceH	3740	13084	26124	4324	43532	99588	103	791232	96356	92385280	24930601	32493568
172	R5	2026-08-14T00:27:16,459271077-0700	1786692436453902744	ServiceB	ServiceB	692	4232	4388	2176	10796	28571	414	791232	96356	92385280	24930601	32493568
172	R5	2026-08-14T00:27:16,459271077-0700	1786692436453902744	ServiceC	ServiceC	676	3968	8584	1540	14092	205140	970	791232	96356	92385280	24930601	32493568
173	R5	2026-08-14T00:27:18,892585077-0700	1786692438694921327	AppProcD	AppProcD	543	29756	39500	6600	75856	408252	582	743992	96356	92385280	24930601	32493568
173	R5	2026-08-14T00:27:18,892585077-0700	1786692438694921327	AppProcC	AppProcC	2671	15008	16164	4428	35600	101620	41	743992	96356	92385280	24930601	32493568
173	R5	2026-08-14T00:27:18,892585077-0700	1786692438694921327	AppProcB	AppProcB	945	10200	12488	5468	28156	119464	1966	743992	96356	92385280	24930601	32493568
173	R5	2026-08-14T00:27:18,892585077-0700	1786692438694921327	ServiceA	ServiceA	3953	3280	4512	2656	10448	398113	167	743992	96356	92385280	24930601	32493568
173	R5	2026-08-14T00:27:18,892585077-0700	1786692438694921327	ServiceD	ServiceD	953	9624	6748	3364	19736	83968	737	743992	96356	92385280	24930601	32493568
173	R5	2026-08-14T00:27:18,892585077-0700	1786692438694921327	ServiceE	ServiceE	545	8772	2120	7800	18692	28255	342	743992	96356	92385280	24930601	32493568
173	R5	2026-08-14T00:27:18,892585077-0700	1786692438694921327	ServiceL	ServiceL	579	6444	2200	1640	10284	30742	1176	743992	96356	92385280	24930601	32493568
173	R5	2026-08-14T00:27:18,892585077-0700	1786692438694921327	ServiceH[ServiceK]	ServiceH	3740	13084	26124	4324	43532	99588	103	743992	96356	92385280	24930601	32493568
173	R5	2026-08-14T00:27:18,892585077-0700	1786692438694921327	ServiceB	ServiceB	692	4668	4448	2176	11292	28760	414	743992	96356	92385280	24930601	32493568
173	R5	2026-08-14T00:27:18,892585077-0700	1786692438694921327	ServiceC	ServiceC	676	3968	8580	1540	14088	205447	970	743992	96356	92385280	24930601	32493568
174	R5	2026-08-14T00:27:20,781720743-0700	1786692440776876910	AppProcD	AppProcD	543	29756	39500	6600	75856	408252	582	782688	96356	92385280	24930601	32493568
174	R5	2026-08-14T00:27:20,781720743-0700	1786692440776876910	AppProcC	AppProcC	2671	15008	16164	4428	35600	101620	41	782688	96356	92385280	24930601	32493568
174	R5	2026-08-14T00:27:20,781720743-0700	1786692440776876910	AppProcB	AppProcB	945	10200	12488	5468	28156	119464	1966	782688	96356	92385280	24930601	32493568
174	R5	2026-08-14T00:27:20,781720743-0700	1786692440776876910	ServiceA	ServiceA	3953	3280	4512	2656	10448	398113	167	782688	96356	92385280	24930601	32493568
174	R5	2026-08-14T00:27:20,781720743-0700	1786692440776876910	ServiceD	ServiceD	953	9624	6748	3364	19736	83968	737	782688	96356	92385280	24930601	32493568
174	R5	2026-08-14T00:27:20,781720743-0700	1786692440776876910	ServiceE	ServiceE	545	8772	2120	7800	18692	28255	342	782688	96356	92385280	24930601	32493568
174	R5	2026-08-14T00:27:20,781720743-0700	1786692440776876910	ServiceL	ServiceL	579	6444	2200	1640	10284	30742	1176	782688	96356	92385280	24930601	32493568
174	R5	2026-08-14T00:27:20,781720743-0700	1786692440776876910	ServiceH[ServiceK]	ServiceH	3740	13084	26124	4324	43532	99630	103	782688	96356	92385280	24930601	32493568
174	R5	2026-08-14T00:27:20,781720743-0700	1786692440776876910	ServiceB	ServiceB	692	4572	4432	2176	11180	28914	414	782688	96356	92385280	24930601	32493568
174	R5	2026-08-14T00:27:20,781720743-0700	1786692440776876910	ServiceC	ServiceC	676	3968	8580	1540	14088	205447	970	782688	96356	92385280	24930601	32493568
175	R5	2026-08-14T00:27:22,545152743-0700	1786692442537205326	AppProcD	AppProcD	543	29768	39500	6600	75868	408328	582	804760	96356	92385280	24930601	32493568
175	R5	2026-08-14T00:27:22,545152743-0700	1786692442537205326	AppProcC	AppProcC	2671	15008	16164	4428	35600	101621	41	804760	96356	92385280	24930601	32493568
175	R5	2026-08-14T00:27:22,545152743-0700	1786692442537205326	AppProcB	AppProcB	945	10200	12488	5468	28156	119506	1966	804760	96356	92385280	24930601	32493568
175	R5	2026-08-14T00:27:22,545152743-0700	1786692442537205326	ServiceA	ServiceA	3953	3280	4512	2656	10448	398113	167	804760	96356	92385280	24930601	32493568
175	R5	2026-08-14T00:27:22,545152743-0700	1786692442537205326	ServiceD	ServiceD	953	9624	6748	3364	19736	84037	737	804760	96356	92385280	24930601	32493568
175	R5	2026-08-14T00:27:22,545152743-0700	1786692442537205326	ServiceE	ServiceE	545	8772	2120	7800	18692	28255	342	804760	96356	92385280	24930601	32493568
175	R5	2026-08-14T00:27:22,545152743-0700	1786692442537205326	ServiceL	ServiceL	579	6444	2200	1640	10284	30743	1176	804760	96356	92385280	24930601	32493568
175	R5	2026-08-14T00:27:22,545152743-0700	1786692442537205326	ServiceH[ServiceK]	ServiceH	3740	13084	26124	4324	43532	99631	103	804760	96356	92385280	24930601	32493568
175	R5	2026-08-14T00:27:22,545152743-0700	1786692442537205326	ServiceB	ServiceB	692	4652	4428	2176	11256	29034	414	804760	96356	92385280	24930601	32493568
175	R5	2026-08-14T00:27:22,545152743-0700	1786692442537205326	ServiceC	ServiceC	676	3968	8580	1540	14088	205492	970	804760	96356	92385280	24930601	32493568
176	R5	2026-08-14T00:27:24,311034742-0700	1786692444304987909	AppProcD	AppProcD	543	29768	39500	6600	75868	408349	582	799788	96356	92385280	24930601	32493568
176	R5	2026-08-14T00:27:24,311034742-0700	1786692444304987909	AppProcC	AppProcC	2671	15008	16164	4428	35600	101621	41	799788	96356	92385280	24930601	32493568
176	R5	2026-08-14T00:27:24,311034742-0700	1786692444304987909	AppProcB	AppProcB	945	10200	12488	5468	28156	119506	1966	799788	96356	92385280	24930601	32493568
176	R5	2026-08-14T00:27:24,311034742-0700	1786692444304987909	ServiceA	ServiceA	3953	3280	4512	2656	10448	398113	167	799788	96356	92385280	24930601	32493568
176	R5	2026-08-14T00:27:24,311034742-0700	1786692444304987909	ServiceD	ServiceD	953	9624	6748	3364	19736	84037	737	799788	96356	92385280	24930601	32493568
176	R5	2026-08-14T00:27:24,311034742-0700	1786692444304987909	ServiceE	ServiceE	545	8772	2120	7800	18692	28255	342	799788	96356	92385280	24930601	32493568
176	R5	2026-08-14T00:27:24,311034742-0700	1786692444304987909	ServiceL	ServiceL	579	6444	2200	1640	10284	30773	1176	799788	96356	92385280	24930601	32493568
176	R5	2026-08-14T00:27:24,311034742-0700	1786692444304987909	ServiceH[ServiceK]	ServiceH	3740	13084	26124	4324	43532	99673	103	799788	96356	92385280	24930601	32493568
176	R5	2026-08-14T00:27:24,311034742-0700	1786692444304987909	ServiceB	ServiceB	692	4824	4428	2176	11428	29172	414	799788	96356	92385280	24930601	32493568
176	R5	2026-08-14T00:27:24,311034742-0700	1786692444304987909	ServiceC	ServiceC	676	3968	8580	1540	14088	205492	970	799788	96356	92385280	24930601	32493568
177	R5	2026-08-14T00:27:26,233778242-0700	1786692446228345575	AppProcD	AppProcD	543	29768	39500	6600	75868	408349	582	795944	96356	92385280	24930601	32493568
177	R5	2026-08-14T00:27:26,233778242-0700	1786692446228345575	AppProcC	AppProcC	2671	15008	16164	4428	35600	101622	41	795944	96356	92385280	24930601	32493568
177	R5	2026-08-14T00:27:26,233778242-0700	1786692446228345575	AppProcB	AppProcB	945	10200	12488	5468	28156	119546	1966	795944	96356	92385280	24930601	32493568
177	R5	2026-08-14T00:27:26,233778242-0700	1786692446228345575	ServiceA	ServiceA	3953	3280	4512	2656	10448	398113	167	795944	96356	92385280	24930601	32493568
177	R5	2026-08-14T00:27:26,233778242-0700	1786692446228345575	ServiceD	ServiceD	953	9624	6748	3364	19736	84037	737	795944	96356	92385280	24930601	32493568
177	R5	2026-08-14T00:27:26,233778242-0700	1786692446228345575	ServiceE	ServiceE	545	8772	2120	7800	18692	28255	342	795944	96356	92385280	24930601	32493568
177	R5	2026-08-14T00:27:26,233778242-0700	1786692446228345575	ServiceL	ServiceL	579	6444	2200	1640	10284	30773	1176	795944	96356	92385280	24930601	32493568
177	R5	2026-08-14T00:27:26,233778242-0700	1786692446228345575	ServiceH[ServiceK]	ServiceH	3740	13084	26124	4324	43532	99673	103	795944	96356	92385280	24930601	32493568
177	R5	2026-08-14T00:27:26,233778242-0700	1786692446228345575	ServiceB	ServiceB	692	4820	4428	2176	11424	29187	414	795944	96356	92385280	24930601	32493568
177	R5	2026-08-14T00:27:26,233778242-0700	1786692446228345575	ServiceC	ServiceC	676	3968	8580	1540	14088	205492	970	795944	96356	92385280	24930601	32493568
178	R5	2026-08-14T00:27:27,666172991-0700	1786692447659592158	AppProcD	AppProcD	543	29768	39500	6600	75868	408349	582	795472	96356	92385280	24930601	32493568
178	R5	2026-08-14T00:27:27,666172991-0700	1786692447659592158	AppProcC	AppProcC	2671	15008	16164	4428	35600	101622	41	795472	96356	92385280	24930601	32493568
178	R5	2026-08-14T00:27:27,666172991-0700	1786692447659592158	AppProcB	AppProcB	945	10200	12488	5468	28156	119546	1966	795472	96356	92385280	24930601	32493568
178	R5	2026-08-14T00:27:27,666172991-0700	1786692447659592158	ServiceA	ServiceA	3953	3280	4512	2656	10448	398113	167	795472	96356	92385280	24930601	32493568
178	R5	2026-08-14T00:27:27,666172991-0700	1786692447659592158	ServiceD	ServiceD	953	9624	6748	3364	19736	84077	737	795472	96356	92385280	24930601	32493568
178	R5	2026-08-14T00:27:27,666172991-0700	1786692447659592158	ServiceE	ServiceE	545	8772	2120	7800	18692	28255	342	795472	96356	92385280	24930601	32493568
178	R5	2026-08-14T00:27:27,666172991-0700	1786692447659592158	ServiceL	ServiceL	579	6444	2200	1640	10284	30773	1176	795472	96356	92385280	24930601	32493568
178	R5	2026-08-14T00:27:27,666172991-0700	1786692447659592158	ServiceH[ServiceK]	ServiceH	3740	13084	26124	4324	43532	99673	103	795472	96356	92385280	24930601	32493568
178	R5	2026-08-14T00:27:27,666172991-0700	1786692447659592158	ServiceB	ServiceB	692	4820	4428	2176	11424	29187	414	795472	96356	92385280	24930601	32493568
178	R5	2026-08-14T00:27:27,666172991-0700	1786692447659592158	ServiceC	ServiceC	676	3968	8580	1540	14088	205492	970	795472	96356	92385280	24930601	32493568
179	R5	2026-08-14T00:27:28,988591491-0700	1786692448980928574	AppProcD	AppProcD	543	29768	39500	6600	75868	408351	582	799456	96356	92385280	24930601	32493568
179	R5	2026-08-14T00:27:28,988591491-0700	1786692448980928574	AppProcC	AppProcC	2671	15008	16164	4428	35600	101622	41	799456	96356	92385280	24930601	32493568
179	R5	2026-08-14T00:27:28,988591491-0700	1786692448980928574	AppProcB	AppProcB	945	10200	12488	5468	28156	119546	1966	799456	96356	92385280	24930601	32493568
179	R5	2026-08-14T00:27:28,988591491-0700	1786692448980928574	ServiceA	ServiceA	3953	3280	4512	2656	10448	398113	167	799456	96356	92385280	24930601	32493568
179	R5	2026-08-14T00:27:28,988591491-0700	1786692448980928574	ServiceD	ServiceD	953	9624	6748	3364	19736	84077	737	799456	96356	92385280	24930601	32493568
179	R5	2026-08-14T00:27:28,988591491-0700	1786692448980928574	ServiceE	ServiceE	545	8772	2120	7800	18692	28255	342	799456	96356	92385280	24930601	32493568
179	R5	2026-08-14T00:27:28,988591491-0700	1786692448980928574	ServiceL	ServiceL	579	6444	2200	1640	10284	30803	1176	799456	96356	92385280	24930601	32493568
179	R5	2026-08-14T00:27:28,988591491-0700	1786692448980928574	ServiceH[ServiceK]	ServiceH	3740	13084	26124	4324	43532	99673	103	799456	96356	92385280	24930601	32493568
179	R5	2026-08-14T00:27:28,988591491-0700	1786692448980928574	ServiceB	ServiceB	692	4820	4428	2176	11424	29187	414	799456	96356	92385280	24930601	32493568
179	R5	2026-08-14T00:27:28,988591491-0700	1786692448980928574	ServiceC	ServiceC	676	3968	8580	1540	14088	205492	970	799456	96356	92385280	24930601	32493568
180	R5	2026-08-14T00:27:30,241879157-0700	1786692450235423157	AppProcD	AppProcD	543	29768	39500	6600	75868	408351	582	798280	96356	92385280	24930601	32493568
180	R5	2026-08-14T00:27:30,241879157-0700	1786692450235423157	AppProcC	AppProcC	2671	15008	16164	4428	35600	101622	41	798280	96356	92385280	24930601	32493568
180	R5	2026-08-14T00:27:30,241879157-0700	1786692450235423157	AppProcB	AppProcB	945	10200	12488	5468	28156	119546	1966	798280	96356	92385280	24930601	32493568
180	R5	2026-08-14T00:27:30,241879157-0700	1786692450235423157	ServiceA	ServiceA	3953	3280	4512	2656	10448	398113	167	798280	96356	92385280	24930601	32493568
180	R5	2026-08-14T00:27:30,241879157-0700	1786692450235423157	ServiceD	ServiceD	953	9624	6748	3364	19736	84077	737	798280	96356	92385280	24930601	32493568
180	R5	2026-08-14T00:27:30,241879157-0700	1786692450235423157	ServiceE	ServiceE	545	8772	2120	7800	18692	28255	342	798280	96356	92385280	24930601	32493568
180	R5	2026-08-14T00:27:30,241879157-0700	1786692450235423157	ServiceL	ServiceL	579	6444	2200	1640	10284	30803	1176	798280	96356	92385280	24930601	32493568
180	R5	2026-08-14T00:27:30,241879157-0700	1786692450235423157	ServiceH[ServiceK]	ServiceH	3740	13084	26124	4324	43532	99721	103	798280	96356	92385280	24930601	32493568
180	R5	2026-08-14T00:27:30,241879157-0700	1786692450235423157	ServiceB	ServiceB	692	4820	4428	2176	11424	29187	414	798280	96356	92385280	24930601	32493568
180	R5	2026-08-14T00:27:30,241879157-0700	1786692450235423157	ServiceC	ServiceC	676	3968	8580	1540	14088	205492	970	798280	96356	92385280	24930601	32493568
181	R5	2026-08-14T00:27:31,506729907-0700	1786692451502272657	AppProcD	AppProcD	543	29768	39500	6600	75868	408351	582	799112	96356	92385280	24930601	32493568
181	R5	2026-08-14T00:27:31,506729907-0700	1786692451502272657	AppProcC	AppProcC	2671	15008	16164	4428	35600	101623	41	799112	96356	92385280	24930601	32493568
181	R5	2026-08-14T00:27:31,506729907-0700	1786692451502272657	AppProcB	AppProcB	945	10200	12488	5468	28156	119588	1966	799112	96356	92385280	24930601	32493568
181	R5	2026-08-14T00:27:31,506729907-0700	1786692451502272657	ServiceA	ServiceA	3953	3280	4512	2656	10448	398113	167	799112	96356	92385280	24930601	32493568
181	R5	2026-08-14T00:27:31,506729907-0700	1786692451502272657	ServiceD	ServiceD	953	9624	6748	3364	19736	84077	737	799112	96356	92385280	24930601	32493568
181	R5	2026-08-14T00:27:31,506729907-0700	1786692451502272657	ServiceE	ServiceE	545	8772	2120	7800	18692	28255	342	799112	96356	92385280	24930601	32493568
181	R5	2026-08-14T00:27:31,506729907-0700	1786692451502272657	ServiceL	ServiceL	579	6444	2200	1640	10284	30803	1176	799112	96356	92385280	24930601	32493568
181	R5	2026-08-14T00:27:31,506729907-0700	1786692451502272657	ServiceH[ServiceK]	ServiceH	3740	13084	26124	4324	43532	99721	103	799112	96356	92385280	24930601	32493568
181	R5	2026-08-14T00:27:31,506729907-0700	1786692451502272657	ServiceB	ServiceB	692	4820	4428	2176	11424	29187	414	799112	96356	92385280	24930601	32493568
181	R5	2026-08-14T00:27:31,506729907-0700	1786692451502272657	ServiceC	ServiceC	676	3968	8580	1540	14088	205492	970	799112	96356	92385280	24930601	32493568
182	R5	2026-08-14T00:27:32,796507157-0700	1786692452789728490	AppProcD	AppProcD	543	29768	39472	6600	75840	408353	582	799712	96356	92385280	24930601	32493568
182	R5	2026-08-14T00:27:32,796507157-0700	1786692452789728490	AppProcC	AppProcC	2671	15008	16164	4428	35600	101623	41	799712	96356	92385280	24930601	32493568
182	R5	2026-08-14T00:27:32,796507157-0700	1786692452789728490	AppProcB	AppProcB	945	10200	12488	5468	28156	119588	1966	799712	96356	92385280	24930601	32493568
182	R5	2026-08-14T00:27:32,796507157-0700	1786692452789728490	ServiceA	ServiceA	3953	3280	4512	2656	10448	398113	167	799712	96356	92385280	24930601	32493568
182	R5	2026-08-14T00:27:32,796507157-0700	1786692452789728490	ServiceD	ServiceD	953	9624	6748	3364	19736	84117	737	799712	96356	92385280	24930601	32493568
182	R5	2026-08-14T00:27:32,796507157-0700	1786692452789728490	ServiceE	ServiceE	545	8772	2120	7800	18692	28255	342	799712	96356	92385280	24930601	32493568
182	R5	2026-08-14T00:27:32,796507157-0700	1786692452789728490	ServiceL	ServiceL	579	6444	2200	1640	10284	30803	1176	799712	96356	92385280	24930601	32493568
182	R5	2026-08-14T00:27:32,796507157-0700	1786692452789728490	ServiceH[ServiceK]	ServiceH	3740	13084	26124	4324	43532	99721	103	799712	96356	92385280	24930601	32493568
182	R5	2026-08-14T00:27:32,796507157-0700	1786692452789728490	ServiceB	ServiceB	692	4820	4428	2176	11424	29187	414	799712	96356	92385280	24930601	32493568
182	R5	2026-08-14T00:27:32,796507157-0700	1786692452789728490	ServiceC	ServiceC	676	3968	8580	1540	14088	205492	970	799712	96356	92385280	24930601	32493568
183	R5	2026-08-14T00:27:34,166835490-0700	1786692454160323573	AppProcD	AppProcD	543	29768	39472	6600	75840	408353	582	802572	96356	92385280	24930601	32493568
183	R5	2026-08-14T00:27:34,166835490-0700	1786692454160323573	AppProcC	AppProcC	2671	15008	16164	4428	35600	101623	41	802572	96356	92385280	24930601	32493568
183	R5	2026-08-14T00:27:34,166835490-0700	1786692454160323573	AppProcB	AppProcB	945	10200	12488	5468	28156	119588	1966	802572	96356	92385280	24930601	32493568
183	R5	2026-08-14T00:27:34,166835490-0700	1786692454160323573	ServiceA	ServiceA	3953	3280	4512	2656	10448	398113	167	802572	96356	92385280	24930601	32493568
183	R5	2026-08-14T00:27:34,166835490-0700	1786692454160323573	ServiceD	ServiceD	953	9624	6748	3364	19736	84117	737	802572	96356	92385280	24930601	32493568
183	R5	2026-08-14T00:27:34,166835490-0700	1786692454160323573	ServiceE	ServiceE	545	8772	2120	7800	18692	28255	342	802572	96356	92385280	24930601	32493568
183	R5	2026-08-14T00:27:34,166835490-0700	1786692454160323573	ServiceL	ServiceL	579	6444	2200	1640	10284	30833	1176	802572	96356	92385280	24930601	32493568
183	R5	2026-08-14T00:27:34,166835490-0700	1786692454160323573	ServiceH[ServiceK]	ServiceH	3740	13084	26124	4324	43532	99721	103	802572	96356	92385280	24930601	32493568
183	R5	2026-08-14T00:27:34,166835490-0700	1786692454160323573	ServiceB	ServiceB	692	4820	4428	2176	11424	29187	414	802572	96356	92385280	24930601	32493568
183	R5	2026-08-14T00:27:34,166835490-0700	1786692454160323573	ServiceC	ServiceC	676	3968	8580	1540	14088	205492	970	802572	96356	92385280	24930601	32493568
184	R5	2026-08-14T00:27:35,502723406-0700	1786692455495312740	AppProcD	AppProcD	543	29768	39472	6600	75840	408353	582	803392	96356	92385280	24930601	32493568
184	R5	2026-08-14T00:27:35,502723406-0700	1786692455495312740	AppProcC	AppProcC	2671	15008	16164	4428	35600	101623	41	803392	96356	92385280	24930601	32493568
184	R5	2026-08-14T00:27:35,502723406-0700	1786692455495312740	AppProcB	AppProcB	945	10200	12488	5468	28156	119588	1966	803392	96356	92385280	24930601	32493568
184	R5	2026-08-14T00:27:35,502723406-0700	1786692455495312740	ServiceA	ServiceA	3953	3280	4512	2656	10448	398113	167	803392	96356	92385280	24930601	32493568
184	R5	2026-08-14T00:27:35,502723406-0700	1786692455495312740	ServiceD	ServiceD	953	9624	6748	3364	19736	84117	737	803392	96356	92385280	24930601	32493568
184	R5	2026-08-14T00:27:35,502723406-0700	1786692455495312740	ServiceE	ServiceE	545	8772	2120	7800	18692	28255	342	803392	96356	92385280	24930601	32493568
184	R5	2026-08-14T00:27:35,502723406-0700	1786692455495312740	ServiceL	ServiceL	579	6444	2200	1640	10284	30833	1176	803392	96356	92385280	24930601	32493568
184	R5	2026-08-14T00:27:35,502723406-0700	1786692455495312740	ServiceH[ServiceK]	ServiceH	3740	13084	26124	4324	43532	99763	103	803392	96356	92385280	24930601	32493568
184	R5	2026-08-14T00:27:35,502723406-0700	1786692455495312740	ServiceB	ServiceB	692	4820	4428	2176	11424	29187	414	803392	96356	92385280	24930601	32493568
184	R5	2026-08-14T00:27:35,502723406-0700	1786692455495312740	ServiceC	ServiceC	676	3968	8580	1540	14088	205492	970	803392	96356	92385280	24930601	32493568
185	R5	2026-08-14T00:27:36,786454156-0700	1786692456780873156	AppProcD	AppProcD	543	29768	39472	6600	75840	408353	582	804136	96356	92385280	24930601	32493568
185	R5	2026-08-14T00:27:36,786454156-0700	1786692456780873156	AppProcC	AppProcC	2671	15008	16164	4428	35600	101624	41	804136	96356	92385280	24930601	32493568
185	R5	2026-08-14T00:27:36,786454156-0700	1786692456780873156	AppProcB	AppProcB	945	10200	12488	5468	28156	119628	1966	804136	96356	92385280	24930601	32493568
185	R5	2026-08-14T00:27:36,786454156-0700	1786692456780873156	ServiceA	ServiceA	3953	3280	4512	2656	10448	398113	167	804136	96356	92385280	24930601	32493568
185	R5	2026-08-14T00:27:36,786454156-0700	1786692456780873156	ServiceD	ServiceD	953	9624	6748	3364	19736	84117	737	804136	96356	92385280	24930601	32493568
185	R5	2026-08-14T00:27:36,786454156-0700	1786692456780873156	ServiceE	ServiceE	545	8772	2120	7800	18692	28255	342	804136	96356	92385280	24930601	32493568
185	R5	2026-08-14T00:27:36,786454156-0700	1786692456780873156	ServiceL	ServiceL	579	6444	2200	1640	10284	30833	1176	804136	96356	92385280	24930601	32493568
185	R5	2026-08-14T00:27:36,786454156-0700	1786692456780873156	ServiceH[ServiceK]	ServiceH	3740	13084	26124	4324	43532	99763	103	804136	96356	92385280	24930601	32493568
185	R5	2026-08-14T00:27:36,786454156-0700	1786692456780873156	ServiceB	ServiceB	692	4820	4428	2176	11424	29188	414	804136	96356	92385280	24930601	32493568
185	R5	2026-08-14T00:27:36,786454156-0700	1786692456780873156	ServiceC	ServiceC	676	3968	8580	1540	14088	205492	970	804136	96356	92385280	24930601	32493568
186	R5	2026-08-14T00:27:38,127070072-0700	1786692458119965822	AppProcD	AppProcD	543	29768	39472	6600	75840	408355	582	804264	96356	92385280	24930601	32493568
186	R5	2026-08-14T00:27:38,127070072-0700	1786692458119965822	AppProcC	AppProcC	2671	15008	16164	4428	35600	101624	41	804264	96356	92385280	24930601	32493568
186	R5	2026-08-14T00:27:38,127070072-0700	1786692458119965822	AppProcB	AppProcB	945	10200	12488	5468	28156	119628	1966	804264	96356	92385280	24930601	32493568
186	R5	2026-08-14T00:27:38,127070072-0700	1786692458119965822	ServiceA	ServiceA	3953	3280	4512	2656	10448	398113	167	804264	96356	92385280	24930601	32493568
186	R5	2026-08-14T00:27:38,127070072-0700	1786692458119965822	ServiceD	ServiceD	953	9624	6748	3364	19736	84157	737	804264	96356	92385280	24930601	32493568
186	R5	2026-08-14T00:27:38,127070072-0700	1786692458119965822	ServiceE	ServiceE	545	8772	2120	7800	18692	28255	342	804264	96356	92385280	24930601	32493568
186	R5	2026-08-14T00:27:38,127070072-0700	1786692458119965822	ServiceL	ServiceL	579	6444	2200	1640	10284	30833	1176	804264	96356	92385280	24930601	32493568
186	R5	2026-08-14T00:27:38,127070072-0700	1786692458119965822	ServiceH[ServiceK]	ServiceH	3740	13084	26124	4324	43532	99763	103	804264	96356	92385280	24930601	32493568
186	R5	2026-08-14T00:27:38,127070072-0700	1786692458119965822	ServiceB	ServiceB	692	4820	4428	2176	11424	29188	414	804264	96356	92385280	24930601	32493568
186	R5	2026-08-14T00:27:38,127070072-0700	1786692458119965822	ServiceC	ServiceC	676	3968	8580	1540	14088	205492	970	804264	96356	92385280	24930601	32493568
187	R5	2026-08-14T00:27:39,451007989-0700	1786692459443304239	AppProcD	AppProcD	543	29768	39472	6600	75840	408355	582	805124	96356	92385280	24930601	32493568
187	R5	2026-08-14T00:27:39,451007989-0700	1786692459443304239	AppProcC	AppProcC	2671	15008	16164	4428	35600	101624	41	805124	96356	92385280	24930601	32493568
187	R5	2026-08-14T00:27:39,451007989-0700	1786692459443304239	AppProcB	AppProcB	945	10200	12488	5468	28156	119628	1966	805124	96356	92385280	24930601	32493568
187	R5	2026-08-14T00:27:39,451007989-0700	1786692459443304239	ServiceA	ServiceA	3953	3280	4512	2656	10448	398113	167	805124	96356	92385280	24930601	32493568
187	R5	2026-08-14T00:27:39,451007989-0700	1786692459443304239	ServiceD	ServiceD	953	9624	6748	3364	19736	84157	737	805124	96356	92385280	24930601	32493568
187	R5	2026-08-14T00:27:39,451007989-0700	1786692459443304239	ServiceE	ServiceE	545	8772	2120	7800	18692	28255	342	805124	96356	92385280	24930601	32493568
187	R5	2026-08-14T00:27:39,451007989-0700	1786692459443304239	ServiceL	ServiceL	579	6444	2200	1640	10284	30863	1176	805124	96356	92385280	24930601	32493568
187	R5	2026-08-14T00:27:39,451007989-0700	1786692459443304239	ServiceH[ServiceK]	ServiceH	3740	13084	26124	4324	43532	99803	103	805124	96356	92385280	24930601	32493568
187	R5	2026-08-14T00:27:39,451007989-0700	1786692459443304239	ServiceB	ServiceB	692	4820	4428	2176	11424	29188	414	805124	96356	92385280	24930601	32493568
187	R5	2026-08-14T00:27:39,451007989-0700	1786692459443304239	ServiceC	ServiceC	676	3968	8580	1540	14088	205492	970	805124	96356	92385280	24930601	32493568
188	R5	2026-08-14T00:27:40,812670572-0700	1786692460806009155	AppProcD	AppProcD	543	29768	39448	6600	75816	408355	582	803968	96356	92385280	24930601	32493568
188	R5	2026-08-14T00:27:40,812670572-0700	1786692460806009155	AppProcC	AppProcC	2671	15008	16164	4428	35600	101624	41	803968	96356	92385280	24930601	32493568
188	R5	2026-08-14T00:27:40,812670572-0700	1786692460806009155	AppProcB	AppProcB	945	10200	12488	5468	28156	119628	1966	803968	96356	92385280	24930601	32493568
188	R5	2026-08-14T00:27:40,812670572-0700	1786692460806009155	ServiceA	ServiceA	3953	3280	4512	2656	10448	398113	167	803968	96356	92385280	24930601	32493568
188	R5	2026-08-14T00:27:40,812670572-0700	1786692460806009155	ServiceD	ServiceD	953	9624	6748	3364	19736	84157	737	803968	96356	92385280	24930601	32493568
188	R5	2026-08-14T00:27:40,812670572-0700	1786692460806009155	ServiceE	ServiceE	545	8772	2120	7800	18692	28255	342	803968	96356	92385280	24930601	32493568
188	R5	2026-08-14T00:27:40,812670572-0700	1786692460806009155	ServiceL	ServiceL	579	6444	2200	1640	10284	30863	1176	803968	96356	92385280	24930601	32493568
188	R5	2026-08-14T00:27:40,812670572-0700	1786692460806009155	ServiceH[ServiceK]	ServiceH	3740	13084	26124	4324	43532	99803	103	803968	96356	92385280	24930601	32493568
188	R5	2026-08-14T00:27:40,812670572-0700	1786692460806009155	ServiceB	ServiceB	692	4820	4428	2176	11424	29188	414	803968	96356	92385280	24930601	32493568
188	R5	2026-08-14T00:27:40,812670572-0700	1786692460806009155	ServiceC	ServiceC	676	3968	8580	1540	14088	205492	970	803968	96356	92385280	24930601	32493568
189	R5	2026-08-14T00:27:42,111000238-0700	1786692462105707488	AppProcD	AppProcD	543	29768	39448	6600	75816	408355	582	804804	96356	92385280	24930601	32493568
189	R5	2026-08-14T00:27:42,111000238-0700	1786692462105707488	AppProcC	AppProcC	2671	15008	16164	4428	35600	101625	41	804804	96356	92385280	24930601	32493568
189	R5	2026-08-14T00:27:42,111000238-0700	1786692462105707488	AppProcB	AppProcB	945	10200	12488	5468	28156	119668	1966	804804	96356	92385280	24930601	32493568
189	R5	2026-08-14T00:27:42,111000238-0700	1786692462105707488	ServiceA	ServiceA	3953	3280	4512	2656	10448	398113	167	804804	96356	92385280	24930601	32493568
189	R5	2026-08-14T00:27:42,111000238-0700	1786692462105707488	ServiceD	ServiceD	953	9624	6748	3364	19736	84157	737	804804	96356	92385280	24930601	32493568
189	R5	2026-08-14T00:27:42,111000238-0700	1786692462105707488	ServiceE	ServiceE	545	8772	2120	7800	18692	28255	342	804804	96356	92385280	24930601	32493568
189	R5	2026-08-14T00:27:42,111000238-0700	1786692462105707488	ServiceL	ServiceL	579	6444	2200	1640	10284	30863	1176	804804	96356	92385280	24930601	32493568
189	R5	2026-08-14T00:27:42,111000238-0700	1786692462105707488	ServiceH[ServiceK]	ServiceH	3740	13084	26124	4324	43532	99803	103	804804	96356	92385280	24930601	32493568
189	R5	2026-08-14T00:27:42,111000238-0700	1786692462105707488	ServiceB	ServiceB	692	4820	4428	2176	11424	29188	414	804804	96356	92385280	24930601	32493568
189	R5	2026-08-14T00:27:42,111000238-0700	1786692462105707488	ServiceC	ServiceC	676	3968	8580	1540	14088	205492	970	804804	96356	92385280	24930601	32493568
190	R5	2026-08-14T00:27:43,476026988-0700	1786692463471494988	AppProcD	AppProcD	543	29768	39448	6600	75816	408357	582	805832	96356	92385280	24930601	32493568
190	R5	2026-08-14T00:27:43,476026988-0700	1786692463471494988	AppProcC	AppProcC	2671	15008	16164	4428	35600	101625	41	805832	96356	92385280	24930601	32493568
190	R5	2026-08-14T00:27:43,476026988-0700	1786692463471494988	AppProcB	AppProcB	945	10200	12488	5468	28156	119668	1966	805832	96356	92385280	24930601	32493568
190	R5	2026-08-14T00:27:43,476026988-0700	1786692463471494988	ServiceA	ServiceA	3953	3280	4512	2656	10448	398113	167	805832	96356	92385280	24930601	32493568
190	R5	2026-08-14T00:27:43,476026988-0700	1786692463471494988	ServiceD	ServiceD	953	9624	6748	3364	19736	84197	737	805832	96356	92385280	24930601	32493568
190	R5	2026-08-14T00:27:43,476026988-0700	1786692463471494988	ServiceE	ServiceE	545	8772	2120	7800	18692	28255	342	805832	96356	92385280	24930601	32493568
190	R5	2026-08-14T00:27:43,476026988-0700	1786692463471494988	ServiceL	ServiceL	579	6444	2200	1640	10284	30863	1176	805832	96356	92385280	24930601	32493568
190	R5	2026-08-14T00:27:43,476026988-0700	1786692463471494988	ServiceH[ServiceK]	ServiceH	3740	13084	26124	4324	43532	99803	103	805832	96356	92385280	24930601	32493568
190	R5	2026-08-14T00:27:43,476026988-0700	1786692463471494988	ServiceB	ServiceB	692	4820	4428	2176	11424	29188	414	805832	96356	92385280	24930601	32493568
190	R5	2026-08-14T00:27:43,476026988-0700	1786692463471494988	ServiceC	ServiceC	676	3968	8580	1540	14088	205492	970	805832	96356	92385280	24930601	32493568
191	R5	2026-08-14T00:27:44,775715987-0700	1786692464769678487	AppProcD	AppProcD	543	29768	39448	6600	75816	408357	582	805828	96356	92385280	24930601	32493568
191	R5	2026-08-14T00:27:44,775715987-0700	1786692464769678487	AppProcC	AppProcC	2671	15008	16164	4428	35600	101625	41	805828	96356	92385280	24930601	32493568
191	R5	2026-08-14T00:27:44,775715987-0700	1786692464769678487	AppProcB	AppProcB	945	10200	12488	5468	28156	119668	1966	805828	96356	92385280	24930601	32493568
191	R5	2026-08-14T00:27:44,775715987-0700	1786692464769678487	ServiceA	ServiceA	3953	3280	4512	2656	10448	398113	167	805828	96356	92385280	24930601	32493568
191	R5	2026-08-14T00:27:44,775715987-0700	1786692464769678487	ServiceD	ServiceD	953	9624	6748	3364	19736	84197	737	805828	96356	92385280	24930601	32493568
191	R5	2026-08-14T00:27:44,775715987-0700	1786692464769678487	ServiceE	ServiceE	545	8772	2120	7800	18692	28255	342	805828	96356	92385280	24930601	32493568
191	R5	2026-08-14T00:27:44,775715987-0700	1786692464769678487	ServiceL	ServiceL	579	6444	2200	1640	10284	30893	1176	805828	96356	92385280	24930601	32493568
191	R5	2026-08-14T00:27:44,775715987-0700	1786692464769678487	ServiceH[ServiceK]	ServiceH	3740	13084	26124	4324	43532	99843	103	805828	96356	92385280	24930601	32493568
191	R5	2026-08-14T00:27:44,775715987-0700	1786692464769678487	ServiceB	ServiceB	692	4820	4428	2176	11424	29188	414	805828	96356	92385280	24930601	32493568
191	R5	2026-08-14T00:27:44,775715987-0700	1786692464769678487	ServiceC	ServiceC	676	3968	8580	1540	14088	205492	970	805828	96356	92385280	24930601	32493568
192	R5	2026-08-14T00:27:46,775871653-0700	1786692466769778153	AppProcD	AppProcD	543	29768	39448	6600	75816	408357	582	808304	96356	92385280	24930601	32493568
192	R5	2026-08-14T00:27:46,775871653-0700	1786692466769778153	AppProcC	AppProcC	2671	15008	16164	4428	35600	101626	41	808304	96356	92385280	24930601	32493568
192	R5	2026-08-14T00:27:46,775871653-0700	1786692466769778153	AppProcB	AppProcB	945	10200	12488	5468	28156	119708	1966	808304	96356	92385280	24930601	32493568
192	R5	2026-08-14T00:27:46,775871653-0700	1786692466769778153	ServiceA	ServiceA	3953	3280	4512	2656	10448	398113	167	808304	96356	92385280	24930601	32493568
192	R5	2026-08-14T00:27:46,775871653-0700	1786692466769778153	ServiceD	ServiceD	953	9624	6748	3364	19736	84197	737	808304	96356	92385280	24930601	32493568
192	R5	2026-08-14T00:27:46,775871653-0700	1786692466769778153	ServiceE	ServiceE	545	8772	2120	7800	18692	28255	342	808304	96356	92385280	24930601	32493568
192	R5	2026-08-14T00:27:46,775871653-0700	1786692466769778153	ServiceL	ServiceL	579	6444	2200	1640	10284	30893	1176	808304	96356	92385280	24930601	32493568
192	R5	2026-08-14T00:27:46,775871653-0700	1786692466769778153	ServiceH[ServiceK]	ServiceH	3740	13084	26124	4324	43532	99843	103	808304	96356	92385280	24930601	32493568
192	R5	2026-08-14T00:27:46,775871653-0700	1786692466769778153	ServiceB	ServiceB	692	4820	4428	2176	11424	29188	414	808304	96356	92385280	24930601	32493568
192	R5	2026-08-14T00:27:46,775871653-0700	1786692466769778153	ServiceC	ServiceC	676	3968	8580	1540	14088	205492	970	808304	96356	92385280	24930601	32493568
193	R5	2026-08-14T00:27:48,777108903-0700	1786692468772300736	AppProcD	AppProcD	543	29768	39404	6600	75772	408359	582	809460	96356	92385280	24930601	32493568
193	R5	2026-08-14T00:27:48,777108903-0700	1786692468772300736	AppProcC	AppProcC	2671	15008	16164	4428	35600	101626	41	809460	96356	92385280	24930601	32493568
193	R5	2026-08-14T00:27:48,777108903-0700	1786692468772300736	AppProcB	AppProcB	945	10200	12488	5468	28156	119708	1966	809460	96356	92385280	24930601	32493568
193	R5	2026-08-14T00:27:48,777108903-0700	1786692468772300736	ServiceA	ServiceA	3953	3280	4512	2656	10448	398113	167	809460	96356	92385280	24930601	32493568
193	R5	2026-08-14T00:27:48,777108903-0700	1786692468772300736	ServiceD	ServiceD	953	9624	6748	3364	19736	84237	737	809460	96356	92385280	24930601	32493568
193	R5	2026-08-14T00:27:48,777108903-0700	1786692468772300736	ServiceE	ServiceE	545	8772	2120	7800	18692	28255	342	809460	96356	92385280	24930601	32493568
193	R5	2026-08-14T00:27:48,777108903-0700	1786692468772300736	ServiceL	ServiceL	579	6444	2200	1640	10284	30923	1176	809460	96356	92385280	24930601	32493568
193	R5	2026-08-14T00:27:48,777108903-0700	1786692468772300736	ServiceH[ServiceK]	ServiceH	3740	13084	26124	4324	43532	99843	103	809460	96356	92385280	24930601	32493568
193	R5	2026-08-14T00:27:48,777108903-0700	1786692468772300736	ServiceB	ServiceB	692	4820	4428	2176	11424	29188	414	809460	96356	92385280	24930601	32493568
193	R5	2026-08-14T00:27:48,777108903-0700	1786692468772300736	ServiceC	ServiceC	676	3968	8580	1540	14088	205492	970	809460	96356	92385280	24930601	32493568
194	R5	2026-08-14T00:27:50,774877153-0700	1786692470770137236	AppProcD	AppProcD	543	29768	39404	6600	75772	408359	582	810288	96356	92385280	24930601	32493568
194	R5	2026-08-14T00:27:50,774877153-0700	1786692470770137236	AppProcC	AppProcC	2671	15008	16164	4428	35600	101626	41	810288	96356	92385280	24930601	32493568
194	R5	2026-08-14T00:27:50,774877153-0700	1786692470770137236	AppProcB	AppProcB	945	10200	12488	5468	28156	119708	1966	810288	96356	92385280	24930601	32493568
194	R5	2026-08-14T00:27:50,774877153-0700	1786692470770137236	ServiceA	ServiceA	3953	3280	4512	2656	10448	398113	167	810288	96356	92385280	24930601	32493568
194	R5	2026-08-14T00:27:50,774877153-0700	1786692470770137236	ServiceD	ServiceD	953	9624	6748	3364	19736	84237	737	810288	96356	92385280	24930601	32493568
194	R5	2026-08-14T00:27:50,774877153-0700	1786692470770137236	ServiceE	ServiceE	545	8772	2120	7800	18692	28255	342	810288	96356	92385280	24930601	32493568
194	R5	2026-08-14T00:27:50,774877153-0700	1786692470770137236	ServiceL	ServiceL	579	6444	2200	1640	10284	30923	1176	810288	96356	92385280	24930601	32493568
194	R5	2026-08-14T00:27:50,774877153-0700	1786692470770137236	ServiceH[ServiceK]	ServiceH	3740	13084	26124	4324	43532	99883	103	810288	96356	92385280	24930601	32493568
194	R5	2026-08-14T00:27:50,774877153-0700	1786692470770137236	ServiceB	ServiceB	692	4260	4428	2176	10864	29188	414	810288	96356	92385280	24930601	32493568
194	R5	2026-08-14T00:27:50,774877153-0700	1786692470770137236	ServiceC	ServiceC	676	3968	8580	1540	14088	205492	970	810288	96356	92385280	24930601	32493568
195	P1	2026-08-14T00:27:52,775894152-0700	1786692472771141319	AppProcD	AppProcD	543	29768	39404	6600	75772	408361	582	809924	96356	92385280	24930601	32493568
195	P1	2026-08-14T00:27:52,775894152-0700	1786692472771141319	AppProcC	AppProcC	2671	15008	16164	4428	35600	101627	41	809924	96356	92385280	24930601	32493568
195	P1	2026-08-14T00:27:52,775894152-0700	1786692472771141319	AppProcB	AppProcB	945	10200	12488	5468	28156	119748	1966	809924	96356	92385280	24930601	32493568
195	P1	2026-08-14T00:27:52,775894152-0700	1786692472771141319	ServiceA	ServiceA	3953	3280	4512	2656	10448	398113	167	809924	96356	92385280	24930601	32493568
195	P1	2026-08-14T00:27:52,775894152-0700	1786692472771141319	ServiceD	ServiceD	953	9624	6748	3364	19736	84277	737	809924	96356	92385280	24930601	32493568
195	P1	2026-08-14T00:27:52,775894152-0700	1786692472771141319	ServiceE	ServiceE	545	8772	2120	7800	18692	28255	342	809924	96356	92385280	24930601	32493568
195	P1	2026-08-14T00:27:52,775894152-0700	1786692472771141319	ServiceL	ServiceL	579	6444	2200	1640	10284	30923	1176	809924	96356	92385280	24930601	32493568
195	P1	2026-08-14T00:27:52,775894152-0700	1786692472771141319	ServiceH[ServiceK]	ServiceH	3740	13084	26124	4324	43532	99883	103	809924	96356	92385280	24930601	32493568
195	P1	2026-08-14T00:27:52,775894152-0700	1786692472771141319	ServiceB	ServiceB	692	4260	4428	2176	10864	29188	414	809924	96356	92385280	24930601	32493568
195	P1	2026-08-14T00:27:52,775894152-0700	1786692472771141319	ServiceC	ServiceC	676	3968	8580	1540	14088	205492	970	809924	96356	92385280	24930601	32493568
196	P1	2026-08-14T00:27:54,775951652-0700	1786692474770217985	AppProcD	AppProcD	543	29768	39404	6600	75772	408361	582	808976	96356	92385280	24930601	32493568
196	P1	2026-08-14T00:27:54,775951652-0700	1786692474770217985	AppProcC	AppProcC	2671	15008	16164	4428	35600	101627	41	808976	96356	92385280	24930601	32493568
196	P1	2026-08-14T00:27:54,775951652-0700	1786692474770217985	AppProcB	AppProcB	945	10200	12488	5468	28156	119748	1966	808976	96356	92385280	24930601	32493568
196	P1	2026-08-14T00:27:54,775951652-0700	1786692474770217985	ServiceA	ServiceA	3953	3280	4512	2656	10448	398113	167	808976	96356	92385280	24930601	32493568
196	P1	2026-08-14T00:27:54,775951652-0700	1786692474770217985	ServiceD	ServiceD	953	9624	6748	3364	19736	84277	737	808976	96356	92385280	24930601	32493568
196	P1	2026-08-14T00:27:54,775951652-0700	1786692474770217985	ServiceE	ServiceE	545	8772	2120	7800	18692	28255	342	808976	96356	92385280	24930601	32493568
196	P1	2026-08-14T00:27:54,775951652-0700	1786692474770217985	ServiceL	ServiceL	579	6444	2200	1640	10284	30953	1176	808976	96356	92385280	24930601	32493568
196	P1	2026-08-14T00:27:54,775951652-0700	1786692474770217985	ServiceH[ServiceK]	ServiceH	3740	13084	26124	4324	43532	99923	103	808976	96356	92385280	24930601	32493568
196	P1	2026-08-14T00:27:54,775951652-0700	1786692474770217985	ServiceB	ServiceB	692	4260	4428	2176	10864	29188	414	808976	96356	92385280	24930601	32493568
196	P1	2026-08-14T00:27:54,775951652-0700	1786692474770217985	ServiceC	ServiceC	676	3968	8580	1540	14088	205492	970	808976	96356	92385280	24930601	32493568
197	P1	2026-08-14T00:27:56,777254484-0700	1786692476772445068	AppProcD	AppProcD	543	29768	39376	6600	75744	408361	582	810656	96356	92385280	24930601	32493568
197	P1	2026-08-14T00:27:56,777254484-0700	1786692476772445068	AppProcC	AppProcC	2671	15008	16164	4428	35600	101628	41	810656	96356	92385280	24930601	32493568
197	P1	2026-08-14T00:27:56,777254484-0700	1786692476772445068	AppProcB	AppProcB	945	10200	12488	5468	28156	119788	1966	810656	96356	92385280	24930601	32493568
197	P1	2026-08-14T00:27:56,777254484-0700	1786692476772445068	ServiceA	ServiceA	3953	3280	4512	2656	10448	398113	167	810656	96356	92385280	24930601	32493568
197	P1	2026-08-14T00:27:56,777254484-0700	1786692476772445068	ServiceD	ServiceD	953	9624	6748	3364	19736	84277	737	810656	96356	92385280	24930601	32493568
197	P1	2026-08-14T00:27:56,777254484-0700	1786692476772445068	ServiceE	ServiceE	545	8772	2120	7800	18692	28255	342	810656	96356	92385280	24930601	32493568
197	P1	2026-08-14T00:27:56,777254484-0700	1786692476772445068	ServiceL	ServiceL	579	6444	2200	1640	10284	30953	1176	810656	96356	92385280	24930601	32493568
197	P1	2026-08-14T00:27:56,777254484-0700	1786692476772445068	ServiceH[ServiceK]	ServiceH	3740	13084	26124	4324	43532	99923	103	810656	96356	92385280	24930601	32493568
197	P1	2026-08-14T00:27:56,777254484-0700	1786692476772445068	ServiceB	ServiceB	692	4080	4420	2176	10676	29188	414	810656	96356	92385280	24930601	32493568
197	P1	2026-08-14T00:27:56,777254484-0700	1786692476772445068	ServiceC	ServiceC	676	3968	8580	1540	14088	205492	970	810656	96356	92385280	24930601	32493568
198	P1	2026-08-14T00:27:58,774410401-0700	1786692478768446567	AppProcD	AppProcD	543	29768	39376	6600	75744	408363	582	810128	96356	92385280	24930601	32493568
198	P1	2026-08-14T00:27:58,774410401-0700	1786692478768446567	AppProcC	AppProcC	2671	15008	16164	4428	35600	101628	41	810128	96356	92385280	24930601	32493568
198	P1	2026-08-14T00:27:58,774410401-0700	1786692478768446567	AppProcB	AppProcB	945	10200	12488	5468	28156	119788	1966	810128	96356	92385280	24930601	32493568
198	P1	2026-08-14T00:27:58,774410401-0700	1786692478768446567	ServiceA	ServiceA	3953	3280	4512	2656	10448	398113	167	810128	96356	92385280	24930601	32493568
198	P1	2026-08-14T00:27:58,774410401-0700	1786692478768446567	ServiceD	ServiceD	953	9624	6748	3364	19736	84317	737	810128	96356	92385280	24930601	32493568
198	P1	2026-08-14T00:27:58,774410401-0700	1786692478768446567	ServiceE	ServiceE	545	8772	2120	7800	18692	28255	342	810128	96356	92385280	24930601	32493568
198	P1	2026-08-14T00:27:58,774410401-0700	1786692478768446567	ServiceL	ServiceL	579	6408	2200	1640	10248	30983	1176	810128	96356	92385280	24930601	32493568
198	P1	2026-08-14T00:27:58,774410401-0700	1786692478768446567	ServiceH[ServiceK]	ServiceH	3740	13084	26124	4324	43532	99923	103	810128	96356	92385280	24930601	32493568
198	P1	2026-08-14T00:27:58,774410401-0700	1786692478768446567	ServiceB	ServiceB	692	4080	4420	2176	10676	29188	414	810128	96356	92385280	24930601	32493568
198	P1	2026-08-14T00:27:58,774410401-0700	1786692478768446567	ServiceC	ServiceC	676	3968	8580	1540	14088	205492	970	810128	96356	92385280	24930601	32493568
199	P1	2026-08-14T00:28:00,774992733-0700	1786692480769466233	AppProcD	AppProcD	543	29768	39376	6600	75744	408365	582	809292	96356	92385280	24930601	32493568
199	P1	2026-08-14T00:28:00,774992733-0700	1786692480769466233	AppProcC	AppProcC	2671	15008	16164	4428	35600	101628	41	809292	96356	92385280	24930601	32493568
199	P1	2026-08-14T00:28:00,774992733-0700	1786692480769466233	AppProcB	AppProcB	945	10200	12488	5468	28156	119788	1966	809292	96356	92385280	24930601	32493568
199	P1	2026-08-14T00:28:00,774992733-0700	1786692480769466233	ServiceA	ServiceA	3953	3280	4512	2656	10448	398113	167	809292	96356	92385280	24930601	32493568
199	P1	2026-08-14T00:28:00,774992733-0700	1786692480769466233	ServiceD	ServiceD	953	9624	6748	3364	19736	84317	737	809292	96356	92385280	24930601	32493568
199	P1	2026-08-14T00:28:00,774992733-0700	1786692480769466233	ServiceE	ServiceE	545	8772	2120	7800	18692	28255	342	809292	96356	92385280	24930601	32493568
199	P1	2026-08-14T00:28:00,774992733-0700	1786692480769466233	ServiceL	ServiceL	579	6408	2200	1640	10248	30983	1176	809292	96356	92385280	24930601	32493568
199	P1	2026-08-14T00:28:00,774992733-0700	1786692480769466233	ServiceH[ServiceK]	ServiceH	3740	13084	26124	4324	43532	99963	103	809292	96356	92385280	24930601	32493568
199	P1	2026-08-14T00:28:00,774992733-0700	1786692480769466233	ServiceB	ServiceB	692	4080	4420	2176	10676	29188	414	809292	96356	92385280	24930601	32493568
199	P1	2026-08-14T00:28:00,774992733-0700	1786692480769466233	ServiceC	ServiceC	676	3968	8580	1540	14088	205492	970	809292	96356	92385280	24930601	32493568
200	P1	2026-08-14T00:28:02,775616650-0700	1786692482769322400	AppProcD	AppProcD	543	29768	39376	6600	75744	408365	582	807976	96356	92385280	24930601	32493568
200	P1	2026-08-14T00:28:02,775616650-0700	1786692482769322400	AppProcC	AppProcC	2671	15008	16164	4428	35600	101629	41	807976	96356	92385280	24930601	32493568
200	P1	2026-08-14T00:28:02,775616650-0700	1786692482769322400	AppProcB	AppProcB	945	10200	12488	5468	28156	119828	1966	807976	96356	92385280	24930601	32493568
200	P1	2026-08-14T00:28:02,775616650-0700	1786692482769322400	ServiceA	ServiceA	3953	3280	4512	2656	10448	398113	167	807976	96356	92385280	24930601	32493568
200	P1	2026-08-14T00:28:02,775616650-0700	1786692482769322400	ServiceD	ServiceD	953	9624	6748	3364	19736	84357	737	807976	96356	92385280	24930601	32493568
200	P1	2026-08-14T00:28:02,775616650-0700	1786692482769322400	ServiceE	ServiceE	545	8772	2120	7800	18692	28255	342	807976	96356	92385280	24930601	32493568
200	P1	2026-08-14T00:28:02,775616650-0700	1786692482769322400	ServiceL	ServiceL	579	6408	2200	1640	10248	30983	1176	807976	96356	92385280	24930601	32493568
200	P1	2026-08-14T00:28:02,775616650-0700	1786692482769322400	ServiceH[ServiceK]	ServiceH	3740	13084	26124	4324	43532	99963	103	807976	96356	92385280	24930601	32493568
200	P1	2026-08-14T00:28:02,775616650-0700	1786692482769322400	ServiceB	ServiceB	692	4080	4420	2176	10676	29188	414	807976	96356	92385280	24930601	32493568
200	P1	2026-08-14T00:28:02,775616650-0700	1786692482769322400	ServiceC	ServiceC	676	3968	8580	1540	14088	205492	970	807976	96356	92385280	24930601	32493568
201	P1	2026-08-14T00:28:04,774913566-0700	1786692484768743066	AppProcD	AppProcD	543	29768	39364	6600	75732	408367	582	809832	96356	92385280	24930601	32493568
201	P1	2026-08-14T00:28:04,774913566-0700	1786692484768743066	AppProcC	AppProcC	2671	15008	16164	4428	35600	101629	41	809832	96356	92385280	24930601	32493568
201	P1	2026-08-14T00:28:04,774913566-0700	1786692484768743066	AppProcB	AppProcB	945	10200	12488	5468	28156	119828	1966	809832	96356	92385280	24930601	32493568
201	P1	2026-08-14T00:28:04,774913566-0700	1786692484768743066	ServiceA	ServiceA	3953	3280	4512	2656	10448	398113	167	809832	96356	92385280	24930601	32493568
201	P1	2026-08-14T00:28:04,774913566-0700	1786692484768743066	ServiceD	ServiceD	953	9624	6748	3364	19736	84357	737	809832	96356	92385280	24930601	32493568
201	P1	2026-08-14T00:28:04,774913566-0700	1786692484768743066	ServiceE	ServiceE	545	8772	2120	7800	18692	28255	342	809832	96356	92385280	24930601	32493568
201	P1	2026-08-14T00:28:04,774913566-0700	1786692484768743066	ServiceL	ServiceL	579	6408	2200	1640	10248	31013	1176	809832	96356	92385280	24930601	32493568
201	P1	2026-08-14T00:28:04,774913566-0700	1786692484768743066	ServiceH[ServiceK]	ServiceH	3740	13084	26124	4324	43532	100003	103	809832	96356	92385280	24930601	32493568
201	P1	2026-08-14T00:28:04,774913566-0700	1786692484768743066	ServiceB	ServiceB	692	4080	4428	2176	10684	29198	414	809832	96356	92385280	24930601	32493568
201	P1	2026-08-14T00:28:04,774913566-0700	1786692484768743066	ServiceC	ServiceC	676	3968	8580	1540	14088	205536	970	809832	96356	92385280	24930601	32493568
202	P1	2026-08-14T00:28:06,774824315-0700	1786692486770261565	AppProcD	AppProcD	543	29768	39364	6600	75732	408367	582	808860	96356	92385280	24930601	32493568
202	P1	2026-08-14T00:28:06,774824315-0700	1786692486770261565	AppProcC	AppProcC	2671	15008	16164	4428	35600	101630	41	808860	96356	92385280	24930601	32493568
202	P1	2026-08-14T00:28:06,774824315-0700	1786692486770261565	AppProcB	AppProcB	945	10200	12488	5468	28156	119868	1966	808860	96356	92385280	24930601	32493568
202	P1	2026-08-14T00:28:06,774824315-0700	1786692486770261565	ServiceA	ServiceA	3953	3280	4512	2656	10448	398113	167	808860	96356	92385280	24930601	32493568
202	P1	2026-08-14T00:28:06,774824315-0700	1786692486770261565	ServiceD	ServiceD	953	9624	6748	3364	19736	84607	737	808860	96356	92385280	24930601	32493568
202	P1	2026-08-14T00:28:06,774824315-0700	1786692486770261565	ServiceE	ServiceE	545	8772	2120	7800	18692	28255	342	808860	96356	92385280	24930601	32493568
202	P1	2026-08-14T00:28:06,774824315-0700	1786692486770261565	ServiceL	ServiceL	579	6408	2200	1640	10248	31013	1176	808860	96356	92385280	24930601	32493568
202	P1	2026-08-14T00:28:06,774824315-0700	1786692486770261565	ServiceH[ServiceK]	ServiceH	3740	13084	26124	4324	43532	100003	103	808860	96356	92385280	24930601	32493568
202	P1	2026-08-14T00:28:06,774824315-0700	1786692486770261565	ServiceB	ServiceB	692	4080	4428	2176	10684	29198	414	808860	96356	92385280	24930601	32493568
202	P1	2026-08-14T00:28:06,774824315-0700	1786692486770261565	ServiceC	ServiceC	676	3968	8580	1540	14088	205536	970	808860	96356	92385280	24930601	32493568
203	P1	2026-08-14T00:28:08,776034648-0700	1786692488771387565	AppProcD	AppProcD	543	29768	39364	6600	75732	408369	582	808496	96356	92385280	24930601	32493568
203	P1	2026-08-14T00:28:08,776034648-0700	1786692488771387565	AppProcC	AppProcC	2671	15008	16164	4428	35600	101630	41	808496	96356	92385280	24930601	32493568
203	P1	2026-08-14T00:28:08,776034648-0700	1786692488771387565	AppProcB	AppProcB	945	10200	12488	5468	28156	119868	1966	808496	96356	92385280	24930601	32493568
203	P1	2026-08-14T00:28:08,776034648-0700	1786692488771387565	ServiceA	ServiceA	3953	3280	4512	2656	10448	398113	167	808496	96356	92385280	24930601	32493568
203	P1	2026-08-14T00:28:08,776034648-0700	1786692488771387565	ServiceD	ServiceD	953	9624	6748	3364	19736	84647	737	808496	96356	92385280	24930601	32493568
203	P1	2026-08-14T00:28:08,776034648-0700	1786692488771387565	ServiceE	ServiceE	545	8772	2120	7800	18692	28255	342	808496	96356	92385280	24930601	32493568
203	P1	2026-08-14T00:28:08,776034648-0700	1786692488771387565	ServiceL	ServiceL	579	6408	2200	1640	10248	31043	1176	808496	96356	92385280	24930601	32493568
203	P1	2026-08-14T00:28:08,776034648-0700	1786692488771387565	ServiceH[ServiceK]	ServiceH	3740	13084	26124	4324	43532	100003	103	808496	96356	92385280	24930601	32493568
203	P1	2026-08-14T00:28:08,776034648-0700	1786692488771387565	ServiceB	ServiceB	692	4080	4428	2176	10684	29198	414	808496	96356	92385280	24930601	32493568
203	P1	2026-08-14T00:28:08,776034648-0700	1786692488771387565	ServiceC	ServiceC	676	3968	8580	1540	14088	205536	970	808496	96356	92385280	24930601	32493568
204	P1	2026-08-14T00:28:10,777486731-0700	1786692490770827481	AppProcD	AppProcD	543	29768	39356	6600	75724	408369	582	808380	96356	92385280	24930601	32493568
204	P1	2026-08-14T00:28:10,777486731-0700	1786692490770827481	AppProcC	AppProcC	2671	15008	16164	4428	35600	101630	41	808380	96356	92385280	24930601	32493568
204	P1	2026-08-14T00:28:10,777486731-0700	1786692490770827481	AppProcB	AppProcB	945	10200	12488	5468	28156	119868	1966	808380	96356	92385280	24930601	32493568
204	P1	2026-08-14T00:28:10,777486731-0700	1786692490770827481	ServiceA	ServiceA	3953	3280	4512	2656	10448	398113	167	808380	96356	92385280	24930601	32493568
204	P1	2026-08-14T00:28:10,777486731-0700	1786692490770827481	ServiceD	ServiceD	953	9624	6748	3364	19736	84647	737	808380	96356	92385280	24930601	32493568
204	P1	2026-08-14T00:28:10,777486731-0700	1786692490770827481	ServiceE	ServiceE	545	8772	2120	7800	18692	28255	342	808380	96356	92385280	24930601	32493568
204	P1	2026-08-14T00:28:10,777486731-0700	1786692490770827481	ServiceL	ServiceL	579	6408	2200	1640	10248	31043	1176	808380	96356	92385280	24930601	32493568
204	P1	2026-08-14T00:28:10,777486731-0700	1786692490770827481	ServiceH[ServiceK]	ServiceH	3740	13084	26124	4324	43532	100043	103	808380	96356	92385280	24930601	32493568
204	P1	2026-08-14T00:28:10,777486731-0700	1786692490770827481	ServiceB	ServiceB	692	4080	4428	2176	10684	29198	414	808380	96356	92385280	24930601	32493568
204	P1	2026-08-14T00:28:10,777486731-0700	1786692490770827481	ServiceC	ServiceC	676	3968	8580	1540	14088	205536	970	808380	96356	92385280	24930601	32493568
205	P1	2026-08-14T00:28:12,778374397-0700	1786692492773617647	AppProcD	AppProcD	543	29768	39356	6600	75724	408369	582	808760	96356	92385280	24930601	32493568
205	P1	2026-08-14T00:28:12,778374397-0700	1786692492773617647	AppProcC	AppProcC	2671	15008	16164	4428	35600	101631	41	808760	96356	92385280	24930601	32493568
205	P1	2026-08-14T00:28:12,778374397-0700	1786692492773617647	AppProcB	AppProcB	945	10200	12488	5468	28156	119908	1966	808760	96356	92385280	24930601	32493568
205	P1	2026-08-14T00:28:12,778374397-0700	1786692492773617647	ServiceA	ServiceA	3953	3280	4512	2656	10448	398113	167	808760	96356	92385280	24930601	32493568
205	P1	2026-08-14T00:28:12,778374397-0700	1786692492773617647	ServiceD	ServiceD	953	9624	6748	3364	19736	84687	737	808760	96356	92385280	24930601	32493568
205	P1	2026-08-14T00:28:12,778374397-0700	1786692492773617647	ServiceE	ServiceE	545	8772	2120	7800	18692	28255	342	808760	96356	92385280	24930601	32493568
205	P1	2026-08-14T00:28:12,778374397-0700	1786692492773617647	ServiceL	ServiceL	579	6408	2200	1640	10248	31043	1176	808760	96356	92385280	24930601	32493568
205	P1	2026-08-14T00:28:12,778374397-0700	1786692492773617647	ServiceH[ServiceK]	ServiceH	3740	13084	26124	4324	43532	100043	103	808760	96356	92385280	24930601	32493568
205	P1	2026-08-14T00:28:12,778374397-0700	1786692492773617647	ServiceB	ServiceB	692	4080	4428	2176	10684	29198	414	808760	96356	92385280	24930601	32493568
205	P1	2026-08-14T00:28:12,778374397-0700	1786692492773617647	ServiceC	ServiceC	676	3968	8580	1540	14088	205536	970	808760	96356	92385280	24930601	32493568
206	P1	2026-08-14T00:28:14,774558897-0700	1786692494769750313	AppProcD	AppProcD	543	29768	39356	6600	75724	408371	582	808808	96356	92385280	24930601	32493568
206	P1	2026-08-14T00:28:14,774558897-0700	1786692494769750313	AppProcC	AppProcC	2671	15008	16164	4428	35600	101631	41	808808	96356	92385280	24930601	32493568
206	P1	2026-08-14T00:28:14,774558897-0700	1786692494769750313	AppProcB	AppProcB	945	10200	12488	5468	28156	119908	1966	808808	96356	92385280	24930601	32493568
206	P1	2026-08-14T00:28:14,774558897-0700	1786692494769750313	ServiceA	ServiceA	3953	3280	4512	2656	10448	398113	167	808808	96356	92385280	24930601	32493568
206	P1	2026-08-14T00:28:14,774558897-0700	1786692494769750313	ServiceD	ServiceD	953	9624	6748	3364	19736	84687	737	808808	96356	92385280	24930601	32493568
206	P1	2026-08-14T00:28:14,774558897-0700	1786692494769750313	ServiceE	ServiceE	545	8772	2120	7800	18692	28255	342	808808	96356	92385280	24930601	32493568
206	P1	2026-08-14T00:28:14,774558897-0700	1786692494769750313	ServiceL	ServiceL	579	6408	2200	1640	10248	31073	1176	808808	96356	92385280	24930601	32493568
206	P1	2026-08-14T00:28:14,774558897-0700	1786692494769750313	ServiceH[ServiceK]	ServiceH	3740	13084	26124	4324	43532	100083	103	808808	96356	92385280	24930601	32493568
206	P1	2026-08-14T00:28:14,774558897-0700	1786692494769750313	ServiceB	ServiceB	692	4080	4428	2176	10684	29198	414	808808	96356	92385280	24930601	32493568
206	P1	2026-08-14T00:28:14,774558897-0700	1786692494769750313	ServiceC	ServiceC	676	3968	8580	1540	14088	205536	970	808808	96356	92385280	24930601	32493568
207	P1	2026-08-14T00:28:16,776505980-0700	1786692496769624646	AppProcD	AppProcD	543	29768	39356	6600	75724	408371	582	807748	96356	92385280	24930601	32493568
207	P1	2026-08-14T00:28:16,776505980-0700	1786692496769624646	AppProcC	AppProcC	2671	15008	16164	4428	35600	101633	41	807748	96356	92385280	24930601	32493568
207	P1	2026-08-14T00:28:16,776505980-0700	1786692496769624646	AppProcB	AppProcB	945	10200	12488	5468	28156	119948	1966	807748	96356	92385280	24930601	32493568
207	P1	2026-08-14T00:28:16,776505980-0700	1786692496769624646	ServiceA	ServiceA	3953	3280	4512	2656	10448	398113	167	807748	96356	92385280	24930601	32493568
207	P1	2026-08-14T00:28:16,776505980-0700	1786692496769624646	ServiceD	ServiceD	953	9624	6748	3364	19736	84687	737	807748	96356	92385280	24930601	32493568
207	P1	2026-08-14T00:28:16,776505980-0700	1786692496769624646	ServiceE	ServiceE	545	8772	2120	7800	18692	28255	342	807748	96356	92385280	24930601	32493568
207	P1	2026-08-14T00:28:16,776505980-0700	1786692496769624646	ServiceL	ServiceL	579	6408	2200	1640	10248	31073	1176	807748	96356	92385280	24930601	32493568
207	P1	2026-08-14T00:28:16,776505980-0700	1786692496769624646	ServiceH[ServiceK]	ServiceH	3740	13084	26124	4324	43532	100083	103	807748	96356	92385280	24930601	32493568
207	P1	2026-08-14T00:28:16,776505980-0700	1786692496769624646	ServiceB	ServiceB	692	4080	4428	2176	10684	29200	414	807748	96356	92385280	24930601	32493568
207	P1	2026-08-14T00:28:16,776505980-0700	1786692496769624646	ServiceC	ServiceC	676	3968	8580	1540	14088	205536	970	807748	96356	92385280	24930601	32493568
208	P1	2026-08-14T00:28:18,776671979-0700	1786692498771930146	AppProcD	AppProcD	543	29768	39184	6600	75552	408378	582	807944	96356	92385280	24930601	32493568
208	P1	2026-08-14T00:28:18,776671979-0700	1786692498771930146	AppProcC	AppProcC	2671	15008	16164	4428	35600	101633	41	807944	96356	92385280	24930601	32493568
208	P1	2026-08-14T00:28:18,776671979-0700	1786692498771930146	AppProcB	AppProcB	945	10200	12488	5468	28156	119948	1966	807944	96356	92385280	24930601	32493568
208	P1	2026-08-14T00:28:18,776671979-0700	1786692498771930146	ServiceA	ServiceA	3953	3280	4512	2656	10448	398113	167	807944	96356	92385280	24930601	32493568
208	P1	2026-08-14T00:28:18,776671979-0700	1786692498771930146	ServiceD	ServiceD	953	9624	6748	3364	19736	84727	737	807944	96356	92385280	24930601	32493568
208	P1	2026-08-14T00:28:18,776671979-0700	1786692498771930146	ServiceE	ServiceE	545	8772	2120	7800	18692	28255	342	807944	96356	92385280	24930601	32493568
208	P1	2026-08-14T00:28:18,776671979-0700	1786692498771930146	ServiceL	ServiceL	579	6408	2200	1640	10248	31103	1176	807944	96356	92385280	24930601	32493568
208	P1	2026-08-14T00:28:18,776671979-0700	1786692498771930146	ServiceH[ServiceK]	ServiceH	3740	13084	26124	4324	43532	100083	103	807944	96356	92385280	24930601	32493568
208	P1	2026-08-14T00:28:18,776671979-0700	1786692498771930146	ServiceB	ServiceB	692	4080	4428	2176	10684	29200	414	807944	96356	92385280	24930601	32493568
208	P1	2026-08-14T00:28:18,776671979-0700	1786692498771930146	ServiceC	ServiceC	676	3968	8580	1540	14088	205536	970	807944	96356	92385280	24930601	32493568
209	P1	2026-08-14T00:28:20,774706062-0700	1786692500769916812	AppProcD	AppProcD	543	29768	39184	6600	75552	408380	582	808148	96356	92385280	24930601	32493568
209	P1	2026-08-14T00:28:20,774706062-0700	1786692500769916812	AppProcC	AppProcC	2671	15008	16164	4428	35600	101633	41	808148	96356	92385280	24930601	32493568
209	P1	2026-08-14T00:28:20,774706062-0700	1786692500769916812	AppProcB	AppProcB	945	10200	12488	5468	28156	119950	1966	808148	96356	92385280	24930601	32493568
209	P1	2026-08-14T00:28:20,774706062-0700	1786692500769916812	ServiceA	ServiceA	3953	3280	4512	2656	10448	398113	167	808148	96356	92385280	24930601	32493568
209	P1	2026-08-14T00:28:20,774706062-0700	1786692500769916812	ServiceD	ServiceD	953	9624	6748	3364	19736	84727	737	808148	96356	92385280	24930601	32493568
209	P1	2026-08-14T00:28:20,774706062-0700	1786692500769916812	ServiceE	ServiceE	545	8772	2120	7800	18692	28255	342	808148	96356	92385280	24930601	32493568
209	P1	2026-08-14T00:28:20,774706062-0700	1786692500769916812	ServiceL	ServiceL	579	6408	2200	1640	10248	31103	1176	808148	96356	92385280	24930601	32493568
209	P1	2026-08-14T00:28:20,774706062-0700	1786692500769916812	ServiceH[ServiceK]	ServiceH	3740	13084	26124	4324	43532	100123	103	808148	96356	92385280	24930601	32493568
209	P1	2026-08-14T00:28:20,774706062-0700	1786692500769916812	ServiceB	ServiceB	692	4080	4428	2176	10684	29200	414	808148	96356	92385280	24930601	32493568
209	P1	2026-08-14T00:28:20,774706062-0700	1786692500769916812	ServiceC	ServiceC	676	3968	8580	1540	14088	205536	970	808148	96356	92385280	24930601	32493568
210	P1	2026-08-14T00:28:22,778611728-0700	1786692502772296895	AppProcD	AppProcD	543	29768	39184	6600	75552	408402	582	808540	96356	92385280	24930601	32493568
210	P1	2026-08-14T00:28:22,778611728-0700	1786692502772296895	AppProcC	AppProcC	2671	15008	16164	4428	35600	101634	41	808540	96356	92385280	24930601	32493568
210	P1	2026-08-14T00:28:22,778611728-0700	1786692502772296895	AppProcB	AppProcB	945	10200	12488	5468	28156	119990	1966	808540	96356	92385280	24930601	32493568
210	P1	2026-08-14T00:28:22,778611728-0700	1786692502772296895	ServiceA	ServiceA	3953	3280	4512	2656	10448	398113	167	808540	96356	92385280	24930601	32493568
210	P1	2026-08-14T00:28:22,778611728-0700	1786692502772296895	ServiceD	ServiceD	953	9624	6748	3364	19736	84767	737	808540	96356	92385280	24930601	32493568
210	P1	2026-08-14T00:28:22,778611728-0700	1786692502772296895	ServiceE	ServiceE	545	8772	2120	7800	18692	28255	342	808540	96356	92385280	24930601	32493568
210	P1	2026-08-14T00:28:22,778611728-0700	1786692502772296895	ServiceL	ServiceL	579	6408	2200	1640	10248	31103	1176	808540	96356	92385280	24930601	32493568
210	P1	2026-08-14T00:28:22,778611728-0700	1786692502772296895	ServiceH[ServiceK]	ServiceH	3740	13084	26124	4324	43532	100123	103	808540	96356	92385280	24930601	32493568
210	P1	2026-08-14T00:28:22,778611728-0700	1786692502772296895	ServiceB	ServiceB	692	4080	4428	2176	10684	29200	414	808540	96356	92385280	24930601	32493568
210	P1	2026-08-14T00:28:22,778611728-0700	1786692502772296895	ServiceC	ServiceC	676	3968	8580	1540	14088	205536	970	808540	96356	92385280	24930601	32493568
211	P1	2026-08-14T00:28:24,776608811-0700	1786692504769927811	AppProcD	AppProcD	543	29768	39184	6600	75552	408404	582	806844	96356	92385280	24930601	32493568
211	P1	2026-08-14T00:28:24,776608811-0700	1786692504769927811	AppProcC	AppProcC	2671	15008	16164	4428	35600	101634	41	806844	96356	92385280	24930601	32493568
211	P1	2026-08-14T00:28:24,776608811-0700	1786692504769927811	AppProcB	AppProcB	945	10200	12488	5468	28156	119990	1966	806844	96356	92385280	24930601	32493568
211	P1	2026-08-14T00:28:24,776608811-0700	1786692504769927811	ServiceA	ServiceA	3953	3280	4512	2656	10448	398113	167	806844	96356	92385280	24930601	32493568
211	P1	2026-08-14T00:28:24,776608811-0700	1786692504769927811	ServiceD	ServiceD	953	9624	6748	3364	19736	84767	737	806844	96356	92385280	24930601	32493568
211	P1	2026-08-14T00:28:24,776608811-0700	1786692504769927811	ServiceE	ServiceE	545	8772	2120	7800	18692	28255	342	806844	96356	92385280	24930601	32493568
211	P1	2026-08-14T00:28:24,776608811-0700	1786692504769927811	ServiceL	ServiceL	579	6408	2200	1640	10248	31133	1176	806844	96356	92385280	24930601	32493568
211	P1	2026-08-14T00:28:24,776608811-0700	1786692504769927811	ServiceH[ServiceK]	ServiceH	3740	13084	26124	4324	43532	100163	103	806844	96356	92385280	24930601	32493568
211	P1	2026-08-14T00:28:24,776608811-0700	1786692504769927811	ServiceB	ServiceB	692	4080	4428	2176	10684	29200	414	806844	96356	92385280	24930601	32493568
211	P1	2026-08-14T00:28:24,776608811-0700	1786692504769927811	ServiceC	ServiceC	676	3968	8580	1540	14088	205536	970	806844	96356	92385280	24930601	32493568
212	P1	2026-08-14T00:28:26,773798977-0700	1786692506769144394	AppProcD	AppProcD	543	29768	39184	6600	75552	408404	582	806728	96356	92385280	24930601	32493568
212	P1	2026-08-14T00:28:26,773798977-0700	1786692506769144394	AppProcC	AppProcC	2671	15008	16164	4428	35600	101635	41	806728	96356	92385280	24930601	32493568
212	P1	2026-08-14T00:28:26,773798977-0700	1786692506769144394	AppProcB	AppProcB	945	10200	12488	5468	28156	120030	1966	806728	96356	92385280	24930601	32493568
212	P1	2026-08-14T00:28:26,773798977-0700	1786692506769144394	ServiceA	ServiceA	3953	3280	4512	2656	10448	398113	167	806728	96356	92385280	24930601	32493568
212	P1	2026-08-14T00:28:26,773798977-0700	1786692506769144394	ServiceD	ServiceD	953	9624	6748	3364	19736	84768	737	806728	96356	92385280	24930601	32493568
212	P1	2026-08-14T00:28:26,773798977-0700	1786692506769144394	ServiceE	ServiceE	545	8772	2120	7800	18692	28255	342	806728	96356	92385280	24930601	32493568
212	P1	2026-08-14T00:28:26,773798977-0700	1786692506769144394	ServiceL	ServiceL	579	6408	2200	1640	10248	31133	1176	806728	96356	92385280	24930601	32493568
212	P1	2026-08-14T00:28:26,773798977-0700	1786692506769144394	ServiceH[ServiceK]	ServiceH	3740	13084	26124	4324	43532	100163	103	806728	96356	92385280	24930601	32493568
212	P1	2026-08-14T00:28:26,773798977-0700	1786692506769144394	ServiceB	ServiceB	692	4080	4428	2176	10684	29200	414	806728	96356	92385280	24930601	32493568
212	P1	2026-08-14T00:28:26,773798977-0700	1786692506769144394	ServiceC	ServiceC	676	3968	8580	1540	14088	205536	970	806728	96356	92385280	24930601	32493568
213	P1	2026-08-14T00:28:28,775532310-0700	1786692508769730060	AppProcD	AppProcD	543	29768	39184	6600	75552	408406	582	806740	96356	92385280	24930601	32493568
213	P1	2026-08-14T00:28:28,775532310-0700	1786692508769730060	AppProcC	AppProcC	2671	15008	16164	4428	35600	101635	41	806740	96356	92385280	24930601	32493568
213	P1	2026-08-14T00:28:28,775532310-0700	1786692508769730060	AppProcB	AppProcB	945	10200	12488	5468	28156	120030	1966	806740	96356	92385280	24930601	32493568
213	P1	2026-08-14T00:28:28,775532310-0700	1786692508769730060	ServiceA	ServiceA	3953	3280	4512	2656	10448	398113	167	806740	96356	92385280	24930601	32493568
213	P1	2026-08-14T00:28:28,775532310-0700	1786692508769730060	ServiceD	ServiceD	953	9624	6748	3364	19736	84808	737	806740	96356	92385280	24930601	32493568
213	P1	2026-08-14T00:28:28,775532310-0700	1786692508769730060	ServiceE	ServiceE	545	8772	2120	7800	18692	28255	342	806740	96356	92385280	24930601	32493568
213	P1	2026-08-14T00:28:28,775532310-0700	1786692508769730060	ServiceL	ServiceL	579	6408	2200	1640	10248	31163	1176	806740	96356	92385280	24930601	32493568
213	P1	2026-08-14T00:28:28,775532310-0700	1786692508769730060	ServiceH[ServiceK]	ServiceH	3740	13084	26124	4324	43532	100163	103	806740	96356	92385280	24930601	32493568
213	P1	2026-08-14T00:28:28,775532310-0700	1786692508769730060	ServiceB	ServiceB	692	4080	4428	2176	10684	29200	414	806740	96356	92385280	24930601	32493568
213	P1	2026-08-14T00:28:28,775532310-0700	1786692508769730060	ServiceC	ServiceC	676	3968	8580	1540	14088	205536	970	806740	96356	92385280	24930601	32493568
214	P1	2026-08-14T00:28:30,777241143-0700	1786692510772352310	AppProcD	AppProcD	543	29768	39184	6600	75552	408406	582	806692	96356	92385280	24930601	32493568
214	P1	2026-08-14T00:28:30,777241143-0700	1786692510772352310	AppProcC	AppProcC	2671	15008	16164	4428	35600	101635	41	806692	96356	92385280	24930601	32493568
214	P1	2026-08-14T00:28:30,777241143-0700	1786692510772352310	AppProcB	AppProcB	945	10200	12488	5468	28156	120030	1966	806692	96356	92385280	24930601	32493568
214	P1	2026-08-14T00:28:30,777241143-0700	1786692510772352310	ServiceA	ServiceA	3953	3280	4512	2656	10448	398113	167	806692	96356	92385280	24930601	32493568
214	P1	2026-08-14T00:28:30,777241143-0700	1786692510772352310	ServiceD	ServiceD	953	9624	6748	3364	19736	84808	737	806692	96356	92385280	24930601	32493568
214	P1	2026-08-14T00:28:30,777241143-0700	1786692510772352310	ServiceE	ServiceE	545	8772	2120	7800	18692	28255	342	806692	96356	92385280	24930601	32493568
214	P1	2026-08-14T00:28:30,777241143-0700	1786692510772352310	ServiceL	ServiceL	579	6408	2200	1640	10248	31163	1176	806692	96356	92385280	24930601	32493568
214	P1	2026-08-14T00:28:30,777241143-0700	1786692510772352310	ServiceH[ServiceK]	ServiceH	3740	13084	26068	4324	43476	100203	103	806692	96356	92385280	24930601	32493568
214	P1	2026-08-14T00:28:30,777241143-0700	1786692510772352310	ServiceB	ServiceB	692	4080	4428	2176	10684	29200	414	806692	96356	92385280	24930601	32493568
214	P1	2026-08-14T00:28:30,777241143-0700	1786692510772352310	ServiceC	ServiceC	676	3968	8580	1540	14088	205536	970	806692	96356	92385280	24930601	32493568
215	P1	2026-08-14T00:28:32,773895226-0700	1786692512769403059	AppProcD	AppProcD	543	29768	39184	6600	75552	408406	582	805876	96356	92385280	24930601	32493568
215	P1	2026-08-14T00:28:32,773895226-0700	1786692512769403059	AppProcC	AppProcC	2671	15008	16164	4428	35600	101636	41	805876	96356	92385280	24930601	32493568
215	P1	2026-08-14T00:28:32,773895226-0700	1786692512769403059	AppProcB	AppProcB	945	10200	12488	5468	28156	120070	1966	805876	96356	92385280	24930601	32493568
215	P1	2026-08-14T00:28:32,773895226-0700	1786692512769403059	ServiceA	ServiceA	3953	3280	4512	2656	10448	398113	167	805876	96356	92385280	24930601	32493568
215	P1	2026-08-14T00:28:32,773895226-0700	1786692512769403059	ServiceD	ServiceD	953	9624	6748	3364	19736	84848	737	805876	96356	92385280	24930601	32493568
215	P1	2026-08-14T00:28:32,773895226-0700	1786692512769403059	ServiceE	ServiceE	545	8772	2120	7800	18692	28255	342	805876	96356	92385280	24930601	32493568
215	P1	2026-08-14T00:28:32,773895226-0700	1786692512769403059	ServiceL	ServiceL	579	6408	2200	1640	10248	31163	1176	805876	96356	92385280	24930601	32493568
215	P1	2026-08-14T00:28:32,773895226-0700	1786692512769403059	ServiceH[ServiceK]	ServiceH	3740	13084	26068	4324	43476	100203	103	805876	96356	92385280	24930601	32493568
215	P1	2026-08-14T00:28:32,773895226-0700	1786692512769403059	ServiceB	ServiceB	692	4080	4428	2176	10684	29200	414	805876	96356	92385280	24930601	32493568
215	P1	2026-08-14T00:28:32,773895226-0700	1786692512769403059	ServiceC	ServiceC	676	3968	8580	1540	14088	205536	970	805876	96356	92385280	24930601	32493568
216	P1	2026-08-14T00:28:34,778161892-0700	1786692514770066309	AppProcD	AppProcD	543	29768	39184	6600	75552	408408	582	806740	96356	92385280	24930601	32493568
216	P1	2026-08-14T00:28:34,778161892-0700	1786692514770066309	AppProcC	AppProcC	2671	15008	16164	4428	35600	101636	41	806740	96356	92385280	24930601	32493568
216	P1	2026-08-14T00:28:34,778161892-0700	1786692514770066309	AppProcB	AppProcB	945	10200	12488	5468	28156	120070	1966	806740	96356	92385280	24930601	32493568
216	P1	2026-08-14T00:28:34,778161892-0700	1786692514770066309	ServiceA	ServiceA	3953	3280	4512	2656	10448	398113	167	806740	96356	92385280	24930601	32493568
216	P1	2026-08-14T00:28:34,778161892-0700	1786692514770066309	ServiceD	ServiceD	953	9624	6748	3364	19736	84848	737	806740	96356	92385280	24930601	32493568
216	P1	2026-08-14T00:28:34,778161892-0700	1786692514770066309	ServiceE	ServiceE	545	8772	2120	7800	18692	28255	342	806740	96356	92385280	24930601	32493568
216	P1	2026-08-14T00:28:34,778161892-0700	1786692514770066309	ServiceL	ServiceL	579	6408	2200	1640	10248	31193	1176	806740	96356	92385280	24930601	32493568
216	P1	2026-08-14T00:28:34,778161892-0700	1786692514770066309	ServiceH[ServiceK]	ServiceH	3740	13084	26068	4324	43476	100243	103	806740	96356	92385280	24930601	32493568
216	P1	2026-08-14T00:28:34,778161892-0700	1786692514770066309	ServiceB	ServiceB	692	4080	4428	2176	10684	29200	414	806740	96356	92385280	24930601	32493568
216	P1	2026-08-14T00:28:34,778161892-0700	1786692514770066309	ServiceC	ServiceC	676	3968	8580	1540	14088	205536	970	806740	96356	92385280	24930601	32493568
217	P1	2026-08-14T00:28:36,774629392-0700	1786692516770049642	AppProcD	AppProcD	543	29768	39184	6600	75552	408408	582	806576	96356	92385280	24930601	32493568
217	P1	2026-08-14T00:28:36,774629392-0700	1786692516770049642	AppProcC	AppProcC	2671	15008	16164	4428	35600	101637	41	806576	96356	92385280	24930601	32493568
217	P1	2026-08-14T00:28:36,774629392-0700	1786692516770049642	AppProcB	AppProcB	945	10200	12488	5468	28156	120110	1966	806576	96356	92385280	24930601	32493568
217	P1	2026-08-14T00:28:36,774629392-0700	1786692516770049642	ServiceA	ServiceA	3953	3280	4512	2656	10448	398113	167	806576	96356	92385280	24930601	32493568
217	P1	2026-08-14T00:28:36,774629392-0700	1786692516770049642	ServiceD	ServiceD	953	9624	6748	3364	19736	84848	737	806576	96356	92385280	24930601	32493568
217	P1	2026-08-14T00:28:36,774629392-0700	1786692516770049642	ServiceE	ServiceE	545	8772	2120	7800	18692	28255	342	806576	96356	92385280	24930601	32493568
217	P1	2026-08-14T00:28:36,774629392-0700	1786692516770049642	ServiceL	ServiceL	579	6408	2200	1640	10248	31193	1176	806576	96356	92385280	24930601	32493568
217	P1	2026-08-14T00:28:36,774629392-0700	1786692516770049642	ServiceH[ServiceK]	ServiceH	3740	13084	26068	4324	43476	100243	103	806576	96356	92385280	24930601	32493568
217	P1	2026-08-14T00:28:36,774629392-0700	1786692516770049642	ServiceB	ServiceB	692	4080	4428	2176	10684	29200	414	806576	96356	92385280	24930601	32493568
217	P1	2026-08-14T00:28:36,774629392-0700	1786692516770049642	ServiceC	ServiceC	676	3968	8580	1540	14088	205536	970	806576	96356	92385280	24930601	32493568
218	P1	2026-08-14T00:28:38,782558141-0700	1786692518772872974	AppProcD	AppProcD	543	29768	39184	6600	75552	408410	582	806784	96356	92385280	24930601	32493568
218	P1	2026-08-14T00:28:38,782558141-0700	1786692518772872974	AppProcC	AppProcC	2671	15008	16164	4428	35600	101637	41	806784	96356	92385280	24930601	32493568
218	P1	2026-08-14T00:28:38,782558141-0700	1786692518772872974	AppProcB	AppProcB	945	10200	12488	5468	28156	120110	1966	806784	96356	92385280	24930601	32493568
218	P1	2026-08-14T00:28:38,782558141-0700	1786692518772872974	ServiceA	ServiceA	3953	3280	4512	2656	10448	398113	167	806784	96356	92385280	24930601	32493568
218	P1	2026-08-14T00:28:38,782558141-0700	1786692518772872974	ServiceD	ServiceD	953	9624	6748	3364	19736	84888	737	806784	96356	92385280	24930601	32493568
218	P1	2026-08-14T00:28:38,782558141-0700	1786692518772872974	ServiceE	ServiceE	545	8772	2120	7800	18692	28255	342	806784	96356	92385280	24930601	32493568
218	P1	2026-08-14T00:28:38,782558141-0700	1786692518772872974	ServiceL	ServiceL	579	6408	2200	1640	10248	31223	1176	806784	96356	92385280	24930601	32493568
218	P1	2026-08-14T00:28:38,782558141-0700	1786692518772872974	ServiceH[ServiceK]	ServiceH	3740	13084	26068	4324	43476	100243	103	806784	96356	92385280	24930601	32493568
218	P1	2026-08-14T00:28:38,782558141-0700	1786692518772872974	ServiceB	ServiceB	692	4080	4428	2176	10684	29200	414	806784	96356	92385280	24930601	32493568
218	P1	2026-08-14T00:28:38,782558141-0700	1786692518772872974	ServiceC	ServiceC	676	3968	8580	1540	14088	205536	970	806784	96356	92385280	24930601	32493568
219	P1	2026-08-14T00:28:40,776720641-0700	1786692520771729724	AppProcD	AppProcD	543	29768	39184	6600	75552	408410	582	806780	96356	92385280	24930601	32493568
219	P1	2026-08-14T00:28:40,776720641-0700	1786692520771729724	AppProcC	AppProcC	2671	15008	16164	4428	35600	101637	41	806780	96356	92385280	24930601	32493568
219	P1	2026-08-14T00:28:40,776720641-0700	1786692520771729724	AppProcB	AppProcB	945	10200	12488	5468	28156	120110	1966	806780	96356	92385280	24930601	32493568
219	P1	2026-08-14T00:28:40,776720641-0700	1786692520771729724	ServiceA	ServiceA	3953	3280	4512	2656	10448	398113	167	806780	96356	92385280	24930601	32493568
219	P1	2026-08-14T00:28:40,776720641-0700	1786692520771729724	ServiceD	ServiceD	953	9624	6748	3364	19736	84888	737	806780	96356	92385280	24930601	32493568
219	P1	2026-08-14T00:28:40,776720641-0700	1786692520771729724	ServiceE	ServiceE	545	8772	2120	7800	18692	28255	342	806780	96356	92385280	24930601	32493568
219	P1	2026-08-14T00:28:40,776720641-0700	1786692520771729724	ServiceL	ServiceL	579	6408	2200	1640	10248	31223	1176	806780	96356	92385280	24930601	32493568
219	P1	2026-08-14T00:28:40,776720641-0700	1786692520771729724	ServiceH[ServiceK]	ServiceH	3740	13084	26068	4324	43476	100283	103	806780	96356	92385280	24930601	32493568
219	P1	2026-08-14T00:28:40,776720641-0700	1786692520771729724	ServiceB	ServiceB	692	4080	4428	2176	10684	29200	414	806780	96356	92385280	24930601	32493568
219	P1	2026-08-14T00:28:40,776720641-0700	1786692520771729724	ServiceC	ServiceC	676	3968	8580	1540	14088	205536	970	806780	96356	92385280	24930601	32493568
220	P1	2026-08-14T00:28:42,776886057-0700	1786692522769653057	AppProcD	AppProcD	543	29768	39184	6600	75552	408410	582	806748	96356	92385280	24930601	32493568
220	P1	2026-08-14T00:28:42,776886057-0700	1786692522769653057	AppProcC	AppProcC	2671	15008	16164	4428	35600	101638	41	806748	96356	92385280	24930601	32493568
220	P1	2026-08-14T00:28:42,776886057-0700	1786692522769653057	AppProcB	AppProcB	945	10200	12488	5468	28156	120150	1966	806748	96356	92385280	24930601	32493568
220	P1	2026-08-14T00:28:42,776886057-0700	1786692522769653057	ServiceA	ServiceA	3953	3280	4512	2656	10448	398113	167	806748	96356	92385280	24930601	32493568
220	P1	2026-08-14T00:28:42,776886057-0700	1786692522769653057	ServiceD	ServiceD	953	9624	6748	3364	19736	84928	737	806748	96356	92385280	24930601	32493568
220	P1	2026-08-14T00:28:42,776886057-0700	1786692522769653057	ServiceE	ServiceE	545	8772	2120	7800	18692	28255	342	806748	96356	92385280	24930601	32493568
220	P1	2026-08-14T00:28:42,776886057-0700	1786692522769653057	ServiceL	ServiceL	579	6408	2204	1640	10252	31223	1176	806748	96356	92385280	24930601	32493568
220	P1	2026-08-14T00:28:42,776886057-0700	1786692522769653057	ServiceH[ServiceK]	ServiceH	3740	13084	26068	4324	43476	100283	103	806748	96356	92385280	24930601	32493568
220	P1	2026-08-14T00:28:42,776886057-0700	1786692522769653057	ServiceB	ServiceB	692	4080	4428	2176	10684	29200	414	806748	96356	92385280	24930601	32493568
220	P1	2026-08-14T00:28:42,776886057-0700	1786692522769653057	ServiceC	ServiceC	676	3968	8580	1540	14088	205536	970	806748	96356	92385280	24930601	32493568
221	P1	2026-08-14T00:28:44,775416640-0700	1786692524769606640	AppProcD	AppProcD	543	29768	39156	6600	75524	408412	582	806668	96356	92385280	24930601	32493568
221	P1	2026-08-14T00:28:44,775416640-0700	1786692524769606640	AppProcC	AppProcC	2671	15008	16164	4428	35600	101638	41	806668	96356	92385280	24930601	32493568
221	P1	2026-08-14T00:28:44,775416640-0700	1786692524769606640	AppProcB	AppProcB	945	10200	12488	5468	28156	120150	1966	806668	96356	92385280	24930601	32493568
221	P1	2026-08-14T00:28:44,775416640-0700	1786692524769606640	ServiceA	ServiceA	3953	3280	4512	2656	10448	398113	167	806668	96356	92385280	24930601	32493568
221	P1	2026-08-14T00:28:44,775416640-0700	1786692524769606640	ServiceD	ServiceD	953	9624	6748	3364	19736	84928	737	806668	96356	92385280	24930601	32493568
221	P1	2026-08-14T00:28:44,775416640-0700	1786692524769606640	ServiceE	ServiceE	545	8772	2120	7800	18692	28255	342	806668	96356	92385280	24930601	32493568
221	P1	2026-08-14T00:28:44,775416640-0700	1786692524769606640	ServiceL	ServiceL	579	6408	2200	1640	10248	31253	1176	806668	96356	92385280	24930601	32493568
221	P1	2026-08-14T00:28:44,775416640-0700	1786692524769606640	ServiceH[ServiceK]	ServiceH	3740	13084	26068	4324	43476	100323	103	806668	96356	92385280	24930601	32493568
221	P1	2026-08-14T00:28:44,775416640-0700	1786692524769606640	ServiceB	ServiceB	692	4080	4428	2176	10684	29200	414	806668	96356	92385280	24930601	32493568
221	P1	2026-08-14T00:28:44,775416640-0700	1786692524769606640	ServiceC	ServiceC	676	3968	8580	1540	14088	205536	970	806668	96356	92385280	24930601	32493568
222	P1	2026-08-14T00:28:46,780405223-0700	1786692526773090473	AppProcD	AppProcD	543	29768	39156	6600	75524	408412	582	804532	96356	92385280	24930601	32493568
222	P1	2026-08-14T00:28:46,780405223-0700	1786692526773090473	AppProcC	AppProcC	2671	15008	16164	4428	35600	101639	41	804532	96356	92385280	24930601	32493568
222	P1	2026-08-14T00:28:46,780405223-0700	1786692526773090473	AppProcB	AppProcB	945	10200	12488	5468	28156	120190	1966	804532	96356	92385280	24930601	32493568
222	P1	2026-08-14T00:28:46,780405223-0700	1786692526773090473	ServiceA	ServiceA	3953	3280	4512	2656	10448	398113	167	804532	96356	92385280	24930601	32493568
222	P1	2026-08-14T00:28:46,780405223-0700	1786692526773090473	ServiceD	ServiceD	953	9624	6748	3364	19736	84928	737	804532	96356	92385280	24930601	32493568
222	P1	2026-08-14T00:28:46,780405223-0700	1786692526773090473	ServiceE	ServiceE	545	8772	2120	7800	18692	28255	342	804532	96356	92385280	24930601	32493568
222	P1	2026-08-14T00:28:46,780405223-0700	1786692526773090473	ServiceL	ServiceL	579	6408	2200	1640	10248	31253	1176	804532	96356	92385280	24930601	32493568
222	P1	2026-08-14T00:28:46,780405223-0700	1786692526773090473	ServiceH[ServiceK]	ServiceH	3740	13084	26068	4324	43476	100323	103	804532	96356	92385280	24930601	32493568
222	P1	2026-08-14T00:28:46,780405223-0700	1786692526773090473	ServiceB	ServiceB	692	4080	4428	2176	10684	29200	414	804532	96356	92385280	24930601	32493568
222	P1	2026-08-14T00:28:46,780405223-0700	1786692526773090473	ServiceC	ServiceC	676	3968	8580	1540	14088	205536	970	804532	96356	92385280	24930601	32493568
223	P1	2026-08-14T00:28:48,778289889-0700	1786692528773708639	AppProcD	AppProcD	543	29768	39156	6600	75524	408414	582	805340	96356	92385280	24930601	32493568
223	P1	2026-08-14T00:28:48,778289889-0700	1786692528773708639	AppProcC	AppProcC	2671	15008	16164	4428	35600	101639	41	805340	96356	92385280	24930601	32493568
223	P1	2026-08-14T00:28:48,778289889-0700	1786692528773708639	AppProcB	AppProcB	945	10200	12488	5468	28156	120190	1966	805340	96356	92385280	24930601	32493568
223	P1	2026-08-14T00:28:48,778289889-0700	1786692528773708639	ServiceA	ServiceA	3953	3280	4512	2656	10448	398113	167	805340	96356	92385280	24930601	32493568
223	P1	2026-08-14T00:28:48,778289889-0700	1786692528773708639	ServiceD	ServiceD	953	9624	6748	3364	19736	84968	737	805340	96356	92385280	24930601	32493568
223	P1	2026-08-14T00:28:48,778289889-0700	1786692528773708639	ServiceE	ServiceE	545	8772	2120	7800	18692	28255	342	805340	96356	92385280	24930601	32493568
223	P1	2026-08-14T00:28:48,778289889-0700	1786692528773708639	ServiceL	ServiceL	579	6408	2200	1640	10248	31283	1176	805340	96356	92385280	24930601	32493568
223	P1	2026-08-14T00:28:48,778289889-0700	1786692528773708639	ServiceH[ServiceK]	ServiceH	3740	13084	26068	4324	43476	100323	103	805340	96356	92385280	24930601	32493568
223	P1	2026-08-14T00:28:48,778289889-0700	1786692528773708639	ServiceB	ServiceB	692	4080	4428	2176	10684	29200	414	805340	96356	92385280	24930601	32493568
223	P1	2026-08-14T00:28:48,778289889-0700	1786692528773708639	ServiceC	ServiceC	676	3968	8580	1540	14088	205536	970	805340	96356	92385280	24930601	32493568
224	P1	2026-08-14T00:28:50,774912805-0700	1786692530770512722	AppProcD	AppProcD	543	29768	39156	6600	75524	408414	582	806360	96356	92385280	24930601	32493568
224	P1	2026-08-14T00:28:50,774912805-0700	1786692530770512722	AppProcC	AppProcC	2671	15008	16164	4428	35600	101639	41	806360	96356	92385280	24930601	32493568
224	P1	2026-08-14T00:28:50,774912805-0700	1786692530770512722	AppProcB	AppProcB	945	10200	12488	5468	28156	120190	1966	806360	96356	92385280	24930601	32493568
224	P1	2026-08-14T00:28:50,774912805-0700	1786692530770512722	ServiceA	ServiceA	3953	3280	4512	2656	10448	398113	167	806360	96356	92385280	24930601	32493568
224	P1	2026-08-14T00:28:50,774912805-0700	1786692530770512722	ServiceD	ServiceD	953	9624	6748	3364	19736	84968	737	806360	96356	92385280	24930601	32493568
224	P1	2026-08-14T00:28:50,774912805-0700	1786692530770512722	ServiceE	ServiceE	545	8772	2120	7800	18692	28255	342	806360	96356	92385280	24930601	32493568
224	P1	2026-08-14T00:28:50,774912805-0700	1786692530770512722	ServiceL	ServiceL	579	6408	2200	1640	10248	31283	1176	806360	96356	92385280	24930601	32493568
224	P1	2026-08-14T00:28:50,774912805-0700	1786692530770512722	ServiceH[ServiceK]	ServiceH	3740	13084	26068	4324	43476	100363	103	806360	96356	92385280	24930601	32493568
224	P1	2026-08-14T00:28:50,774912805-0700	1786692530770512722	ServiceB	ServiceB	692	4080	4428	2176	10684	29200	414	806360	96356	92385280	24930601	32493568
224	P1	2026-08-14T00:28:50,774912805-0700	1786692530770512722	ServiceC	ServiceC	676	3968	8580	1540	14088	205536	970	806360	96356	92385280	24930601	32493568
225	P1	2026-08-14T00:28:52,776196804-0700	1786692532770834304	AppProcD	AppProcD	543	29768	39156	6600	75524	408414	582	806452	96356	92385280	24930601	32493568
225	P1	2026-08-14T00:28:52,776196804-0700	1786692532770834304	AppProcC	AppProcC	2671	15008	16164	4428	35600	101640	41	806452	96356	92385280	24930601	32493568
225	P1	2026-08-14T00:28:52,776196804-0700	1786692532770834304	AppProcB	AppProcB	945	10200	12488	5468	28156	120230	1966	806452	96356	92385280	24930601	32493568
225	P1	2026-08-14T00:28:52,776196804-0700	1786692532770834304	ServiceA	ServiceA	3953	3280	4512	2656	10448	398113	167	806452	96356	92385280	24930601	32493568
225	P1	2026-08-14T00:28:52,776196804-0700	1786692532770834304	ServiceD	ServiceD	953	9624	6748	3364	19736	85008	737	806452	96356	92385280	24930601	32493568
225	P1	2026-08-14T00:28:52,776196804-0700	1786692532770834304	ServiceE	ServiceE	545	8772	2120	7800	18692	28255	342	806452	96356	92385280	24930601	32493568
225	P1	2026-08-14T00:28:52,776196804-0700	1786692532770834304	ServiceL	ServiceL	579	6408	2200	1640	10248	31283	1176	806452	96356	92385280	24930601	32493568
225	P1	2026-08-14T00:28:52,776196804-0700	1786692532770834304	ServiceH[ServiceK]	ServiceH	3740	13084	26068	4324	43476	100363	103	806452	96356	92385280	24930601	32493568
225	P1	2026-08-14T00:28:52,776196804-0700	1786692532770834304	ServiceB	ServiceB	692	4080	4428	2176	10684	29200	414	806452	96356	92385280	24930601	32493568
225	P1	2026-08-14T00:28:52,776196804-0700	1786692532770834304	ServiceC	ServiceC	676	3968	8580	1540	14088	205536	970	806452	96356	92385280	24930601	32493568
226	P1	2026-08-14T00:28:54,775516471-0700	1786692534769265221	AppProcD	AppProcD	543	29768	39184	6600	75552	408420	582	805912	96356	92385280	24930601	32493568
226	P1	2026-08-14T00:28:54,775516471-0700	1786692534769265221	AppProcC	AppProcC	2671	15008	16164	4428	35600	101640	41	805912	96356	92385280	24930601	32493568
226	P1	2026-08-14T00:28:54,775516471-0700	1786692534769265221	AppProcB	AppProcB	945	10200	12488	5468	28156	120230	1966	805912	96356	92385280	24930601	32493568
226	P1	2026-08-14T00:28:54,775516471-0700	1786692534769265221	ServiceA	ServiceA	3953	3280	4512	2656	10448	398113	167	805912	96356	92385280	24930601	32493568
226	P1	2026-08-14T00:28:54,775516471-0700	1786692534769265221	ServiceD	ServiceD	953	9624	6748	3364	19736	85008	737	805912	96356	92385280	24930601	32493568
226	P1	2026-08-14T00:28:54,775516471-0700	1786692534769265221	ServiceE	ServiceE	545	8772	2120	7800	18692	28355	342	805912	96356	92385280	24930601	32493568
226	P1	2026-08-14T00:28:54,775516471-0700	1786692534769265221	ServiceL	ServiceL	579	6408	2200	1640	10248	31313	1176	805912	96356	92385280	24930601	32493568
226	P1	2026-08-14T00:28:54,775516471-0700	1786692534769265221	ServiceH[ServiceK]	ServiceH	3740	13084	26068	4324	43476	100403	103	805912	96356	92385280	24930601	32493568
226	P1	2026-08-14T00:28:54,775516471-0700	1786692534769265221	ServiceB	ServiceB	692	4080	4428	2176	10684	29200	414	805912	96356	92385280	24930601	32493568
226	P1	2026-08-14T00:28:54,775516471-0700	1786692534769265221	ServiceC	ServiceC	676	3968	8580	1540	14088	205536	970	805912	96356	92385280	24930601	32493568
227	P1	2026-08-14T00:28:56,776014137-0700	1786692536768783220	AppProcD	AppProcD	543	29768	39184	6600	75552	408423	582	804008	96356	92385280	24930601	32493568
227	P1	2026-08-14T00:28:56,776014137-0700	1786692536768783220	AppProcC	AppProcC	2671	15008	16164	4428	35600	101641	41	804008	96356	92385280	24930601	32493568
227	P1	2026-08-14T00:28:56,776014137-0700	1786692536768783220	AppProcB	AppProcB	945	10200	12488	5468	28156	120270	1966	804008	96356	92385280	24930601	32493568
227	P1	2026-08-14T00:28:56,776014137-0700	1786692536768783220	ServiceA	ServiceA	3953	3280	4512	2656	10448	398113	167	804008	96356	92385280	24930601	32493568
227	P1	2026-08-14T00:28:56,776014137-0700	1786692536768783220	ServiceD	ServiceD	953	9624	6748	3364	19736	85008	737	804008	96356	92385280	24930601	32493568
227	P1	2026-08-14T00:28:56,776014137-0700	1786692536768783220	ServiceE	ServiceE	545	8772	2120	7800	18692	28355	342	804008	96356	92385280	24930601	32493568
227	P1	2026-08-14T00:28:56,776014137-0700	1786692536768783220	ServiceL	ServiceL	579	6408	2200	1640	10248	31313	1176	804008	96356	92385280	24930601	32493568
227	P1	2026-08-14T00:28:56,776014137-0700	1786692536768783220	ServiceH[ServiceK]	ServiceH	3740	13084	26068	4324	43476	100403	103	804008	96356	92385280	24930601	32493568
227	P1	2026-08-14T00:28:56,776014137-0700	1786692536768783220	ServiceB	ServiceB	692	4080	4428	2176	10684	29200	414	804008	96356	92385280	24930601	32493568
227	P1	2026-08-14T00:28:56,776014137-0700	1786692536768783220	ServiceC	ServiceC	676	3968	8580	1540	14088	205536	970	804008	96356	92385280	24930601	32493568
228	P1	2026-08-14T00:28:58,778515220-0700	1786692538771401720	AppProcD	AppProcD	543	29768	39184	6600	75552	408425	582	803564	96356	92385280	24930601	32493568
228	P1	2026-08-14T00:28:58,778515220-0700	1786692538771401720	AppProcC	AppProcC	2671	15008	16164	4428	35600	101641	41	803564	96356	92385280	24930601	32493568
228	P1	2026-08-14T00:28:58,778515220-0700	1786692538771401720	AppProcB	AppProcB	945	10200	12488	5468	28156	120270	1966	803564	96356	92385280	24930601	32493568
228	P1	2026-08-14T00:28:58,778515220-0700	1786692538771401720	ServiceA	ServiceA	3953	3280	4512	2656	10448	398113	167	803564	96356	92385280	24930601	32493568
228	P1	2026-08-14T00:28:58,778515220-0700	1786692538771401720	ServiceD	ServiceD	953	9624	6748	3364	19736	85048	737	803564	96356	92385280	24930601	32493568
228	P1	2026-08-14T00:28:58,778515220-0700	1786692538771401720	ServiceE	ServiceE	545	8772	2120	7800	18692	28355	342	803564	96356	92385280	24930601	32493568
228	P1	2026-08-14T00:28:58,778515220-0700	1786692538771401720	ServiceL	ServiceL	579	6400	2200	1640	10240	31343	1176	803564	96356	92385280	24930601	32493568
228	P1	2026-08-14T00:28:58,778515220-0700	1786692538771401720	ServiceH[ServiceK]	ServiceH	3740	13084	26068	4324	43476	100403	103	803564	96356	92385280	24930601	32493568
228	P1	2026-08-14T00:28:58,778515220-0700	1786692538771401720	ServiceB	ServiceB	692	4080	4428	2176	10684	29200	414	803564	96356	92385280	24930601	32493568
228	P1	2026-08-14T00:28:58,778515220-0700	1786692538771401720	ServiceC	ServiceC	676	3968	8580	1540	14088	205536	970	803564	96356	92385280	24930601	32493568
229	P1	2026-08-14T00:29:00,784045136-0700	1786692540776406386	AppProcD	AppProcD	543	29768	39184	6600	75552	408425	582	805852	96356	92385280	24930601	32493568
229	P1	2026-08-14T00:29:00,784045136-0700	1786692540776406386	AppProcC	AppProcC	2671	15008	16164	4428	35600	101641	41	805852	96356	92385280	24930601	32493568
229	P1	2026-08-14T00:29:00,784045136-0700	1786692540776406386	AppProcB	AppProcB	945	10200	12488	5468	28156	120270	1966	805852	96356	92385280	24930601	32493568
229	P1	2026-08-14T00:29:00,784045136-0700	1786692540776406386	ServiceA	ServiceA	3953	3280	4512	2656	10448	398113	167	805852	96356	92385280	24930601	32493568
229	P1	2026-08-14T00:29:00,784045136-0700	1786692540776406386	ServiceD	ServiceD	953	9624	6748	3364	19736	85048	737	805852	96356	92385280	24930601	32493568
229	P1	2026-08-14T00:29:00,784045136-0700	1786692540776406386	ServiceE	ServiceE	545	8772	2120	7800	18692	28355	342	805852	96356	92385280	24930601	32493568
229	P1	2026-08-14T00:29:00,784045136-0700	1786692540776406386	ServiceL	ServiceL	579	6400	2200	1640	10240	31343	1176	805852	96356	92385280	24930601	32493568
229	P1	2026-08-14T00:29:00,784045136-0700	1786692540776406386	ServiceH[ServiceK]	ServiceH	3740	13084	26068	4324	43476	100443	103	805852	96356	92385280	24930601	32493568
229	P1	2026-08-14T00:29:00,784045136-0700	1786692540776406386	ServiceB	ServiceB	692	4080	4428	2176	10684	29200	414	805852	96356	92385280	24930601	32493568
229	P1	2026-08-14T00:29:00,784045136-0700	1786692540776406386	ServiceC	ServiceC	676	3968	8580	1540	14088	205536	970	805852	96356	92385280	24930601	32493568
230	P1	2026-08-14T00:29:02,773184802-0700	1786692542768783385	AppProcD	AppProcD	543	29768	39184	6600	75552	408425	582	805228	96356	92385280	24930601	32493568
230	P1	2026-08-14T00:29:02,773184802-0700	1786692542768783385	AppProcC	AppProcC	2671	15008	16164	4428	35600	101642	41	805228	96356	92385280	24930601	32493568
230	P1	2026-08-14T00:29:02,773184802-0700	1786692542768783385	AppProcB	AppProcB	945	10200	12488	5468	28156	120310	1966	805228	96356	92385280	24930601	32493568
230	P1	2026-08-14T00:29:02,773184802-0700	1786692542768783385	ServiceA	ServiceA	3953	3280	4512	2656	10448	398113	167	805228	96356	92385280	24930601	32493568
230	P1	2026-08-14T00:29:02,773184802-0700	1786692542768783385	ServiceD	ServiceD	953	9624	6748	3364	19736	85088	737	805228	96356	92385280	24930601	32493568
230	P1	2026-08-14T00:29:02,773184802-0700	1786692542768783385	ServiceE	ServiceE	545	8772	2120	7800	18692	28355	342	805228	96356	92385280	24930601	32493568
230	P1	2026-08-14T00:29:02,773184802-0700	1786692542768783385	ServiceL	ServiceL	579	6400	2200	1640	10240	31343	1176	805228	96356	92385280	24930601	32493568
230	P1	2026-08-14T00:29:02,773184802-0700	1786692542768783385	ServiceH[ServiceK]	ServiceH	3740	13084	26068	4324	43476	100443	103	805228	96356	92385280	24930601	32493568
230	P1	2026-08-14T00:29:02,773184802-0700	1786692542768783385	ServiceB	ServiceB	692	4080	4428	2176	10684	29200	414	805228	96356	92385280	24930601	32493568
230	P1	2026-08-14T00:29:02,773184802-0700	1786692542768783385	ServiceC	ServiceC	676	3968	8580	1540	14088	205536	970	805228	96356	92385280	24930601	32493568
231	P1	2026-08-14T00:29:04,773553218-0700	1786692544768689885	AppProcD	AppProcD	543	29768	39184	6600	75552	408437	582	804508	96356	92385280	24930601	32493568
231	P1	2026-08-14T00:29:04,773553218-0700	1786692544768689885	AppProcC	AppProcC	2671	15008	16164	4428	35600	101642	41	804508	96356	92385280	24930601	32493568
231	P1	2026-08-14T00:29:04,773553218-0700	1786692544768689885	AppProcB	AppProcB	945	10200	12488	5468	28156	120310	1966	804508	96356	92385280	24930601	32493568
231	P1	2026-08-14T00:29:04,773553218-0700	1786692544768689885	ServiceA	ServiceA	3953	3280	4512	2656	10448	398113	167	804508	96356	92385280	24930601	32493568
231	P1	2026-08-14T00:29:04,773553218-0700	1786692544768689885	ServiceD	ServiceD	953	9624	6748	3364	19736	85088	737	804508	96356	92385280	24930601	32493568
231	P1	2026-08-14T00:29:04,773553218-0700	1786692544768689885	ServiceE	ServiceE	545	8772	2120	7800	18692	28355	342	804508	96356	92385280	24930601	32493568
231	P1	2026-08-14T00:29:04,773553218-0700	1786692544768689885	ServiceL	ServiceL	579	6400	2200	1640	10240	31373	1176	804508	96356	92385280	24930601	32493568
231	P1	2026-08-14T00:29:04,773553218-0700	1786692544768689885	ServiceH[ServiceK]	ServiceH	3740	13084	26068	4324	43476	100483	103	804508	96356	92385280	24930601	32493568
231	P1	2026-08-14T00:29:04,773553218-0700	1786692544768689885	ServiceB	ServiceB	692	4080	4428	2176	10684	29200	414	804508	96356	92385280	24930601	32493568
231	P1	2026-08-14T00:29:04,773553218-0700	1786692544768689885	ServiceC	ServiceC	676	3968	8580	1540	14088	205536	970	804508	96356	92385280	24930601	32493568
232	P1	2026-08-14T00:29:06,778464218-0700	1786692546770514051	AppProcD	AppProcD	543	29768	39184	6600	75552	408437	582	804664	96356	92385280	24930601	32493568
232	P1	2026-08-14T00:29:06,778464218-0700	1786692546770514051	AppProcC	AppProcC	2671	15008	16164	4428	35600	101643	41	804664	96356	92385280	24930601	32493568
232	P1	2026-08-14T00:29:06,778464218-0700	1786692546770514051	AppProcB	AppProcB	945	10200	12488	5468	28156	120350	1966	804664	96356	92385280	24930601	32493568
232	P1	2026-08-14T00:29:06,778464218-0700	1786692546770514051	ServiceA	ServiceA	3953	3280	4512	2656	10448	398113	167	804664	96356	92385280	24930601	32493568
232	P1	2026-08-14T00:29:06,778464218-0700	1786692546770514051	ServiceD	ServiceD	953	9624	6748	3364	19736	85336	737	804664	96356	92385280	24930601	32493568
232	P1	2026-08-14T00:29:06,778464218-0700	1786692546770514051	ServiceE	ServiceE	545	8772	2120	7800	18692	28355	342	804664	96356	92385280	24930601	32493568
232	P1	2026-08-14T00:29:06,778464218-0700	1786692546770514051	ServiceL	ServiceL	579	6400	2200	1640	10240	31373	1176	804664	96356	92385280	24930601	32493568
232	P1	2026-08-14T00:29:06,778464218-0700	1786692546770514051	ServiceH[ServiceK]	ServiceH	3740	13084	26068	4324	43476	100483	103	804664	96356	92385280	24930601	32493568
232	P1	2026-08-14T00:29:06,778464218-0700	1786692546770514051	ServiceB	ServiceB	692	4080	4428	2176	10684	29200	414	804664	96356	92385280	24930601	32493568
232	P1	2026-08-14T00:29:06,778464218-0700	1786692546770514051	ServiceC	ServiceC	676	3968	8580	1540	14088	205580	970	804664	96356	92385280	24930601	32493568
233	P1	2026-08-14T00:29:08,776057384-0700	1786692548769156384	AppProcD	AppProcD	543	29768	39120	6600	75488	408439	582	805448	96356	92385280	24930601	32493568
233	P1	2026-08-14T00:29:08,776057384-0700	1786692548769156384	AppProcC	AppProcC	2671	15008	16164	4428	35600	101643	41	805448	96356	92385280	24930601	32493568
233	P1	2026-08-14T00:29:08,776057384-0700	1786692548769156384	AppProcB	AppProcB	945	10200	12488	5468	28156	120350	1966	805448	96356	92385280	24930601	32493568
233	P1	2026-08-14T00:29:08,776057384-0700	1786692548769156384	ServiceA	ServiceA	3953	3280	4512	2656	10448	398113	167	805448	96356	92385280	24930601	32493568
233	P1	2026-08-14T00:29:08,776057384-0700	1786692548769156384	ServiceD	ServiceD	953	9624	6748	3364	19736	85376	737	805448	96356	92385280	24930601	32493568
233	P1	2026-08-14T00:29:08,776057384-0700	1786692548769156384	ServiceE	ServiceE	545	8772	2120	7800	18692	28355	342	805448	96356	92385280	24930601	32493568
233	P1	2026-08-14T00:29:08,776057384-0700	1786692548769156384	ServiceL	ServiceL	579	6400	2200	1640	10240	31403	1176	805448	96356	92385280	24930601	32493568
233	P1	2026-08-14T00:29:08,776057384-0700	1786692548769156384	ServiceH[ServiceK]	ServiceH	3740	13084	26068	4324	43476	100483	103	805448	96356	92385280	24930601	32493568
233	P1	2026-08-14T00:29:08,776057384-0700	1786692548769156384	ServiceB	ServiceB	692	4080	4428	2176	10684	29200	414	805448	96356	92385280	24930601	32493568
233	P1	2026-08-14T00:29:08,776057384-0700	1786692548769156384	ServiceC	ServiceC	676	3968	8580	1540	14088	205580	970	805448	96356	92385280	24930601	32493568
234	P1	2026-08-14T00:29:10,776148883-0700	1786692550769997383	AppProcD	AppProcD	543	29768	39120	6600	75488	408439	582	803880	96356	92385280	24930601	32493568
234	P1	2026-08-14T00:29:10,776148883-0700	1786692550769997383	AppProcC	AppProcC	2671	15008	16164	4428	35600	101643	41	803880	96356	92385280	24930601	32493568
234	P1	2026-08-14T00:29:10,776148883-0700	1786692550769997383	AppProcB	AppProcB	945	10200	12488	5468	28156	120352	1966	803880	96356	92385280	24930601	32493568
234	P1	2026-08-14T00:29:10,776148883-0700	1786692550769997383	ServiceA	ServiceA	3953	3280	4512	2656	10448	398113	167	803880	96356	92385280	24930601	32493568
234	P1	2026-08-14T00:29:10,776148883-0700	1786692550769997383	ServiceD	ServiceD	953	9624	6748	3364	19736	85376	737	803880	96356	92385280	24930601	32493568
234	P1	2026-08-14T00:29:10,776148883-0700	1786692550769997383	ServiceE	ServiceE	545	8772	2120	7800	18692	28355	342	803880	96356	92385280	24930601	32493568
234	P1	2026-08-14T00:29:10,776148883-0700	1786692550769997383	ServiceL	ServiceL	579	6400	2200	1640	10240	31403	1176	803880	96356	92385280	24930601	32493568
234	P1	2026-08-14T00:29:10,776148883-0700	1786692550769997383	ServiceH[ServiceK]	ServiceH	3740	13084	26068	4324	43476	100523	103	803880	96356	92385280	24930601	32493568
234	P1	2026-08-14T00:29:10,776148883-0700	1786692550769997383	ServiceB	ServiceB	692	4080	4428	2176	10684	29200	414	803880	96356	92385280	24930601	32493568
234	P1	2026-08-14T00:29:10,776148883-0700	1786692550769997383	ServiceC	ServiceC	676	3968	8580	1540	14088	205580	970	803880	96356	92385280	24930601	32493568
235	P1	2026-08-14T00:29:12,777250633-0700	1786692552772518550	AppProcD	AppProcD	543	29768	39120	6600	75488	408439	582	803896	96356	92385280	24930601	32493568
235	P1	2026-08-14T00:29:12,777250633-0700	1786692552772518550	AppProcC	AppProcC	2671	15008	16164	4428	35600	101644	41	803896	96356	92385280	24930601	32493568
235	P1	2026-08-14T00:29:12,777250633-0700	1786692552772518550	AppProcB	AppProcB	945	10200	12488	5468	28156	120392	1966	803896	96356	92385280	24930601	32493568
235	P1	2026-08-14T00:29:12,777250633-0700	1786692552772518550	ServiceA	ServiceA	3953	3280	4512	2656	10448	398113	167	803896	96356	92385280	24930601	32493568
235	P1	2026-08-14T00:29:12,777250633-0700	1786692552772518550	ServiceD	ServiceD	953	9624	6748	3364	19736	85416	737	803896	96356	92385280	24930601	32493568
235	P1	2026-08-14T00:29:12,777250633-0700	1786692552772518550	ServiceE	ServiceE	545	8772	2120	7800	18692	28355	342	803896	96356	92385280	24930601	32493568
235	P1	2026-08-14T00:29:12,777250633-0700	1786692552772518550	ServiceL	ServiceL	579	6400	2200	1640	10240	31403	1176	803896	96356	92385280	24930601	32493568
235	P1	2026-08-14T00:29:12,777250633-0700	1786692552772518550	ServiceH[ServiceK]	ServiceH	3740	13084	26068	4324	43476	100523	103	803896	96356	92385280	24930601	32493568
235	P1	2026-08-14T00:29:12,777250633-0700	1786692552772518550	ServiceB	ServiceB	692	4080	4428	2176	10684	29200	414	803896	96356	92385280	24930601	32493568
235	P1	2026-08-14T00:29:12,777250633-0700	1786692552772518550	ServiceC	ServiceC	676	3968	8580	1540	14088	205580	970	803896	96356	92385280	24930601	32493568
236	P1	2026-08-14T00:29:14,773801216-0700	1786692554769198133	AppProcD	AppProcD	543	29768	39120	6600	75488	408441	582	805408	96356	92385280	24930601	32493568
236	P1	2026-08-14T00:29:14,773801216-0700	1786692554769198133	AppProcC	AppProcC	2671	15008	16164	4428	35600	101644	41	805408	96356	92385280	24930601	32493568
236	P1	2026-08-14T00:29:14,773801216-0700	1786692554769198133	AppProcB	AppProcB	945	10200	12488	5468	28156	120392	1966	805408	96356	92385280	24930601	32493568
236	P1	2026-08-14T00:29:14,773801216-0700	1786692554769198133	ServiceA	ServiceA	3953	3280	4512	2656	10448	398113	167	805408	96356	92385280	24930601	32493568
236	P1	2026-08-14T00:29:14,773801216-0700	1786692554769198133	ServiceD	ServiceD	953	9624	6748	3364	19736	85416	737	805408	96356	92385280	24930601	32493568
236	P1	2026-08-14T00:29:14,773801216-0700	1786692554769198133	ServiceE	ServiceE	545	8772	2120	7800	18692	28355	342	805408	96356	92385280	24930601	32493568
236	P1	2026-08-14T00:29:14,773801216-0700	1786692554769198133	ServiceL	ServiceL	579	6400	2200	1640	10240	31433	1176	805408	96356	92385280	24930601	32493568
236	P1	2026-08-14T00:29:14,773801216-0700	1786692554769198133	ServiceH[ServiceK]	ServiceH	3740	13084	26068	4324	43476	100563	103	805408	96356	92385280	24930601	32493568
236	P1	2026-08-14T00:29:14,773801216-0700	1786692554769198133	ServiceB	ServiceB	692	4080	4428	2176	10684	29200	414	805408	96356	92385280	24930601	32493568
236	P1	2026-08-14T00:29:14,773801216-0700	1786692554769198133	ServiceC	ServiceC	676	3968	8580	1540	14088	205580	970	805408	96356	92385280	24930601	32493568
237	P1	2026-08-14T00:29:16,774876549-0700	1786692556769806715	AppProcD	AppProcD	543	29768	39040	6600	75408	408441	582	803540	96356	92385280	24930601	32493568
237	P1	2026-08-14T00:29:16,774876549-0700	1786692556769806715	AppProcC	AppProcC	2671	15008	16164	4428	35600	101645	41	803540	96356	92385280	24930601	32493568
237	P1	2026-08-14T00:29:16,774876549-0700	1786692556769806715	AppProcB	AppProcB	945	10200	12488	5468	28156	120432	1966	803540	96356	92385280	24930601	32493568
237	P1	2026-08-14T00:29:16,774876549-0700	1786692556769806715	ServiceA	ServiceA	3953	3280	4512	2656	10448	398113	167	803540	96356	92385280	24930601	32493568
237	P1	2026-08-14T00:29:16,774876549-0700	1786692556769806715	ServiceD	ServiceD	953	9624	6748	3364	19736	85416	737	803540	96356	92385280	24930601	32493568
237	P1	2026-08-14T00:29:16,774876549-0700	1786692556769806715	ServiceE	ServiceE	545	8772	2120	7800	18692	28356	342	803540	96356	92385280	24930601	32493568
237	P1	2026-08-14T00:29:16,774876549-0700	1786692556769806715	ServiceL	ServiceL	579	6400	2200	1640	10240	31433	1176	803540	96356	92385280	24930601	32493568
237	P1	2026-08-14T00:29:16,774876549-0700	1786692556769806715	ServiceH[ServiceK]	ServiceH	3740	13084	26068	4324	43476	100563	103	803540	96356	92385280	24930601	32493568
237	P1	2026-08-14T00:29:16,774876549-0700	1786692556769806715	ServiceB	ServiceB	692	4080	4428	2176	10684	29200	414	803540	96356	92385280	24930601	32493568
237	P1	2026-08-14T00:29:16,774876549-0700	1786692556769806715	ServiceC	ServiceC	676	3968	8580	1540	14088	205580	970	803540	96356	92385280	24930601	32493568
238	P1	2026-08-14T00:29:18,777567965-0700	1786692558771240298	AppProcD	AppProcD	543	29768	39040	6600	75408	408443	582	804332	96356	92385280	24930601	32493568
238	P1	2026-08-14T00:29:18,777567965-0700	1786692558771240298	AppProcC	AppProcC	2671	15008	16164	4428	35600	101645	41	804332	96356	92385280	24930601	32493568
238	P1	2026-08-14T00:29:18,777567965-0700	1786692558771240298	AppProcB	AppProcB	945	10200	12488	5468	28156	120432	1966	804332	96356	92385280	24930601	32493568
238	P1	2026-08-14T00:29:18,777567965-0700	1786692558771240298	ServiceA	ServiceA	3953	3280	4512	2656	10448	398113	167	804332	96356	92385280	24930601	32493568
238	P1	2026-08-14T00:29:18,777567965-0700	1786692558771240298	ServiceD	ServiceD	953	9624	6748	3364	19736	85456	737	804332	96356	92385280	24930601	32493568
238	P1	2026-08-14T00:29:18,777567965-0700	1786692558771240298	ServiceE	ServiceE	545	8772	2120	7800	18692	28356	342	804332	96356	92385280	24930601	32493568
238	P1	2026-08-14T00:29:18,777567965-0700	1786692558771240298	ServiceL	ServiceL	579	6400	2200	1640	10240	31463	1176	804332	96356	92385280	24930601	32493568
238	P1	2026-08-14T00:29:18,777567965-0700	1786692558771240298	ServiceH[ServiceK]	ServiceH	3740	13084	26068	4324	43476	100563	103	804332	96356	92385280	24930601	32493568
238	P1	2026-08-14T00:29:18,777567965-0700	1786692558771240298	ServiceB	ServiceB	692	4080	4428	2176	10684	29200	414	804332	96356	92385280	24930601	32493568
238	P1	2026-08-14T00:29:18,777567965-0700	1786692558771240298	ServiceC	ServiceC	676	3968	8580	1540	14088	205580	970	804332	96356	92385280	24930601	32493568
239	P1	2026-08-14T00:29:20,778032631-0700	1786692560771817131	AppProcD	AppProcD	543	29768	39040	6600	75408	408443	582	803908	96356	92385280	24930601	32493568
239	P1	2026-08-14T00:29:20,778032631-0700	1786692560771817131	AppProcC	AppProcC	2671	15008	16164	4428	35600	101645	41	803908	96356	92385280	24930601	32493568
239	P1	2026-08-14T00:29:20,778032631-0700	1786692560771817131	AppProcB	AppProcB	945	10200	12488	5468	28156	120432	1966	803908	96356	92385280	24930601	32493568
239	P1	2026-08-14T00:29:20,778032631-0700	1786692560771817131	ServiceA	ServiceA	3953	3280	4512	2656	10448	398113	167	803908	96356	92385280	24930601	32493568
239	P1	2026-08-14T00:29:20,778032631-0700	1786692560771817131	ServiceD	ServiceD	953	9624	6748	3364	19736	85456	737	803908	96356	92385280	24930601	32493568
239	P1	2026-08-14T00:29:20,778032631-0700	1786692560771817131	ServiceE	ServiceE	545	8772	2120	7800	18692	28356	342	803908	96356	92385280	24930601	32493568
239	P1	2026-08-14T00:29:20,778032631-0700	1786692560771817131	ServiceL	ServiceL	579	6400	2200	1640	10240	31463	1176	803908	96356	92385280	24930601	32493568
239	P1	2026-08-14T00:29:20,778032631-0700	1786692560771817131	ServiceH[ServiceK]	ServiceH	3740	13084	26068	4324	43476	100603	103	803908	96356	92385280	24930601	32493568
239	P1	2026-08-14T00:29:20,778032631-0700	1786692560771817131	ServiceB	ServiceB	692	4080	4428	2176	10684	29200	414	803908	96356	92385280	24930601	32493568
239	P1	2026-08-14T00:29:20,778032631-0700	1786692560771817131	ServiceC	ServiceC	676	3968	8580	1540	14088	205580	970	803908	96356	92385280	24930601	32493568
240	P1	2026-08-14T00:29:22,775709464-0700	1786692562769803714	AppProcD	AppProcD	543	29768	39040	6600	75408	408443	582	803616	96356	92385280	24930601	32493568
240	P1	2026-08-14T00:29:22,775709464-0700	1786692562769803714	AppProcC	AppProcC	2671	15008	16164	4428	35600	101646	41	803616	96356	92385280	24930601	32493568
240	P1	2026-08-14T00:29:22,775709464-0700	1786692562769803714	AppProcB	AppProcB	945	10200	12488	5468	28156	120472	1966	803616	96356	92385280	24930601	32493568
240	P1	2026-08-14T00:29:22,775709464-0700	1786692562769803714	ServiceA	ServiceA	3953	3280	4512	2656	10448	398113	167	803616	96356	92385280	24930601	32493568
240	P1	2026-08-14T00:29:22,775709464-0700	1786692562769803714	ServiceD	ServiceD	953	9624	6748	3364	19736	85496	737	803616	96356	92385280	24930601	32493568
240	P1	2026-08-14T00:29:22,775709464-0700	1786692562769803714	ServiceE	ServiceE	545	8772	2120	7800	18692	28356	342	803616	96356	92385280	24930601	32493568
240	P1	2026-08-14T00:29:22,775709464-0700	1786692562769803714	ServiceL	ServiceL	579	6400	2200	1640	10240	31463	1176	803616	96356	92385280	24930601	32493568
240	P1	2026-08-14T00:29:22,775709464-0700	1786692562769803714	ServiceH[ServiceK]	ServiceH	3740	13084	26068	4324	43476	100603	103	803616	96356	92385280	24930601	32493568
240	P1	2026-08-14T00:29:22,775709464-0700	1786692562769803714	ServiceB	ServiceB	692	4080	4428	2176	10684	29200	414	803616	96356	92385280	24930601	32493568
240	P1	2026-08-14T00:29:22,775709464-0700	1786692562769803714	ServiceC	ServiceC	676	3968	8580	1540	14088	205580	970	803616	96356	92385280	24930601	32493568
241	P1	2026-08-14T00:29:24,777164630-0700	1786692564772166797	AppProcD	AppProcD	543	29768	38980	6600	75348	408445	582	803688	96356	92385280	24930601	32493568
241	P1	2026-08-14T00:29:24,777164630-0700	1786692564772166797	AppProcC	AppProcC	2671	15008	16164	4428	35600	101646	41	803688	96356	92385280	24930601	32493568
241	P1	2026-08-14T00:29:24,777164630-0700	1786692564772166797	AppProcB	AppProcB	945	10200	12488	5468	28156	120472	1966	803688	96356	92385280	24930601	32493568
241	P1	2026-08-14T00:29:24,777164630-0700	1786692564772166797	ServiceA	ServiceA	3953	3280	4512	2656	10448	398113	167	803688	96356	92385280	24930601	32493568
241	P1	2026-08-14T00:29:24,777164630-0700	1786692564772166797	ServiceD	ServiceD	953	9624	6748	3364	19736	85496	737	803688	96356	92385280	24930601	32493568
241	P1	2026-08-14T00:29:24,777164630-0700	1786692564772166797	ServiceE	ServiceE	545	8772	2120	7800	18692	28356	342	803688	96356	92385280	24930601	32493568
241	P1	2026-08-14T00:29:24,777164630-0700	1786692564772166797	ServiceL	ServiceL	579	6400	2200	1640	10240	31493	1176	803688	96356	92385280	24930601	32493568
241	P1	2026-08-14T00:29:24,777164630-0700	1786692564772166797	ServiceH[ServiceK]	ServiceH	3740	13080	26068	4324	43472	100643	103	803688	96356	92385280	24930601	32493568
241	P1	2026-08-14T00:29:24,777164630-0700	1786692564772166797	ServiceB	ServiceB	692	4080	4428	2176	10684	29200	414	803688	96356	92385280	24930601	32493568
241	P1	2026-08-14T00:29:24,777164630-0700	1786692564772166797	ServiceC	ServiceC	676	3968	8580	1540	14088	205580	970	803688	96356	92385280	24930601	32493568
242	P1	2026-08-14T00:29:26,784495630-0700	1786692566778324630	AppProcD	AppProcD	543	29768	38980	6600	75348	408445	582	802560	96356	92385280	24930601	32493568
242	P1	2026-08-14T00:29:26,784495630-0700	1786692566778324630	AppProcC	AppProcC	2671	15008	16164	4428	35600	101647	41	802560	96356	92385280	24930601	32493568
242	P1	2026-08-14T00:29:26,784495630-0700	1786692566778324630	AppProcB	AppProcB	945	10200	12488	5468	28156	120512	1966	802560	96356	92385280	24930601	32493568
242	P1	2026-08-14T00:29:26,784495630-0700	1786692566778324630	ServiceA	ServiceA	3953	3280	4512	2656	10448	398113	167	802560	96356	92385280	24930601	32493568
242	P1	2026-08-14T00:29:26,784495630-0700	1786692566778324630	ServiceD	ServiceD	953	9624	6748	3364	19736	85496	737	802560	96356	92385280	24930601	32493568
242	P1	2026-08-14T00:29:26,784495630-0700	1786692566778324630	ServiceE	ServiceE	545	8772	2120	7800	18692	28356	342	802560	96356	92385280	24930601	32493568
242	P1	2026-08-14T00:29:26,784495630-0700	1786692566778324630	ServiceL	ServiceL	579	6400	2200	1640	10240	31493	1176	802560	96356	92385280	24930601	32493568
242	P1	2026-08-14T00:29:26,784495630-0700	1786692566778324630	ServiceH[ServiceK]	ServiceH	3740	13080	26068	4324	43472	100643	103	802560	96356	92385280	24930601	32493568
242	P1	2026-08-14T00:29:26,784495630-0700	1786692566778324630	ServiceB	ServiceB	692	4080	4428	2176	10684	29200	414	802560	96356	92385280	24930601	32493568
242	P1	2026-08-14T00:29:26,784495630-0700	1786692566778324630	ServiceC	ServiceC	676	3968	8580	1540	14088	205580	970	802560	96356	92385280	24930601	32493568
243	P1	2026-08-14T00:29:28,775824796-0700	1786692568769817296	AppProcD	AppProcD	543	29768	38952	6600	75320	408447	582	804812	96356	92385280	24930601	32493568
243	P1	2026-08-14T00:29:28,775824796-0700	1786692568769817296	AppProcC	AppProcC	2671	15008	16164	4428	35600	101647	41	804812	96356	92385280	24930601	32493568
243	P1	2026-08-14T00:29:28,775824796-0700	1786692568769817296	AppProcB	AppProcB	945	10200	12488	5468	28156	120512	1966	804812	96356	92385280	24930601	32493568
243	P1	2026-08-14T00:29:28,775824796-0700	1786692568769817296	ServiceA	ServiceA	3953	3280	4512	2656	10448	398113	167	804812	96356	92385280	24930601	32493568
243	P1	2026-08-14T00:29:28,775824796-0700	1786692568769817296	ServiceD	ServiceD	953	9624	6748	3364	19736	85536	737	804812	96356	92385280	24930601	32493568
243	P1	2026-08-14T00:29:28,775824796-0700	1786692568769817296	ServiceE	ServiceE	545	8772	2120	7800	18692	28356	342	804812	96356	92385280	24930601	32493568
243	P1	2026-08-14T00:29:28,775824796-0700	1786692568769817296	ServiceL	ServiceL	579	6400	2200	1640	10240	31523	1176	804812	96356	92385280	24930601	32493568
243	P1	2026-08-14T00:29:28,775824796-0700	1786692568769817296	ServiceH[ServiceK]	ServiceH	3740	13080	26068	4324	43472	100643	103	804812	96356	92385280	24930601	32493568
243	P1	2026-08-14T00:29:28,775824796-0700	1786692568769817296	ServiceB	ServiceB	692	4080	4428	2176	10684	29200	414	804812	96356	92385280	24930601	32493568
243	P1	2026-08-14T00:29:28,775824796-0700	1786692568769817296	ServiceC	ServiceC	676	3968	8580	1540	14088	205580	970	804812	96356	92385280	24930601	32493568
244	P1	2026-08-14T00:29:30,775039129-0700	1786692570770399545	AppProcD	AppProcD	543	29768	38912	6600	75280	408447	582	805908	96356	92385280	24930601	32493568
244	P1	2026-08-14T00:29:30,775039129-0700	1786692570770399545	AppProcC	AppProcC	2671	15008	16164	4428	35600	101647	41	805908	96356	92385280	24930601	32493568
244	P1	2026-08-14T00:29:30,775039129-0700	1786692570770399545	AppProcB	AppProcB	945	10200	12488	5468	28156	120512	1966	805908	96356	92385280	24930601	32493568
244	P1	2026-08-14T00:29:30,775039129-0700	1786692570770399545	ServiceA	ServiceA	3953	3280	4512	2656	10448	398113	167	805908	96356	92385280	24930601	32493568
244	P1	2026-08-14T00:29:30,775039129-0700	1786692570770399545	ServiceD	ServiceD	953	9624	6748	3364	19736	85536	737	805908	96356	92385280	24930601	32493568
244	P1	2026-08-14T00:29:30,775039129-0700	1786692570770399545	ServiceE	ServiceE	545	8772	2120	7800	18692	28356	342	805908	96356	92385280	24930601	32493568
244	P1	2026-08-14T00:29:30,775039129-0700	1786692570770399545	ServiceL	ServiceL	579	6400	2200	1640	10240	31523	1176	805908	96356	92385280	24930601	32493568
244	P1	2026-08-14T00:29:30,775039129-0700	1786692570770399545	ServiceH[ServiceK]	ServiceH	3740	13080	26044	4324	43448	100683	103	805908	96356	92385280	24930601	32493568
244	P1	2026-08-14T00:29:30,775039129-0700	1786692570770399545	ServiceB	ServiceB	692	4080	4428	2176	10684	29200	414	805908	96356	92385280	24930601	32493568
244	P1	2026-08-14T00:29:30,775039129-0700	1786692570770399545	ServiceC	ServiceC	676	3968	8580	1540	14088	205580	970	805908	96356	92385280	24930601	32493568
245	P1	2026-08-14T00:29:32,773258045-0700	1786692572767269712	AppProcD	AppProcD	543	29768	38912	6600	75280	408447	582	807124	96356	92385280	24930601	32493568
245	P1	2026-08-14T00:29:32,773258045-0700	1786692572767269712	AppProcC	AppProcC	2671	15008	16164	4428	35600	101648	41	807124	96356	92385280	24930601	32493568
245	P1	2026-08-14T00:29:32,773258045-0700	1786692572767269712	AppProcB	AppProcB	945	10200	12488	5468	28156	120552	1966	807124	96356	92385280	24930601	32493568
245	P1	2026-08-14T00:29:32,773258045-0700	1786692572767269712	ServiceA	ServiceA	3953	3280	4512	2656	10448	398113	167	807124	96356	92385280	24930601	32493568
245	P1	2026-08-14T00:29:32,773258045-0700	1786692572767269712	ServiceD	ServiceD	953	9624	6748	3364	19736	85576	737	807124	96356	92385280	24930601	32493568
245	P1	2026-08-14T00:29:32,773258045-0700	1786692572767269712	ServiceE	ServiceE	545	8772	2120	7800	18692	28356	342	807124	96356	92385280	24930601	32493568
245	P1	2026-08-14T00:29:32,773258045-0700	1786692572767269712	ServiceL	ServiceL	579	6400	2200	1640	10240	31523	1176	807124	96356	92385280	24930601	32493568
245	P1	2026-08-14T00:29:32,773258045-0700	1786692572767269712	ServiceH[ServiceK]	ServiceH	3740	13080	26044	4324	43448	100683	103	807124	96356	92385280	24930601	32493568
245	P1	2026-08-14T00:29:32,773258045-0700	1786692572767269712	ServiceB	ServiceB	692	4080	4428	2176	10684	29200	414	807124	96356	92385280	24930601	32493568
245	P1	2026-08-14T00:29:32,773258045-0700	1786692572767269712	ServiceC	ServiceC	676	3968	8580	1540	14088	205580	970	807124	96356	92385280	24930601	32493568
246	P1	2026-08-14T00:29:34,784402461-0700	1786692574778133794	AppProcD	AppProcD	543	29768	38912	6600	75280	408449	582	805604	96356	92385280	24930601	32493568
246	P1	2026-08-14T00:29:34,784402461-0700	1786692574778133794	AppProcC	AppProcC	2671	15008	16164	4428	35600	101648	41	805604	96356	92385280	24930601	32493568
246	P1	2026-08-14T00:29:34,784402461-0700	1786692574778133794	AppProcB	AppProcB	945	10200	12488	5468	28156	120552	1966	805604	96356	92385280	24930601	32493568
246	P1	2026-08-14T00:29:34,784402461-0700	1786692574778133794	ServiceA	ServiceA	3953	3280	4512	2656	10448	398113	167	805604	96356	92385280	24930601	32493568
246	P1	2026-08-14T00:29:34,784402461-0700	1786692574778133794	ServiceD	ServiceD	953	9624	6748	3364	19736	85576	737	805604	96356	92385280	24930601	32493568
246	P1	2026-08-14T00:29:34,784402461-0700	1786692574778133794	ServiceE	ServiceE	545	8772	2120	7800	18692	28356	342	805604	96356	92385280	24930601	32493568
246	P1	2026-08-14T00:29:34,784402461-0700	1786692574778133794	ServiceL	ServiceL	579	6400	2200	1640	10240	31553	1176	805604	96356	92385280	24930601	32493568
246	P1	2026-08-14T00:29:34,784402461-0700	1786692574778133794	ServiceH[ServiceK]	ServiceH	3740	13080	26044	4324	43448	100723	103	805604	96356	92385280	24930601	32493568
246	P1	2026-08-14T00:29:34,784402461-0700	1786692574778133794	ServiceB	ServiceB	692	4080	4428	2176	10684	29200	414	805604	96356	92385280	24930601	32493568
246	P1	2026-08-14T00:29:34,784402461-0700	1786692574778133794	ServiceC	ServiceC	676	3968	8580	1540	14088	205580	970	805604	96356	92385280	24930601	32493568
247	P1	2026-08-14T00:29:36,776295961-0700	1786692576770222711	AppProcD	AppProcD	543	29768	38912	6600	75280	408449	582	807420	96356	92385280	24930601	32493568
247	P1	2026-08-14T00:29:36,776295961-0700	1786692576770222711	AppProcC	AppProcC	2671	15008	16164	4428	35600	101649	41	807420	96356	92385280	24930601	32493568
247	P1	2026-08-14T00:29:36,776295961-0700	1786692576770222711	AppProcB	AppProcB	945	10200	12488	5468	28156	120592	1966	807420	96356	92385280	24930601	32493568
247	P1	2026-08-14T00:29:36,776295961-0700	1786692576770222711	ServiceA	ServiceA	3953	3280	4512	2656	10448	398113	167	807420	96356	92385280	24930601	32493568
247	P1	2026-08-14T00:29:36,776295961-0700	1786692576770222711	ServiceD	ServiceD	953	9624	6748	3364	19736	85576	737	807420	96356	92385280	24930601	32493568
247	P1	2026-08-14T00:29:36,776295961-0700	1786692576770222711	ServiceE	ServiceE	545	8772	2120	7800	18692	28356	342	807420	96356	92385280	24930601	32493568
247	P1	2026-08-14T00:29:36,776295961-0700	1786692576770222711	ServiceL	ServiceL	579	6400	2200	1640	10240	31553	1176	807420	96356	92385280	24930601	32493568
247	P1	2026-08-14T00:29:36,776295961-0700	1786692576770222711	ServiceH[ServiceK]	ServiceH	3740	13080	26044	4324	43448	100723	103	807420	96356	92385280	24930601	32493568
247	P1	2026-08-14T00:29:36,776295961-0700	1786692576770222711	ServiceB	ServiceB	692	4080	4428	2176	10684	29200	414	807420	96356	92385280	24930601	32493568
247	P1	2026-08-14T00:29:36,776295961-0700	1786692576770222711	ServiceC	ServiceC	676	3968	8580	1540	14088	205580	970	807420	96356	92385280	24930601	32493568
248	P1	2026-08-14T00:29:38,775666793-0700	1786692578770767960	AppProcD	AppProcD	543	29768	38888	6600	75256	408451	582	808408	96356	92385280	24930601	32493568
248	P1	2026-08-14T00:29:38,775666793-0700	1786692578770767960	AppProcC	AppProcC	2671	15008	16164	4428	35600	101649	41	808408	96356	92385280	24930601	32493568
248	P1	2026-08-14T00:29:38,775666793-0700	1786692578770767960	AppProcB	AppProcB	945	10200	12488	5468	28156	120592	1966	808408	96356	92385280	24930601	32493568
248	P1	2026-08-14T00:29:38,775666793-0700	1786692578770767960	ServiceA	ServiceA	3953	3280	4512	2656	10448	398113	167	808408	96356	92385280	24930601	32493568
248	P1	2026-08-14T00:29:38,775666793-0700	1786692578770767960	ServiceD	ServiceD	953	9624	6748	3364	19736	85616	737	808408	96356	92385280	24930601	32493568
248	P1	2026-08-14T00:29:38,775666793-0700	1786692578770767960	ServiceE	ServiceE	545	8772	2120	7800	18692	28356	342	808408	96356	92385280	24930601	32493568
248	P1	2026-08-14T00:29:38,775666793-0700	1786692578770767960	ServiceL	ServiceL	579	6400	2200	1640	10240	31583	1176	808408	96356	92385280	24930601	32493568
248	P1	2026-08-14T00:29:38,775666793-0700	1786692578770767960	ServiceH[ServiceK]	ServiceH	3740	13080	26044	4324	43448	100723	103	808408	96356	92385280	24930601	32493568
248	P1	2026-08-14T00:29:38,775666793-0700	1786692578770767960	ServiceB	ServiceB	692	4080	4428	2176	10684	29200	414	808408	96356	92385280	24930601	32493568
248	P1	2026-08-14T00:29:38,775666793-0700	1786692578770767960	ServiceC	ServiceC	676	3968	8580	1540	14088	205580	970	808408	96356	92385280	24930601	32493568
249	P1	2026-08-14T00:29:40,776106210-0700	1786692580771675710	AppProcD	AppProcD	543	29768	38888	6600	75256	408451	582	810104	96356	92385280	24930601	32493568
249	P1	2026-08-14T00:29:40,776106210-0700	1786692580771675710	AppProcC	AppProcC	2671	15008	16164	4428	35600	101649	41	810104	96356	92385280	24930601	32493568
249	P1	2026-08-14T00:29:40,776106210-0700	1786692580771675710	AppProcB	AppProcB	945	10200	12488	5468	28156	120592	1966	810104	96356	92385280	24930601	32493568
249	P1	2026-08-14T00:29:40,776106210-0700	1786692580771675710	ServiceA	ServiceA	3953	3280	4512	2656	10448	398113	167	810104	96356	92385280	24930601	32493568
249	P1	2026-08-14T00:29:40,776106210-0700	1786692580771675710	ServiceD	ServiceD	953	9624	6748	3364	19736	85616	737	810104	96356	92385280	24930601	32493568
249	P1	2026-08-14T00:29:40,776106210-0700	1786692580771675710	ServiceE	ServiceE	545	8772	2120	7800	18692	28356	342	810104	96356	92385280	24930601	32493568
249	P1	2026-08-14T00:29:40,776106210-0700	1786692580771675710	ServiceL	ServiceL	579	6400	2200	1640	10240	31583	1176	810104	96356	92385280	24930601	32493568
249	P1	2026-08-14T00:29:40,776106210-0700	1786692580771675710	ServiceH[ServiceK]	ServiceH	3740	13080	26044	4324	43448	100763	103	810104	96356	92385280	24930601	32493568
249	P1	2026-08-14T00:29:40,776106210-0700	1786692580771675710	ServiceB	ServiceB	692	4080	4428	2176	10684	29200	414	810104	96356	92385280	24930601	32493568
249	P1	2026-08-14T00:29:40,776106210-0700	1786692580771675710	ServiceC	ServiceC	676	3968	8580	1540	14088	205580	970	810104	96356	92385280	24930601	32493568
250	P1	2026-08-14T00:29:42,779606292-0700	1786692582770277792	AppProcD	AppProcD	543	29768	38916	6600	75284	408455	582	809948	96356	92385280	24930601	32493568
250	P1	2026-08-14T00:29:42,779606292-0700	1786692582770277792	AppProcC	AppProcC	2671	15008	16164	4428	35600	101650	41	809948	96356	92385280	24930601	32493568
250	P1	2026-08-14T00:29:42,779606292-0700	1786692582770277792	AppProcB	AppProcB	945	10200	12488	5468	28156	120632	1966	809948	96356	92385280	24930601	32493568
250	P1	2026-08-14T00:29:42,779606292-0700	1786692582770277792	ServiceA	ServiceA	3953	3280	4512	2656	10448	398113	167	809948	96356	92385280	24930601	32493568
250	P1	2026-08-14T00:29:42,779606292-0700	1786692582770277792	ServiceD	ServiceD	953	9624	6748	3364	19736	85656	737	809948	96356	92385280	24930601	32493568
250	P1	2026-08-14T00:29:42,779606292-0700	1786692582770277792	ServiceE	ServiceE	545	8772	2120	7800	18692	28356	342	809948	96356	92385280	24930601	32493568
250	P1	2026-08-14T00:29:42,779606292-0700	1786692582770277792	ServiceL	ServiceL	579	6400	2200	1640	10240	31583	1176	809948	96356	92385280	24930601	32493568
250	P1	2026-08-14T00:29:42,779606292-0700	1786692582770277792	ServiceH[ServiceK]	ServiceH	3740	13080	26044	4324	43448	100763	103	809948	96356	92385280	24930601	32493568
250	P1	2026-08-14T00:29:42,779606292-0700	1786692582770277792	ServiceB	ServiceB	692	4080	4428	2176	10684	29200	414	809948	96356	92385280	24930601	32493568
250	P1	2026-08-14T00:29:42,779606292-0700	1786692582770277792	ServiceC	ServiceC	676	3968	8580	1540	14088	205580	970	809948	96356	92385280	24930601	32493568
251	P1	2026-08-14T00:29:44,777639625-0700	1786692584769190625	AppProcD	AppProcD	543	29768	38908	6600	75276	408465	582	813288	96356	92385280	24930601	32493568
251	P1	2026-08-14T00:29:44,777639625-0700	1786692584769190625	AppProcC	AppProcC	2671	15008	16164	4428	35600	101650	41	813288	96356	92385280	24930601	32493568
251	P1	2026-08-14T00:29:44,777639625-0700	1786692584769190625	AppProcB	AppProcB	945	10200	12488	5468	28156	120632	1966	813288	96356	92385280	24930601	32493568
251	P1	2026-08-14T00:29:44,777639625-0700	1786692584769190625	ServiceA	ServiceA	3953	3280	4512	2656	10448	398113	167	813288	96356	92385280	24930601	32493568
251	P1	2026-08-14T00:29:44,777639625-0700	1786692584769190625	ServiceD	ServiceD	953	9624	6748	3364	19736	85656	737	813288	96356	92385280	24930601	32493568
251	P1	2026-08-14T00:29:44,777639625-0700	1786692584769190625	ServiceE	ServiceE	545	8772	2120	7800	18692	28356	342	813288	96356	92385280	24930601	32493568
251	P1	2026-08-14T00:29:44,777639625-0700	1786692584769190625	ServiceL	ServiceL	579	6400	2200	1640	10240	31613	1176	813288	96356	92385280	24930601	32493568
251	P1	2026-08-14T00:29:44,777639625-0700	1786692584769190625	ServiceH[ServiceK]	ServiceH	3740	13080	26044	4324	43448	100803	103	813288	96356	92385280	24930601	32493568
251	P1	2026-08-14T00:29:44,777639625-0700	1786692584769190625	ServiceB	ServiceB	692	4080	4428	2176	10684	29200	414	813288	96356	92385280	24930601	32493568
251	P1	2026-08-14T00:29:44,777639625-0700	1786692584769190625	ServiceC	ServiceC	676	3968	8580	1540	14088	205580	970	813288	96356	92385280	24930601	32493568
252	P1	2026-08-14T00:29:46,779247375-0700	1786692586769419958	AppProcD	AppProcD	543	29768	38908	6600	75276	408467	582	811896	96356	92385280	24930601	32493568
252	P1	2026-08-14T00:29:46,779247375-0700	1786692586769419958	AppProcC	AppProcC	2671	15008	16164	4428	35600	101651	41	811896	96356	92385280	24930601	32493568
252	P1	2026-08-14T00:29:46,779247375-0700	1786692586769419958	AppProcB	AppProcB	945	10200	12488	5468	28156	120672	1966	811896	96356	92385280	24930601	32493568
252	P1	2026-08-14T00:29:46,779247375-0700	1786692586769419958	ServiceA	ServiceA	3953	3280	4512	2656	10448	398113	167	811896	96356	92385280	24930601	32493568
252	P1	2026-08-14T00:29:46,779247375-0700	1786692586769419958	ServiceD	ServiceD	953	9624	6748	3364	19736	85656	737	811896	96356	92385280	24930601	32493568
252	P1	2026-08-14T00:29:46,779247375-0700	1786692586769419958	ServiceE	ServiceE	545	8772	2120	7800	18692	28356	342	811896	96356	92385280	24930601	32493568
252	P1	2026-08-14T00:29:46,779247375-0700	1786692586769419958	ServiceL	ServiceL	579	6400	2200	1640	10240	31613	1176	811896	96356	92385280	24930601	32493568
252	P1	2026-08-14T00:29:46,779247375-0700	1786692586769419958	ServiceH[ServiceK]	ServiceH	3740	13080	26044	4324	43448	100803	103	811896	96356	92385280	24930601	32493568
252	P1	2026-08-14T00:29:46,779247375-0700	1786692586769419958	ServiceB	ServiceB	692	4080	4428	2176	10684	29200	414	811896	96356	92385280	24930601	32493568
252	P1	2026-08-14T00:29:46,779247375-0700	1786692586769419958	ServiceC	ServiceC	676	3968	8580	1540	14088	205580	970	811896	96356	92385280	24930601	32493568
253	P1	2026-08-14T00:29:48,776211958-0700	1786692588768373624	AppProcD	AppProcD	543	29768	38908	6600	75276	408469	582	811064	96356	92385280	24930601	32493568
253	P1	2026-08-14T00:29:48,776211958-0700	1786692588768373624	AppProcC	AppProcC	2671	15008	16164	4428	35600	101651	41	811064	96356	92385280	24930601	32493568
253	P1	2026-08-14T00:29:48,776211958-0700	1786692588768373624	AppProcB	AppProcB	945	10200	12488	5468	28156	120672	1966	811064	96356	92385280	24930601	32493568
253	P1	2026-08-14T00:29:48,776211958-0700	1786692588768373624	ServiceA	ServiceA	3953	3280	4512	2656	10448	398113	167	811064	96356	92385280	24930601	32493568
253	P1	2026-08-14T00:29:48,776211958-0700	1786692588768373624	ServiceD	ServiceD	953	9624	6748	3364	19736	85696	737	811064	96356	92385280	24930601	32493568
253	P1	2026-08-14T00:29:48,776211958-0700	1786692588768373624	ServiceE	ServiceE	545	8772	2120	7800	18692	28356	342	811064	96356	92385280	24930601	32493568
253	P1	2026-08-14T00:29:48,776211958-0700	1786692588768373624	ServiceL	ServiceL	579	6400	2200	1640	10240	31643	1176	811064	96356	92385280	24930601	32493568
253	P1	2026-08-14T00:29:48,776211958-0700	1786692588768373624	ServiceH[ServiceK]	ServiceH	3740	13080	26044	4324	43448	100803	103	811064	96356	92385280	24930601	32493568
253	P1	2026-08-14T00:29:48,776211958-0700	1786692588768373624	ServiceB	ServiceB	692	4080	4428	2176	10684	29200	414	811064	96356	92385280	24930601	32493568
253	P1	2026-08-14T00:29:48,776211958-0700	1786692588768373624	ServiceC	ServiceC	676	3968	8580	1540	14088	205580	970	811064	96356	92385280	24930601	32493568
254	P1	2026-08-14T00:29:50,777978541-0700	1786692590771574124	AppProcD	AppProcD	543	29768	38908	6600	75276	408469	582	811916	96356	92385280	24930601	32493568
254	P1	2026-08-14T00:29:50,777978541-0700	1786692590771574124	AppProcC	AppProcC	2671	15008	16164	4428	35600	101651	41	811916	96356	92385280	24930601	32493568
254	P1	2026-08-14T00:29:50,777978541-0700	1786692590771574124	AppProcB	AppProcB	945	10200	12488	5468	28156	120672	1966	811916	96356	92385280	24930601	32493568
254	P1	2026-08-14T00:29:50,777978541-0700	1786692590771574124	ServiceA	ServiceA	3953	3280	4512	2656	10448	398113	167	811916	96356	92385280	24930601	32493568
254	P1	2026-08-14T00:29:50,777978541-0700	1786692590771574124	ServiceD	ServiceD	953	9624	6748	3364	19736	85696	737	811916	96356	92385280	24930601	32493568
254	P1	2026-08-14T00:29:50,777978541-0700	1786692590771574124	ServiceE	ServiceE	545	8772	2120	7800	18692	28356	342	811916	96356	92385280	24930601	32493568
254	P1	2026-08-14T00:29:50,777978541-0700	1786692590771574124	ServiceL	ServiceL	579	6400	2200	1640	10240	31643	1176	811916	96356	92385280	24930601	32493568
254	P1	2026-08-14T00:29:50,777978541-0700	1786692590771574124	ServiceH[ServiceK]	ServiceH	3740	13080	26044	4324	43448	100843	103	811916	96356	92385280	24930601	32493568
254	P1	2026-08-14T00:29:50,777978541-0700	1786692590771574124	ServiceB	ServiceB	692	4080	4428	2176	10684	29200	414	811916	96356	92385280	24930601	32493568
254	P1	2026-08-14T00:29:50,777978541-0700	1786692590771574124	ServiceC	ServiceC	676	3968	8580	1540	14088	205580	970	811916	96356	92385280	24930601	32493568
255	R6	2026-08-14T00:29:52,774852790-0700	1786692592769691707	AppProcD	AppProcD	543	29768	38900	6600	75268	408476	582	810396	96356	92385280	24930601	32493568
255	R6	2026-08-14T00:29:52,774852790-0700	1786692592769691707	AppProcC	AppProcC	2671	15008	16164	4428	35600	101652	41	810396	96356	92385280	24930601	32493568
255	R6	2026-08-14T00:29:52,774852790-0700	1786692592769691707	AppProcB	AppProcB	945	10200	12488	5468	28156	120712	1966	810396	96356	92385280	24930601	32493568
255	R6	2026-08-14T00:29:52,774852790-0700	1786692592769691707	ServiceA	ServiceA	3953	3648	4944	2656	11248	398113	167	810396	96356	92385280	24930601	32493568
255	R6	2026-08-14T00:29:52,774852790-0700	1786692592769691707	ServiceD	ServiceD	953	9624	6748	3364	19736	85740	737	810396	96356	92385280	24930601	32493568
255	R6	2026-08-14T00:29:52,774852790-0700	1786692592769691707	ServiceE	ServiceE	545	8772	2120	7800	18692	28356	342	810396	96356	92385280	24930601	32493568
255	R6	2026-08-14T00:29:52,774852790-0700	1786692592769691707	ServiceL	ServiceL	579	6400	2204	1640	10244	31682	1176	810396	96356	92385280	24930601	32493568
255	R6	2026-08-14T00:29:52,774852790-0700	1786692592769691707	ServiceH[ServiceK]	ServiceH	3740	13600	24980	4324	42904	101058	103	810396	96356	92385280	24930601	32493568
255	R6	2026-08-14T00:29:52,774852790-0700	1786692592769691707	ServiceB	ServiceB	692	4108	4388	2176	10672	29232	414	810396	96356	92385280	24930601	32493568
255	R6	2026-08-14T00:29:52,774852790-0700	1786692592769691707	ServiceC	ServiceC	676	3972	8624	1540	14136	206507	970	810396	96356	92385280	24930601	32493568
256	R6	2026-08-14T00:29:56,679171789-0700	1786692596655458206	AppProcD	AppProcD	543	29788	38896	6380	75064	408649	582	786112	96356	92385280	24930601	32493568
256	R6	2026-08-14T00:29:56,679171789-0700	1786692596655458206	AppProcC	AppProcC	2671	15012	16164	4428	35604	101653	41	786112	96356	92385280	24930601	32493568
256	R6	2026-08-14T00:29:56,679171789-0700	1786692596655458206	AppProcB	AppProcB	945	10200	12488	5468	28156	120752	1966	786112	96356	92385280	24930601	32493568
256	R6	2026-08-14T00:29:56,679171789-0700	1786692596655458206	ServiceA	ServiceA	3953	9276	10888	2684	22848	407802	167	786112	96356	92385280	24930601	32493568
256	R6	2026-08-14T00:29:56,679171789-0700	1786692596655458206	ServiceD	ServiceD	953	9640	6748	3364	19752	86058	741	786112	96356	92385280	24930601	32493568
256	R6	2026-08-14T00:29:56,679171789-0700	1786692596655458206	ServiceE	ServiceE	545	8772	2120	7800	18692	28356	342	786112	96356	92385280	24930601	32493568
256	R6	2026-08-14T00:29:56,679171789-0700	1786692596655458206	ServiceL	ServiceL	579	6428	2200	1640	10268	32563	1176	786112	96356	92385280	24930601	32493568
256	R6	2026-08-14T00:29:56,679171789-0700	1786692596655458206	ServiceH[ServiceK]	ServiceH	3740	13600	25256	4324	43180	102618	103	786112	96356	92385280	24930601	32493568
256	R6	2026-08-14T00:29:56,679171789-0700	1786692596655458206	ServiceB	ServiceB	692	4172	4388	2176	10736	29628	414	786112	96356	92385280	24930601	32493568
256	R6	2026-08-14T00:29:56,679171789-0700	1786692596655458206	ServiceC	ServiceC	676	3972	8588	1540	14100	212778	970	786112	96356	92385280	24930601	32493568
257	R6	2026-08-14T00:30:04,255767537-0700	1786692604232994621	AppProcD	AppProcD	543	29832	38904	6600	75336	414099	582	783876	96356	92385280	24930601	32493568
257	R6	2026-08-14T00:30:04,255767537-0700	1786692604232994621	AppProcC	AppProcC	2671	15008	16164	4428	35600	101654	41	783876	96356	92385280	24930601	32493568
257	R6	2026-08-14T00:30:04,255767537-0700	1786692604232994621	AppProcB	AppProcB	945	10200	12488	5468	28156	120799	1966	783876	96356	92385280	24930601	32493568
257	R6	2026-08-14T00:30:04,255767537-0700	1786692604232994621	ServiceA	ServiceA	3953	3336	4556	2656	10548	409520	167	783876	96356	92385280	24930601	32493568
257	R6	2026-08-14T00:30:04,255767537-0700	1786692604232994621	ServiceD	ServiceD	953	9644	6748	3364	19756	86328	742	783876	96356	92385280	24930601	32493568
257	R6	2026-08-14T00:30:04,255767537-0700	1786692604232994621	ServiceE	ServiceE	545	8772	2120	7800	18692	28356	342	783876	96356	92385280	24930601	32493568
257	R6	2026-08-14T00:30:04,255767537-0700	1786692604232994621	ServiceL	ServiceL	579	6408	2200	1640	10248	32635	1176	783876	96356	92385280	24930601	32493568
257	R6	2026-08-14T00:30:04,255767537-0700	1786692604232994621	ServiceH[ServiceK]	ServiceH	3740	13600	25284	4324	43208	102728	103	783876	96356	92385280	24930601	32493568
257	R6	2026-08-14T00:30:04,255767537-0700	1786692604232994621	ServiceB	ServiceB	692	3928	4456	2176	10560	29770	414	783876	96356	92385280	24930601	32493568
257	R6	2026-08-14T00:30:04,255767537-0700	1786692604232994621	ServiceC	ServiceC	676	3976	8588	1540	14104	216605	970	783876	96356	92385280	24930601	32493568
258	R6	2026-08-14T00:30:07,777599620-0700	1786692607763601203	AppProcD	AppProcD	543	29832	38904	6600	75336	414099	582	786936	96356	92385280	24930601	32493568
258	R6	2026-08-14T00:30:07,777599620-0700	1786692607763601203	AppProcC	AppProcC	2671	15008	16164	4428	35600	101655	41	786936	96356	92385280	24930601	32493568
258	R6	2026-08-14T00:30:07,777599620-0700	1786692607763601203	AppProcB	AppProcB	945	10200	12488	5468	28156	120839	1966	786936	96356	92385280	24930601	32493568
258	R6	2026-08-14T00:30:07,777599620-0700	1786692607763601203	ServiceA	ServiceA	3953	3320	4556	2656	10532	409520	167	786936	96356	92385280	24930601	32493568
258	R6	2026-08-14T00:30:07,777599620-0700	1786692607763601203	ServiceD	ServiceD	953	9644	6748	3364	19756	86608	742	786936	96356	92385280	24930601	32493568
258	R6	2026-08-14T00:30:07,777599620-0700	1786692607763601203	ServiceE	ServiceE	545	8772	2120	7800	18692	28356	342	786936	96356	92385280	24930601	32493568
258	R6	2026-08-14T00:30:07,777599620-0700	1786692607763601203	ServiceL	ServiceL	579	6408	2200	1640	10248	32635	1176	786936	96356	92385280	24930601	32493568
258	R6	2026-08-14T00:30:07,777599620-0700	1786692607763601203	ServiceH[ServiceK]	ServiceH	3740	13600	25284	4324	43208	102728	103	786936	96356	92385280	24930601	32493568
258	R6	2026-08-14T00:30:07,777599620-0700	1786692607763601203	ServiceB	ServiceB	692	3948	4488	2176	10612	29953	414	786936	96356	92385280	24930601	32493568
258	R6	2026-08-14T00:30:07,777599620-0700	1786692607763601203	ServiceC	ServiceC	676	3976	8588	1540	14104	220292	970	786936	96356	92385280	24930601	32493568
259	R6	2026-08-14T00:30:11,267397952-0700	1786692611255716786	AppProcD	AppProcD	543	29808	38924	6600	75332	414109	582	793388	96356	92385280	24930601	32493568
259	R6	2026-08-14T00:30:11,267397952-0700	1786692611255716786	AppProcC	AppProcC	2671	15008	16164	4428	35600	101656	41	793388	96356	92385280	24930601	32493568
259	R6	2026-08-14T00:30:11,267397952-0700	1786692611255716786	AppProcB	AppProcB	945	10200	12488	5468	28156	120879	1966	793388	96356	92385280	24930601	32493568
259	R6	2026-08-14T00:30:11,267397952-0700	1786692611255716786	ServiceA	ServiceA	3953	3320	4556	2656	10532	409520	167	793388	96356	92385280	24930601	32493568
259	R6	2026-08-14T00:30:11,267397952-0700	1786692611255716786	ServiceD	ServiceD	953	9644	6748	3364	19756	86608	742	793388	96356	92385280	24930601	32493568
259	R6	2026-08-14T00:30:11,267397952-0700	1786692611255716786	ServiceE	ServiceE	545	8772	2120	7800	18692	28356	342	793388	96356	92385280	24930601	32493568
259	R6	2026-08-14T00:30:11,267397952-0700	1786692611255716786	ServiceL	ServiceL	579	6408	2200	1640	10248	32665	1176	793388	96356	92385280	24930601	32493568
259	R6	2026-08-14T00:30:11,267397952-0700	1786692611255716786	ServiceH[ServiceK]	ServiceH	3740	13132	25628	4324	43084	102781	103	793388	96356	92385280	24930601	32493568
259	R6	2026-08-14T00:30:11,267397952-0700	1786692611255716786	ServiceB	ServiceB	692	3948	4480	2176	10604	29964	414	793388	96356	92385280	24930601	32493568
259	R6	2026-08-14T00:30:11,267397952-0700	1786692611255716786	ServiceC	ServiceC	676	3976	8588	1540	14104	223369	970	793388	96356	92385280	24930601	32493568
260	R6	2026-08-14T00:30:13,933801952-0700	1786692613927357118	AppProcD	AppProcD	543	29780	38924	6600	75304	414111	582	796228	96356	92385280	24930095	32493568
260	R6	2026-08-14T00:30:13,933801952-0700	1786692613927357118	AppProcC	AppProcC	2671	15008	16164	4428	35600	101656	41	796228	96356	92385280	24930095	32493568
260	R6	2026-08-14T00:30:13,933801952-0700	1786692613927357118	AppProcB	AppProcB	945	10200	12488	5468	28156	120879	1966	796228	96356	92385280	24930095	32493568
260	R6	2026-08-14T00:30:13,933801952-0700	1786692613927357118	ServiceA	ServiceA	3953	3320	4556	2656	10532	409520	167	796228	96356	92385280	24930095	32493568
260	R6	2026-08-14T00:30:13,933801952-0700	1786692613927357118	ServiceD	ServiceD	953	9644	6748	3364	19756	86648	742	796228	96356	92385280	24930095	32493568
260	R6	2026-08-14T00:30:13,933801952-0700	1786692613927357118	ServiceE	ServiceE	545	8772	2120	7800	18692	28356	342	796228	96356	92385280	24930095	32493568
260	R6	2026-08-14T00:30:13,933801952-0700	1786692613927357118	ServiceL	ServiceL	579	6408	2200	1640	10248	32695	1176	796228	96356	92385280	24930095	32493568
260	R6	2026-08-14T00:30:13,933801952-0700	1786692613927357118	ServiceH[ServiceK]	ServiceH	3740	13160	25624	4324	43108	105200	103	796228	96356	92385280	24930095	32493568
260	R6	2026-08-14T00:30:13,933801952-0700	1786692613927357118	ServiceB	ServiceB	692	3948	4480	2176	10604	29964	414	796228	96356	92385280	24930095	32493568
260	R6	2026-08-14T00:30:13,933801952-0700	1786692613927357118	ServiceC	ServiceC	676	3976	8588	1540	14104	223369	970	796228	96356	92385280	24930095	32493568
261	R6	2026-08-14T00:30:15,440969285-0700	1786692615433311201	AppProcD	AppProcD	543	29780	38924	6600	75304	414111	582	795868	96356	92385280	24921616	32493568
261	R6	2026-08-14T00:30:15,440969285-0700	1786692615433311201	AppProcC	AppProcC	2671	15008	16164	4428	35600	101656	41	795868	96356	92385280	24921616	32493568
261	R6	2026-08-14T00:30:15,440969285-0700	1786692615433311201	AppProcB	AppProcB	945	10200	12488	5468	28156	120879	1966	795868	96356	92385280	24921616	32493568
261	R6	2026-08-14T00:30:15,440969285-0700	1786692615433311201	ServiceA	ServiceA	3953	3320	4556	2656	10532	409520	167	795868	96356	92385280	24921616	32493568
261	R6	2026-08-14T00:30:15,440969285-0700	1786692615433311201	ServiceD	ServiceD	953	9644	6748	3364	19756	86648	742	795868	96356	92385280	24921616	32493568
261	R6	2026-08-14T00:30:15,440969285-0700	1786692615433311201	ServiceE	ServiceE	545	8772	2120	7800	18692	28356	342	795868	96356	92385280	24921616	32493568
261	R6	2026-08-14T00:30:15,440969285-0700	1786692615433311201	ServiceL	ServiceL	579	6408	2200	1640	10248	32695	1176	795868	96356	92385280	24921616	32493568
261	R6	2026-08-14T00:30:15,440969285-0700	1786692615433311201	ServiceH[ServiceK]	ServiceH	3740	13160	25624	4324	43108	105244	103	795868	96356	92385280	24921616	32493568
261	R6	2026-08-14T00:30:15,440969285-0700	1786692615433311201	ServiceB	ServiceB	692	3948	4480	2176	10604	29964	414	795868	96356	92385280	24921616	32493568
261	R6	2026-08-14T00:30:15,440969285-0700	1786692615433311201	ServiceC	ServiceC	676	3976	8588	1540	14104	223369	970	795868	96356	92385280	24921616	32493568
262	R6	2026-08-14T00:30:16,940348118-0700	1786692616934997118	AppProcD	AppProcD	543	29780	38924	6600	75304	414111	582	796232	96356	92385280	24921616	32493568
262	R6	2026-08-14T00:30:16,940348118-0700	1786692616934997118	AppProcC	AppProcC	2671	15008	16164	4428	35600	101657	41	796232	96356	92385280	24921616	32493568
262	R6	2026-08-14T00:30:16,940348118-0700	1786692616934997118	AppProcB	AppProcB	945	10200	12488	5468	28156	120919	1966	796232	96356	92385280	24921616	32493568
262	R6	2026-08-14T00:30:16,940348118-0700	1786692616934997118	ServiceA	ServiceA	3953	3320	4556	2656	10532	409520	167	796232	96356	92385280	24921616	32493568
262	R6	2026-08-14T00:30:16,940348118-0700	1786692616934997118	ServiceD	ServiceD	953	9644	6748	3364	19756	86648	742	796232	96356	92385280	24921616	32493568
262	R6	2026-08-14T00:30:16,940348118-0700	1786692616934997118	ServiceE	ServiceE	545	8772	2120	7800	18692	28356	342	796232	96356	92385280	24921616	32493568
262	R6	2026-08-14T00:30:16,940348118-0700	1786692616934997118	ServiceL	ServiceL	579	6408	2200	1640	10248	32695	1176	796232	96356	92385280	24921616	32493568
262	R6	2026-08-14T00:30:16,940348118-0700	1786692616934997118	ServiceH[ServiceK]	ServiceH	3740	13160	25612	4324	43096	105244	103	796232	96356	92385280	24921616	32493568
262	R6	2026-08-14T00:30:16,940348118-0700	1786692616934997118	ServiceB	ServiceB	692	3948	4480	2176	10604	29965	414	796232	96356	92385280	24921616	32493568
262	R6	2026-08-14T00:30:16,940348118-0700	1786692616934997118	ServiceC	ServiceC	676	3976	8584	1540	14100	223369	970	796232	96356	92385280	24921616	32493568
263	R6	2026-08-14T00:30:19,527665200-0700	1786692619516618700	AppProcD	AppProcD	543	29776	38928	6600	75304	414808	582	771920	96356	92385280	24921616	32493568
263	R6	2026-08-14T00:30:19,527665200-0700	1786692619516618700	AppProcC	AppProcC	2671	15008	16164	4428	35600	101657	41	771920	96356	92385280	24921616	32493568
263	R6	2026-08-14T00:30:19,527665200-0700	1786692619516618700	AppProcB	AppProcB	945	10200	12488	5468	28156	120919	1966	771920	96356	92385280	24921616	32493568
263	R6	2026-08-14T00:30:19,527665200-0700	1786692619516618700	ServiceA	ServiceA	3953	3272	4516	2656	10444	409520	167	771920	96356	92385280	24921616	32493568
263	R6	2026-08-14T00:30:19,527665200-0700	1786692619516618700	ServiceD	ServiceD	953	9648	6748	3364	19760	86715	743	771920	96356	92385280	24921616	32493568
263	R6	2026-08-14T00:30:19,527665200-0700	1786692619516618700	ServiceE	ServiceE	545	8772	2120	7800	18692	28356	342	771920	96356	92385280	24921616	32493568
263	R6	2026-08-14T00:30:19,527665200-0700	1786692619516618700	ServiceL	ServiceL	579	6408	2200	1640	10248	32725	1176	771920	96356	92385280	24921616	32493568
263	R6	2026-08-14T00:30:19,527665200-0700	1786692619516618700	ServiceH[ServiceK]	ServiceH	3740	13160	25612	4324	43096	105287	103	771920	96356	92385280	24921616	32493568
263	R6	2026-08-14T00:30:19,527665200-0700	1786692619516618700	ServiceB	ServiceB	692	3944	4484	2176	10604	30000	414	771920	96356	92385280	24921616	32493568
263	R6	2026-08-14T00:30:19,527665200-0700	1786692619516618700	ServiceC	ServiceC	676	3976	8584	1540	14100	223682	970	771920	96356	92385280	24921616	32493568
264	R6	2026-08-14T00:30:21,001526867-0700	1786692620995310783	AppProcD	AppProcD	543	29796	38928	6600	75324	414815	582	775116	96356	92385280	24921616	32493568
264	R6	2026-08-14T00:30:21,001526867-0700	1786692620995310783	AppProcC	AppProcC	2671	15008	16164	4428	35600	101657	41	775116	96356	92385280	24921616	32493568
264	R6	2026-08-14T00:30:21,001526867-0700	1786692620995310783	AppProcB	AppProcB	945	10200	12488	5468	28156	120919	1966	775116	96356	92385280	24921616	32493568
264	R6	2026-08-14T00:30:21,001526867-0700	1786692620995310783	ServiceA	ServiceA	3953	3272	4516	2656	10444	409520	167	775116	96356	92385280	24921616	32493568
264	R6	2026-08-14T00:30:21,001526867-0700	1786692620995310783	ServiceD	ServiceD	953	9648	6748	3364	19760	86715	743	775116	96356	92385280	24921616	32493568
264	R6	2026-08-14T00:30:21,001526867-0700	1786692620995310783	ServiceE	ServiceE	545	8772	2120	7800	18692	28356	342	775116	96356	92385280	24921616	32493568
264	R6	2026-08-14T00:30:21,001526867-0700	1786692620995310783	ServiceL	ServiceL	579	6408	2200	1640	10248	32725	1176	775116	96356	92385280	24921616	32493568
264	R6	2026-08-14T00:30:21,001526867-0700	1786692620995310783	ServiceH[ServiceK]	ServiceH	3740	13160	25612	4324	43096	105287	103	775116	96356	92385280	24921616	32493568
264	R6	2026-08-14T00:30:21,001526867-0700	1786692620995310783	ServiceB	ServiceB	692	3944	4484	2176	10604	30000	414	775116	96356	92385280	24921616	32493568
264	R6	2026-08-14T00:30:21,001526867-0700	1786692620995310783	ServiceC	ServiceC	676	3976	8584	1540	14100	223682	970	775116	96356	92385280	24921616	32493568
265	R6	2026-08-14T00:30:22,843714200-0700	1786692622835606533	AppProcD	AppProcD	543	29792	38928	6600	75320	414935	582	797628	96356	92385280	24921616	32493568
265	R6	2026-08-14T00:30:22,843714200-0700	1786692622835606533	AppProcC	AppProcC	2671	15008	16164	4428	35600	101658	41	797628	96356	92385280	24921616	32493568
265	R6	2026-08-14T00:30:22,843714200-0700	1786692622835606533	AppProcB	AppProcB	945	10200	12488	5468	28156	120960	1966	797628	96356	92385280	24921616	32493568
265	R6	2026-08-14T00:30:22,843714200-0700	1786692622835606533	ServiceA	ServiceA	3953	3272	4516	2656	10444	409520	167	797628	96356	92385280	24921616	32493568
265	R6	2026-08-14T00:30:22,843714200-0700	1786692622835606533	ServiceD	ServiceD	953	9648	6748	3364	19760	86784	743	797628	96356	92385280	24921616	32493568
265	R6	2026-08-14T00:30:22,843714200-0700	1786692622835606533	ServiceE	ServiceE	545	8772	2120	7800	18692	28356	342	797628	96356	92385280	24921616	32493568
265	R6	2026-08-14T00:30:22,843714200-0700	1786692622835606533	ServiceL	ServiceL	579	6408	2200	1640	10248	32726	1176	797628	96356	92385280	24921616	32493568
265	R6	2026-08-14T00:30:22,843714200-0700	1786692622835606533	ServiceH[ServiceK]	ServiceH	3740	13160	25588	4324	43072	105288	103	797628	96356	92385280	24921616	32493568
265	R6	2026-08-14T00:30:22,843714200-0700	1786692622835606533	ServiceB	ServiceB	692	3944	4480	2176	10600	30000	414	797628	96356	92385280	24921616	32493568
265	R6	2026-08-14T00:30:22,843714200-0700	1786692622835606533	ServiceC	ServiceC	676	3976	8584	1540	14100	223726	970	797628	96356	92385280	24921616	32493568
266	R6	2026-08-14T00:30:24,574678866-0700	1786692624569636616	AppProcD	AppProcD	543	29792	38928	6600	75320	414936	582	790868	96356	92385280	24921616	32493568
266	R6	2026-08-14T00:30:24,574678866-0700	1786692624569636616	AppProcC	AppProcC	2671	15008	16164	4428	35600	101658	41	790868	96356	92385280	24921616	32493568
266	R6	2026-08-14T00:30:24,574678866-0700	1786692624569636616	AppProcB	AppProcB	945	10200	12488	5468	28156	120960	1966	790868	96356	92385280	24921616	32493568
266	R6	2026-08-14T00:30:24,574678866-0700	1786692624569636616	ServiceA	ServiceA	3953	3272	4516	2656	10444	409520	167	790868	96356	92385280	24921616	32493568
266	R6	2026-08-14T00:30:24,574678866-0700	1786692624569636616	ServiceD	ServiceD	953	9648	6748	3364	19760	86784	743	790868	96356	92385280	24921616	32493568
266	R6	2026-08-14T00:30:24,574678866-0700	1786692624569636616	ServiceE	ServiceE	545	8772	2120	7800	18692	28356	342	790868	96356	92385280	24921616	32493568
266	R6	2026-08-14T00:30:24,574678866-0700	1786692624569636616	ServiceL	ServiceL	579	6408	2200	1640	10248	32756	1176	790868	96356	92385280	24921616	32493568
266	R6	2026-08-14T00:30:24,574678866-0700	1786692624569636616	ServiceH[ServiceK]	ServiceH	3740	13160	25588	4324	43072	105331	103	790868	96356	92385280	24921616	32493568
266	R6	2026-08-14T00:30:24,574678866-0700	1786692624569636616	ServiceB	ServiceB	692	3944	4480	2176	10600	30000	414	790868	96356	92385280	24921616	32493568
266	R6	2026-08-14T00:30:24,574678866-0700	1786692624569636616	ServiceC	ServiceC	676	3976	8584	1540	14100	223726	970	790868	96356	92385280	24921616	32493568
267	R6	2026-08-14T00:30:26,472791282-0700	1786692626466580865	AppProcD	AppProcD	543	29792	38928	6600	75320	414936	582	790264	96356	92385280	24921616	32493568
267	R6	2026-08-14T00:30:26,472791282-0700	1786692626466580865	AppProcC	AppProcC	2671	15008	16164	4428	35600	101659	41	790264	96356	92385280	24921616	32493568
267	R6	2026-08-14T00:30:26,472791282-0700	1786692626466580865	AppProcB	AppProcB	945	10200	12488	5468	28156	121000	1966	790264	96356	92385280	24921616	32493568
267	R6	2026-08-14T00:30:26,472791282-0700	1786692626466580865	ServiceA	ServiceA	3953	3272	4516	2656	10444	409520	167	790264	96356	92385280	24921616	32493568
267	R6	2026-08-14T00:30:26,472791282-0700	1786692626466580865	ServiceD	ServiceD	953	9648	6748	3364	19760	86784	743	790264	96356	92385280	24921616	32493568
267	R6	2026-08-14T00:30:26,472791282-0700	1786692626466580865	ServiceE	ServiceE	545	8772	2120	7800	18692	28356	342	790264	96356	92385280	24921616	32493568
267	R6	2026-08-14T00:30:26,472791282-0700	1786692626466580865	ServiceL	ServiceL	579	6408	2200	1640	10248	32756	1176	790264	96356	92385280	24921616	32493568
267	R6	2026-08-14T00:30:26,472791282-0700	1786692626466580865	ServiceH[ServiceK]	ServiceH	3740	13160	25588	4324	43072	105331	103	790264	96356	92385280	24921616	32493568
267	R6	2026-08-14T00:30:26,472791282-0700	1786692626466580865	ServiceB	ServiceB	692	3944	4480	2176	10600	30000	414	790264	96356	92385280	24921616	32493568
267	R6	2026-08-14T00:30:26,472791282-0700	1786692626466580865	ServiceC	ServiceC	676	3976	8584	1540	14100	223726	970	790264	96356	92385280	24921616	32493568
268	R6	2026-08-14T00:30:27,892560615-0700	1786692627887962948	AppProcD	AppProcD	543	29792	38928	6600	75320	414936	582	791204	96356	92385280	24921616	32493568
268	R6	2026-08-14T00:30:27,892560615-0700	1786692627887962948	AppProcC	AppProcC	2671	15008	16164	4428	35600	101659	41	791204	96356	92385280	24921616	32493568
268	R6	2026-08-14T00:30:27,892560615-0700	1786692627887962948	AppProcB	AppProcB	945	10200	12488	5468	28156	121000	1966	791204	96356	92385280	24921616	32493568
268	R6	2026-08-14T00:30:27,892560615-0700	1786692627887962948	ServiceA	ServiceA	3953	3272	4516	2656	10444	409520	167	791204	96356	92385280	24921616	32493568
268	R6	2026-08-14T00:30:27,892560615-0700	1786692627887962948	ServiceD	ServiceD	953	9648	6748	3364	19760	86824	743	791204	96356	92385280	24921616	32493568
268	R6	2026-08-14T00:30:27,892560615-0700	1786692627887962948	ServiceE	ServiceE	545	8772	2120	7800	18692	28356	342	791204	96356	92385280	24921616	32493568
268	R6	2026-08-14T00:30:27,892560615-0700	1786692627887962948	ServiceL	ServiceL	579	6408	2200	1640	10248	32756	1176	791204	96356	92385280	24921616	32493568
268	R6	2026-08-14T00:30:27,892560615-0700	1786692627887962948	ServiceH[ServiceK]	ServiceH	3740	13160	25588	4324	43072	105331	103	791204	96356	92385280	24921616	32493568
268	R6	2026-08-14T00:30:27,892560615-0700	1786692627887962948	ServiceB	ServiceB	692	3944	4480	2176	10600	30000	414	791204	96356	92385280	24921616	32493568
268	R6	2026-08-14T00:30:27,892560615-0700	1786692627887962948	ServiceC	ServiceC	676	3976	8584	1540	14100	223726	970	791204	96356	92385280	24921616	32493568
269	R6	2026-08-14T00:30:29,183238781-0700	1786692629176846531	AppProcD	AppProcD	543	29792	38928	6600	75320	414938	582	794300	96356	92385280	24921616	32493568
269	R6	2026-08-14T00:30:29,183238781-0700	1786692629176846531	AppProcC	AppProcC	2671	15008	16164	4428	35600	101659	41	794300	96356	92385280	24921616	32493568
269	R6	2026-08-14T00:30:29,183238781-0700	1786692629176846531	AppProcB	AppProcB	945	10200	12488	5468	28156	121000	1966	794300	96356	92385280	24921616	32493568
269	R6	2026-08-14T00:30:29,183238781-0700	1786692629176846531	ServiceA	ServiceA	3953	3272	4500	2656	10428	409520	167	794300	96356	92385280	24921616	32493568
269	R6	2026-08-14T00:30:29,183238781-0700	1786692629176846531	ServiceD	ServiceD	953	9648	6748	3364	19760	86824	743	794300	96356	92385280	24921616	32493568
269	R6	2026-08-14T00:30:29,183238781-0700	1786692629176846531	ServiceE	ServiceE	545	8772	2120	7800	18692	28356	342	794300	96356	92385280	24921616	32493568
269	R6	2026-08-14T00:30:29,183238781-0700	1786692629176846531	ServiceL	ServiceL	579	6408	2200	1640	10248	32786	1176	794300	96356	92385280	24921616	32493568
269	R6	2026-08-14T00:30:29,183238781-0700	1786692629176846531	ServiceH[ServiceK]	ServiceH	3740	13160	25588	4324	43072	105331	103	794300	96356	92385280	24921616	32493568
269	R6	2026-08-14T00:30:29,183238781-0700	1786692629176846531	ServiceB	ServiceB	692	3944	4480	2176	10600	30000	414	794300	96356	92385280	24921616	32493568
269	R6	2026-08-14T00:30:29,183238781-0700	1786692629176846531	ServiceC	ServiceC	676	3976	8584	1540	14100	223726	970	794300	96356	92385280	24921616	32493568
270	R6	2026-08-14T00:30:30,463390614-0700	1786692630458687448	AppProcD	AppProcD	543	29792	38928	6600	75320	414938	582	794500	96356	92385280	24921616	32493568
270	R6	2026-08-14T00:30:30,463390614-0700	1786692630458687448	AppProcC	AppProcC	2671	15008	16164	4428	35600	101659	41	794500	96356	92385280	24921616	32493568
270	R6	2026-08-14T00:30:30,463390614-0700	1786692630458687448	AppProcB	AppProcB	945	10200	12488	5468	28156	121000	1966	794500	96356	92385280	24921616	32493568
270	R6	2026-08-14T00:30:30,463390614-0700	1786692630458687448	ServiceA	ServiceA	3953	3272	4484	2656	10412	409520	167	794500	96356	92385280	24921616	32493568
270	R6	2026-08-14T00:30:30,463390614-0700	1786692630458687448	ServiceD	ServiceD	953	9648	6748	3364	19760	86824	743	794500	96356	92385280	24921616	32493568
270	R6	2026-08-14T00:30:30,463390614-0700	1786692630458687448	ServiceE	ServiceE	545	8772	2120	7800	18692	28356	342	794500	96356	92385280	24921616	32493568
270	R6	2026-08-14T00:30:30,463390614-0700	1786692630458687448	ServiceL	ServiceL	579	6408	2200	1640	10248	32786	1176	794500	96356	92385280	24921616	32493568
270	R6	2026-08-14T00:30:30,463390614-0700	1786692630458687448	ServiceH[ServiceK]	ServiceH	3740	13160	25588	4324	43072	105374	103	794500	96356	92385280	24921616	32493568
270	R6	2026-08-14T00:30:30,463390614-0700	1786692630458687448	ServiceB	ServiceB	692	3944	4480	2176	10600	30000	414	794500	96356	92385280	24921616	32493568
270	R6	2026-08-14T00:30:30,463390614-0700	1786692630458687448	ServiceC	ServiceC	676	3976	8584	1540	14100	223726	970	794500	96356	92385280	24921616	32493568
271	R6	2026-08-14T00:30:31,724765864-0700	1786692631719675447	AppProcD	AppProcD	543	29792	38928	6600	75320	414938	582	793552	96356	92385280	24921616	32493568
271	R6	2026-08-14T00:30:31,724765864-0700	1786692631719675447	AppProcC	AppProcC	2671	15008	16164	4428	35600	101660	41	793552	96356	92385280	24921616	32493568
271	R6	2026-08-14T00:30:31,724765864-0700	1786692631719675447	AppProcB	AppProcB	945	10200	12488	5468	28156	121040	1966	793552	96356	92385280	24921616	32493568
271	R6	2026-08-14T00:30:31,724765864-0700	1786692631719675447	ServiceA	ServiceA	3953	3272	4484	2656	10412	409520	167	793552	96356	92385280	24921616	32493568
271	R6	2026-08-14T00:30:31,724765864-0700	1786692631719675447	ServiceD	ServiceD	953	9648	6748	3364	19760	86824	743	793552	96356	92385280	24921616	32493568
271	R6	2026-08-14T00:30:31,724765864-0700	1786692631719675447	ServiceE	ServiceE	545	8772	2120	7800	18692	28356	342	793552	96356	92385280	24921616	32493568
271	R6	2026-08-14T00:30:31,724765864-0700	1786692631719675447	ServiceL	ServiceL	579	6408	2200	1640	10248	32786	1176	793552	96356	92385280	24921616	32493568
271	R6	2026-08-14T00:30:31,724765864-0700	1786692631719675447	ServiceH[ServiceK]	ServiceH	3740	13160	25588	4324	43072	105374	103	793552	96356	92385280	24921616	32493568
271	R6	2026-08-14T00:30:31,724765864-0700	1786692631719675447	ServiceB	ServiceB	692	3944	4480	2176	10600	30000	414	793552	96356	92385280	24921616	32493568
271	R6	2026-08-14T00:30:31,724765864-0700	1786692631719675447	ServiceC	ServiceC	676	3976	8584	1540	14100	223726	970	793552	96356	92385280	24921616	32493568
272	R6	2026-08-14T00:30:33,024313781-0700	1786692633018664614	AppProcD	AppProcD	543	29792	38928	6600	75320	414938	582	799076	96356	92385280	24921616	32493568
272	R6	2026-08-14T00:30:33,024313781-0700	1786692633018664614	AppProcC	AppProcC	2671	15008	16164	4428	35600	101660	41	799076	96356	92385280	24921616	32493568
272	R6	2026-08-14T00:30:33,024313781-0700	1786692633018664614	AppProcB	AppProcB	945	10200	12488	5468	28156	121040	1966	799076	96356	92385280	24921616	32493568
272	R6	2026-08-14T00:30:33,024313781-0700	1786692633018664614	ServiceA	ServiceA	3953	3272	4484	2656	10412	409520	167	799076	96356	92385280	24921616	32493568
272	R6	2026-08-14T00:30:33,024313781-0700	1786692633018664614	ServiceD	ServiceD	953	9648	6748	3364	19760	86864	743	799076	96356	92385280	24921616	32493568
272	R6	2026-08-14T00:30:33,024313781-0700	1786692633018664614	ServiceE	ServiceE	545	8772	2120	7800	18692	28356	342	799076	96356	92385280	24921616	32493568
272	R6	2026-08-14T00:30:33,024313781-0700	1786692633018664614	ServiceL	ServiceL	579	6408	2200	1640	10248	32786	1176	799076	96356	92385280	24921616	32493568
272	R6	2026-08-14T00:30:33,024313781-0700	1786692633018664614	ServiceH[ServiceK]	ServiceH	3740	13160	25584	4324	43068	105374	103	799076	96356	92385280	24921616	32493568
272	R6	2026-08-14T00:30:33,024313781-0700	1786692633018664614	ServiceB	ServiceB	692	3944	4480	2176	10600	30000	414	799076	96356	92385280	24921616	32493568
272	R6	2026-08-14T00:30:33,024313781-0700	1786692633018664614	ServiceC	ServiceC	676	3976	8584	1540	14100	223726	970	799076	96356	92385280	24921616	32493568
273	R6	2026-08-14T00:30:34,324338947-0700	1786692634320086447	AppProcD	AppProcD	543	29792	38928	6600	75320	414940	582	798044	96356	92385280	24921616	32493568
273	R6	2026-08-14T00:30:34,324338947-0700	1786692634320086447	AppProcC	AppProcC	2671	15008	16164	4428	35600	101660	41	798044	96356	92385280	24921616	32493568
273	R6	2026-08-14T00:30:34,324338947-0700	1786692634320086447	AppProcB	AppProcB	945	10200	12488	5468	28156	121040	1966	798044	96356	92385280	24921616	32493568
273	R6	2026-08-14T00:30:34,324338947-0700	1786692634320086447	ServiceA	ServiceA	3953	3272	4484	2656	10412	409520	167	798044	96356	92385280	24921616	32493568
273	R6	2026-08-14T00:30:34,324338947-0700	1786692634320086447	ServiceD	ServiceD	953	9648	6748	3364	19760	86864	743	798044	96356	92385280	24921616	32493568
273	R6	2026-08-14T00:30:34,324338947-0700	1786692634320086447	ServiceE	ServiceE	545	8772	2120	7800	18692	28356	342	798044	96356	92385280	24921616	32493568
273	R6	2026-08-14T00:30:34,324338947-0700	1786692634320086447	ServiceL	ServiceL	579	6408	2200	1640	10248	32816	1176	798044	96356	92385280	24921616	32493568
273	R6	2026-08-14T00:30:34,324338947-0700	1786692634320086447	ServiceH[ServiceK]	ServiceH	3740	13160	25584	4324	43068	105374	103	798044	96356	92385280	24921616	32493568
273	R6	2026-08-14T00:30:34,324338947-0700	1786692634320086447	ServiceB	ServiceB	692	3944	4480	2176	10600	30000	414	798044	96356	92385280	24921616	32493568
273	R6	2026-08-14T00:30:34,324338947-0700	1786692634320086447	ServiceC	ServiceC	676	3976	8584	1540	14100	223726	970	798044	96356	92385280	24921616	32493568
274	R6	2026-08-14T00:30:35,688488947-0700	1786692635682789113	AppProcD	AppProcD	543	29792	38928	6600	75320	414940	582	798356	96356	92385280	24921616	32493568
274	R6	2026-08-14T00:30:35,688488947-0700	1786692635682789113	AppProcC	AppProcC	2671	15008	16164	4428	35600	101660	41	798356	96356	92385280	24921616	32493568
274	R6	2026-08-14T00:30:35,688488947-0700	1786692635682789113	AppProcB	AppProcB	945	10200	12488	5468	28156	121040	1966	798356	96356	92385280	24921616	32493568
274	R6	2026-08-14T00:30:35,688488947-0700	1786692635682789113	ServiceA	ServiceA	3953	3272	4484	2656	10412	409520	167	798356	96356	92385280	24921616	32493568
274	R6	2026-08-14T00:30:35,688488947-0700	1786692635682789113	ServiceD	ServiceD	953	9648	6748	3364	19760	86864	743	798356	96356	92385280	24921616	32493568
274	R6	2026-08-14T00:30:35,688488947-0700	1786692635682789113	ServiceE	ServiceE	545	8772	2120	7800	18692	28356	342	798356	96356	92385280	24921616	32493568
274	R6	2026-08-14T00:30:35,688488947-0700	1786692635682789113	ServiceL	ServiceL	579	6408	2200	1640	10248	32816	1176	798356	96356	92385280	24921616	32493568
274	R6	2026-08-14T00:30:35,688488947-0700	1786692635682789113	ServiceH[ServiceK]	ServiceH	3740	13160	25584	4324	43068	105416	103	798356	96356	92385280	24921616	32493568
274	R6	2026-08-14T00:30:35,688488947-0700	1786692635682789113	ServiceB	ServiceB	692	3944	4480	2176	10600	30000	414	798356	96356	92385280	24921616	32493568
274	R6	2026-08-14T00:30:35,688488947-0700	1786692635682789113	ServiceC	ServiceC	676	3976	8584	1540	14100	223726	970	798356	96356	92385280	24921616	32493568
275	R6	2026-08-14T00:30:36,961563613-0700	1786692636956890280	AppProcD	AppProcD	543	29792	38928	6600	75320	414940	582	800412	96356	92385280	24921616	32493568
275	R6	2026-08-14T00:30:36,961563613-0700	1786692636956890280	AppProcC	AppProcC	2671	15008	16164	4428	35600	101661	41	800412	96356	92385280	24921616	32493568
275	R6	2026-08-14T00:30:36,961563613-0700	1786692636956890280	AppProcB	AppProcB	945	10200	12488	5468	28156	121080	1966	800412	96356	92385280	24921616	32493568
275	R6	2026-08-14T00:30:36,961563613-0700	1786692636956890280	ServiceA	ServiceA	3953	3272	4484	2656	10412	409520	167	800412	96356	92385280	24921616	32493568
275	R6	2026-08-14T00:30:36,961563613-0700	1786692636956890280	ServiceD	ServiceD	953	9648	6748	3364	19760	86864	743	800412	96356	92385280	24921616	32493568
275	R6	2026-08-14T00:30:36,961563613-0700	1786692636956890280	ServiceE	ServiceE	545	8772	2120	7800	18692	28356	342	800412	96356	92385280	24921616	32493568
275	R6	2026-08-14T00:30:36,961563613-0700	1786692636956890280	ServiceL	ServiceL	579	6408	2200	1640	10248	32816	1176	800412	96356	92385280	24921616	32493568
275	R6	2026-08-14T00:30:36,961563613-0700	1786692636956890280	ServiceH[ServiceK]	ServiceH	3740	13160	25584	4324	43068	105416	103	800412	96356	92385280	24921616	32493568
275	R6	2026-08-14T00:30:36,961563613-0700	1786692636956890280	ServiceB	ServiceB	692	3944	4480	2176	10600	30001	414	800412	96356	92385280	24921616	32493568
275	R6	2026-08-14T00:30:36,961563613-0700	1786692636956890280	ServiceC	ServiceC	676	3976	8584	1540	14100	223726	970	800412	96356	92385280	24921616	32493568
276	R6	2026-08-14T00:30:38,253877863-0700	1786692638246115279	AppProcD	AppProcD	543	29792	38928	6600	75320	414942	582	800204	96356	92385280	24921616	32493568
276	R6	2026-08-14T00:30:38,253877863-0700	1786692638246115279	AppProcC	AppProcC	2671	15008	16164	4428	35600	101661	41	800204	96356	92385280	24921616	32493568
276	R6	2026-08-14T00:30:38,253877863-0700	1786692638246115279	AppProcB	AppProcB	945	10200	12488	5468	28156	121080	1966	800204	96356	92385280	24921616	32493568
276	R6	2026-08-14T00:30:38,253877863-0700	1786692638246115279	ServiceA	ServiceA	3953	3272	4484	2656	10412	409520	167	800204	96356	92385280	24921616	32493568
276	R6	2026-08-14T00:30:38,253877863-0700	1786692638246115279	ServiceD	ServiceD	953	9648	6748	3364	19760	86904	743	800204	96356	92385280	24921616	32493568
276	R6	2026-08-14T00:30:38,253877863-0700	1786692638246115279	ServiceE	ServiceE	545	8772	2120	7800	18692	28356	342	800204	96356	92385280	24921616	32493568
276	R6	2026-08-14T00:30:38,253877863-0700	1786692638246115279	ServiceL	ServiceL	579	6408	2200	1640	10248	32816	1176	800204	96356	92385280	24921616	32493568
276	R6	2026-08-14T00:30:38,253877863-0700	1786692638246115279	ServiceH[ServiceK]	ServiceH	3740	13160	25584	4324	43068	105416	103	800204	96356	92385280	24921616	32493568
276	R6	2026-08-14T00:30:38,253877863-0700	1786692638246115279	ServiceB	ServiceB	692	3944	4480	2176	10600	30001	414	800204	96356	92385280	24921616	32493568
276	R6	2026-08-14T00:30:38,253877863-0700	1786692638246115279	ServiceC	ServiceC	676	3976	8584	1540	14100	223726	970	800204	96356	92385280	24921616	32493568
277	R6	2026-08-14T00:30:39,488411529-0700	1786692639483563612	AppProcD	AppProcD	543	29792	38928	6600	75320	414942	582	800828	96356	92385280	24921616	32493568
277	R6	2026-08-14T00:30:39,488411529-0700	1786692639483563612	AppProcC	AppProcC	2671	15008	16164	4428	35600	101661	41	800828	96356	92385280	24921616	32493568
277	R6	2026-08-14T00:30:39,488411529-0700	1786692639483563612	AppProcB	AppProcB	945	10200	12488	5468	28156	121080	1966	800828	96356	92385280	24921616	32493568
277	R6	2026-08-14T00:30:39,488411529-0700	1786692639483563612	ServiceA	ServiceA	3953	3272	4484	2656	10412	409520	167	800828	96356	92385280	24921616	32493568
277	R6	2026-08-14T00:30:39,488411529-0700	1786692639483563612	ServiceD	ServiceD	953	9648	6748	3364	19760	86904	743	800828	96356	92385280	24921616	32493568
277	R6	2026-08-14T00:30:39,488411529-0700	1786692639483563612	ServiceE	ServiceE	545	8772	2120	7800	18692	28356	342	800828	96356	92385280	24921616	32493568
277	R6	2026-08-14T00:30:39,488411529-0700	1786692639483563612	ServiceL	ServiceL	579	6408	2200	1640	10248	32846	1176	800828	96356	92385280	24921616	32493568
277	R6	2026-08-14T00:30:39,488411529-0700	1786692639483563612	ServiceH[ServiceK]	ServiceH	3740	13160	25584	4324	43068	105456	103	800828	96356	92385280	24921616	32493568
277	R6	2026-08-14T00:30:39,488411529-0700	1786692639483563612	ServiceB	ServiceB	692	3944	4480	2176	10600	30001	414	800828	96356	92385280	24921616	32493568
277	R6	2026-08-14T00:30:39,488411529-0700	1786692639483563612	ServiceC	ServiceC	676	3976	8584	1540	14100	223726	970	800828	96356	92385280	24921616	32493568
278	R6	2026-08-14T00:30:40,796113362-0700	1786692640790190862	AppProcD	AppProcD	543	29792	38928	6600	75320	414942	582	803504	96356	92385280	24921616	32493568
278	R6	2026-08-14T00:30:40,796113362-0700	1786692640790190862	AppProcC	AppProcC	2671	15008	16164	4428	35600	101661	41	803504	96356	92385280	24921616	32493568
278	R6	2026-08-14T00:30:40,796113362-0700	1786692640790190862	AppProcB	AppProcB	945	10200	12488	5468	28156	121080	1966	803504	96356	92385280	24921616	32493568
278	R6	2026-08-14T00:30:40,796113362-0700	1786692640790190862	ServiceA	ServiceA	3953	3272	4484	2656	10412	409520	167	803504	96356	92385280	24921616	32493568
278	R6	2026-08-14T00:30:40,796113362-0700	1786692640790190862	ServiceD	ServiceD	953	9648	6748	3364	19760	86904	743	803504	96356	92385280	24921616	32493568
278	R6	2026-08-14T00:30:40,796113362-0700	1786692640790190862	ServiceE	ServiceE	545	8772	2120	7800	18692	28356	342	803504	96356	92385280	24921616	32493568
278	R6	2026-08-14T00:30:40,796113362-0700	1786692640790190862	ServiceL	ServiceL	579	6408	2200	1640	10248	32846	1176	803504	96356	92385280	24921616	32493568
278	R6	2026-08-14T00:30:40,796113362-0700	1786692640790190862	ServiceH[ServiceK]	ServiceH	3740	13160	25584	4324	43068	105456	103	803504	96356	92385280	24921616	32493568
278	R6	2026-08-14T00:30:40,796113362-0700	1786692640790190862	ServiceB	ServiceB	692	3944	4480	2176	10600	30001	414	803504	96356	92385280	24921616	32493568
278	R6	2026-08-14T00:30:40,796113362-0700	1786692640790190862	ServiceC	ServiceC	676	3976	8584	1540	14100	223726	970	803504	96356	92385280	24921616	32493568
279	R6	2026-08-14T00:30:42,076062695-0700	1786692642071380778	AppProcD	AppProcD	543	29792	38928	6600	75320	414942	582	803060	96356	92385280	24921616	32493568
279	R6	2026-08-14T00:30:42,076062695-0700	1786692642071380778	AppProcC	AppProcC	2671	15008	16164	4428	35600	101662	41	803060	96356	92385280	24921616	32493568
279	R6	2026-08-14T00:30:42,076062695-0700	1786692642071380778	AppProcB	AppProcB	945	10200	12488	5468	28156	121120	1966	803060	96356	92385280	24921616	32493568
279	R6	2026-08-14T00:30:42,076062695-0700	1786692642071380778	ServiceA	ServiceA	3953	3272	4484	2656	10412	409520	167	803060	96356	92385280	24921616	32493568
279	R6	2026-08-14T00:30:42,076062695-0700	1786692642071380778	ServiceD	ServiceD	953	9648	6748	3364	19760	86904	743	803060	96356	92385280	24921616	32493568
279	R6	2026-08-14T00:30:42,076062695-0700	1786692642071380778	ServiceE	ServiceE	545	8772	2120	7800	18692	28356	342	803060	96356	92385280	24921616	32493568
279	R6	2026-08-14T00:30:42,076062695-0700	1786692642071380778	ServiceL	ServiceL	579	6408	2200	1640	10248	32846	1176	803060	96356	92385280	24921616	32493568
279	R6	2026-08-14T00:30:42,076062695-0700	1786692642071380778	ServiceH[ServiceK]	ServiceH	3740	13160	25584	4324	43068	105456	103	803060	96356	92385280	24921616	32493568
279	R6	2026-08-14T00:30:42,076062695-0700	1786692642071380778	ServiceB	ServiceB	692	3944	4480	2176	10600	30001	414	803060	96356	92385280	24921616	32493568
279	R6	2026-08-14T00:30:42,076062695-0700	1786692642071380778	ServiceC	ServiceC	676	3976	8584	1540	14100	223726	970	803060	96356	92385280	24921616	32493568
280	R6	2026-08-14T00:30:43,352785778-0700	1786692643343755528	AppProcD	AppProcD	543	29764	38928	6600	75292	414944	582	806264	96356	92385280	24921616	32493568
280	R6	2026-08-14T00:30:43,352785778-0700	1786692643343755528	AppProcC	AppProcC	2671	15008	16164	4428	35600	101662	41	806264	96356	92385280	24921616	32493568
280	R6	2026-08-14T00:30:43,352785778-0700	1786692643343755528	AppProcB	AppProcB	945	10200	12488	5468	28156	121120	1966	806264	96356	92385280	24921616	32493568
280	R6	2026-08-14T00:30:43,352785778-0700	1786692643343755528	ServiceA	ServiceA	3953	3272	4484	2656	10412	409520	167	806264	96356	92385280	24921616	32493568
280	R6	2026-08-14T00:30:43,352785778-0700	1786692643343755528	ServiceD	ServiceD	953	9648	6748	3364	19760	86944	743	806264	96356	92385280	24921616	32493568
280	R6	2026-08-14T00:30:43,352785778-0700	1786692643343755528	ServiceE	ServiceE	545	8772	2120	7800	18692	28356	342	806264	96356	92385280	24921616	32493568
280	R6	2026-08-14T00:30:43,352785778-0700	1786692643343755528	ServiceL	ServiceL	579	6408	2200	1640	10248	32846	1176	806264	96356	92385280	24921616	32493568
280	R6	2026-08-14T00:30:43,352785778-0700	1786692643343755528	ServiceH[ServiceK]	ServiceH	3740	13160	25584	4324	43068	105456	103	806264	96356	92385280	24921616	32493568
280	R6	2026-08-14T00:30:43,352785778-0700	1786692643343755528	ServiceB	ServiceB	692	3944	4480	2176	10600	30001	414	806264	96356	92385280	24921616	32493568
280	R6	2026-08-14T00:30:43,352785778-0700	1786692643343755528	ServiceC	ServiceC	676	3976	8584	1540	14100	223726	970	806264	96356	92385280	24921616	32493568
281	R6	2026-08-14T00:30:44,776274028-0700	1786692644771521194	AppProcD	AppProcD	543	29764	38596	6600	74960	414944	582	805300	96356	92385280	24921616	32493568
281	R6	2026-08-14T00:30:44,776274028-0700	1786692644771521194	AppProcC	AppProcC	2671	15008	16164	4428	35600	101662	41	805300	96356	92385280	24921616	32493568
281	R6	2026-08-14T00:30:44,776274028-0700	1786692644771521194	AppProcB	AppProcB	945	10200	12488	5468	28156	121120	1966	805300	96356	92385280	24921616	32493568
281	R6	2026-08-14T00:30:44,776274028-0700	1786692644771521194	ServiceA	ServiceA	3953	3272	4484	2656	10412	409520	167	805300	96356	92385280	24921616	32493568
281	R6	2026-08-14T00:30:44,776274028-0700	1786692644771521194	ServiceD	ServiceD	953	9648	6748	3364	19760	86944	743	805300	96356	92385280	24921616	32493568
281	R6	2026-08-14T00:30:44,776274028-0700	1786692644771521194	ServiceE	ServiceE	545	8772	2120	7800	18692	28356	342	805300	96356	92385280	24921616	32493568
281	R6	2026-08-14T00:30:44,776274028-0700	1786692644771521194	ServiceL	ServiceL	579	6408	2200	1640	10248	32876	1176	805300	96356	92385280	24921616	32493568
281	R6	2026-08-14T00:30:44,776274028-0700	1786692644771521194	ServiceH[ServiceK]	ServiceH	3740	13160	25584	4324	43068	105496	103	805300	96356	92385280	24921616	32493568
281	R6	2026-08-14T00:30:44,776274028-0700	1786692644771521194	ServiceB	ServiceB	692	3944	4480	2176	10600	30001	414	805300	96356	92385280	24921616	32493568
281	R6	2026-08-14T00:30:44,776274028-0700	1786692644771521194	ServiceC	ServiceC	676	3976	8584	1540	14100	223726	970	805300	96356	92385280	24921616	32493568
282	R6	2026-08-14T00:30:46,774160861-0700	1786692646769951694	AppProcD	AppProcD	543	29764	38584	6600	74948	414945	582	808428	96356	92385280	24921616	32493568
282	R6	2026-08-14T00:30:46,774160861-0700	1786692646769951694	AppProcC	AppProcC	2671	15008	16164	4428	35600	101663	41	808428	96356	92385280	24921616	32493568
282	R6	2026-08-14T00:30:46,774160861-0700	1786692646769951694	AppProcB	AppProcB	945	10200	12488	5468	28156	121160	1966	808428	96356	92385280	24921616	32493568
282	R6	2026-08-14T00:30:46,774160861-0700	1786692646769951694	ServiceA	ServiceA	3953	3272	4484	2656	10412	409520	167	808428	96356	92385280	24921616	32493568
282	R6	2026-08-14T00:30:46,774160861-0700	1786692646769951694	ServiceD	ServiceD	953	9648	6748	3364	19760	86944	743	808428	96356	92385280	24921616	32493568
282	R6	2026-08-14T00:30:46,774160861-0700	1786692646769951694	ServiceE	ServiceE	545	8772	2120	7800	18692	28356	342	808428	96356	92385280	24921616	32493568
282	R6	2026-08-14T00:30:46,774160861-0700	1786692646769951694	ServiceL	ServiceL	579	6408	2200	1640	10248	32876	1176	808428	96356	92385280	24921616	32493568
282	R6	2026-08-14T00:30:46,774160861-0700	1786692646769951694	ServiceH[ServiceK]	ServiceH	3740	13160	25584	4324	43068	105496	103	808428	96356	92385280	24921616	32493568
282	R6	2026-08-14T00:30:46,774160861-0700	1786692646769951694	ServiceB	ServiceB	692	3944	4480	2176	10600	30001	414	808428	96356	92385280	24921616	32493568
282	R6	2026-08-14T00:30:46,774160861-0700	1786692646769951694	ServiceC	ServiceC	676	3976	8584	1540	14100	223726	970	808428	96356	92385280	24921616	32493568
283	R6	2026-08-14T00:30:48,774570943-0700	1786692648770111693	AppProcD	AppProcD	543	29764	38584	6600	74948	414948	582	808672	96356	92385280	24921616	32493568
283	R6	2026-08-14T00:30:48,774570943-0700	1786692648770111693	AppProcC	AppProcC	2671	15008	16164	4428	35600	101663	41	808672	96356	92385280	24921616	32493568
283	R6	2026-08-14T00:30:48,774570943-0700	1786692648770111693	AppProcB	AppProcB	945	10200	12488	5468	28156	121160	1966	808672	96356	92385280	24921616	32493568
283	R6	2026-08-14T00:30:48,774570943-0700	1786692648770111693	ServiceA	ServiceA	3953	3272	4484	2656	10412	409520	167	808672	96356	92385280	24921616	32493568
283	R6	2026-08-14T00:30:48,774570943-0700	1786692648770111693	ServiceD	ServiceD	953	9648	6748	3364	19760	86984	743	808672	96356	92385280	24921616	32493568
283	R6	2026-08-14T00:30:48,774570943-0700	1786692648770111693	ServiceE	ServiceE	545	8772	2120	7800	18692	28356	342	808672	96356	92385280	24921616	32493568
283	R6	2026-08-14T00:30:48,774570943-0700	1786692648770111693	ServiceL	ServiceL	579	6408	2200	1640	10248	32906	1176	808672	96356	92385280	24921616	32493568
283	R6	2026-08-14T00:30:48,774570943-0700	1786692648770111693	ServiceH[ServiceK]	ServiceH	3740	13160	25584	4324	43068	105496	103	808672	96356	92385280	24921616	32493568
283	R6	2026-08-14T00:30:48,774570943-0700	1786692648770111693	ServiceB	ServiceB	692	3944	4480	2176	10600	30001	414	808672	96356	92385280	24921616	32493568
283	R6	2026-08-14T00:30:48,774570943-0700	1786692648770111693	ServiceC	ServiceC	676	3976	8584	1540	14100	223726	970	808672	96356	92385280	24921616	32493568
284	R6	2026-08-14T00:30:50,774404193-0700	1786692650769717443	AppProcD	AppProcD	543	29764	38588	6600	74952	414949	582	810780	96356	92385280	24921616	32493568
284	R6	2026-08-14T00:30:50,774404193-0700	1786692650769717443	AppProcC	AppProcC	2671	15008	16164	4428	35600	101663	41	810780	96356	92385280	24921616	32493568
284	R6	2026-08-14T00:30:50,774404193-0700	1786692650769717443	AppProcB	AppProcB	945	10200	12488	5468	28156	121162	1966	810780	96356	92385280	24921616	32493568
284	R6	2026-08-14T00:30:50,774404193-0700	1786692650769717443	ServiceA	ServiceA	3953	3272	4484	2656	10412	409520	167	810780	96356	92385280	24921616	32493568
284	R6	2026-08-14T00:30:50,774404193-0700	1786692650769717443	ServiceD	ServiceD	953	9648	6748	3364	19760	86984	743	810780	96356	92385280	24921616	32493568
284	R6	2026-08-14T00:30:50,774404193-0700	1786692650769717443	ServiceE	ServiceE	545	8772	2120	7800	18692	28356	342	810780	96356	92385280	24921616	32493568
284	R6	2026-08-14T00:30:50,774404193-0700	1786692650769717443	ServiceL	ServiceL	579	6408	2200	1640	10248	32906	1176	810780	96356	92385280	24921616	32493568
284	R6	2026-08-14T00:30:50,774404193-0700	1786692650769717443	ServiceH[ServiceK]	ServiceH	3740	13160	25584	4324	43068	105536	103	810780	96356	92385280	24921616	32493568
284	R6	2026-08-14T00:30:50,774404193-0700	1786692650769717443	ServiceB	ServiceB	692	3944	4480	2176	10600	30001	414	810780	96356	92385280	24921616	32493568
284	R6	2026-08-14T00:30:50,774404193-0700	1786692650769717443	ServiceC	ServiceC	676	3976	8584	1540	14100	223726	970	810780	96356	92385280	24921616	32493568
285	P2	2026-08-14T00:30:52,775085526-0700	1786692652770608859	AppProcD	AppProcD	543	29764	38588	6600	74952	414949	582	813020	96356	92385280	24921616	32493568
285	P2	2026-08-14T00:30:52,775085526-0700	1786692652770608859	AppProcC	AppProcC	2671	15008	16164	4428	35600	101664	41	813020	96356	92385280	24921616	32493568
285	P2	2026-08-14T00:30:52,775085526-0700	1786692652770608859	AppProcB	AppProcB	945	10200	12488	5468	28156	121202	1966	813020	96356	92385280	24921616	32493568
285	P2	2026-08-14T00:30:52,775085526-0700	1786692652770608859	ServiceA	ServiceA	3953	3272	4484	2656	10412	409520	167	813020	96356	92385280	24921616	32493568
285	P2	2026-08-14T00:30:52,775085526-0700	1786692652770608859	ServiceD	ServiceD	953	9648	6748	3364	19760	87024	743	813020	96356	92385280	24921616	32493568
285	P2	2026-08-14T00:30:52,775085526-0700	1786692652770608859	ServiceE	ServiceE	545	8772	2120	7800	18692	28356	342	813020	96356	92385280	24921616	32493568
285	P2	2026-08-14T00:30:52,775085526-0700	1786692652770608859	ServiceL	ServiceL	579	6408	2200	1640	10248	32906	1176	813020	96356	92385280	24921616	32493568
285	P2	2026-08-14T00:30:52,775085526-0700	1786692652770608859	ServiceH[ServiceK]	ServiceH	3740	13160	25584	4324	43068	105536	103	813020	96356	92385280	24921616	32493568
285	P2	2026-08-14T00:30:52,775085526-0700	1786692652770608859	ServiceB	ServiceB	692	3944	4480	2176	10600	30001	414	813020	96356	92385280	24921616	32493568
285	P2	2026-08-14T00:30:52,775085526-0700	1786692652770608859	ServiceC	ServiceC	676	3976	8584	1540	14100	223726	970	813020	96356	92385280	24921616	32493568
286	P2	2026-08-14T00:30:54,774428025-0700	1786692654769874525	AppProcD	AppProcD	543	29764	38592	6600	74956	414952	582	812876	96356	92385280	24921616	32493568
286	P2	2026-08-14T00:30:54,774428025-0700	1786692654769874525	AppProcC	AppProcC	2671	15008	16164	4428	35600	101664	41	812876	96356	92385280	24921616	32493568
286	P2	2026-08-14T00:30:54,774428025-0700	1786692654769874525	AppProcB	AppProcB	945	10200	12488	5468	28156	121202	1966	812876	96356	92385280	24921616	32493568
286	P2	2026-08-14T00:30:54,774428025-0700	1786692654769874525	ServiceA	ServiceA	3953	3272	4484	2656	10412	409520	167	812876	96356	92385280	24921616	32493568
286	P2	2026-08-14T00:30:54,774428025-0700	1786692654769874525	ServiceD	ServiceD	953	9648	6748	3364	19760	87024	743	812876	96356	92385280	24921616	32493568
286	P2	2026-08-14T00:30:54,774428025-0700	1786692654769874525	ServiceE	ServiceE	545	8772	2120	7800	18692	28356	342	812876	96356	92385280	24921616	32493568
286	P2	2026-08-14T00:30:54,774428025-0700	1786692654769874525	ServiceL	ServiceL	579	6408	2200	1640	10248	32936	1176	812876	96356	92385280	24921616	32493568
286	P2	2026-08-14T00:30:54,774428025-0700	1786692654769874525	ServiceH[ServiceK]	ServiceH	3740	13160	25584	4324	43068	105576	103	812876	96356	92385280	24921616	32493568
286	P2	2026-08-14T00:30:54,774428025-0700	1786692654769874525	ServiceB	ServiceB	692	3944	4480	2176	10600	30001	414	812876	96356	92385280	24921616	32493568
286	P2	2026-08-14T00:30:54,774428025-0700	1786692654769874525	ServiceC	ServiceC	676	3976	8584	1540	14100	223726	970	812876	96356	92385280	24921616	32493568
287	P2	2026-08-14T00:30:56,775642275-0700	1786692656770288358	AppProcD	AppProcD	543	29764	38592	6600	74956	414952	582	810144	96356	92385280	24921616	32493568
287	P2	2026-08-14T00:30:56,775642275-0700	1786692656770288358	AppProcC	AppProcC	2671	15008	16164	4428	35600	101665	41	810144	96356	92385280	24921616	32493568
287	P2	2026-08-14T00:30:56,775642275-0700	1786692656770288358	AppProcB	AppProcB	945	10200	12488	5468	28156	121242	1966	810144	96356	92385280	24921616	32493568
287	P2	2026-08-14T00:30:56,775642275-0700	1786692656770288358	ServiceA	ServiceA	3953	3272	4484	2656	10412	409520	167	810144	96356	92385280	24921616	32493568
287	P2	2026-08-14T00:30:56,775642275-0700	1786692656770288358	ServiceD	ServiceD	953	9648	6748	3364	19760	87024	743	810144	96356	92385280	24921616	32493568
287	P2	2026-08-14T00:30:56,775642275-0700	1786692656770288358	ServiceE	ServiceE	545	8772	2120	7800	18692	28356	342	810144	96356	92385280	24921616	32493568
287	P2	2026-08-14T00:30:56,775642275-0700	1786692656770288358	ServiceL	ServiceL	579	6408	2200	1640	10248	32936	1176	810144	96356	92385280	24921616	32493568
287	P2	2026-08-14T00:30:56,775642275-0700	1786692656770288358	ServiceH[ServiceK]	ServiceH	3740	13160	25584	4324	43068	105576	103	810144	96356	92385280	24921616	32493568
287	P2	2026-08-14T00:30:56,775642275-0700	1786692656770288358	ServiceB	ServiceB	692	3944	4480	2176	10600	30002	414	810144	96356	92385280	24921616	32493568
287	P2	2026-08-14T00:30:56,775642275-0700	1786692656770288358	ServiceC	ServiceC	676	3976	8584	1540	14100	223726	970	810144	96356	92385280	24921616	32493568
288	P2	2026-08-14T00:30:58,776569691-0700	1786692658770785858	AppProcD	AppProcD	543	29760	38592	6600	74952	414954	582	812428	96356	92385280	24921616	32493568
288	P2	2026-08-14T00:30:58,776569691-0700	1786692658770785858	AppProcC	AppProcC	2671	15008	16164	4428	35600	101665	41	812428	96356	92385280	24921616	32493568
288	P2	2026-08-14T00:30:58,776569691-0700	1786692658770785858	AppProcB	AppProcB	945	10200	12488	5468	28156	121242	1966	812428	96356	92385280	24921616	32493568
288	P2	2026-08-14T00:30:58,776569691-0700	1786692658770785858	ServiceA	ServiceA	3953	3272	4484	2656	10412	409520	167	812428	96356	92385280	24921616	32493568
288	P2	2026-08-14T00:30:58,776569691-0700	1786692658770785858	ServiceD	ServiceD	953	9648	6748	3364	19760	87064	743	812428	96356	92385280	24921616	32493568
288	P2	2026-08-14T00:30:58,776569691-0700	1786692658770785858	ServiceE	ServiceE	545	8772	2120	7800	18692	28356	342	812428	96356	92385280	24921616	32493568
288	P2	2026-08-14T00:30:58,776569691-0700	1786692658770785858	ServiceL	ServiceL	579	6408	2200	1640	10248	32966	1176	812428	96356	92385280	24921616	32493568
288	P2	2026-08-14T00:30:58,776569691-0700	1786692658770785858	ServiceH[ServiceK]	ServiceH	3740	13160	25584	4324	43068	105576	103	812428	96356	92385280	24921616	32493568
288	P2	2026-08-14T00:30:58,776569691-0700	1786692658770785858	ServiceB	ServiceB	692	3944	4480	2176	10600	30002	414	812428	96356	92385280	24921616	32493568
288	P2	2026-08-14T00:30:58,776569691-0700	1786692658770785858	ServiceC	ServiceC	676	3976	8584	1540	14100	223726	970	812428	96356	92385280	24921616	32493568
289	P2	2026-08-14T00:31:00,774355607-0700	1786692660770005274	AppProcD	AppProcD	543	29760	38592	6600	74952	414954	582	813380	96356	92385280	24921616	32493568
289	P2	2026-08-14T00:31:00,774355607-0700	1786692660770005274	AppProcC	AppProcC	2671	15008	16164	4428	35600	101665	41	813380	96356	92385280	24921616	32493568
289	P2	2026-08-14T00:31:00,774355607-0700	1786692660770005274	AppProcB	AppProcB	945	10200	12488	5468	28156	121242	1966	813380	96356	92385280	24921616	32493568
289	P2	2026-08-14T00:31:00,774355607-0700	1786692660770005274	ServiceA	ServiceA	3953	3272	4484	2656	10412	409520	167	813380	96356	92385280	24921616	32493568
289	P2	2026-08-14T00:31:00,774355607-0700	1786692660770005274	ServiceD	ServiceD	953	9648	6748	3364	19760	87064	743	813380	96356	92385280	24921616	32493568
289	P2	2026-08-14T00:31:00,774355607-0700	1786692660770005274	ServiceE	ServiceE	545	8772	2120	7800	18692	28356	342	813380	96356	92385280	24921616	32493568
289	P2	2026-08-14T00:31:00,774355607-0700	1786692660770005274	ServiceL	ServiceL	579	6408	2200	1640	10248	32966	1176	813380	96356	92385280	24921616	32493568
289	P2	2026-08-14T00:31:00,774355607-0700	1786692660770005274	ServiceH[ServiceK]	ServiceH	3740	13160	25584	4324	43068	105616	103	813380	96356	92385280	24921616	32493568
289	P2	2026-08-14T00:31:00,774355607-0700	1786692660770005274	ServiceB	ServiceB	692	3944	4480	2176	10600	30002	414	813380	96356	92385280	24921616	32493568
289	P2	2026-08-14T00:31:00,774355607-0700	1786692660770005274	ServiceC	ServiceC	676	3976	8584	1540	14100	223726	970	813380	96356	92385280	24921616	32493568
290	P2	2026-08-14T00:31:02,781660190-0700	1786692662773644523	AppProcD	AppProcD	543	29760	38592	6600	74952	414954	582	812576	96356	92385280	24921616	32493568
290	P2	2026-08-14T00:31:02,781660190-0700	1786692662773644523	AppProcC	AppProcC	2671	15008	16164	4428	35600	101666	41	812576	96356	92385280	24921616	32493568
290	P2	2026-08-14T00:31:02,781660190-0700	1786692662773644523	AppProcB	AppProcB	945	10200	12488	5468	28156	121282	1966	812576	96356	92385280	24921616	32493568
290	P2	2026-08-14T00:31:02,781660190-0700	1786692662773644523	ServiceA	ServiceA	3953	3272	4484	2656	10412	409520	167	812576	96356	92385280	24921616	32493568
290	P2	2026-08-14T00:31:02,781660190-0700	1786692662773644523	ServiceD	ServiceD	953	9648	6748	3364	19760	87104	743	812576	96356	92385280	24921616	32493568
290	P2	2026-08-14T00:31:02,781660190-0700	1786692662773644523	ServiceE	ServiceE	545	8772	2120	7800	18692	28356	342	812576	96356	92385280	24921616	32493568
290	P2	2026-08-14T00:31:02,781660190-0700	1786692662773644523	ServiceL	ServiceL	579	6408	2200	1640	10248	32966	1176	812576	96356	92385280	24921616	32493568
290	P2	2026-08-14T00:31:02,781660190-0700	1786692662773644523	ServiceH[ServiceK]	ServiceH	3740	13160	25584	4324	43068	105616	103	812576	96356	92385280	24921616	32493568
290	P2	2026-08-14T00:31:02,781660190-0700	1786692662773644523	ServiceB	ServiceB	692	3944	4480	2176	10600	30002	414	812576	96356	92385280	24921616	32493568
290	P2	2026-08-14T00:31:02,781660190-0700	1786692662773644523	ServiceC	ServiceC	676	3976	8584	1540	14100	223726	970	812576	96356	92385280	24921616	32493568
291	P2	2026-08-14T00:31:04,775565440-0700	1786692664771064940	AppProcD	AppProcD	543	29760	38592	6600	74952	414956	582	813484	96356	92385280	24921616	32493568
291	P2	2026-08-14T00:31:04,775565440-0700	1786692664771064940	AppProcC	AppProcC	2671	15008	16164	4428	35600	101666	41	813484	96356	92385280	24921616	32493568
291	P2	2026-08-14T00:31:04,775565440-0700	1786692664771064940	AppProcB	AppProcB	945	10200	12488	5468	28156	121282	1966	813484	96356	92385280	24921616	32493568
291	P2	2026-08-14T00:31:04,775565440-0700	1786692664771064940	ServiceA	ServiceA	3953	3272	4484	2656	10412	409520	167	813484	96356	92385280	24921616	32493568
291	P2	2026-08-14T00:31:04,775565440-0700	1786692664771064940	ServiceD	ServiceD	953	9648	6748	3364	19760	87104	743	813484	96356	92385280	24921616	32493568
291	P2	2026-08-14T00:31:04,775565440-0700	1786692664771064940	ServiceE	ServiceE	545	8772	2120	7800	18692	28356	342	813484	96356	92385280	24921616	32493568
291	P2	2026-08-14T00:31:04,775565440-0700	1786692664771064940	ServiceL	ServiceL	579	6408	2200	1640	10248	32996	1176	813484	96356	92385280	24921616	32493568
291	P2	2026-08-14T00:31:04,775565440-0700	1786692664771064940	ServiceH[ServiceK]	ServiceH	3740	13160	25584	4324	43068	105656	103	813484	96356	92385280	24921616	32493568
291	P2	2026-08-14T00:31:04,775565440-0700	1786692664771064940	ServiceB	ServiceB	692	3944	4480	2176	10600	30005	414	813484	96356	92385280	24921616	32493568
291	P2	2026-08-14T00:31:04,775565440-0700	1786692664771064940	ServiceC	ServiceC	676	3976	8584	1540	14100	223726	970	813484	96356	92385280	24921616	32493568
292	P2	2026-08-14T00:31:06,777465356-0700	1786692666772946189	AppProcD	AppProcD	543	29760	38592	6600	74952	414956	582	813248	96356	92385280	24921616	32493568
292	P2	2026-08-14T00:31:06,777465356-0700	1786692666772946189	AppProcC	AppProcC	2671	15008	16164	4428	35600	101667	41	813248	96356	92385280	24921616	32493568
292	P2	2026-08-14T00:31:06,777465356-0700	1786692666772946189	AppProcB	AppProcB	945	10200	12488	5468	28156	121322	1966	813248	96356	92385280	24921616	32493568
292	P2	2026-08-14T00:31:06,777465356-0700	1786692666772946189	ServiceA	ServiceA	3953	3272	4484	2656	10412	409520	167	813248	96356	92385280	24921616	32493568
292	P2	2026-08-14T00:31:06,777465356-0700	1786692666772946189	ServiceD	ServiceD	953	9648	6748	3364	19760	87350	743	813248	96356	92385280	24921616	32493568
292	P2	2026-08-14T00:31:06,777465356-0700	1786692666772946189	ServiceE	ServiceE	545	8772	2120	7800	18692	28356	342	813248	96356	92385280	24921616	32493568
292	P2	2026-08-14T00:31:06,777465356-0700	1786692666772946189	ServiceL	ServiceL	579	6408	2200	1640	10248	32996	1176	813248	96356	92385280	24921616	32493568
292	P2	2026-08-14T00:31:06,777465356-0700	1786692666772946189	ServiceH[ServiceK]	ServiceH	3740	13160	25584	4324	43068	105656	103	813248	96356	92385280	24921616	32493568
292	P2	2026-08-14T00:31:06,777465356-0700	1786692666772946189	ServiceB	ServiceB	692	3944	4480	2176	10600	30005	414	813248	96356	92385280	24921616	32493568
292	P2	2026-08-14T00:31:06,777465356-0700	1786692666772946189	ServiceC	ServiceC	676	3976	8584	1540	14100	223770	970	813248	96356	92385280	24921616	32493568
293	P2	2026-08-14T00:31:08,775657272-0700	1786692668770960939	AppProcD	AppProcD	543	29760	38592	6600	74952	414958	582	812852	96356	92385280	24921616	32493568
293	P2	2026-08-14T00:31:08,775657272-0700	1786692668770960939	AppProcC	AppProcC	2671	15008	16164	4428	35600	101667	41	812852	96356	92385280	24921616	32493568
293	P2	2026-08-14T00:31:08,775657272-0700	1786692668770960939	AppProcB	AppProcB	945	10200	12488	5468	28156	121322	1966	812852	96356	92385280	24921616	32493568
293	P2	2026-08-14T00:31:08,775657272-0700	1786692668770960939	ServiceA	ServiceA	3953	3272	4484	2656	10412	409520	167	812852	96356	92385280	24921616	32493568
293	P2	2026-08-14T00:31:08,775657272-0700	1786692668770960939	ServiceD	ServiceD	953	9648	6748	3364	19760	87390	743	812852	96356	92385280	24921616	32493568
293	P2	2026-08-14T00:31:08,775657272-0700	1786692668770960939	ServiceE	ServiceE	545	8772	2120	7800	18692	28356	342	812852	96356	92385280	24921616	32493568
293	P2	2026-08-14T00:31:08,775657272-0700	1786692668770960939	ServiceL	ServiceL	579	6408	2200	1640	10248	33026	1176	812852	96356	92385280	24921616	32493568
293	P2	2026-08-14T00:31:08,775657272-0700	1786692668770960939	ServiceH[ServiceK]	ServiceH	3740	13160	25584	4324	43068	105656	103	812852	96356	92385280	24921616	32493568
293	P2	2026-08-14T00:31:08,775657272-0700	1786692668770960939	ServiceB	ServiceB	692	3944	4480	2176	10600	30005	414	812852	96356	92385280	24921616	32493568
293	P2	2026-08-14T00:31:08,775657272-0700	1786692668770960939	ServiceC	ServiceC	676	3976	8584	1540	14100	223770	970	812852	96356	92385280	24921616	32493568
294	P2	2026-08-14T00:31:10,774947105-0700	1786692670769488605	AppProcD	AppProcD	543	29760	38592	6600	74952	414958	582	812676	96356	92385280	24921616	32493568
294	P2	2026-08-14T00:31:10,774947105-0700	1786692670769488605	AppProcC	AppProcC	2671	15008	16164	4428	35600	101667	41	812676	96356	92385280	24921616	32493568
294	P2	2026-08-14T00:31:10,774947105-0700	1786692670769488605	AppProcB	AppProcB	945	10200	12488	5468	28156	121322	1966	812676	96356	92385280	24921616	32493568
294	P2	2026-08-14T00:31:10,774947105-0700	1786692670769488605	ServiceA	ServiceA	3953	3272	4484	2656	10412	409520	167	812676	96356	92385280	24921616	32493568
294	P2	2026-08-14T00:31:10,774947105-0700	1786692670769488605	ServiceD	ServiceD	953	9648	6748	3364	19760	87390	743	812676	96356	92385280	24921616	32493568
294	P2	2026-08-14T00:31:10,774947105-0700	1786692670769488605	ServiceE	ServiceE	545	8772	2120	7800	18692	28356	342	812676	96356	92385280	24921616	32493568
294	P2	2026-08-14T00:31:10,774947105-0700	1786692670769488605	ServiceL	ServiceL	579	6408	2200	1640	10248	33026	1176	812676	96356	92385280	24921616	32493568
294	P2	2026-08-14T00:31:10,774947105-0700	1786692670769488605	ServiceH[ServiceK]	ServiceH	3740	13160	25584	4324	43068	105696	103	812676	96356	92385280	24921616	32493568
294	P2	2026-08-14T00:31:10,774947105-0700	1786692670769488605	ServiceB	ServiceB	692	3944	4480	2176	10600	30005	414	812676	96356	92385280	24921616	32493568
294	P2	2026-08-14T00:31:10,774947105-0700	1786692670769488605	ServiceC	ServiceC	676	3976	8584	1540	14100	223770	970	812676	96356	92385280	24921616	32493568
295	P2	2026-08-14T00:31:12,774621354-0700	1786692672767472104	AppProcD	AppProcD	543	29760	38592	6600	74952	414958	582	813112	96356	92385280	24921616	32493568
295	P2	2026-08-14T00:31:12,774621354-0700	1786692672767472104	AppProcC	AppProcC	2671	15008	16164	4428	35600	101668	41	813112	96356	92385280	24921616	32493568
295	P2	2026-08-14T00:31:12,774621354-0700	1786692672767472104	AppProcB	AppProcB	945	10200	12488	5468	28156	121362	1966	813112	96356	92385280	24921616	32493568
295	P2	2026-08-14T00:31:12,774621354-0700	1786692672767472104	ServiceA	ServiceA	3953	3272	4484	2656	10412	409520	167	813112	96356	92385280	24921616	32493568
295	P2	2026-08-14T00:31:12,774621354-0700	1786692672767472104	ServiceD	ServiceD	953	9648	6748	3364	19760	87430	743	813112	96356	92385280	24921616	32493568
295	P2	2026-08-14T00:31:12,774621354-0700	1786692672767472104	ServiceE	ServiceE	545	8772	2120	7800	18692	28356	342	813112	96356	92385280	24921616	32493568
295	P2	2026-08-14T00:31:12,774621354-0700	1786692672767472104	ServiceL	ServiceL	579	6408	2200	1640	10248	33026	1176	813112	96356	92385280	24921616	32493568
295	P2	2026-08-14T00:31:12,774621354-0700	1786692672767472104	ServiceH[ServiceK]	ServiceH	3740	13160	25584	4324	43068	105696	103	813112	96356	92385280	24921616	32493568
295	P2	2026-08-14T00:31:12,774621354-0700	1786692672767472104	ServiceB	ServiceB	692	3944	4480	2176	10600	30005	414	813112	96356	92385280	24921616	32493568
295	P2	2026-08-14T00:31:12,774621354-0700	1786692672767472104	ServiceC	ServiceC	676	3976	8584	1540	14100	223770	970	813112	96356	92385280	24921616	32493568
296	P2	2026-08-14T00:31:14,775532854-0700	1786692674768607937	AppProcD	AppProcD	543	29760	38592	6600	74952	414960	582	811508	96356	92385280	24921616	32493568
296	P2	2026-08-14T00:31:14,775532854-0700	1786692674768607937	AppProcC	AppProcC	2671	15008	16164	4428	35600	101668	41	811508	96356	92385280	24921616	32493568
296	P2	2026-08-14T00:31:14,775532854-0700	1786692674768607937	AppProcB	AppProcB	945	10200	12488	5468	28156	121362	1966	811508	96356	92385280	24921616	32493568
296	P2	2026-08-14T00:31:14,775532854-0700	1786692674768607937	ServiceA	ServiceA	3953	3272	4484	2656	10412	409520	167	811508	96356	92385280	24921616	32493568
296	P2	2026-08-14T00:31:14,775532854-0700	1786692674768607937	ServiceD	ServiceD	953	9648	6748	3364	19760	87430	743	811508	96356	92385280	24921616	32493568
296	P2	2026-08-14T00:31:14,775532854-0700	1786692674768607937	ServiceE	ServiceE	545	8772	2120	7800	18692	28356	342	811508	96356	92385280	24921616	32493568
296	P2	2026-08-14T00:31:14,775532854-0700	1786692674768607937	ServiceL	ServiceL	579	6408	2200	1640	10248	33056	1176	811508	96356	92385280	24921616	32493568
296	P2	2026-08-14T00:31:14,775532854-0700	1786692674768607937	ServiceH[ServiceK]	ServiceH	3740	13160	25584	4324	43068	105736	103	811508	96356	92385280	24921616	32493568
296	P2	2026-08-14T00:31:14,775532854-0700	1786692674768607937	ServiceB	ServiceB	692	3944	4480	2176	10600	30005	414	811508	96356	92385280	24921616	32493568
296	P2	2026-08-14T00:31:14,775532854-0700	1786692674768607937	ServiceC	ServiceC	676	3976	8584	1540	14100	223770	970	811508	96356	92385280	24921616	32493568
297	P2	2026-08-14T00:31:16,780967770-0700	1786692676774352187	AppProcD	AppProcD	543	29760	38592	6600	74952	414960	582	810848	96356	92385280	24921616	32493568
297	P2	2026-08-14T00:31:16,780967770-0700	1786692676774352187	AppProcC	AppProcC	2671	15008	16164	4428	35600	101669	41	810848	96356	92385280	24921616	32493568
297	P2	2026-08-14T00:31:16,780967770-0700	1786692676774352187	AppProcB	AppProcB	945	10200	12488	5468	28156	121402	1966	810848	96356	92385280	24921616	32493568
297	P2	2026-08-14T00:31:16,780967770-0700	1786692676774352187	ServiceA	ServiceA	3953	3272	4484	2656	10412	409520	167	810848	96356	92385280	24921616	32493568
297	P2	2026-08-14T00:31:16,780967770-0700	1786692676774352187	ServiceD	ServiceD	953	9648	6748	3364	19760	87430	743	810848	96356	92385280	24921616	32493568
297	P2	2026-08-14T00:31:16,780967770-0700	1786692676774352187	ServiceE	ServiceE	545	8772	2120	7800	18692	28356	342	810848	96356	92385280	24921616	32493568
297	P2	2026-08-14T00:31:16,780967770-0700	1786692676774352187	ServiceL	ServiceL	579	6408	2200	1640	10248	33056	1176	810848	96356	92385280	24921616	32493568
297	P2	2026-08-14T00:31:16,780967770-0700	1786692676774352187	ServiceH[ServiceK]	ServiceH	3740	13160	25584	4324	43068	105736	103	810848	96356	92385280	24921616	32493568
297	P2	2026-08-14T00:31:16,780967770-0700	1786692676774352187	ServiceB	ServiceB	692	3944	4480	2176	10600	30005	414	810848	96356	92385280	24921616	32493568
297	P2	2026-08-14T00:31:16,780967770-0700	1786692676774352187	ServiceC	ServiceC	676	3976	8584	1540	14100	223770	970	810848	96356	92385280	24921616	32493568
298	P2	2026-08-14T00:31:18,776884853-0700	1786692678770692020	AppProcD	AppProcD	543	29760	38592	6600	74952	414962	582	810880	96356	92385280	24921616	32493568
298	P2	2026-08-14T00:31:18,776884853-0700	1786692678770692020	AppProcC	AppProcC	2671	15008	16164	4428	35600	101669	41	810880	96356	92385280	24921616	32493568
298	P2	2026-08-14T00:31:18,776884853-0700	1786692678770692020	AppProcB	AppProcB	945	10200	12488	5468	28156	121402	1966	810880	96356	92385280	24921616	32493568
298	P2	2026-08-14T00:31:18,776884853-0700	1786692678770692020	ServiceA	ServiceA	3953	3272	4484	2656	10412	409520	167	810880	96356	92385280	24921616	32493568
298	P2	2026-08-14T00:31:18,776884853-0700	1786692678770692020	ServiceD	ServiceD	953	9648	6748	3364	19760	87470	743	810880	96356	92385280	24921616	32493568
298	P2	2026-08-14T00:31:18,776884853-0700	1786692678770692020	ServiceE	ServiceE	545	8772	2120	7800	18692	28356	342	810880	96356	92385280	24921616	32493568
298	P2	2026-08-14T00:31:18,776884853-0700	1786692678770692020	ServiceL	ServiceL	579	6408	2200	1640	10248	33086	1176	810880	96356	92385280	24921616	32493568
298	P2	2026-08-14T00:31:18,776884853-0700	1786692678770692020	ServiceH[ServiceK]	ServiceH	3740	13160	25584	4324	43068	105736	103	810880	96356	92385280	24921616	32493568
298	P2	2026-08-14T00:31:18,776884853-0700	1786692678770692020	ServiceB	ServiceB	692	3944	4480	2176	10600	30005	414	810880	96356	92385280	24921616	32493568
298	P2	2026-08-14T00:31:18,776884853-0700	1786692678770692020	ServiceC	ServiceC	676	3976	8584	1540	14100	223770	970	810880	96356	92385280	24921616	32493568
299	P2	2026-08-14T00:31:20,777491436-0700	1786692680772955936	AppProcD	AppProcD	543	29760	38592	6600	74952	414962	582	811076	96356	92385280	24921616	32493568
299	P2	2026-08-14T00:31:20,777491436-0700	1786692680772955936	AppProcC	AppProcC	2671	15008	16164	4428	35600	101669	41	811076	96356	92385280	24921616	32493568
299	P2	2026-08-14T00:31:20,777491436-0700	1786692680772955936	AppProcB	AppProcB	945	10200	12488	5468	28156	121402	1966	811076	96356	92385280	24921616	32493568
299	P2	2026-08-14T00:31:20,777491436-0700	1786692680772955936	ServiceA	ServiceA	3953	3272	4484	2656	10412	409520	167	811076	96356	92385280	24921616	32493568
299	P2	2026-08-14T00:31:20,777491436-0700	1786692680772955936	ServiceD	ServiceD	953	9648	6748	3364	19760	87470	743	811076	96356	92385280	24921616	32493568
299	P2	2026-08-14T00:31:20,777491436-0700	1786692680772955936	ServiceE	ServiceE	545	8772	2120	7800	18692	28356	342	811076	96356	92385280	24921616	32493568
299	P2	2026-08-14T00:31:20,777491436-0700	1786692680772955936	ServiceL	ServiceL	579	6408	2200	1640	10248	33086	1176	811076	96356	92385280	24921616	32493568
299	P2	2026-08-14T00:31:20,777491436-0700	1786692680772955936	ServiceH[ServiceK]	ServiceH	3740	13160	25584	4324	43068	105776	103	811076	96356	92385280	24921616	32493568
299	P2	2026-08-14T00:31:20,777491436-0700	1786692680772955936	ServiceB	ServiceB	692	3944	4480	2176	10600	30005	414	811076	96356	92385280	24921616	32493568
299	P2	2026-08-14T00:31:20,777491436-0700	1786692680772955936	ServiceC	ServiceC	676	3976	8584	1540	14100	223770	970	811076	96356	92385280	24921616	32493568
300	P2	2026-08-14T00:31:22,774656269-0700	1786692682769852019	AppProcD	AppProcD	543	29760	38604	6600	74964	414970	582	810684	96356	92385280	24921616	32493568
300	P2	2026-08-14T00:31:22,774656269-0700	1786692682769852019	AppProcC	AppProcC	2671	15008	16164	4428	35600	101670	41	810684	96356	92385280	24921616	32493568
300	P2	2026-08-14T00:31:22,774656269-0700	1786692682769852019	AppProcB	AppProcB	945	10200	12488	5468	28156	121442	1966	810684	96356	92385280	24921616	32493568
300	P2	2026-08-14T00:31:22,774656269-0700	1786692682769852019	ServiceA	ServiceA	3953	3272	4484	2656	10412	409520	167	810684	96356	92385280	24921616	32493568
300	P2	2026-08-14T00:31:22,774656269-0700	1786692682769852019	ServiceD	ServiceD	953	9648	6748	3364	19760	87510	743	810684	96356	92385280	24921616	32493568
300	P2	2026-08-14T00:31:22,774656269-0700	1786692682769852019	ServiceE	ServiceE	545	8772	2120	7800	18692	28356	342	810684	96356	92385280	24921616	32493568
300	P2	2026-08-14T00:31:22,774656269-0700	1786692682769852019	ServiceL	ServiceL	579	6408	2200	1640	10248	33086	1176	810684	96356	92385280	24921616	32493568
300	P2	2026-08-14T00:31:22,774656269-0700	1786692682769852019	ServiceH[ServiceK]	ServiceH	3740	13160	25584	4324	43068	105776	103	810684	96356	92385280	24921616	32493568
300	P2	2026-08-14T00:31:22,774656269-0700	1786692682769852019	ServiceB	ServiceB	692	3944	4480	2176	10600	30005	414	810684	96356	92385280	24921616	32493568
300	P2	2026-08-14T00:31:22,774656269-0700	1786692682769852019	ServiceC	ServiceC	676	3976	8584	1540	14100	223770	970	810684	96356	92385280	24921616	32493568
301	P2	2026-08-14T00:31:24,776933518-0700	1786692684772637852	AppProcD	AppProcD	543	29760	38604	6600	74964	414972	582	810748	96356	92385280	24921616	32493568
301	P2	2026-08-14T00:31:24,776933518-0700	1786692684772637852	AppProcC	AppProcC	2671	15008	16164	4428	35600	101670	41	810748	96356	92385280	24921616	32493568
301	P2	2026-08-14T00:31:24,776933518-0700	1786692684772637852	AppProcB	AppProcB	945	10200	12488	5468	28156	121442	1966	810748	96356	92385280	24921616	32493568
301	P2	2026-08-14T00:31:24,776933518-0700	1786692684772637852	ServiceA	ServiceA	3953	3272	4484	2656	10412	409520	167	810748	96356	92385280	24921616	32493568
301	P2	2026-08-14T00:31:24,776933518-0700	1786692684772637852	ServiceD	ServiceD	953	9648	6748	3364	19760	87510	743	810748	96356	92385280	24921616	32493568
301	P2	2026-08-14T00:31:24,776933518-0700	1786692684772637852	ServiceE	ServiceE	545	8772	2120	7800	18692	28356	342	810748	96356	92385280	24921616	32493568
301	P2	2026-08-14T00:31:24,776933518-0700	1786692684772637852	ServiceL	ServiceL	579	6408	2200	1640	10248	33116	1176	810748	96356	92385280	24921616	32493568
301	P2	2026-08-14T00:31:24,776933518-0700	1786692684772637852	ServiceH[ServiceK]	ServiceH	3740	13160	25584	4324	43068	105816	103	810748	96356	92385280	24921616	32493568
301	P2	2026-08-14T00:31:24,776933518-0700	1786692684772637852	ServiceB	ServiceB	692	3944	4480	2176	10600	30005	414	810748	96356	92385280	24921616	32493568
301	P2	2026-08-14T00:31:24,776933518-0700	1786692684772637852	ServiceC	ServiceC	676	3976	8584	1540	14100	223770	970	810748	96356	92385280	24921616	32493568
302	P2	2026-08-14T00:31:26,778855518-0700	1786692686773511518	AppProcD	AppProcD	543	29760	38604	6600	74964	414978	582	809276	96356	92385280	24921616	32493568
302	P2	2026-08-14T00:31:26,778855518-0700	1786692686773511518	AppProcC	AppProcC	2671	15008	16164	4428	35600	101671	41	809276	96356	92385280	24921616	32493568
302	P2	2026-08-14T00:31:26,778855518-0700	1786692686773511518	AppProcB	AppProcB	945	10200	12488	5468	28156	121482	1966	809276	96356	92385280	24921616	32493568
302	P2	2026-08-14T00:31:26,778855518-0700	1786692686773511518	ServiceA	ServiceA	3953	3272	4484	2656	10412	409520	167	809276	96356	92385280	24921616	32493568
302	P2	2026-08-14T00:31:26,778855518-0700	1786692686773511518	ServiceD	ServiceD	953	9648	6748	3364	19760	87510	743	809276	96356	92385280	24921616	32493568
302	P2	2026-08-14T00:31:26,778855518-0700	1786692686773511518	ServiceE	ServiceE	545	8772	2120	7800	18692	28356	342	809276	96356	92385280	24921616	32493568
302	P2	2026-08-14T00:31:26,778855518-0700	1786692686773511518	ServiceL	ServiceL	579	6408	2200	1640	10248	33116	1176	809276	96356	92385280	24921616	32493568
302	P2	2026-08-14T00:31:26,778855518-0700	1786692686773511518	ServiceH[ServiceK]	ServiceH	3740	13160	25584	4324	43068	105816	103	809276	96356	92385280	24921616	32493568
302	P2	2026-08-14T00:31:26,778855518-0700	1786692686773511518	ServiceB	ServiceB	692	3944	4480	2176	10600	30005	414	809276	96356	92385280	24921616	32493568
302	P2	2026-08-14T00:31:26,778855518-0700	1786692686773511518	ServiceC	ServiceC	676	3976	8584	1540	14100	223770	970	809276	96356	92385280	24921616	32493568
303	P2	2026-08-14T00:31:28,777921017-0700	1786692688773530767	AppProcD	AppProcD	543	29760	38604	6600	74964	414980	582	809640	96356	92385280	24921616	32493568
303	P2	2026-08-14T00:31:28,777921017-0700	1786692688773530767	AppProcC	AppProcC	2671	15008	16164	4428	35600	101671	41	809640	96356	92385280	24921616	32493568
303	P2	2026-08-14T00:31:28,777921017-0700	1786692688773530767	AppProcB	AppProcB	945	10200	12488	5468	28156	121482	1966	809640	96356	92385280	24921616	32493568
303	P2	2026-08-14T00:31:28,777921017-0700	1786692688773530767	ServiceA	ServiceA	3953	3272	4484	2656	10412	409520	167	809640	96356	92385280	24921616	32493568
303	P2	2026-08-14T00:31:28,777921017-0700	1786692688773530767	ServiceD	ServiceD	953	9648	6748	3364	19760	87550	743	809640	96356	92385280	24921616	32493568
303	P2	2026-08-14T00:31:28,777921017-0700	1786692688773530767	ServiceE	ServiceE	545	8772	2120	7800	18692	28356	342	809640	96356	92385280	24921616	32493568
303	P2	2026-08-14T00:31:28,777921017-0700	1786692688773530767	ServiceL	ServiceL	579	6408	2200	1640	10248	33146	1176	809640	96356	92385280	24921616	32493568
303	P2	2026-08-14T00:31:28,777921017-0700	1786692688773530767	ServiceH[ServiceK]	ServiceH	3740	13160	25584	4324	43068	105816	103	809640	96356	92385280	24921616	32493568
303	P2	2026-08-14T00:31:28,777921017-0700	1786692688773530767	ServiceB	ServiceB	692	3944	4480	2176	10600	30005	414	809640	96356	92385280	24921616	32493568
303	P2	2026-08-14T00:31:28,777921017-0700	1786692688773530767	ServiceC	ServiceC	676	3976	8584	1540	14100	223770	970	809640	96356	92385280	24921616	32493568
304	P2	2026-08-14T00:31:30,774541933-0700	1786692690769124683	AppProcD	AppProcD	543	29760	38604	6600	74964	414980	582	809512	96356	92385280	24921616	32493568
304	P2	2026-08-14T00:31:30,774541933-0700	1786692690769124683	AppProcC	AppProcC	2671	15008	16164	4428	35600	101671	41	809512	96356	92385280	24921616	32493568
304	P2	2026-08-14T00:31:30,774541933-0700	1786692690769124683	AppProcB	AppProcB	945	10200	12488	5468	28156	121482	1966	809512	96356	92385280	24921616	32493568
304	P2	2026-08-14T00:31:30,774541933-0700	1786692690769124683	ServiceA	ServiceA	3953	3272	4484	2656	10412	409520	167	809512	96356	92385280	24921616	32493568
304	P2	2026-08-14T00:31:30,774541933-0700	1786692690769124683	ServiceD	ServiceD	953	9648	6748	3364	19760	87550	743	809512	96356	92385280	24921616	32493568
304	P2	2026-08-14T00:31:30,774541933-0700	1786692690769124683	ServiceE	ServiceE	545	8772	2120	7800	18692	28356	342	809512	96356	92385280	24921616	32493568
304	P2	2026-08-14T00:31:30,774541933-0700	1786692690769124683	ServiceL	ServiceL	579	6408	2200	1640	10248	33146	1176	809512	96356	92385280	24921616	32493568
304	P2	2026-08-14T00:31:30,774541933-0700	1786692690769124683	ServiceH[ServiceK]	ServiceH	3740	13160	25556	4324	43040	105856	103	809512	96356	92385280	24921616	32493568
304	P2	2026-08-14T00:31:30,774541933-0700	1786692690769124683	ServiceB	ServiceB	692	3944	4480	2176	10600	30006	414	809512	96356	92385280	24921616	32493568
304	P2	2026-08-14T00:31:30,774541933-0700	1786692690769124683	ServiceC	ServiceC	676	3976	8584	1540	14100	223770	970	809512	96356	92385280	24921616	32493568
305	P2	2026-08-14T00:31:32,776053516-0700	1786692692770729266	AppProcD	AppProcD	543	29760	38588	6600	74948	414984	582	810408	96356	92385280	24921616	32493568
305	P2	2026-08-14T00:31:32,776053516-0700	1786692692770729266	AppProcC	AppProcC	2671	15008	16164	4428	35600	101672	41	810408	96356	92385280	24921616	32493568
305	P2	2026-08-14T00:31:32,776053516-0700	1786692692770729266	AppProcB	AppProcB	945	10200	12488	5468	28156	121522	1966	810408	96356	92385280	24921616	32493568
305	P2	2026-08-14T00:31:32,776053516-0700	1786692692770729266	ServiceA	ServiceA	3953	3272	4484	2656	10412	409520	167	810408	96356	92385280	24921616	32493568
305	P2	2026-08-14T00:31:32,776053516-0700	1786692692770729266	ServiceD	ServiceD	953	9648	6748	3364	19760	87590	743	810408	96356	92385280	24921616	32493568
305	P2	2026-08-14T00:31:32,776053516-0700	1786692692770729266	ServiceE	ServiceE	545	8772	2120	7800	18692	28356	342	810408	96356	92385280	24921616	32493568
305	P2	2026-08-14T00:31:32,776053516-0700	1786692692770729266	ServiceL	ServiceL	579	6408	2200	1640	10248	33146	1176	810408	96356	92385280	24921616	32493568
305	P2	2026-08-14T00:31:32,776053516-0700	1786692692770729266	ServiceH[ServiceK]	ServiceH	3740	13160	25556	4324	43040	105856	103	810408	96356	92385280	24921616	32493568
305	P2	2026-08-14T00:31:32,776053516-0700	1786692692770729266	ServiceB	ServiceB	692	3944	4480	2176	10600	30006	414	810408	96356	92385280	24921616	32493568
305	P2	2026-08-14T00:31:32,776053516-0700	1786692692770729266	ServiceC	ServiceC	676	3976	8584	1540	14100	223770	970	810408	96356	92385280	24921616	32493568
306	P2	2026-08-14T00:31:34,778895849-0700	1786692694774158349	AppProcD	AppProcD	543	29760	38588	6600	74948	414988	582	808544	96356	92385280	24921616	32493568
306	P2	2026-08-14T00:31:34,778895849-0700	1786692694774158349	AppProcC	AppProcC	2671	15008	16164	4428	35600	101672	41	808544	96356	92385280	24921616	32493568
306	P2	2026-08-14T00:31:34,778895849-0700	1786692694774158349	AppProcB	AppProcB	945	10200	12488	5468	28156	121522	1966	808544	96356	92385280	24921616	32493568
306	P2	2026-08-14T00:31:34,778895849-0700	1786692694774158349	ServiceA	ServiceA	3953	3272	4484	2656	10412	409520	167	808544	96356	92385280	24921616	32493568
306	P2	2026-08-14T00:31:34,778895849-0700	1786692694774158349	ServiceD	ServiceD	953	9648	6748	3364	19760	87590	743	808544	96356	92385280	24921616	32493568
306	P2	2026-08-14T00:31:34,778895849-0700	1786692694774158349	ServiceE	ServiceE	545	8772	2120	7800	18692	28356	342	808544	96356	92385280	24921616	32493568
306	P2	2026-08-14T00:31:34,778895849-0700	1786692694774158349	ServiceL	ServiceL	579	6408	2200	1640	10248	33176	1176	808544	96356	92385280	24921616	32493568
306	P2	2026-08-14T00:31:34,778895849-0700	1786692694774158349	ServiceH[ServiceK]	ServiceH	3740	13160	25556	4324	43040	105896	103	808544	96356	92385280	24921616	32493568
306	P2	2026-08-14T00:31:34,778895849-0700	1786692694774158349	ServiceB	ServiceB	692	3944	4480	2176	10600	30006	414	808544	96356	92385280	24921616	32493568
306	P2	2026-08-14T00:31:34,778895849-0700	1786692694774158349	ServiceC	ServiceC	676	3976	8584	1540	14100	223770	970	808544	96356	92385280	24921616	32493568
307	P2	2026-08-14T00:31:36,775279599-0700	1786692696770140099	AppProcD	AppProcD	543	29760	38588	6600	74948	414988	582	806960	96356	92385280	24921616	32493568
307	P2	2026-08-14T00:31:36,775279599-0700	1786692696770140099	AppProcC	AppProcC	2671	15008	16164	4428	35600	101673	41	806960	96356	92385280	24921616	32493568
307	P2	2026-08-14T00:31:36,775279599-0700	1786692696770140099	AppProcB	AppProcB	945	10200	12488	5468	28156	121562	1966	806960	96356	92385280	24921616	32493568
307	P2	2026-08-14T00:31:36,775279599-0700	1786692696770140099	ServiceA	ServiceA	3953	3272	4484	2656	10412	409520	167	806960	96356	92385280	24921616	32493568
307	P2	2026-08-14T00:31:36,775279599-0700	1786692696770140099	ServiceD	ServiceD	953	9648	6748	3364	19760	87590	743	806960	96356	92385280	24921616	32493568
307	P2	2026-08-14T00:31:36,775279599-0700	1786692696770140099	ServiceE	ServiceE	545	8772	2120	7800	18692	28356	342	806960	96356	92385280	24921616	32493568
307	P2	2026-08-14T00:31:36,775279599-0700	1786692696770140099	ServiceL	ServiceL	579	6408	2200	1640	10248	33176	1176	806960	96356	92385280	24921616	32493568
307	P2	2026-08-14T00:31:36,775279599-0700	1786692696770140099	ServiceH[ServiceK]	ServiceH	3740	13160	25556	4324	43040	105896	103	806960	96356	92385280	24921616	32493568
307	P2	2026-08-14T00:31:36,775279599-0700	1786692696770140099	ServiceB	ServiceB	692	3944	4480	2176	10600	30007	414	806960	96356	92385280	24921616	32493568
307	P2	2026-08-14T00:31:36,775279599-0700	1786692696770140099	ServiceC	ServiceC	676	3976	8584	1540	14100	223770	970	806960	96356	92385280	24921616	32493568
308	P2	2026-08-14T00:31:38,774477515-0700	1786692698769681848	AppProcD	AppProcD	543	29760	38588	6600	74948	414990	582	808444	96356	92385280	24921616	32493568
308	P2	2026-08-14T00:31:38,774477515-0700	1786692698769681848	AppProcC	AppProcC	2671	15008	16164	4428	35600	101673	41	808444	96356	92385280	24921616	32493568
308	P2	2026-08-14T00:31:38,774477515-0700	1786692698769681848	AppProcB	AppProcB	945	10200	12488	5468	28156	121564	1966	808444	96356	92385280	24921616	32493568
308	P2	2026-08-14T00:31:38,774477515-0700	1786692698769681848	ServiceA	ServiceA	3953	3272	4484	2656	10412	409520	167	808444	96356	92385280	24921616	32493568
308	P2	2026-08-14T00:31:38,774477515-0700	1786692698769681848	ServiceD	ServiceD	953	9648	6748	3364	19760	87630	743	808444	96356	92385280	24921616	32493568
308	P2	2026-08-14T00:31:38,774477515-0700	1786692698769681848	ServiceE	ServiceE	545	8772	2120	7800	18692	28356	342	808444	96356	92385280	24921616	32493568
308	P2	2026-08-14T00:31:38,774477515-0700	1786692698769681848	ServiceL	ServiceL	579	6408	2200	1640	10248	33206	1176	808444	96356	92385280	24921616	32493568
308	P2	2026-08-14T00:31:38,774477515-0700	1786692698769681848	ServiceH[ServiceK]	ServiceH	3740	13160	25556	4324	43040	105896	103	808444	96356	92385280	24921616	32493568
308	P2	2026-08-14T00:31:38,774477515-0700	1786692698769681848	ServiceB	ServiceB	692	3944	4480	2176	10600	30007	414	808444	96356	92385280	24921616	32493568
308	P2	2026-08-14T00:31:38,774477515-0700	1786692698769681848	ServiceC	ServiceC	676	3976	8584	1540	14100	223770	970	808444	96356	92385280	24921616	32493568
309	P2	2026-08-14T00:31:40,775538764-0700	1786692700768536598	AppProcD	AppProcD	543	29760	38580	6600	74940	414990	582	809360	96356	92385280	24921616	32493568
309	P2	2026-08-14T00:31:40,775538764-0700	1786692700768536598	AppProcC	AppProcC	2671	15008	16164	4428	35600	101673	41	809360	96356	92385280	24921616	32493568
309	P2	2026-08-14T00:31:40,775538764-0700	1786692700768536598	AppProcB	AppProcB	945	10200	12488	5468	28156	121564	1966	809360	96356	92385280	24921616	32493568
309	P2	2026-08-14T00:31:40,775538764-0700	1786692700768536598	ServiceA	ServiceA	3953	3272	4484	2656	10412	409520	167	809360	96356	92385280	24921616	32493568
309	P2	2026-08-14T00:31:40,775538764-0700	1786692700768536598	ServiceD	ServiceD	953	9648	6748	3364	19760	87630	743	809360	96356	92385280	24921616	32493568
309	P2	2026-08-14T00:31:40,775538764-0700	1786692700768536598	ServiceE	ServiceE	545	8772	2120	7800	18692	28356	342	809360	96356	92385280	24921616	32493568
309	P2	2026-08-14T00:31:40,775538764-0700	1786692700768536598	ServiceL	ServiceL	579	6408	2200	1640	10248	33206	1176	809360	96356	92385280	24921616	32493568
309	P2	2026-08-14T00:31:40,775538764-0700	1786692700768536598	ServiceH[ServiceK]	ServiceH	3740	13160	25556	4324	43040	105936	103	809360	96356	92385280	24921616	32493568
309	P2	2026-08-14T00:31:40,775538764-0700	1786692700768536598	ServiceB	ServiceB	692	3944	4480	2176	10600	30007	414	809360	96356	92385280	24921616	32493568
309	P2	2026-08-14T00:31:40,775538764-0700	1786692700768536598	ServiceC	ServiceC	676	3976	8584	1540	14100	223770	970	809360	96356	92385280	24921616	32493568
310	P2	2026-08-14T00:31:42,778769264-0700	1786692702770146431	AppProcD	AppProcD	543	29760	38580	6600	74940	414990	582	808204	96356	92385280	24921616	32493568
310	P2	2026-08-14T00:31:42,778769264-0700	1786692702770146431	AppProcC	AppProcC	2671	15008	16164	4428	35600	101674	41	808204	96356	92385280	24921616	32493568
310	P2	2026-08-14T00:31:42,778769264-0700	1786692702770146431	AppProcB	AppProcB	945	10200	12488	5468	28156	121604	1966	808204	96356	92385280	24921616	32493568
310	P2	2026-08-14T00:31:42,778769264-0700	1786692702770146431	ServiceA	ServiceA	3953	3272	4484	2656	10412	409520	167	808204	96356	92385280	24921616	32493568
310	P2	2026-08-14T00:31:42,778769264-0700	1786692702770146431	ServiceD	ServiceD	953	9648	6748	3364	19760	87670	743	808204	96356	92385280	24921616	32493568
310	P2	2026-08-14T00:31:42,778769264-0700	1786692702770146431	ServiceE	ServiceE	545	8772	2120	7800	18692	28356	342	808204	96356	92385280	24921616	32493568
310	P2	2026-08-14T00:31:42,778769264-0700	1786692702770146431	ServiceL	ServiceL	579	6408	2200	1640	10248	33206	1176	808204	96356	92385280	24921616	32493568
310	P2	2026-08-14T00:31:42,778769264-0700	1786692702770146431	ServiceH[ServiceK]	ServiceH	3740	13160	25556	4324	43040	105936	103	808204	96356	92385280	24921616	32493568
310	P2	2026-08-14T00:31:42,778769264-0700	1786692702770146431	ServiceB	ServiceB	692	3944	4480	2176	10600	30007	414	808204	96356	92385280	24921616	32493568
310	P2	2026-08-14T00:31:42,778769264-0700	1786692702770146431	ServiceC	ServiceC	676	3976	8584	1540	14100	223770	970	808204	96356	92385280	24921616	32493568
311	P2	2026-08-14T00:31:44,775366097-0700	1786692704770951513	AppProcD	AppProcD	543	29760	38580	6600	74940	414992	582	808384	96356	92385280	24921616	32493568
311	P2	2026-08-14T00:31:44,775366097-0700	1786692704770951513	AppProcC	AppProcC	2671	15008	16164	4428	35600	101674	41	808384	96356	92385280	24921616	32493568
311	P2	2026-08-14T00:31:44,775366097-0700	1786692704770951513	AppProcB	AppProcB	945	10200	12488	5468	28156	121604	1966	808384	96356	92385280	24921616	32493568
311	P2	2026-08-14T00:31:44,775366097-0700	1786692704770951513	ServiceA	ServiceA	3953	3272	4484	2656	10412	409520	167	808384	96356	92385280	24921616	32493568
311	P2	2026-08-14T00:31:44,775366097-0700	1786692704770951513	ServiceD	ServiceD	953	9648	6748	3364	19760	87670	743	808384	96356	92385280	24921616	32493568
311	P2	2026-08-14T00:31:44,775366097-0700	1786692704770951513	ServiceE	ServiceE	545	8772	2120	7800	18692	28356	342	808384	96356	92385280	24921616	32493568
311	P2	2026-08-14T00:31:44,775366097-0700	1786692704770951513	ServiceL	ServiceL	579	6408	2200	1640	10248	33236	1176	808384	96356	92385280	24921616	32493568
311	P2	2026-08-14T00:31:44,775366097-0700	1786692704770951513	ServiceH[ServiceK]	ServiceH	3740	13160	25556	4324	43040	105976	103	808384	96356	92385280	24921616	32493568
311	P2	2026-08-14T00:31:44,775366097-0700	1786692704770951513	ServiceB	ServiceB	692	3944	4480	2176	10600	30007	414	808384	96356	92385280	24921616	32493568
311	P2	2026-08-14T00:31:44,775366097-0700	1786692704770951513	ServiceC	ServiceC	676	3976	8584	1540	14100	223770	970	808384	96356	92385280	24921616	32493568
312	P2	2026-08-14T00:31:46,774543430-0700	1786692706770018930	AppProcD	AppProcD	543	29760	38580	6600	74940	414992	582	807140	96356	92385280	24921616	32493568
312	P2	2026-08-14T00:31:46,774543430-0700	1786692706770018930	AppProcC	AppProcC	2671	15008	16164	4428	35600	101675	41	807140	96356	92385280	24921616	32493568
312	P2	2026-08-14T00:31:46,774543430-0700	1786692706770018930	AppProcB	AppProcB	945	10200	12488	5468	28156	121644	1966	807140	96356	92385280	24921616	32493568
312	P2	2026-08-14T00:31:46,774543430-0700	1786692706770018930	ServiceA	ServiceA	3953	3272	4484	2656	10412	409520	167	807140	96356	92385280	24921616	32493568
312	P2	2026-08-14T00:31:46,774543430-0700	1786692706770018930	ServiceD	ServiceD	953	9648	6748	3364	19760	87670	743	807140	96356	92385280	24921616	32493568
312	P2	2026-08-14T00:31:46,774543430-0700	1786692706770018930	ServiceE	ServiceE	545	8772	2120	7800	18692	28356	342	807140	96356	92385280	24921616	32493568
312	P2	2026-08-14T00:31:46,774543430-0700	1786692706770018930	ServiceL	ServiceL	579	6408	2200	1640	10248	33236	1176	807140	96356	92385280	24921616	32493568
312	P2	2026-08-14T00:31:46,774543430-0700	1786692706770018930	ServiceH[ServiceK]	ServiceH	3740	13160	25556	4324	43040	105976	103	807140	96356	92385280	24921616	32493568
312	P2	2026-08-14T00:31:46,774543430-0700	1786692706770018930	ServiceB	ServiceB	692	3944	4480	2176	10600	30007	414	807140	96356	92385280	24921616	32493568
312	P2	2026-08-14T00:31:46,774543430-0700	1786692706770018930	ServiceC	ServiceC	676	3976	8584	1540	14100	223770	970	807140	96356	92385280	24921616	32493568
313	P2	2026-08-14T00:31:48,776072179-0700	1786692708769924762	AppProcD	AppProcD	543	29760	38580	6600	74940	414994	582	808108	96356	92385280	24921616	32493568
313	P2	2026-08-14T00:31:48,776072179-0700	1786692708769924762	AppProcC	AppProcC	2671	15008	16164	4428	35600	101675	41	808108	96356	92385280	24921616	32493568
313	P2	2026-08-14T00:31:48,776072179-0700	1786692708769924762	AppProcB	AppProcB	945	10200	12488	5468	28156	121644	1966	808108	96356	92385280	24921616	32493568
313	P2	2026-08-14T00:31:48,776072179-0700	1786692708769924762	ServiceA	ServiceA	3953	3272	4484	2656	10412	409520	167	808108	96356	92385280	24921616	32493568
313	P2	2026-08-14T00:31:48,776072179-0700	1786692708769924762	ServiceD	ServiceD	953	9648	6748	3364	19760	87710	743	808108	96356	92385280	24921616	32493568
313	P2	2026-08-14T00:31:48,776072179-0700	1786692708769924762	ServiceE	ServiceE	545	8772	2120	7800	18692	28356	342	808108	96356	92385280	24921616	32493568
313	P2	2026-08-14T00:31:48,776072179-0700	1786692708769924762	ServiceL	ServiceL	579	6408	2200	1640	10248	33266	1176	808108	96356	92385280	24921616	32493568
313	P2	2026-08-14T00:31:48,776072179-0700	1786692708769924762	ServiceH[ServiceK]	ServiceH	3740	13160	25556	4324	43040	105976	103	808108	96356	92385280	24921616	32493568
313	P2	2026-08-14T00:31:48,776072179-0700	1786692708769924762	ServiceB	ServiceB	692	3944	4480	2176	10600	30007	414	808108	96356	92385280	24921616	32493568
313	P2	2026-08-14T00:31:48,776072179-0700	1786692708769924762	ServiceC	ServiceC	676	3976	8584	1540	14100	223770	970	808108	96356	92385280	24921616	32493568
314	P2	2026-08-14T00:31:50,776564179-0700	1786692710770555595	AppProcD	AppProcD	543	29760	38580	6600	74940	414994	582	807924	96356	92385280	24921616	32493568
314	P2	2026-08-14T00:31:50,776564179-0700	1786692710770555595	AppProcC	AppProcC	2671	15008	16164	4428	35600	101675	41	807924	96356	92385280	24921616	32493568
314	P2	2026-08-14T00:31:50,776564179-0700	1786692710770555595	AppProcB	AppProcB	945	10200	12488	5468	28156	121644	1966	807924	96356	92385280	24921616	32493568
314	P2	2026-08-14T00:31:50,776564179-0700	1786692710770555595	ServiceA	ServiceA	3953	3272	4484	2656	10412	409520	167	807924	96356	92385280	24921616	32493568
314	P2	2026-08-14T00:31:50,776564179-0700	1786692710770555595	ServiceD	ServiceD	953	9648	6748	3364	19760	87710	743	807924	96356	92385280	24921616	32493568
314	P2	2026-08-14T00:31:50,776564179-0700	1786692710770555595	ServiceE	ServiceE	545	8772	2120	7800	18692	28356	342	807924	96356	92385280	24921616	32493568
314	P2	2026-08-14T00:31:50,776564179-0700	1786692710770555595	ServiceL	ServiceL	579	6408	2200	1640	10248	33266	1176	807924	96356	92385280	24921616	32493568
314	P2	2026-08-14T00:31:50,776564179-0700	1786692710770555595	ServiceH[ServiceK]	ServiceH	3740	13160	25556	4324	43040	106016	103	807924	96356	92385280	24921616	32493568
314	P2	2026-08-14T00:31:50,776564179-0700	1786692710770555595	ServiceB	ServiceB	692	3944	4480	2176	10600	30007	414	807924	96356	92385280	24921616	32493568
314	P2	2026-08-14T00:31:50,776564179-0700	1786692710770555595	ServiceC	ServiceC	676	3976	8584	1540	14100	223770	970	807924	96356	92385280	24921616	32493568
315	P2	2026-08-14T00:31:52,776223095-0700	1786692712771617511	AppProcD	AppProcD	543	29760	38580	6600	74940	414994	582	809036	96356	92385280	24921616	32493568
315	P2	2026-08-14T00:31:52,776223095-0700	1786692712771617511	AppProcC	AppProcC	2671	15008	16164	4428	35600	101676	41	809036	96356	92385280	24921616	32493568
315	P2	2026-08-14T00:31:52,776223095-0700	1786692712771617511	AppProcB	AppProcB	945	10200	12488	5468	28156	121684	1966	809036	96356	92385280	24921616	32493568
315	P2	2026-08-14T00:31:52,776223095-0700	1786692712771617511	ServiceA	ServiceA	3953	3272	4484	2656	10412	409520	167	809036	96356	92385280	24921616	32493568
315	P2	2026-08-14T00:31:52,776223095-0700	1786692712771617511	ServiceD	ServiceD	953	9648	6748	3364	19760	87750	743	809036	96356	92385280	24921616	32493568
315	P2	2026-08-14T00:31:52,776223095-0700	1786692712771617511	ServiceE	ServiceE	545	8772	2120	7800	18692	28356	342	809036	96356	92385280	24921616	32493568
315	P2	2026-08-14T00:31:52,776223095-0700	1786692712771617511	ServiceL	ServiceL	579	6408	2200	1640	10248	33266	1176	809036	96356	92385280	24921616	32493568
315	P2	2026-08-14T00:31:52,776223095-0700	1786692712771617511	ServiceH[ServiceK]	ServiceH	3740	13160	25556	4324	43040	106016	103	809036	96356	92385280	24921616	32493568
315	P2	2026-08-14T00:31:52,776223095-0700	1786692712771617511	ServiceB	ServiceB	692	3944	4480	2176	10600	30007	414	809036	96356	92385280	24921616	32493568
315	P2	2026-08-14T00:31:52,776223095-0700	1786692712771617511	ServiceC	ServiceC	676	3976	8584	1540	14100	223770	970	809036	96356	92385280	24921616	32493568
316	P2	2026-08-14T00:31:54,775690928-0700	1786692714770463344	AppProcD	AppProcD	543	29760	38572	6600	74932	414996	582	808308	96356	92385280	24921616	32493568
316	P2	2026-08-14T00:31:54,775690928-0700	1786692714770463344	AppProcC	AppProcC	2671	15008	16164	4428	35600	101676	41	808308	96356	92385280	24921616	32493568
316	P2	2026-08-14T00:31:54,775690928-0700	1786692714770463344	AppProcB	AppProcB	945	10200	12488	5468	28156	121684	1966	808308	96356	92385280	24921616	32493568
316	P2	2026-08-14T00:31:54,775690928-0700	1786692714770463344	ServiceA	ServiceA	3953	3272	4484	2656	10412	409520	167	808308	96356	92385280	24921616	32493568
316	P2	2026-08-14T00:31:54,775690928-0700	1786692714770463344	ServiceD	ServiceD	953	9648	6748	3364	19760	87750	743	808308	96356	92385280	24921616	32493568
316	P2	2026-08-14T00:31:54,775690928-0700	1786692714770463344	ServiceE	ServiceE	545	8772	2120	7800	18692	28356	342	808308	96356	92385280	24921616	32493568
316	P2	2026-08-14T00:31:54,775690928-0700	1786692714770463344	ServiceL	ServiceL	579	6408	2200	1640	10248	33296	1176	808308	96356	92385280	24921616	32493568
316	P2	2026-08-14T00:31:54,775690928-0700	1786692714770463344	ServiceH[ServiceK]	ServiceH	3740	13160	25556	4324	43040	106056	103	808308	96356	92385280	24921616	32493568
316	P2	2026-08-14T00:31:54,775690928-0700	1786692714770463344	ServiceB	ServiceB	692	3944	4480	2176	10600	30007	414	808308	96356	92385280	24921616	32493568
316	P2	2026-08-14T00:31:54,775690928-0700	1786692714770463344	ServiceC	ServiceC	676	3976	8584	1540	14100	223770	970	808308	96356	92385280	24921616	32493568
317	P2	2026-08-14T00:31:56,778195677-0700	1786692716772937427	AppProcD	AppProcD	543	29760	38572	6600	74932	414996	582	807148	96356	92385280	24921616	32493568
317	P2	2026-08-14T00:31:56,778195677-0700	1786692716772937427	AppProcC	AppProcC	2671	15008	16164	4428	35600	101677	41	807148	96356	92385280	24921616	32493568
317	P2	2026-08-14T00:31:56,778195677-0700	1786692716772937427	AppProcB	AppProcB	945	10200	12488	5468	28156	121724	1966	807148	96356	92385280	24921616	32493568
317	P2	2026-08-14T00:31:56,778195677-0700	1786692716772937427	ServiceA	ServiceA	3953	3272	4484	2656	10412	409520	167	807148	96356	92385280	24921616	32493568
317	P2	2026-08-14T00:31:56,778195677-0700	1786692716772937427	ServiceD	ServiceD	953	9648	6748	3364	19760	87750	743	807148	96356	92385280	24921616	32493568
317	P2	2026-08-14T00:31:56,778195677-0700	1786692716772937427	ServiceE	ServiceE	545	8772	2120	7800	18692	28356	342	807148	96356	92385280	24921616	32493568
317	P2	2026-08-14T00:31:56,778195677-0700	1786692716772937427	ServiceL	ServiceL	579	6408	2200	1640	10248	33296	1176	807148	96356	92385280	24921616	32493568
317	P2	2026-08-14T00:31:56,778195677-0700	1786692716772937427	ServiceH[ServiceK]	ServiceH	3740	13160	25556	4324	43040	106056	103	807148	96356	92385280	24921616	32493568
317	P2	2026-08-14T00:31:56,778195677-0700	1786692716772937427	ServiceB	ServiceB	692	3944	4480	2176	10600	30007	414	807148	96356	92385280	24921616	32493568
317	P2	2026-08-14T00:31:56,778195677-0700	1786692716772937427	ServiceC	ServiceC	676	3976	8584	1540	14100	223770	970	807148	96356	92385280	24921616	32493568
318	P2	2026-08-14T00:31:58,774388260-0700	1786692718770052760	AppProcD	AppProcD	543	29788	38572	6600	74960	415003	582	808016	96356	92385280	24921616	32493568
318	P2	2026-08-14T00:31:58,774388260-0700	1786692718770052760	AppProcC	AppProcC	2671	15008	16164	4428	35600	101677	41	808016	96356	92385280	24921616	32493568
318	P2	2026-08-14T00:31:58,774388260-0700	1786692718770052760	AppProcB	AppProcB	945	10200	12488	5468	28156	121724	1966	808016	96356	92385280	24921616	32493568
318	P2	2026-08-14T00:31:58,774388260-0700	1786692718770052760	ServiceA	ServiceA	3953	3272	4484	2656	10412	409520	167	808016	96356	92385280	24921616	32493568
318	P2	2026-08-14T00:31:58,774388260-0700	1786692718770052760	ServiceD	ServiceD	953	9648	6748	3364	19760	87790	743	808016	96356	92385280	24921616	32493568
318	P2	2026-08-14T00:31:58,774388260-0700	1786692718770052760	ServiceE	ServiceE	545	8772	2120	7800	18692	28356	342	808016	96356	92385280	24921616	32493568
318	P2	2026-08-14T00:31:58,774388260-0700	1786692718770052760	ServiceL	ServiceL	579	6408	2200	1640	10248	33326	1176	808016	96356	92385280	24921616	32493568
318	P2	2026-08-14T00:31:58,774388260-0700	1786692718770052760	ServiceH[ServiceK]	ServiceH	3740	13160	25556	4324	43040	106056	103	808016	96356	92385280	24921616	32493568
318	P2	2026-08-14T00:31:58,774388260-0700	1786692718770052760	ServiceB	ServiceB	692	3944	4480	2176	10600	30007	414	808016	96356	92385280	24921616	32493568
318	P2	2026-08-14T00:31:58,774388260-0700	1786692718770052760	ServiceC	ServiceC	676	3976	8584	1540	14100	223770	970	808016	96356	92385280	24921616	32493568
319	P2	2026-08-14T00:32:00,776190260-0700	1786692720770006843	AppProcD	AppProcD	543	29788	38572	6600	74960	415005	582	807428	96356	92385280	24921616	32493568
319	P2	2026-08-14T00:32:00,776190260-0700	1786692720770006843	AppProcC	AppProcC	2671	15008	16164	4428	35600	101677	41	807428	96356	92385280	24921616	32493568
319	P2	2026-08-14T00:32:00,776190260-0700	1786692720770006843	AppProcB	AppProcB	945	10200	12488	5468	28156	121724	1966	807428	96356	92385280	24921616	32493568
319	P2	2026-08-14T00:32:00,776190260-0700	1786692720770006843	ServiceA	ServiceA	3953	3272	4484	2656	10412	409520	167	807428	96356	92385280	24921616	32493568
319	P2	2026-08-14T00:32:00,776190260-0700	1786692720770006843	ServiceD	ServiceD	953	9648	6748	3364	19760	87790	743	807428	96356	92385280	24921616	32493568
319	P2	2026-08-14T00:32:00,776190260-0700	1786692720770006843	ServiceE	ServiceE	545	8772	2120	7800	18692	28356	342	807428	96356	92385280	24921616	32493568
319	P2	2026-08-14T00:32:00,776190260-0700	1786692720770006843	ServiceL	ServiceL	579	6408	2200	1640	10248	33326	1176	807428	96356	92385280	24921616	32493568
319	P2	2026-08-14T00:32:00,776190260-0700	1786692720770006843	ServiceH[ServiceK]	ServiceH	3740	13160	25556	4324	43040	106096	103	807428	96356	92385280	24921616	32493568
319	P2	2026-08-14T00:32:00,776190260-0700	1786692720770006843	ServiceB	ServiceB	692	3944	4480	2176	10600	30007	414	807428	96356	92385280	24921616	32493568
319	P2	2026-08-14T00:32:00,776190260-0700	1786692720770006843	ServiceC	ServiceC	676	3976	8584	1540	14100	223770	970	807428	96356	92385280	24921616	32493568
320	P2	2026-08-14T00:32:02,774925926-0700	1786692722769259009	AppProcD	AppProcD	543	29788	38572	6600	74960	415005	582	808016	96356	92385280	24921616	32493568
320	P2	2026-08-14T00:32:02,774925926-0700	1786692722769259009	AppProcC	AppProcC	2671	15008	16164	4428	35600	101679	41	808016	96356	92385280	24921616	32493568
320	P2	2026-08-14T00:32:02,774925926-0700	1786692722769259009	AppProcB	AppProcB	945	10200	12488	5468	28156	121764	1966	808016	96356	92385280	24921616	32493568
320	P2	2026-08-14T00:32:02,774925926-0700	1786692722769259009	ServiceA	ServiceA	3953	3272	4484	2656	10412	409520	167	808016	96356	92385280	24921616	32493568
320	P2	2026-08-14T00:32:02,774925926-0700	1786692722769259009	ServiceD	ServiceD	953	9648	6748	3364	19760	87830	743	808016	96356	92385280	24921616	32493568
320	P2	2026-08-14T00:32:02,774925926-0700	1786692722769259009	ServiceE	ServiceE	545	8772	2120	7800	18692	28356	342	808016	96356	92385280	24921616	32493568
320	P2	2026-08-14T00:32:02,774925926-0700	1786692722769259009	ServiceL	ServiceL	579	6408	2200	1640	10248	33326	1176	808016	96356	92385280	24921616	32493568
320	P2	2026-08-14T00:32:02,774925926-0700	1786692722769259009	ServiceH[ServiceK]	ServiceH	3740	13160	25556	4324	43040	106096	103	808016	96356	92385280	24921616	32493568
320	P2	2026-08-14T00:32:02,774925926-0700	1786692722769259009	ServiceB	ServiceB	692	3944	4480	2176	10600	30007	414	808016	96356	92385280	24921616	32493568
320	P2	2026-08-14T00:32:02,774925926-0700	1786692722769259009	ServiceC	ServiceC	676	3976	8584	1540	14100	223770	970	808016	96356	92385280	24921616	32493568
321	P2	2026-08-14T00:32:04,776055259-0700	1786692724771433675	AppProcD	AppProcD	543	29788	38572	6600	74960	415007	582	807492	96356	92385280	24921616	32493568
321	P2	2026-08-14T00:32:04,776055259-0700	1786692724771433675	AppProcC	AppProcC	2671	15008	16164	4428	35600	101679	41	807492	96356	92385280	24921616	32493568
321	P2	2026-08-14T00:32:04,776055259-0700	1786692724771433675	AppProcB	AppProcB	945	10200	12488	5468	28156	121764	1966	807492	96356	92385280	24921616	32493568
321	P2	2026-08-14T00:32:04,776055259-0700	1786692724771433675	ServiceA	ServiceA	3953	3272	4484	2656	10412	409520	167	807492	96356	92385280	24921616	32493568
321	P2	2026-08-14T00:32:04,776055259-0700	1786692724771433675	ServiceD	ServiceD	953	9648	6748	3364	19760	87830	743	807492	96356	92385280	24921616	32493568
321	P2	2026-08-14T00:32:04,776055259-0700	1786692724771433675	ServiceE	ServiceE	545	8772	2120	7800	18692	28356	342	807492	96356	92385280	24921616	32493568
321	P2	2026-08-14T00:32:04,776055259-0700	1786692724771433675	ServiceL	ServiceL	579	6408	2200	1640	10248	33356	1176	807492	96356	92385280	24921616	32493568
321	P2	2026-08-14T00:32:04,776055259-0700	1786692724771433675	ServiceH[ServiceK]	ServiceH	3740	13160	25556	4324	43040	106136	103	807492	96356	92385280	24921616	32493568
321	P2	2026-08-14T00:32:04,776055259-0700	1786692724771433675	ServiceB	ServiceB	692	3944	4476	2176	10596	30010	414	807492	96356	92385280	24921616	32493568
321	P2	2026-08-14T00:32:04,776055259-0700	1786692724771433675	ServiceC	ServiceC	676	3976	8584	1540	14100	223814	970	807492	96356	92385280	24921616	32493568
322	P2	2026-08-14T00:32:06,778104925-0700	1786692726770792925	AppProcD	AppProcD	543	29788	38572	6600	74960	415007	582	808668	96356	92385280	24921616	32493568
322	P2	2026-08-14T00:32:06,778104925-0700	1786692726770792925	AppProcC	AppProcC	2671	15008	16164	4428	35600	101680	41	808668	96356	92385280	24921616	32493568
322	P2	2026-08-14T00:32:06,778104925-0700	1786692726770792925	AppProcB	AppProcB	945	10200	12488	5468	28156	121804	1966	808668	96356	92385280	24921616	32493568
322	P2	2026-08-14T00:32:06,778104925-0700	1786692726770792925	ServiceA	ServiceA	3953	3272	4484	2656	10412	409520	167	808668	96356	92385280	24921616	32493568
322	P2	2026-08-14T00:32:06,778104925-0700	1786692726770792925	ServiceD	ServiceD	953	9648	6748	3364	19760	88083	743	808668	96356	92385280	24921616	32493568
322	P2	2026-08-14T00:32:06,778104925-0700	1786692726770792925	ServiceE	ServiceE	545	8772	2120	7800	18692	28356	342	808668	96356	92385280	24921616	32493568
322	P2	2026-08-14T00:32:06,778104925-0700	1786692726770792925	ServiceL	ServiceL	579	6408	2200	1640	10248	33356	1176	808668	96356	92385280	24921616	32493568
322	P2	2026-08-14T00:32:06,778104925-0700	1786692726770792925	ServiceH[ServiceK]	ServiceH	3740	13160	25556	4324	43040	106136	103	808668	96356	92385280	24921616	32493568
322	P2	2026-08-14T00:32:06,778104925-0700	1786692726770792925	ServiceB	ServiceB	692	3892	4400	2176	10468	30010	414	808668	96356	92385280	24921616	32493568
322	P2	2026-08-14T00:32:06,778104925-0700	1786692726770792925	ServiceC	ServiceC	676	3976	8584	1540	14100	223814	970	808668	96356	92385280	24921616	32493568
323	P2	2026-08-14T00:32:08,778450091-0700	1786692728773117841	AppProcD	AppProcD	543	29788	38572	6600	74960	415009	582	809700	96356	92385280	24921616	32493568
323	P2	2026-08-14T00:32:08,778450091-0700	1786692728773117841	AppProcC	AppProcC	2671	15008	16164	4428	35600	101680	41	809700	96356	92385280	24921616	32493568
323	P2	2026-08-14T00:32:08,778450091-0700	1786692728773117841	AppProcB	AppProcB	945	10200	12488	5468	28156	121804	1966	809700	96356	92385280	24921616	32493568
323	P2	2026-08-14T00:32:08,778450091-0700	1786692728773117841	ServiceA	ServiceA	3953	3272	4484	2656	10412	409520	167	809700	96356	92385280	24921616	32493568
323	P2	2026-08-14T00:32:08,778450091-0700	1786692728773117841	ServiceD	ServiceD	953	9648	6748	3364	19760	88123	743	809700	96356	92385280	24921616	32493568
323	P2	2026-08-14T00:32:08,778450091-0700	1786692728773117841	ServiceE	ServiceE	545	8772	2120	7800	18692	28356	342	809700	96356	92385280	24921616	32493568
323	P2	2026-08-14T00:32:08,778450091-0700	1786692728773117841	ServiceL	ServiceL	579	6408	2200	1640	10248	33386	1176	809700	96356	92385280	24921616	32493568
323	P2	2026-08-14T00:32:08,778450091-0700	1786692728773117841	ServiceH[ServiceK]	ServiceH	3740	13160	25556	4324	43040	106136	103	809700	96356	92385280	24921616	32493568
323	P2	2026-08-14T00:32:08,778450091-0700	1786692728773117841	ServiceB	ServiceB	692	3892	4400	2176	10468	30010	414	809700	96356	92385280	24921616	32493568
323	P2	2026-08-14T00:32:08,778450091-0700	1786692728773117841	ServiceC	ServiceC	676	3976	8584	1540	14100	223814	970	809700	96356	92385280	24921616	32493568
324	P2	2026-08-14T00:32:10,776696174-0700	1786692730771159341	AppProcD	AppProcD	543	29788	38572	6600	74960	415011	582	809596	96356	92385280	24921616	32493568
324	P2	2026-08-14T00:32:10,776696174-0700	1786692730771159341	AppProcC	AppProcC	2671	15008	16164	4428	35600	101680	41	809596	96356	92385280	24921616	32493568
324	P2	2026-08-14T00:32:10,776696174-0700	1786692730771159341	AppProcB	AppProcB	945	10200	12488	5468	28156	121804	1966	809596	96356	92385280	24921616	32493568
324	P2	2026-08-14T00:32:10,776696174-0700	1786692730771159341	ServiceA	ServiceA	3953	3272	4484	2656	10412	409520	167	809596	96356	92385280	24921616	32493568
324	P2	2026-08-14T00:32:10,776696174-0700	1786692730771159341	ServiceD	ServiceD	953	9648	6748	3364	19760	88123	743	809596	96356	92385280	24921616	32493568
324	P2	2026-08-14T00:32:10,776696174-0700	1786692730771159341	ServiceE	ServiceE	545	8772	2120	7800	18692	28356	342	809596	96356	92385280	24921616	32493568
324	P2	2026-08-14T00:32:10,776696174-0700	1786692730771159341	ServiceL	ServiceL	579	6408	2200	1640	10248	33386	1176	809596	96356	92385280	24921616	32493568
324	P2	2026-08-14T00:32:10,776696174-0700	1786692730771159341	ServiceH[ServiceK]	ServiceH	3740	13160	25556	4324	43040	106176	103	809596	96356	92385280	24921616	32493568
324	P2	2026-08-14T00:32:10,776696174-0700	1786692730771159341	ServiceB	ServiceB	692	3892	4400	2176	10468	30010	414	809596	96356	92385280	24921616	32493568
324	P2	2026-08-14T00:32:10,776696174-0700	1786692730771159341	ServiceC	ServiceC	676	3976	8584	1540	14100	223814	970	809596	96356	92385280	24921616	32493568
325	P2	2026-08-14T00:32:12,774774257-0700	1786692732768349507	AppProcD	AppProcD	543	29788	38572	6600	74960	415011	582	810092	96356	92385280	24921616	32493568
325	P2	2026-08-14T00:32:12,774774257-0700	1786692732768349507	AppProcC	AppProcC	2671	15008	16164	4428	35600	101681	41	810092	96356	92385280	24921616	32493568
325	P2	2026-08-14T00:32:12,774774257-0700	1786692732768349507	AppProcB	AppProcB	945	10200	12488	5468	28156	121844	1966	810092	96356	92385280	24921616	32493568
325	P2	2026-08-14T00:32:12,774774257-0700	1786692732768349507	ServiceA	ServiceA	3953	3272	4484	2656	10412	409520	167	810092	96356	92385280	24921616	32493568
325	P2	2026-08-14T00:32:12,774774257-0700	1786692732768349507	ServiceD	ServiceD	953	9648	6748	3364	19760	88163	743	810092	96356	92385280	24921616	32493568
325	P2	2026-08-14T00:32:12,774774257-0700	1786692732768349507	ServiceE	ServiceE	545	8772	2120	7800	18692	28356	342	810092	96356	92385280	24921616	32493568
325	P2	2026-08-14T00:32:12,774774257-0700	1786692732768349507	ServiceL	ServiceL	579	6408	2200	1640	10248	33386	1176	810092	96356	92385280	24921616	32493568
325	P2	2026-08-14T00:32:12,774774257-0700	1786692732768349507	ServiceH[ServiceK]	ServiceH	3740	13160	25556	4324	43040	106176	103	810092	96356	92385280	24921616	32493568
325	P2	2026-08-14T00:32:12,774774257-0700	1786692732768349507	ServiceB	ServiceB	692	3892	4400	2176	10468	30010	414	810092	96356	92385280	24921616	32493568
325	P2	2026-08-14T00:32:12,774774257-0700	1786692732768349507	ServiceC	ServiceC	676	3976	8584	1540	14100	223814	970	810092	96356	92385280	24921616	32493568
326	P2	2026-08-14T00:32:14,776020590-0700	1786692734769995506	AppProcD	AppProcD	543	29788	38572	6600	74960	415013	582	807760	96356	92385280	24921616	32493568
326	P2	2026-08-14T00:32:14,776020590-0700	1786692734769995506	AppProcC	AppProcC	2671	15008	16164	4428	35600	101681	41	807760	96356	92385280	24921616	32493568
326	P2	2026-08-14T00:32:14,776020590-0700	1786692734769995506	AppProcB	AppProcB	945	10200	12488	5468	28156	121844	1966	807760	96356	92385280	24921616	32493568
326	P2	2026-08-14T00:32:14,776020590-0700	1786692734769995506	ServiceA	ServiceA	3953	3272	4484	2656	10412	409520	167	807760	96356	92385280	24921616	32493568
326	P2	2026-08-14T00:32:14,776020590-0700	1786692734769995506	ServiceD	ServiceD	953	9648	6748	3364	19760	88163	743	807760	96356	92385280	24921616	32493568
326	P2	2026-08-14T00:32:14,776020590-0700	1786692734769995506	ServiceE	ServiceE	545	8772	2120	7800	18692	28356	342	807760	96356	92385280	24921616	32493568
326	P2	2026-08-14T00:32:14,776020590-0700	1786692734769995506	ServiceL	ServiceL	579	6408	2200	1640	10248	33416	1176	807760	96356	92385280	24921616	32493568
326	P2	2026-08-14T00:32:14,776020590-0700	1786692734769995506	ServiceH[ServiceK]	ServiceH	3740	13160	25556	4324	43040	106216	103	807760	96356	92385280	24921616	32493568
326	P2	2026-08-14T00:32:14,776020590-0700	1786692734769995506	ServiceB	ServiceB	692	3892	4400	2176	10468	30010	414	807760	96356	92385280	24921616	32493568
326	P2	2026-08-14T00:32:14,776020590-0700	1786692734769995506	ServiceC	ServiceC	676	3976	8584	1540	14100	223814	970	807760	96356	92385280	24921616	32493568
327	P2	2026-08-14T00:32:16,776212589-0700	1786692736771917089	AppProcD	AppProcD	543	29788	38572	6600	74960	415013	582	806316	96356	92385280	24921616	32493568
327	P2	2026-08-14T00:32:16,776212589-0700	1786692736771917089	AppProcC	AppProcC	2671	15008	16164	4428	35600	101682	41	806316	96356	92385280	24921616	32493568
327	P2	2026-08-14T00:32:16,776212589-0700	1786692736771917089	AppProcB	AppProcB	945	10200	12488	5468	28156	121884	1966	806316	96356	92385280	24921616	32493568
327	P2	2026-08-14T00:32:16,776212589-0700	1786692736771917089	ServiceA	ServiceA	3953	3272	4484	2656	10412	409520	167	806316	96356	92385280	24921616	32493568
327	P2	2026-08-14T00:32:16,776212589-0700	1786692736771917089	ServiceD	ServiceD	953	9648	6748	3364	19760	88163	743	806316	96356	92385280	24921616	32493568
327	P2	2026-08-14T00:32:16,776212589-0700	1786692736771917089	ServiceE	ServiceE	545	8772	2120	7800	18692	28356	342	806316	96356	92385280	24921616	32493568
327	P2	2026-08-14T00:32:16,776212589-0700	1786692736771917089	ServiceL	ServiceL	579	6408	2200	1640	10248	33416	1176	806316	96356	92385280	24921616	32493568
327	P2	2026-08-14T00:32:16,776212589-0700	1786692736771917089	ServiceH[ServiceK]	ServiceH	3740	13160	25556	4324	43040	106216	103	806316	96356	92385280	24921616	32493568
327	P2	2026-08-14T00:32:16,776212589-0700	1786692736771917089	ServiceB	ServiceB	692	3892	4400	2176	10468	30010	414	806316	96356	92385280	24921616	32493568
327	P2	2026-08-14T00:32:16,776212589-0700	1786692736771917089	ServiceC	ServiceC	676	3976	8584	1540	14100	223814	970	806316	96356	92385280	24921616	32493568
328	P2	2026-08-14T00:32:18,775512589-0700	1786692738770928255	AppProcD	AppProcD	543	29788	38572	6600	74960	415015	582	807376	96356	92385280	24921616	32493568
328	P2	2026-08-14T00:32:18,775512589-0700	1786692738770928255	AppProcC	AppProcC	2671	15008	16164	4428	35600	101682	41	807376	96356	92385280	24921616	32493568
328	P2	2026-08-14T00:32:18,775512589-0700	1786692738770928255	AppProcB	AppProcB	945	10200	12488	5468	28156	121884	1966	807376	96356	92385280	24921616	32493568
328	P2	2026-08-14T00:32:18,775512589-0700	1786692738770928255	ServiceA	ServiceA	3953	3272	4484	2656	10412	409520	167	807376	96356	92385280	24921616	32493568
328	P2	2026-08-14T00:32:18,775512589-0700	1786692738770928255	ServiceD	ServiceD	953	9648	6748	3364	19760	88203	743	807376	96356	92385280	24921616	32493568
328	P2	2026-08-14T00:32:18,775512589-0700	1786692738770928255	ServiceE	ServiceE	545	8772	2120	7800	18692	28356	342	807376	96356	92385280	24921616	32493568
328	P2	2026-08-14T00:32:18,775512589-0700	1786692738770928255	ServiceL	ServiceL	579	6408	2200	1640	10248	33446	1176	807376	96356	92385280	24921616	32493568
328	P2	2026-08-14T00:32:18,775512589-0700	1786692738770928255	ServiceH[ServiceK]	ServiceH	3740	13160	25556	4324	43040	106216	103	807376	96356	92385280	24921616	32493568
328	P2	2026-08-14T00:32:18,775512589-0700	1786692738770928255	ServiceB	ServiceB	692	3892	4400	2176	10468	30010	414	807376	96356	92385280	24921616	32493568
328	P2	2026-08-14T00:32:18,775512589-0700	1786692738770928255	ServiceC	ServiceC	676	3976	8584	1540	14100	223814	970	807376	96356	92385280	24921616	32493568
329	P2	2026-08-14T00:32:20,777057505-0700	1786692740770034921	AppProcD	AppProcD	543	29788	38572	6600	74960	415015	582	808216	96356	92385280	24921616	32493568
329	P2	2026-08-14T00:32:20,777057505-0700	1786692740770034921	AppProcC	AppProcC	2671	15008	16164	4428	35600	101682	41	808216	96356	92385280	24921616	32493568
329	P2	2026-08-14T00:32:20,777057505-0700	1786692740770034921	AppProcB	AppProcB	945	10200	12488	5468	28156	121884	1966	808216	96356	92385280	24921616	32493568
329	P2	2026-08-14T00:32:20,777057505-0700	1786692740770034921	ServiceA	ServiceA	3953	3272	4484	2656	10412	409520	167	808216	96356	92385280	24921616	32493568
329	P2	2026-08-14T00:32:20,777057505-0700	1786692740770034921	ServiceD	ServiceD	953	9648	6748	3364	19760	88203	743	808216	96356	92385280	24921616	32493568
329	P2	2026-08-14T00:32:20,777057505-0700	1786692740770034921	ServiceE	ServiceE	545	8772	2120	7800	18692	28356	342	808216	96356	92385280	24921616	32493568
329	P2	2026-08-14T00:32:20,777057505-0700	1786692740770034921	ServiceL	ServiceL	579	6408	2200	1640	10248	33446	1176	808216	96356	92385280	24921616	32493568
329	P2	2026-08-14T00:32:20,777057505-0700	1786692740770034921	ServiceH[ServiceK]	ServiceH	3740	13160	25556	4324	43040	106256	103	808216	96356	92385280	24921616	32493568
329	P2	2026-08-14T00:32:20,777057505-0700	1786692740770034921	ServiceB	ServiceB	692	3892	4400	2176	10468	30010	414	808216	96356	92385280	24921616	32493568
329	P2	2026-08-14T00:32:20,777057505-0700	1786692740770034921	ServiceC	ServiceC	676	3976	8584	1540	14100	223814	970	808216	96356	92385280	24921616	32493568
330	P2	2026-08-14T00:32:22,785489421-0700	1786692742776716671	AppProcD	AppProcD	543	29788	38556	6600	74944	415015	582	805780	96356	92385280	24921616	32493568
330	P2	2026-08-14T00:32:22,785489421-0700	1786692742776716671	AppProcC	AppProcC	2671	15008	16164	4428	35600	101684	41	805780	96356	92385280	24921616	32493568
330	P2	2026-08-14T00:32:22,785489421-0700	1786692742776716671	AppProcB	AppProcB	945	10200	12488	5468	28156	121924	1966	805780	96356	92385280	24921616	32493568
330	P2	2026-08-14T00:32:22,785489421-0700	1786692742776716671	ServiceA	ServiceA	3953	3272	4484	2656	10412	409520	167	805780	96356	92385280	24921616	32493568
330	P2	2026-08-14T00:32:22,785489421-0700	1786692742776716671	ServiceD	ServiceD	953	9648	6748	3364	19760	88243	743	805780	96356	92385280	24921616	32493568
330	P2	2026-08-14T00:32:22,785489421-0700	1786692742776716671	ServiceE	ServiceE	545	8772	2120	7800	18692	28356	342	805780	96356	92385280	24921616	32493568
330	P2	2026-08-14T00:32:22,785489421-0700	1786692742776716671	ServiceL	ServiceL	579	6408	2200	1640	10248	33446	1176	805780	96356	92385280	24921616	32493568
330	P2	2026-08-14T00:32:22,785489421-0700	1786692742776716671	ServiceH[ServiceK]	ServiceH	3740	13160	25556	4324	43040	106256	103	805780	96356	92385280	24921616	32493568
330	P2	2026-08-14T00:32:22,785489421-0700	1786692742776716671	ServiceB	ServiceB	692	3892	4400	2176	10468	30010	414	805780	96356	92385280	24921616	32493568
330	P2	2026-08-14T00:32:22,785489421-0700	1786692742776716671	ServiceC	ServiceC	676	3976	8584	1540	14100	223814	970	805780	96356	92385280	24921616	32493568
331	P2	2026-08-14T00:32:24,776064254-0700	1786692744771715837	AppProcD	AppProcD	543	29788	38556	6600	74944	415017	582	806224	96356	92385280	24921616	32493568
331	P2	2026-08-14T00:32:24,776064254-0700	1786692744771715837	AppProcC	AppProcC	2671	15008	16164	4428	35600	101684	41	806224	96356	92385280	24921616	32493568
331	P2	2026-08-14T00:32:24,776064254-0700	1786692744771715837	AppProcB	AppProcB	945	10200	12488	5468	28156	121924	1966	806224	96356	92385280	24921616	32493568
331	P2	2026-08-14T00:32:24,776064254-0700	1786692744771715837	ServiceA	ServiceA	3953	3272	4484	2656	10412	409520	167	806224	96356	92385280	24921616	32493568
331	P2	2026-08-14T00:32:24,776064254-0700	1786692744771715837	ServiceD	ServiceD	953	9648	6748	3364	19760	88243	743	806224	96356	92385280	24921616	32493568
331	P2	2026-08-14T00:32:24,776064254-0700	1786692744771715837	ServiceE	ServiceE	545	8772	2120	7800	18692	28356	342	806224	96356	92385280	24921616	32493568
331	P2	2026-08-14T00:32:24,776064254-0700	1786692744771715837	ServiceL	ServiceL	579	6408	2200	1640	10248	33476	1176	806224	96356	92385280	24921616	32493568
331	P2	2026-08-14T00:32:24,776064254-0700	1786692744771715837	ServiceH[ServiceK]	ServiceH	3740	13160	25556	4324	43040	106296	103	806224	96356	92385280	24921616	32493568
331	P2	2026-08-14T00:32:24,776064254-0700	1786692744771715837	ServiceB	ServiceB	692	3892	4400	2176	10468	30010	414	806224	96356	92385280	24921616	32493568
331	P2	2026-08-14T00:32:24,776064254-0700	1786692744771715837	ServiceC	ServiceC	676	3976	8584	1540	14100	223814	970	806224	96356	92385280	24921616	32493568
332	P2	2026-08-14T00:32:26,772267170-0700	1786692746767252670	AppProcD	AppProcD	543	29788	38556	6600	74944	415017	582	806048	96356	92385280	24921616	32493568
332	P2	2026-08-14T00:32:26,772267170-0700	1786692746767252670	AppProcC	AppProcC	2671	15008	16164	4428	35600	101685	41	806048	96356	92385280	24921616	32493568
332	P2	2026-08-14T00:32:26,772267170-0700	1786692746767252670	AppProcB	AppProcB	945	10200	12488	5468	28156	121971	1966	806048	96356	92385280	24921616	32493568
332	P2	2026-08-14T00:32:26,772267170-0700	1786692746767252670	ServiceA	ServiceA	3953	3272	4484	2656	10412	409520	167	806048	96356	92385280	24921616	32493568
332	P2	2026-08-14T00:32:26,772267170-0700	1786692746767252670	ServiceD	ServiceD	953	9648	6748	3364	19760	88243	743	806048	96356	92385280	24921616	32493568
332	P2	2026-08-14T00:32:26,772267170-0700	1786692746767252670	ServiceE	ServiceE	545	8772	2120	7800	18692	28356	342	806048	96356	92385280	24921616	32493568
332	P2	2026-08-14T00:32:26,772267170-0700	1786692746767252670	ServiceL	ServiceL	579	6408	2200	1640	10248	33476	1176	806048	96356	92385280	24921616	32493568
332	P2	2026-08-14T00:32:26,772267170-0700	1786692746767252670	ServiceH[ServiceK]	ServiceH	3740	13160	25556	4324	43040	106296	103	806048	96356	92385280	24921616	32493568
332	P2	2026-08-14T00:32:26,772267170-0700	1786692746767252670	ServiceB	ServiceB	692	3892	4400	2176	10468	30010	414	806048	96356	92385280	24921616	32493568
332	P2	2026-08-14T00:32:26,772267170-0700	1786692746767252670	ServiceC	ServiceC	676	3976	8584	1540	14100	223814	970	806048	96356	92385280	24921616	32493568
333	P2	2026-08-14T00:32:28,783368420-0700	1786692748775088170	AppProcD	AppProcD	543	29760	38492	6600	74852	415019	582	805820	96356	92385280	24921616	32493568
333	P2	2026-08-14T00:32:28,783368420-0700	1786692748775088170	AppProcC	AppProcC	2671	15008	16164	4428	35600	101685	41	805820	96356	92385280	24921616	32493568
333	P2	2026-08-14T00:32:28,783368420-0700	1786692748775088170	AppProcB	AppProcB	945	10200	12488	5468	28156	121971	1966	805820	96356	92385280	24921616	32493568
333	P2	2026-08-14T00:32:28,783368420-0700	1786692748775088170	ServiceA	ServiceA	3953	3272	4484	2656	10412	409520	167	805820	96356	92385280	24921616	32493568
333	P2	2026-08-14T00:32:28,783368420-0700	1786692748775088170	ServiceD	ServiceD	953	9648	6748	3364	19760	88283	743	805820	96356	92385280	24921616	32493568
333	P2	2026-08-14T00:32:28,783368420-0700	1786692748775088170	ServiceE	ServiceE	545	8772	2120	7800	18692	28356	342	805820	96356	92385280	24921616	32493568
333	P2	2026-08-14T00:32:28,783368420-0700	1786692748775088170	ServiceL	ServiceL	579	6408	2200	1640	10248	33506	1176	805820	96356	92385280	24921616	32493568
333	P2	2026-08-14T00:32:28,783368420-0700	1786692748775088170	ServiceH[ServiceK]	ServiceH	3740	13160	25556	4324	43040	106296	103	805820	96356	92385280	24921616	32493568
333	P2	2026-08-14T00:32:28,783368420-0700	1786692748775088170	ServiceB	ServiceB	692	3892	4400	2176	10468	30010	414	805820	96356	92385280	24921616	32493568
333	P2	2026-08-14T00:32:28,783368420-0700	1786692748775088170	ServiceC	ServiceC	676	3976	8584	1540	14100	223814	970	805820	96356	92385280	24921616	32493568
334	P2	2026-08-14T00:32:30,779655419-0700	1786692750773087252	AppProcD	AppProcD	543	29760	38456	6600	74816	415019	582	807644	96356	92385280	24921616	32493568
334	P2	2026-08-14T00:32:30,779655419-0700	1786692750773087252	AppProcC	AppProcC	2671	15008	16164	4428	35600	101685	41	807644	96356	92385280	24921616	32493568
334	P2	2026-08-14T00:32:30,779655419-0700	1786692750773087252	AppProcB	AppProcB	945	10200	12488	5468	28156	121971	1966	807644	96356	92385280	24921616	32493568
334	P2	2026-08-14T00:32:30,779655419-0700	1786692750773087252	ServiceA	ServiceA	3953	3272	4484	2656	10412	409520	167	807644	96356	92385280	24921616	32493568
334	P2	2026-08-14T00:32:30,779655419-0700	1786692750773087252	ServiceD	ServiceD	953	9648	6748	3364	19760	88283	743	807644	96356	92385280	24921616	32493568
334	P2	2026-08-14T00:32:30,779655419-0700	1786692750773087252	ServiceE	ServiceE	545	8772	2120	7800	18692	28356	342	807644	96356	92385280	24921616	32493568
334	P2	2026-08-14T00:32:30,779655419-0700	1786692750773087252	ServiceL	ServiceL	579	6408	2200	1640	10248	33506	1176	807644	96356	92385280	24921616	32493568
334	P2	2026-08-14T00:32:30,779655419-0700	1786692750773087252	ServiceH[ServiceK]	ServiceH	3740	13136	25556	4324	43016	106336	103	807644	96356	92385280	24921616	32493568
334	P2	2026-08-14T00:32:30,779655419-0700	1786692750773087252	ServiceB	ServiceB	692	3892	4400	2176	10468	30011	414	807644	96356	92385280	24921616	32493568
334	P2	2026-08-14T00:32:30,779655419-0700	1786692750773087252	ServiceC	ServiceC	676	3976	8584	1540	14100	223814	970	807644	96356	92385280	24921616	32493568
335	P2	2026-08-14T00:32:32,776626752-0700	1786692752772129169	AppProcD	AppProcD	543	29760	38444	6600	74804	415019	582	808280	96356	92385280	24921616	32493568
335	P2	2026-08-14T00:32:32,776626752-0700	1786692752772129169	AppProcC	AppProcC	2671	15008	16164	4428	35600	101686	41	808280	96356	92385280	24921616	32493568
335	P2	2026-08-14T00:32:32,776626752-0700	1786692752772129169	AppProcB	AppProcB	945	10200	12488	5468	28156	122011	1966	808280	96356	92385280	24921616	32493568
335	P2	2026-08-14T00:32:32,776626752-0700	1786692752772129169	ServiceA	ServiceA	3953	3272	4484	2656	10412	409520	167	808280	96356	92385280	24921616	32493568
335	P2	2026-08-14T00:32:32,776626752-0700	1786692752772129169	ServiceD	ServiceD	953	9648	6748	3364	19760	88323	743	808280	96356	92385280	24921616	32493568
335	P2	2026-08-14T00:32:32,776626752-0700	1786692752772129169	ServiceE	ServiceE	545	8772	2120	7800	18692	28356	342	808280	96356	92385280	24921616	32493568
335	P2	2026-08-14T00:32:32,776626752-0700	1786692752772129169	ServiceL	ServiceL	579	6408	2200	1640	10248	33506	1176	808280	96356	92385280	24921616	32493568
335	P2	2026-08-14T00:32:32,776626752-0700	1786692752772129169	ServiceH[ServiceK]	ServiceH	3740	13136	25556	4324	43016	106336	103	808280	96356	92385280	24921616	32493568
335	P2	2026-08-14T00:32:32,776626752-0700	1786692752772129169	ServiceB	ServiceB	692	3892	4400	2176	10468	30011	414	808280	96356	92385280	24921616	32493568
335	P2	2026-08-14T00:32:32,776626752-0700	1786692752772129169	ServiceC	ServiceC	676	3976	8584	1540	14100	223814	970	808280	96356	92385280	24921616	32493568
336	P2	2026-08-14T00:32:34,775274585-0700	1786692754769668335	AppProcD	AppProcD	543	29760	38444	6600	74804	415026	582	807348	96356	92385280	24921616	32493568
336	P2	2026-08-14T00:32:34,775274585-0700	1786692754769668335	AppProcC	AppProcC	2671	15008	16164	4428	35600	101686	41	807348	96356	92385280	24921616	32493568
336	P2	2026-08-14T00:32:34,775274585-0700	1786692754769668335	AppProcB	AppProcB	945	10200	12488	5468	28156	122011	1966	807348	96356	92385280	24921616	32493568
336	P2	2026-08-14T00:32:34,775274585-0700	1786692754769668335	ServiceA	ServiceA	3953	3272	4484	2656	10412	409520	167	807348	96356	92385280	24921616	32493568
336	P2	2026-08-14T00:32:34,775274585-0700	1786692754769668335	ServiceD	ServiceD	953	9648	6748	3364	19760	88323	743	807348	96356	92385280	24921616	32493568
336	P2	2026-08-14T00:32:34,775274585-0700	1786692754769668335	ServiceE	ServiceE	545	8772	2120	7800	18692	28356	342	807348	96356	92385280	24921616	32493568
336	P2	2026-08-14T00:32:34,775274585-0700	1786692754769668335	ServiceL	ServiceL	579	6408	2200	1640	10248	33536	1176	807348	96356	92385280	24921616	32493568
336	P2	2026-08-14T00:32:34,775274585-0700	1786692754769668335	ServiceH[ServiceK]	ServiceH	3740	13136	25556	4324	43016	106376	103	807348	96356	92385280	24921616	32493568
336	P2	2026-08-14T00:32:34,775274585-0700	1786692754769668335	ServiceB	ServiceB	692	3892	4400	2176	10468	30011	414	807348	96356	92385280	24921616	32493568
336	P2	2026-08-14T00:32:34,775274585-0700	1786692754769668335	ServiceC	ServiceC	676	3976	8584	1540	14100	223814	970	807348	96356	92385280	24921616	32493568
337	P2	2026-08-14T00:32:36,774451334-0700	1786692756767893668	AppProcD	AppProcD	543	29760	38444	6600	74804	415026	582	807524	96356	92385280	24921616	32493568
337	P2	2026-08-14T00:32:36,774451334-0700	1786692756767893668	AppProcC	AppProcC	2671	15008	16164	4428	35600	101687	41	807524	96356	92385280	24921616	32493568
337	P2	2026-08-14T00:32:36,774451334-0700	1786692756767893668	AppProcB	AppProcB	945	10200	12488	5468	28156	122051	1966	807524	96356	92385280	24921616	32493568
337	P2	2026-08-14T00:32:36,774451334-0700	1786692756767893668	ServiceA	ServiceA	3953	3272	4484	2656	10412	409520	167	807524	96356	92385280	24921616	32493568
337	P2	2026-08-14T00:32:36,774451334-0700	1786692756767893668	ServiceD	ServiceD	953	9648	6748	3364	19760	88323	743	807524	96356	92385280	24921616	32493568
337	P2	2026-08-14T00:32:36,774451334-0700	1786692756767893668	ServiceE	ServiceE	545	8772	2120	7800	18692	28356	342	807524	96356	92385280	24921616	32493568
337	P2	2026-08-14T00:32:36,774451334-0700	1786692756767893668	ServiceL	ServiceL	579	6408	2200	1640	10248	33536	1176	807524	96356	92385280	24921616	32493568
337	P2	2026-08-14T00:32:36,774451334-0700	1786692756767893668	ServiceH[ServiceK]	ServiceH	3740	13136	25556	4324	43016	106376	103	807524	96356	92385280	24921616	32493568
337	P2	2026-08-14T00:32:36,774451334-0700	1786692756767893668	ServiceB	ServiceB	692	3892	4400	2176	10468	30011	414	807524	96356	92385280	24921616	32493568
337	P2	2026-08-14T00:32:36,774451334-0700	1786692756767893668	ServiceC	ServiceC	676	3976	8584	1540	14100	223814	970	807524	96356	92385280	24921616	32493568
338	P2	2026-08-14T00:32:38,775894334-0700	1786692758770143501	AppProcD	AppProcD	543	29760	38436	6600	74796	415028	582	808548	96356	92385280	24921616	32493568
338	P2	2026-08-14T00:32:38,775894334-0700	1786692758770143501	AppProcC	AppProcC	2671	15008	16164	4428	35600	101687	41	808548	96356	92385280	24921616	32493568
338	P2	2026-08-14T00:32:38,775894334-0700	1786692758770143501	AppProcB	AppProcB	945	10200	12488	5468	28156	122051	1966	808548	96356	92385280	24921616	32493568
338	P2	2026-08-14T00:32:38,775894334-0700	1786692758770143501	ServiceA	ServiceA	3953	3272	4484	2656	10412	409520	167	808548	96356	92385280	24921616	32493568
338	P2	2026-08-14T00:32:38,775894334-0700	1786692758770143501	ServiceD	ServiceD	953	9648	6748	3364	19760	88363	743	808548	96356	92385280	24921616	32493568
338	P2	2026-08-14T00:32:38,775894334-0700	1786692758770143501	ServiceE	ServiceE	545	8772	2120	7800	18692	28356	342	808548	96356	92385280	24921616	32493568
338	P2	2026-08-14T00:32:38,775894334-0700	1786692758770143501	ServiceL	ServiceL	579	6408	2200	1640	10248	33566	1176	808548	96356	92385280	24921616	32493568
338	P2	2026-08-14T00:32:38,775894334-0700	1786692758770143501	ServiceH[ServiceK]	ServiceH	3740	13136	25556	4324	43016	106376	103	808548	96356	92385280	24921616	32493568
338	P2	2026-08-14T00:32:38,775894334-0700	1786692758770143501	ServiceB	ServiceB	692	3892	4400	2176	10468	30011	414	808548	96356	92385280	24921616	32493568
338	P2	2026-08-14T00:32:38,775894334-0700	1786692758770143501	ServiceC	ServiceC	676	3976	8584	1540	14100	223814	970	808548	96356	92385280	24921616	32493568
339	P2	2026-08-14T00:32:40,776237500-0700	1786692760771936750	AppProcD	AppProcD	543	29760	38436	6600	74796	415028	582	809156	96356	92385280	24921616	32493568
339	P2	2026-08-14T00:32:40,776237500-0700	1786692760771936750	AppProcC	AppProcC	2671	15008	16164	4428	35600	101687	41	809156	96356	92385280	24921616	32493568
339	P2	2026-08-14T00:32:40,776237500-0700	1786692760771936750	AppProcB	AppProcB	945	10200	12488	5468	28156	122051	1966	809156	96356	92385280	24921616	32493568
339	P2	2026-08-14T00:32:40,776237500-0700	1786692760771936750	ServiceA	ServiceA	3953	3272	4484	2656	10412	409520	167	809156	96356	92385280	24921616	32493568
339	P2	2026-08-14T00:32:40,776237500-0700	1786692760771936750	ServiceD	ServiceD	953	9648	6748	3364	19760	88363	743	809156	96356	92385280	24921616	32493568
339	P2	2026-08-14T00:32:40,776237500-0700	1786692760771936750	ServiceE	ServiceE	545	8772	2120	7800	18692	28356	342	809156	96356	92385280	24921616	32493568
339	P2	2026-08-14T00:32:40,776237500-0700	1786692760771936750	ServiceL	ServiceL	579	6408	2200	1640	10248	33566	1176	809156	96356	92385280	24921616	32493568
339	P2	2026-08-14T00:32:40,776237500-0700	1786692760771936750	ServiceH[ServiceK]	ServiceH	3740	13136	25556	4324	43016	106416	103	809156	96356	92385280	24921616	32493568
339	P2	2026-08-14T00:32:40,776237500-0700	1786692760771936750	ServiceB	ServiceB	692	3892	4400	2176	10468	30011	414	809156	96356	92385280	24921616	32493568
339	P2	2026-08-14T00:32:40,776237500-0700	1786692760771936750	ServiceC	ServiceC	676	3976	8584	1540	14100	223814	970	809156	96356	92385280	24921616	32493568
340	P2	2026-08-14T00:32:42,776118583-0700	1786692762769510000	AppProcD	AppProcD	543	29760	38436	6600	74796	415028	582	810512	96356	92385280	24921616	32493568
340	P2	2026-08-14T00:32:42,776118583-0700	1786692762769510000	AppProcC	AppProcC	2671	15008	16164	4428	35600	101688	41	810512	96356	92385280	24921616	32493568
340	P2	2026-08-14T00:32:42,776118583-0700	1786692762769510000	AppProcB	AppProcB	945	10200	12488	5468	28156	122091	1966	810512	96356	92385280	24921616	32493568
340	P2	2026-08-14T00:32:42,776118583-0700	1786692762769510000	ServiceA	ServiceA	3953	3272	4484	2656	10412	409520	167	810512	96356	92385280	24921616	32493568
340	P2	2026-08-14T00:32:42,776118583-0700	1786692762769510000	ServiceD	ServiceD	953	9648	6748	3364	19760	88403	743	810512	96356	92385280	24921616	32493568
340	P2	2026-08-14T00:32:42,776118583-0700	1786692762769510000	ServiceE	ServiceE	545	8772	2120	7800	18692	28356	342	810512	96356	92385280	24921616	32493568
340	P2	2026-08-14T00:32:42,776118583-0700	1786692762769510000	ServiceL	ServiceL	579	6408	2200	1640	10248	33566	1176	810512	96356	92385280	24921616	32493568
340	P2	2026-08-14T00:32:42,776118583-0700	1786692762769510000	ServiceH[ServiceK]	ServiceH	3740	13136	25556	4324	43016	106416	103	810512	96356	92385280	24921616	32493568
340	P2	2026-08-14T00:32:42,776118583-0700	1786692762769510000	ServiceB	ServiceB	692	3892	4400	2176	10468	30011	414	810512	96356	92385280	24921616	32493568
340	P2	2026-08-14T00:32:42,776118583-0700	1786692762769510000	ServiceC	ServiceC	676	3976	8584	1540	14100	223814	970	810512	96356	92385280	24921616	32493568
341	P2	2026-08-14T00:32:44,779465666-0700	1786692764774561499	AppProcD	AppProcD	543	29760	38436	6600	74796	415030	582	813256	96356	92385280	24921616	32493568
341	P2	2026-08-14T00:32:44,779465666-0700	1786692764774561499	AppProcC	AppProcC	2671	15008	16164	4428	35600	101688	41	813256	96356	92385280	24921616	32493568
341	P2	2026-08-14T00:32:44,779465666-0700	1786692764774561499	AppProcB	AppProcB	945	10200	12488	5468	28156	122091	1966	813256	96356	92385280	24921616	32493568
341	P2	2026-08-14T00:32:44,779465666-0700	1786692764774561499	ServiceA	ServiceA	3953	3272	4484	2656	10412	409520	167	813256	96356	92385280	24921616	32493568
341	P2	2026-08-14T00:32:44,779465666-0700	1786692764774561499	ServiceD	ServiceD	953	9648	6748	3364	19760	88403	743	813256	96356	92385280	24921616	32493568
341	P2	2026-08-14T00:32:44,779465666-0700	1786692764774561499	ServiceE	ServiceE	545	8772	2120	7800	18692	28356	342	813256	96356	92385280	24921616	32493568
341	P2	2026-08-14T00:32:44,779465666-0700	1786692764774561499	ServiceL	ServiceL	579	6408	2200	1640	10248	33596	1176	813256	96356	92385280	24921616	32493568
341	P2	2026-08-14T00:32:44,779465666-0700	1786692764774561499	ServiceH[ServiceK]	ServiceH	3740	13136	25556	4324	43016	106456	103	813256	96356	92385280	24921616	32493568
341	P2	2026-08-14T00:32:44,779465666-0700	1786692764774561499	ServiceB	ServiceB	692	3892	4400	2176	10468	30011	414	813256	96356	92385280	24921616	32493568
341	P2	2026-08-14T00:32:44,779465666-0700	1786692764774561499	ServiceC	ServiceC	676	3976	8584	1540	14100	223814	970	813256	96356	92385280	24921616	32493568
342	P2	2026-08-14T00:32:46,775740415-0700	1786692766770780749	AppProcD	AppProcD	543	29788	38436	6600	74824	415037	582	812772	96356	92385280	24921616	32493568
342	P2	2026-08-14T00:32:46,775740415-0700	1786692766770780749	AppProcC	AppProcC	2671	15008	16164	4428	35600	101689	41	812772	96356	92385280	24921616	32493568
342	P2	2026-08-14T00:32:46,775740415-0700	1786692766770780749	AppProcB	AppProcB	945	10200	12488	5468	28156	122131	1966	812772	96356	92385280	24921616	32493568
342	P2	2026-08-14T00:32:46,775740415-0700	1786692766770780749	ServiceA	ServiceA	3953	3272	4484	2656	10412	409520	167	812772	96356	92385280	24921616	32493568
342	P2	2026-08-14T00:32:46,775740415-0700	1786692766770780749	ServiceD	ServiceD	953	9648	6748	3364	19760	88403	743	812772	96356	92385280	24921616	32493568
342	P2	2026-08-14T00:32:46,775740415-0700	1786692766770780749	ServiceE	ServiceE	545	8772	2120	7800	18692	28356	342	812772	96356	92385280	24921616	32493568
342	P2	2026-08-14T00:32:46,775740415-0700	1786692766770780749	ServiceL	ServiceL	579	6408	2200	1640	10248	33596	1176	812772	96356	92385280	24921616	32493568
342	P2	2026-08-14T00:32:46,775740415-0700	1786692766770780749	ServiceH[ServiceK]	ServiceH	3740	13136	25556	4324	43016	106456	103	812772	96356	92385280	24921616	32493568
342	P2	2026-08-14T00:32:46,775740415-0700	1786692766770780749	ServiceB	ServiceB	692	3892	4400	2176	10468	30011	414	812772	96356	92385280	24921616	32493568
342	P2	2026-08-14T00:32:46,775740415-0700	1786692766770780749	ServiceC	ServiceC	676	3976	8584	1540	14100	223814	970	812772	96356	92385280	24921616	32493568
343	P2	2026-08-14T00:32:48,775143081-0700	1786692768769057998	AppProcD	AppProcD	543	29788	38436	6600	74824	415039	582	812228	96356	92385280	24921616	32493568
343	P2	2026-08-14T00:32:48,775143081-0700	1786692768769057998	AppProcC	AppProcC	2671	15008	16164	4428	35600	101689	41	812228	96356	92385280	24921616	32493568
343	P2	2026-08-14T00:32:48,775143081-0700	1786692768769057998	AppProcB	AppProcB	945	10200	12488	5468	28156	122131	1966	812228	96356	92385280	24921616	32493568
343	P2	2026-08-14T00:32:48,775143081-0700	1786692768769057998	ServiceA	ServiceA	3953	3272	4484	2656	10412	409520	167	812228	96356	92385280	24921616	32493568
343	P2	2026-08-14T00:32:48,775143081-0700	1786692768769057998	ServiceD	ServiceD	953	9648	6748	3364	19760	88443	743	812228	96356	92385280	24921616	32493568
343	P2	2026-08-14T00:32:48,775143081-0700	1786692768769057998	ServiceE	ServiceE	545	8772	2120	7800	18692	28356	342	812228	96356	92385280	24921616	32493568
343	P2	2026-08-14T00:32:48,775143081-0700	1786692768769057998	ServiceL	ServiceL	579	6408	2200	1640	10248	33626	1176	812228	96356	92385280	24921616	32493568
343	P2	2026-08-14T00:32:48,775143081-0700	1786692768769057998	ServiceH[ServiceK]	ServiceH	3740	13136	25556	4324	43016	106456	103	812228	96356	92385280	24921616	32493568
343	P2	2026-08-14T00:32:48,775143081-0700	1786692768769057998	ServiceB	ServiceB	692	3892	4400	2176	10468	30011	414	812228	96356	92385280	24921616	32493568
343	P2	2026-08-14T00:32:48,775143081-0700	1786692768769057998	ServiceC	ServiceC	676	3976	8584	1540	14100	223814	970	812228	96356	92385280	24921616	32493568
344	P2	2026-08-14T00:32:50,779844831-0700	1786692770774191248	AppProcD	AppProcD	543	29788	38436	6600	74824	415039	582	815236	96356	92385280	24921616	32493568
344	P2	2026-08-14T00:32:50,779844831-0700	1786692770774191248	AppProcC	AppProcC	2671	15008	16164	4428	35600	101689	41	815236	96356	92385280	24921616	32493568
344	P2	2026-08-14T00:32:50,779844831-0700	1786692770774191248	AppProcB	AppProcB	945	10200	12488	5468	28156	122131	1966	815236	96356	92385280	24921616	32493568
344	P2	2026-08-14T00:32:50,779844831-0700	1786692770774191248	ServiceA	ServiceA	3953	3272	4484	2656	10412	409520	167	815236	96356	92385280	24921616	32493568
344	P2	2026-08-14T00:32:50,779844831-0700	1786692770774191248	ServiceD	ServiceD	953	9648	6748	3364	19760	88443	743	815236	96356	92385280	24921616	32493568
344	P2	2026-08-14T00:32:50,779844831-0700	1786692770774191248	ServiceE	ServiceE	545	8772	2120	7800	18692	28356	342	815236	96356	92385280	24921616	32493568
344	P2	2026-08-14T00:32:50,779844831-0700	1786692770774191248	ServiceL	ServiceL	579	6408	2200	1640	10248	33626	1176	815236	96356	92385280	24921616	32493568
344	P2	2026-08-14T00:32:50,779844831-0700	1786692770774191248	ServiceH[ServiceK]	ServiceH	3740	13136	25556	4324	43016	106496	103	815236	96356	92385280	24921616	32493568
344	P2	2026-08-14T00:32:50,779844831-0700	1786692770774191248	ServiceB	ServiceB	692	3892	4400	2176	10468	30011	414	815236	96356	92385280	24921616	32493568
344	P2	2026-08-14T00:32:50,779844831-0700	1786692770774191248	ServiceC	ServiceC	676	3976	8584	1540	14100	223814	970	815236	96356	92385280	24921616	32493568
345	P2	2026-08-14T00:32:52,775822247-0700	1786692772771185997	AppProcD	AppProcD	543	29788	38436	6600	74824	415039	582	813860	96356	92385280	24921616	32493568
345	P2	2026-08-14T00:32:52,775822247-0700	1786692772771185997	AppProcC	AppProcC	2671	15008	16164	4428	35600	101690	41	813860	96356	92385280	24921616	32493568
345	P2	2026-08-14T00:32:52,775822247-0700	1786692772771185997	AppProcB	AppProcB	945	10200	12488	5468	28156	122171	1966	813860	96356	92385280	24921616	32493568
345	P2	2026-08-14T00:32:52,775822247-0700	1786692772771185997	ServiceA	ServiceA	3953	3272	4484	2656	10412	409520	167	813860	96356	92385280	24921616	32493568
345	P2	2026-08-14T00:32:52,775822247-0700	1786692772771185997	ServiceD	ServiceD	953	9648	6748	3364	19760	88483	743	813860	96356	92385280	24921616	32493568
345	P2	2026-08-14T00:32:52,775822247-0700	1786692772771185997	ServiceE	ServiceE	545	8772	2120	7800	18692	28356	342	813860	96356	92385280	24921616	32493568
345	P2	2026-08-14T00:32:52,775822247-0700	1786692772771185997	ServiceL	ServiceL	579	6408	2200	1640	10248	33626	1176	813860	96356	92385280	24921616	32493568
345	P2	2026-08-14T00:32:52,775822247-0700	1786692772771185997	ServiceH[ServiceK]	ServiceH	3740	13136	25556	4324	43016	106496	103	813860	96356	92385280	24921616	32493568
345	P2	2026-08-14T00:32:52,775822247-0700	1786692772771185997	ServiceB	ServiceB	692	3892	4400	2176	10468	30011	414	813860	96356	92385280	24921616	32493568
345	P2	2026-08-14T00:32:52,775822247-0700	1786692772771185997	ServiceC	ServiceC	676	3976	8584	1540	14100	223814	970	813860	96356	92385280	24921616	32493568
346	P2	2026-08-14T00:32:54,774171580-0700	1786692774769826830	AppProcD	AppProcD	543	29788	38436	6600	74824	415041	582	814460	96356	92385280	24921616	32493568
346	P2	2026-08-14T00:32:54,774171580-0700	1786692774769826830	AppProcC	AppProcC	2671	15008	16164	4428	35600	101690	41	814460	96356	92385280	24921616	32493568
346	P2	2026-08-14T00:32:54,774171580-0700	1786692774769826830	AppProcB	AppProcB	945	10200	12488	5468	28156	122171	1966	814460	96356	92385280	24921616	32493568
346	P2	2026-08-14T00:32:54,774171580-0700	1786692774769826830	ServiceA	ServiceA	3953	3272	4484	2656	10412	409520	167	814460	96356	92385280	24921616	32493568
346	P2	2026-08-14T00:32:54,774171580-0700	1786692774769826830	ServiceD	ServiceD	953	9648	6748	3364	19760	88483	743	814460	96356	92385280	24921616	32493568
346	P2	2026-08-14T00:32:54,774171580-0700	1786692774769826830	ServiceE	ServiceE	545	8772	2120	7800	18692	28356	342	814460	96356	92385280	24921616	32493568
346	P2	2026-08-14T00:32:54,774171580-0700	1786692774769826830	ServiceL	ServiceL	579	6408	2200	1640	10248	33656	1176	814460	96356	92385280	24921616	32493568
346	P2	2026-08-14T00:32:54,774171580-0700	1786692774769826830	ServiceH[ServiceK]	ServiceH	3740	13136	25556	4324	43016	106536	103	814460	96356	92385280	24921616	32493568
346	P2	2026-08-14T00:32:54,774171580-0700	1786692774769826830	ServiceB	ServiceB	692	3892	4400	2176	10468	30011	414	814460	96356	92385280	24921616	32493568
346	P2	2026-08-14T00:32:54,774171580-0700	1786692774769826830	ServiceC	ServiceC	676	3976	8584	1540	14100	223814	970	814460	96356	92385280	24921616	32493568
347	P2	2026-08-14T00:32:56,776564330-0700	1786692776769681330	AppProcD	AppProcD	543	29788	38436	6600	74824	415041	582	814560	96356	92385280	24921616	32493568
347	P2	2026-08-14T00:32:56,776564330-0700	1786692776769681330	AppProcC	AppProcC	2671	15008	16164	4428	35600	101691	41	814560	96356	92385280	24921616	32493568
347	P2	2026-08-14T00:32:56,776564330-0700	1786692776769681330	AppProcB	AppProcB	945	10200	12488	5468	28156	122211	1966	814560	96356	92385280	24921616	32493568
347	P2	2026-08-14T00:32:56,776564330-0700	1786692776769681330	ServiceA	ServiceA	3953	3272	4484	2656	10412	409520	167	814560	96356	92385280	24921616	32493568
347	P2	2026-08-14T00:32:56,776564330-0700	1786692776769681330	ServiceD	ServiceD	953	9648	6748	3364	19760	88483	743	814560	96356	92385280	24921616	32493568
347	P2	2026-08-14T00:32:56,776564330-0700	1786692776769681330	ServiceE	ServiceE	545	8772	2120	7800	18692	28356	342	814560	96356	92385280	24921616	32493568
347	P2	2026-08-14T00:32:56,776564330-0700	1786692776769681330	ServiceL	ServiceL	579	6408	2200	1640	10248	33656	1176	814560	96356	92385280	24921616	32493568
347	P2	2026-08-14T00:32:56,776564330-0700	1786692776769681330	ServiceH[ServiceK]	ServiceH	3740	13136	25556	4324	43016	106536	103	814560	96356	92385280	24921616	32493568
347	P2	2026-08-14T00:32:56,776564330-0700	1786692776769681330	ServiceB	ServiceB	692	3892	4400	2176	10468	30012	414	814560	96356	92385280	24921616	32493568
347	P2	2026-08-14T00:32:56,776564330-0700	1786692776769681330	ServiceC	ServiceC	676	3976	8584	1540	14100	223814	970	814560	96356	92385280	24921616	32493568
348	P2	2026-08-14T00:32:58,777969579-0700	1786692778770343496	AppProcD	AppProcD	543	29788	38436	6600	74824	415043	582	813464	96356	92385280	24921616	32493568
348	P2	2026-08-14T00:32:58,777969579-0700	1786692778770343496	AppProcC	AppProcC	2671	15008	16164	4428	35600	101691	41	813464	96356	92385280	24921616	32493568
348	P2	2026-08-14T00:32:58,777969579-0700	1786692778770343496	AppProcB	AppProcB	945	10200	12488	5468	28156	122211	1966	813464	96356	92385280	24921616	32493568
348	P2	2026-08-14T00:32:58,777969579-0700	1786692778770343496	ServiceA	ServiceA	3953	3272	4484	2656	10412	409520	167	813464	96356	92385280	24921616	32493568
348	P2	2026-08-14T00:32:58,777969579-0700	1786692778770343496	ServiceD	ServiceD	953	9648	6748	3364	19760	88523	743	813464	96356	92385280	24921616	32493568
348	P2	2026-08-14T00:32:58,777969579-0700	1786692778770343496	ServiceE	ServiceE	545	8772	2120	7800	18692	28356	342	813464	96356	92385280	24921616	32493568
348	P2	2026-08-14T00:32:58,777969579-0700	1786692778770343496	ServiceL	ServiceL	579	6392	2200	1640	10232	33686	1176	813464	96356	92385280	24921616	32493568
348	P2	2026-08-14T00:32:58,777969579-0700	1786692778770343496	ServiceH[ServiceK]	ServiceH	3740	13136	25556	4324	43016	106536	103	813464	96356	92385280	24921616	32493568
348	P2	2026-08-14T00:32:58,777969579-0700	1786692778770343496	ServiceB	ServiceB	692	3892	4400	2176	10468	30012	414	813464	96356	92385280	24921616	32493568
348	P2	2026-08-14T00:32:58,777969579-0700	1786692778770343496	ServiceC	ServiceC	676	3976	8584	1540	14100	223814	970	813464	96356	92385280	24921616	32493568
349	P2	2026-08-14T00:33:00,778030745-0700	1786692780773042829	AppProcD	AppProcD	543	29788	38436	6600	74824	415043	582	812308	96356	92385280	24921616	32493568
349	P2	2026-08-14T00:33:00,778030745-0700	1786692780773042829	AppProcC	AppProcC	2671	15008	16164	4428	35600	101691	41	812308	96356	92385280	24921616	32493568
349	P2	2026-08-14T00:33:00,778030745-0700	1786692780773042829	AppProcB	AppProcB	945	10200	12488	5468	28156	122211	1966	812308	96356	92385280	24921616	32493568
349	P2	2026-08-14T00:33:00,778030745-0700	1786692780773042829	ServiceA	ServiceA	3953	3272	4484	2656	10412	409520	167	812308	96356	92385280	24921616	32493568
349	P2	2026-08-14T00:33:00,778030745-0700	1786692780773042829	ServiceD	ServiceD	953	9648	6748	3364	19760	88523	743	812308	96356	92385280	24921616	32493568
349	P2	2026-08-14T00:33:00,778030745-0700	1786692780773042829	ServiceE	ServiceE	545	8772	2120	7800	18692	28356	342	812308	96356	92385280	24921616	32493568
349	P2	2026-08-14T00:33:00,778030745-0700	1786692780773042829	ServiceL	ServiceL	579	6392	2200	1640	10232	33686	1176	812308	96356	92385280	24921616	32493568
349	P2	2026-08-14T00:33:00,778030745-0700	1786692780773042829	ServiceH[ServiceK]	ServiceH	3740	13136	25556	4324	43016	106576	103	812308	96356	92385280	24921616	32493568
349	P2	2026-08-14T00:33:00,778030745-0700	1786692780773042829	ServiceB	ServiceB	692	3892	4400	2176	10468	30012	414	812308	96356	92385280	24921616	32493568
349	P2	2026-08-14T00:33:00,778030745-0700	1786692780773042829	ServiceC	ServiceC	676	3976	8584	1540	14100	223814	970	812308	96356	92385280	24921616	32493568
350	P2	2026-08-14T00:33:02,773751411-0700	1786692782769036661	AppProcD	AppProcD	543	29788	38436	6600	74824	415043	582	813984	96356	92385280	24921616	32493568
350	P2	2026-08-14T00:33:02,773751411-0700	1786692782769036661	AppProcC	AppProcC	2671	15008	16164	4428	35600	101692	41	813984	96356	92385280	24921616	32493568
350	P2	2026-08-14T00:33:02,773751411-0700	1786692782769036661	AppProcB	AppProcB	945	10200	12488	5468	28156	122251	1966	813984	96356	92385280	24921616	32493568
350	P2	2026-08-14T00:33:02,773751411-0700	1786692782769036661	ServiceA	ServiceA	3953	3272	4484	2656	10412	409520	167	813984	96356	92385280	24921616	32493568
350	P2	2026-08-14T00:33:02,773751411-0700	1786692782769036661	ServiceD	ServiceD	953	9648	6748	3364	19760	88563	743	813984	96356	92385280	24921616	32493568
350	P2	2026-08-14T00:33:02,773751411-0700	1786692782769036661	ServiceE	ServiceE	545	8772	2120	7800	18692	28356	342	813984	96356	92385280	24921616	32493568
350	P2	2026-08-14T00:33:02,773751411-0700	1786692782769036661	ServiceL	ServiceL	579	6392	2200	1640	10232	33686	1176	813984	96356	92385280	24921616	32493568
350	P2	2026-08-14T00:33:02,773751411-0700	1786692782769036661	ServiceH[ServiceK]	ServiceH	3740	13136	25556	4324	43016	106576	103	813984	96356	92385280	24921616	32493568
350	P2	2026-08-14T00:33:02,773751411-0700	1786692782769036661	ServiceB	ServiceB	692	3892	4400	2176	10468	30012	414	813984	96356	92385280	24921616	32493568
350	P2	2026-08-14T00:33:02,773751411-0700	1786692782769036661	ServiceC	ServiceC	676	3976	8584	1540	14100	223836	970	813984	96356	92385280	24921616	32493568
351	P2	2026-08-14T00:33:04,779768661-0700	1786692784774804911	AppProcD	AppProcD	543	29788	38436	6600	74824	415045	582	816020	96356	92385280	24921616	32493568
351	P2	2026-08-14T00:33:04,779768661-0700	1786692784774804911	AppProcC	AppProcC	2671	15008	16164	4428	35600	101692	41	816020	96356	92385280	24921616	32493568
351	P2	2026-08-14T00:33:04,779768661-0700	1786692784774804911	AppProcB	AppProcB	945	10200	12488	5468	28156	122251	1966	816020	96356	92385280	24921616	32493568
351	P2	2026-08-14T00:33:04,779768661-0700	1786692784774804911	ServiceA	ServiceA	3953	3272	4484	2656	10412	409520	167	816020	96356	92385280	24921616	32493568
351	P2	2026-08-14T00:33:04,779768661-0700	1786692784774804911	ServiceD	ServiceD	953	9648	6748	3364	19760	88563	743	816020	96356	92385280	24921616	32493568
351	P2	2026-08-14T00:33:04,779768661-0700	1786692784774804911	ServiceE	ServiceE	545	8772	2120	7800	18692	28356	342	816020	96356	92385280	24921616	32493568
351	P2	2026-08-14T00:33:04,779768661-0700	1786692784774804911	ServiceL	ServiceL	579	6392	2200	1640	10232	33716	1176	816020	96356	92385280	24921616	32493568
351	P2	2026-08-14T00:33:04,779768661-0700	1786692784774804911	ServiceH[ServiceK]	ServiceH	3740	13136	25556	4324	43016	106616	103	816020	96356	92385280	24921616	32493568
351	P2	2026-08-14T00:33:04,779768661-0700	1786692784774804911	ServiceB	ServiceB	692	3888	4408	2176	10472	30027	414	816020	96356	92385280	24921616	32493568
351	P2	2026-08-14T00:33:04,779768661-0700	1786692784774804911	ServiceC	ServiceC	676	3976	8584	1540	14100	223836	970	816020	96356	92385280	24921616	32493568
352	P2	2026-08-14T00:33:06,777131661-0700	1786692786771516744	AppProcD	AppProcD	543	29788	38436	6600	74824	415045	582	813468	96356	92385280	24921616	32493568
352	P2	2026-08-14T00:33:06,777131661-0700	1786692786771516744	AppProcC	AppProcC	2671	15008	16164	4428	35600	101693	41	813468	96356	92385280	24921616	32493568
352	P2	2026-08-14T00:33:06,777131661-0700	1786692786771516744	AppProcB	AppProcB	945	10200	12488	5468	28156	122291	1966	813468	96356	92385280	24921616	32493568
352	P2	2026-08-14T00:33:06,777131661-0700	1786692786771516744	ServiceA	ServiceA	3953	3272	4484	2656	10412	409520	167	813468	96356	92385280	24921616	32493568
352	P2	2026-08-14T00:33:06,777131661-0700	1786692786771516744	ServiceD	ServiceD	953	9648	6748	3364	19760	88814	743	813468	96356	92385280	24921616	32493568
352	P2	2026-08-14T00:33:06,777131661-0700	1786692786771516744	ServiceE	ServiceE	545	8772	2120	7800	18692	28356	342	813468	96356	92385280	24921616	32493568
352	P2	2026-08-14T00:33:06,777131661-0700	1786692786771516744	ServiceL	ServiceL	579	6392	2200	1640	10232	33716	1176	813468	96356	92385280	24921616	32493568
352	P2	2026-08-14T00:33:06,777131661-0700	1786692786771516744	ServiceH[ServiceK]	ServiceH	3740	13136	25556	4324	43016	106616	103	813468	96356	92385280	24921616	32493568
352	P2	2026-08-14T00:33:06,777131661-0700	1786692786771516744	ServiceB	ServiceB	692	3888	4408	2176	10472	30027	414	813468	96356	92385280	24921616	32493568
352	P2	2026-08-14T00:33:06,777131661-0700	1786692786771516744	ServiceC	ServiceC	676	3976	8584	1540	14100	223880	970	813468	96356	92385280	24921616	32493568
353	P2	2026-08-14T00:33:08,781887327-0700	1786692788774238327	AppProcD	AppProcD	543	29788	38436	6600	74824	415047	582	812420	96356	92385280	24901064	32489472
353	P2	2026-08-14T00:33:08,781887327-0700	1786692788774238327	AppProcC	AppProcC	2671	15008	16164	4428	35600	101693	41	812420	96356	92385280	24901064	32489472
353	P2	2026-08-14T00:33:08,781887327-0700	1786692788774238327	AppProcB	AppProcB	945	10200	12488	5468	28156	122291	1966	812420	96356	92385280	24901064	32489472
353	P2	2026-08-14T00:33:08,781887327-0700	1786692788774238327	ServiceA	ServiceA	3953	3272	4484	2656	10412	409520	167	812420	96356	92385280	24901064	32489472
353	P2	2026-08-14T00:33:08,781887327-0700	1786692788774238327	ServiceD	ServiceD	953	9648	6748	3364	19760	88854	743	812420	96356	92385280	24901064	32489472
353	P2	2026-08-14T00:33:08,781887327-0700	1786692788774238327	ServiceE	ServiceE	545	8772	2120	7800	18692	28356	342	812420	96356	92385280	24901064	32489472
353	P2	2026-08-14T00:33:08,781887327-0700	1786692788774238327	ServiceL	ServiceL	579	6392	2200	1640	10232	33746	1176	812420	96356	92385280	24901064	32489472
353	P2	2026-08-14T00:33:08,781887327-0700	1786692788774238327	ServiceH[ServiceK]	ServiceH	3740	13140	25556	4324	43020	106616	103	812420	96356	92385280	24901064	32489472
353	P2	2026-08-14T00:33:08,781887327-0700	1786692788774238327	ServiceB	ServiceB	692	3888	4408	2176	10472	30027	414	812420	96356	92385280	24901064	32489472
353	P2	2026-08-14T00:33:08,781887327-0700	1786692788774238327	ServiceC	ServiceC	676	3976	8584	1540	14100	223880	970	812420	96356	92385280	24901064	32489472
354	P2	2026-08-14T00:33:10,777656326-0700	1786692790771242910	AppProcD	AppProcD	543	29788	38436	6600	74824	415047	582	813260	96356	92385280	24890981	32489472
354	P2	2026-08-14T00:33:10,777656326-0700	1786692790771242910	AppProcC	AppProcC	2671	15008	16164	4428	35600	101693	41	813260	96356	92385280	24890981	32489472
354	P2	2026-08-14T00:33:10,777656326-0700	1786692790771242910	AppProcB	AppProcB	945	10208	12488	5468	28164	122291	1966	813260	96356	92385280	24890981	32489472
354	P2	2026-08-14T00:33:10,777656326-0700	1786692790771242910	ServiceA	ServiceA	3953	3272	4484	2656	10412	409520	167	813260	96356	92385280	24890981	32489472
354	P2	2026-08-14T00:33:10,777656326-0700	1786692790771242910	ServiceD	ServiceD	953	9648	6748	3364	19760	88854	743	813260	96356	92385280	24890981	32489472
354	P2	2026-08-14T00:33:10,777656326-0700	1786692790771242910	ServiceE	ServiceE	545	8772	2120	7800	18692	28356	342	813260	96356	92385280	24890981	32489472
354	P2	2026-08-14T00:33:10,777656326-0700	1786692790771242910	ServiceL	ServiceL	579	6392	2200	1640	10232	33746	1176	813260	96356	92385280	24890981	32489472
354	P2	2026-08-14T00:33:10,777656326-0700	1786692790771242910	ServiceH[ServiceK]	ServiceH	3740	13136	25556	4324	43016	106656	103	813260	96356	92385280	24890981	32489472
354	P2	2026-08-14T00:33:10,777656326-0700	1786692790771242910	ServiceB	ServiceB	692	3888	4408	2176	10472	30027	414	813260	96356	92385280	24890981	32489472
354	P2	2026-08-14T00:33:10,777656326-0700	1786692790771242910	ServiceC	ServiceC	676	3976	8584	1540	14100	223880	970	813260	96356	92385280	24890981	32489472
355	P2	2026-08-14T00:33:12,772499742-0700	1786692792767223659	AppProcD	AppProcD	543	29796	38436	6600	74832	415047	582	814180	96356	92385280	24890981	32489472
355	P2	2026-08-14T00:33:12,772499742-0700	1786692792767223659	AppProcC	AppProcC	2671	15008	16164	4428	35600	101694	41	814180	96356	92385280	24890981	32489472
355	P2	2026-08-14T00:33:12,772499742-0700	1786692792767223659	AppProcB	AppProcB	945	10200	12488	5468	28156	122331	1966	814180	96356	92385280	24890981	32489472
355	P2	2026-08-14T00:33:12,772499742-0700	1786692792767223659	ServiceA	ServiceA	3953	3272	4484	2656	10412	409520	167	814180	96356	92385280	24890981	32489472
355	P2	2026-08-14T00:33:12,772499742-0700	1786692792767223659	ServiceD	ServiceD	953	9648	6748	3364	19760	88894	743	814180	96356	92385280	24890981	32489472
355	P2	2026-08-14T00:33:12,772499742-0700	1786692792767223659	ServiceE	ServiceE	545	8772	2120	7800	18692	28356	342	814180	96356	92385280	24890981	32489472
355	P2	2026-08-14T00:33:12,772499742-0700	1786692792767223659	ServiceL	ServiceL	579	6392	2200	1640	10232	33746	1176	814180	96356	92385280	24890981	32489472
355	P2	2026-08-14T00:33:12,772499742-0700	1786692792767223659	ServiceH[ServiceK]	ServiceH	3740	13136	25556	4324	43016	106656	103	814180	96356	92385280	24890981	32489472
355	P2	2026-08-14T00:33:12,772499742-0700	1786692792767223659	ServiceB	ServiceB	692	3888	4408	2176	10472	30027	414	814180	96356	92385280	24890981	32489472
355	P2	2026-08-14T00:33:12,772499742-0700	1786692792767223659	ServiceC	ServiceC	676	3976	8584	1540	14100	223880	970	814180	96356	92385280	24890981	32489472
356	P2	2026-08-14T00:33:14,773230742-0700	1786692794768863325	AppProcD	AppProcD	543	29760	38436	6600	74796	415049	582	812056	96356	92385280	24890981	32489472
356	P2	2026-08-14T00:33:14,773230742-0700	1786692794768863325	AppProcC	AppProcC	2671	15008	16164	4428	35600	101694	41	812056	96356	92385280	24890981	32489472
356	P2	2026-08-14T00:33:14,773230742-0700	1786692794768863325	AppProcB	AppProcB	945	10200	12488	5468	28156	122331	1966	812056	96356	92385280	24890981	32489472
356	P2	2026-08-14T00:33:14,773230742-0700	1786692794768863325	ServiceA	ServiceA	3953	3272	4484	2656	10412	409520	167	812056	96356	92385280	24890981	32489472
356	P2	2026-08-14T00:33:14,773230742-0700	1786692794768863325	ServiceD	ServiceD	953	9648	6748	3364	19760	88894	743	812056	96356	92385280	24890981	32489472
356	P2	2026-08-14T00:33:14,773230742-0700	1786692794768863325	ServiceE	ServiceE	545	8772	2120	7800	18692	28356	342	812056	96356	92385280	24890981	32489472
356	P2	2026-08-14T00:33:14,773230742-0700	1786692794768863325	ServiceL	ServiceL	579	6392	2200	1640	10232	33776	1176	812056	96356	92385280	24890981	32489472
356	P2	2026-08-14T00:33:14,773230742-0700	1786692794768863325	ServiceH[ServiceK]	ServiceH	3740	13136	25556	4324	43016	106696	103	812056	96356	92385280	24890981	32489472
356	P2	2026-08-14T00:33:14,773230742-0700	1786692794768863325	ServiceB	ServiceB	692	3888	4408	2176	10472	30027	414	812056	96356	92385280	24890981	32489472
356	P2	2026-08-14T00:33:14,773230742-0700	1786692794768863325	ServiceC	ServiceC	676	3976	8584	1540	14100	223880	970	812056	96356	92385280	24890981	32489472
357	P2	2026-08-14T00:33:16,776097241-0700	1786692796771545158	AppProcD	AppProcD	543	29760	38436	6600	74796	415049	582	812568	96356	92385280	24890981	32489472
357	P2	2026-08-14T00:33:16,776097241-0700	1786692796771545158	AppProcC	AppProcC	2671	15008	16164	4428	35600	101695	41	812568	96356	92385280	24890981	32489472
357	P2	2026-08-14T00:33:16,776097241-0700	1786692796771545158	AppProcB	AppProcB	945	10200	12488	5468	28156	122373	1966	812568	96356	92385280	24890981	32489472
357	P2	2026-08-14T00:33:16,776097241-0700	1786692796771545158	ServiceA	ServiceA	3953	3272	4484	2656	10412	409520	167	812568	96356	92385280	24890981	32489472
357	P2	2026-08-14T00:33:16,776097241-0700	1786692796771545158	ServiceD	ServiceD	953	9648	6748	3364	19760	88894	743	812568	96356	92385280	24890981	32489472
357	P2	2026-08-14T00:33:16,776097241-0700	1786692796771545158	ServiceE	ServiceE	545	8772	2120	7800	18692	28356	342	812568	96356	92385280	24890981	32489472
357	P2	2026-08-14T00:33:16,776097241-0700	1786692796771545158	ServiceL	ServiceL	579	6392	2200	1640	10232	33776	1176	812568	96356	92385280	24890981	32489472
357	P2	2026-08-14T00:33:16,776097241-0700	1786692796771545158	ServiceH[ServiceK]	ServiceH	3740	13136	25556	4324	43016	106696	103	812568	96356	92385280	24890981	32489472
357	P2	2026-08-14T00:33:16,776097241-0700	1786692796771545158	ServiceB	ServiceB	692	3888	4408	2176	10472	30027	414	812568	96356	92385280	24890981	32489472
357	P2	2026-08-14T00:33:16,776097241-0700	1786692796771545158	ServiceC	ServiceC	676	3976	8584	1540	14100	223880	970	812568	96356	92385280	24890981	32489472
358	P2	2026-08-14T00:33:18,773287074-0700	1786692798768965158	AppProcD	AppProcD	543	29760	38436	6600	74796	415051	582	812420	96356	92385280	24890981	32489472
358	P2	2026-08-14T00:33:18,773287074-0700	1786692798768965158	AppProcC	AppProcC	2671	15008	16164	4428	35600	101695	41	812420	96356	92385280	24890981	32489472
358	P2	2026-08-14T00:33:18,773287074-0700	1786692798768965158	AppProcB	AppProcB	945	10200	12488	5468	28156	122373	1966	812420	96356	92385280	24890981	32489472
358	P2	2026-08-14T00:33:18,773287074-0700	1786692798768965158	ServiceA	ServiceA	3953	3272	4484	2656	10412	409520	167	812420	96356	92385280	24890981	32489472
358	P2	2026-08-14T00:33:18,773287074-0700	1786692798768965158	ServiceD	ServiceD	953	9648	6748	3364	19760	88934	743	812420	96356	92385280	24890981	32489472
358	P2	2026-08-14T00:33:18,773287074-0700	1786692798768965158	ServiceE	ServiceE	545	8772	2120	7800	18692	28356	342	812420	96356	92385280	24890981	32489472
358	P2	2026-08-14T00:33:18,773287074-0700	1786692798768965158	ServiceL	ServiceL	579	6392	2200	1640	10232	33806	1176	812420	96356	92385280	24890981	32489472
358	P2	2026-08-14T00:33:18,773287074-0700	1786692798768965158	ServiceH[ServiceK]	ServiceH	3740	13136	25556	4324	43016	106696	103	812420	96356	92385280	24890981	32489472
358	P2	2026-08-14T00:33:18,773287074-0700	1786692798768965158	ServiceB	ServiceB	692	3888	4408	2176	10472	30027	414	812420	96356	92385280	24890981	32489472
358	P2	2026-08-14T00:33:18,773287074-0700	1786692798768965158	ServiceC	ServiceC	676	3976	8584	1540	14100	223880	970	812420	96356	92385280	24890981	32489472
359	P2	2026-08-14T00:33:20,774858824-0700	1786692800769892741	AppProcD	AppProcD	543	29760	38436	6600	74796	415051	582	813252	96356	92385280	24890981	32489472
359	P2	2026-08-14T00:33:20,774858824-0700	1786692800769892741	AppProcC	AppProcC	2671	15008	16164	4428	35600	101695	41	813252	96356	92385280	24890981	32489472
359	P2	2026-08-14T00:33:20,774858824-0700	1786692800769892741	AppProcB	AppProcB	945	10200	12488	5468	28156	122373	1966	813252	96356	92385280	24890981	32489472
359	P2	2026-08-14T00:33:20,774858824-0700	1786692800769892741	ServiceA	ServiceA	3953	3272	4484	2656	10412	409520	167	813252	96356	92385280	24890981	32489472
359	P2	2026-08-14T00:33:20,774858824-0700	1786692800769892741	ServiceD	ServiceD	953	9648	6748	3364	19760	88934	743	813252	96356	92385280	24890981	32489472
359	P2	2026-08-14T00:33:20,774858824-0700	1786692800769892741	ServiceE	ServiceE	545	8772	2120	7800	18692	28356	342	813252	96356	92385280	24890981	32489472
359	P2	2026-08-14T00:33:20,774858824-0700	1786692800769892741	ServiceL	ServiceL	579	6392	2200	1640	10232	33806	1176	813252	96356	92385280	24890981	32489472
359	P2	2026-08-14T00:33:20,774858824-0700	1786692800769892741	ServiceH[ServiceK]	ServiceH	3740	13136	25556	4324	43016	106736	103	813252	96356	92385280	24890981	32489472
359	P2	2026-08-14T00:33:20,774858824-0700	1786692800769892741	ServiceB	ServiceB	692	3888	4408	2176	10472	30027	414	813252	96356	92385280	24890981	32489472
359	P2	2026-08-14T00:33:20,774858824-0700	1786692800769892741	ServiceC	ServiceC	676	3976	8584	1540	14100	223880	970	813252	96356	92385280	24890981	32489472
360	P2	2026-08-14T00:33:22,777155490-0700	1786692802771044990	AppProcD	AppProcD	543	29760	38424	6600	74784	415051	582	812116	96356	92385280	24890981	32489472
360	P2	2026-08-14T00:33:22,777155490-0700	1786692802771044990	AppProcC	AppProcC	2671	15008	16164	4428	35600	101697	41	812116	96356	92385280	24890981	32489472
360	P2	2026-08-14T00:33:22,777155490-0700	1786692802771044990	AppProcB	AppProcB	945	10200	12488	5468	28156	122413	1966	812116	96356	92385280	24890981	32489472
360	P2	2026-08-14T00:33:22,777155490-0700	1786692802771044990	ServiceA	ServiceA	3953	3272	4484	2656	10412	409520	167	812116	96356	92385280	24890981	32489472
360	P2	2026-08-14T00:33:22,777155490-0700	1786692802771044990	ServiceD	ServiceD	953	9648	6748	3364	19760	88974	743	812116	96356	92385280	24890981	32489472
360	P2	2026-08-14T00:33:22,777155490-0700	1786692802771044990	ServiceE	ServiceE	545	8772	2120	7800	18692	28356	342	812116	96356	92385280	24890981	32489472
360	P2	2026-08-14T00:33:22,777155490-0700	1786692802771044990	ServiceL	ServiceL	579	6392	2200	1640	10232	33806	1176	812116	96356	92385280	24890981	32489472
360	P2	2026-08-14T00:33:22,777155490-0700	1786692802771044990	ServiceH[ServiceK]	ServiceH	3740	13136	25556	4324	43016	106736	103	812116	96356	92385280	24890981	32489472
360	P2	2026-08-14T00:33:22,777155490-0700	1786692802771044990	ServiceB	ServiceB	692	3888	4408	2176	10472	30027	414	812116	96356	92385280	24890981	32489472
360	P2	2026-08-14T00:33:22,777155490-0700	1786692802771044990	ServiceC	ServiceC	676	3976	8584	1540	14100	223881	970	812116	96356	92385280	24890981	32489472
361	P2	2026-08-14T00:33:24,778174823-0700	1786692804773035073	AppProcD	AppProcD	543	29760	38424	6600	74784	415053	582	811856	96356	92385280	24890981	32489472
361	P2	2026-08-14T00:33:24,778174823-0700	1786692804773035073	AppProcC	AppProcC	2671	15008	16164	4428	35600	101697	41	811856	96356	92385280	24890981	32489472
361	P2	2026-08-14T00:33:24,778174823-0700	1786692804773035073	AppProcB	AppProcB	945	10200	12488	5468	28156	122413	1966	811856	96356	92385280	24890981	32489472
361	P2	2026-08-14T00:33:24,778174823-0700	1786692804773035073	ServiceA	ServiceA	3953	3272	4484	2656	10412	409520	167	811856	96356	92385280	24890981	32489472
361	P2	2026-08-14T00:33:24,778174823-0700	1786692804773035073	ServiceD	ServiceD	953	9648	6748	3364	19760	88974	743	811856	96356	92385280	24890981	32489472
361	P2	2026-08-14T00:33:24,778174823-0700	1786692804773035073	ServiceE	ServiceE	545	8772	2120	7800	18692	28356	342	811856	96356	92385280	24890981	32489472
361	P2	2026-08-14T00:33:24,778174823-0700	1786692804773035073	ServiceL	ServiceL	579	6392	2200	1640	10232	33836	1176	811856	96356	92385280	24890981	32489472
361	P2	2026-08-14T00:33:24,778174823-0700	1786692804773035073	ServiceH[ServiceK]	ServiceH	3740	13136	25556	4324	43016	106776	103	811856	96356	92385280	24890981	32489472
361	P2	2026-08-14T00:33:24,778174823-0700	1786692804773035073	ServiceB	ServiceB	692	3888	4408	2176	10472	30027	414	811856	96356	92385280	24890981	32489472
361	P2	2026-08-14T00:33:24,778174823-0700	1786692804773035073	ServiceC	ServiceC	676	3976	8584	1540	14100	223881	970	811856	96356	92385280	24890981	32489472
362	P2	2026-08-14T00:33:26,775225906-0700	1786692806770872489	AppProcD	AppProcD	543	29760	38424	6600	74784	415053	582	813036	96356	92385280	24890981	32489472
362	P2	2026-08-14T00:33:26,775225906-0700	1786692806770872489	AppProcC	AppProcC	2671	15008	16164	4428	35600	101698	41	813036	96356	92385280	24890981	32489472
362	P2	2026-08-14T00:33:26,775225906-0700	1786692806770872489	AppProcB	AppProcB	945	10200	12488	5468	28156	122453	1966	813036	96356	92385280	24890981	32489472
362	P2	2026-08-14T00:33:26,775225906-0700	1786692806770872489	ServiceA	ServiceA	3953	3272	4484	2656	10412	409520	167	813036	96356	92385280	24890981	32489472
362	P2	2026-08-14T00:33:26,775225906-0700	1786692806770872489	ServiceD	ServiceD	953	9648	6748	3364	19760	88974	743	813036	96356	92385280	24890981	32489472
362	P2	2026-08-14T00:33:26,775225906-0700	1786692806770872489	ServiceE	ServiceE	545	8772	2120	7800	18692	28356	342	813036	96356	92385280	24890981	32489472
362	P2	2026-08-14T00:33:26,775225906-0700	1786692806770872489	ServiceL	ServiceL	579	6392	2200	1640	10232	33836	1176	813036	96356	92385280	24890981	32489472
362	P2	2026-08-14T00:33:26,775225906-0700	1786692806770872489	ServiceH[ServiceK]	ServiceH	3740	13136	25556	4324	43016	106776	103	813036	96356	92385280	24890981	32489472
362	P2	2026-08-14T00:33:26,775225906-0700	1786692806770872489	ServiceB	ServiceB	692	3888	4408	2176	10472	30027	414	813036	96356	92385280	24890981	32489472
362	P2	2026-08-14T00:33:26,775225906-0700	1786692806770872489	ServiceC	ServiceC	676	3976	8584	1540	14100	223881	970	813036	96356	92385280	24890981	32489472
363	P2	2026-08-14T00:33:28,775806655-0700	1786692808769223155	AppProcD	AppProcD	543	29756	38424	6600	74780	415055	582	811992	96356	92385280	24890981	32489472
363	P2	2026-08-14T00:33:28,775806655-0700	1786692808769223155	AppProcC	AppProcC	2671	15008	16164	4428	35600	101698	41	811992	96356	92385280	24890981	32489472
363	P2	2026-08-14T00:33:28,775806655-0700	1786692808769223155	AppProcB	AppProcB	945	10200	12488	5468	28156	122453	1966	811992	96356	92385280	24890981	32489472
363	P2	2026-08-14T00:33:28,775806655-0700	1786692808769223155	ServiceA	ServiceA	3953	3272	4484	2656	10412	409520	167	811992	96356	92385280	24890981	32489472
363	P2	2026-08-14T00:33:28,775806655-0700	1786692808769223155	ServiceD	ServiceD	953	9648	6748	3364	19760	89014	743	811992	96356	92385280	24890981	32489472
363	P2	2026-08-14T00:33:28,775806655-0700	1786692808769223155	ServiceE	ServiceE	545	8772	2120	7800	18692	28356	342	811992	96356	92385280	24890981	32489472
363	P2	2026-08-14T00:33:28,775806655-0700	1786692808769223155	ServiceL	ServiceL	579	6392	2200	1640	10232	33866	1176	811992	96356	92385280	24890981	32489472
363	P2	2026-08-14T00:33:28,775806655-0700	1786692808769223155	ServiceH[ServiceK]	ServiceH	3740	13136	25556	4324	43016	106776	103	811992	96356	92385280	24890981	32489472
363	P2	2026-08-14T00:33:28,775806655-0700	1786692808769223155	ServiceB	ServiceB	692	3888	4408	2176	10472	30027	414	811992	96356	92385280	24890981	32489472
363	P2	2026-08-14T00:33:28,775806655-0700	1786692808769223155	ServiceC	ServiceC	676	3976	8584	1540	14100	223881	970	811992	96356	92385280	24890981	32489472
364	P2	2026-08-14T00:33:30,776316571-0700	1786692810771038988	AppProcD	AppProcD	543	29756	38424	6600	74780	415055	582	811388	96356	92385280	24890981	32489472
364	P2	2026-08-14T00:33:30,776316571-0700	1786692810771038988	AppProcC	AppProcC	2671	15008	16164	4428	35600	101698	41	811388	96356	92385280	24890981	32489472
364	P2	2026-08-14T00:33:30,776316571-0700	1786692810771038988	AppProcB	AppProcB	945	10200	12488	5468	28156	122453	1966	811388	96356	92385280	24890981	32489472
364	P2	2026-08-14T00:33:30,776316571-0700	1786692810771038988	ServiceA	ServiceA	3953	3272	4484	2656	10412	409520	167	811388	96356	92385280	24890981	32489472
364	P2	2026-08-14T00:33:30,776316571-0700	1786692810771038988	ServiceD	ServiceD	953	9648	6748	3364	19760	89014	743	811388	96356	92385280	24890981	32489472
364	P2	2026-08-14T00:33:30,776316571-0700	1786692810771038988	ServiceE	ServiceE	545	8772	2120	7800	18692	28356	342	811388	96356	92385280	24890981	32489472
364	P2	2026-08-14T00:33:30,776316571-0700	1786692810771038988	ServiceL	ServiceL	579	6392	2200	1640	10232	33866	1176	811388	96356	92385280	24890981	32489472
364	P2	2026-08-14T00:33:30,776316571-0700	1786692810771038988	ServiceH[ServiceK]	ServiceH	3740	13104	25556	4324	42984	106816	103	811388	96356	92385280	24890981	32489472
364	P2	2026-08-14T00:33:30,776316571-0700	1786692810771038988	ServiceB	ServiceB	692	3888	4408	2176	10472	30027	414	811388	96356	92385280	24890981	32489472
364	P2	2026-08-14T00:33:30,776316571-0700	1786692810771038988	ServiceC	ServiceC	676	3976	8584	1540	14100	223881	970	811388	96356	92385280	24890981	32489472
365	P2	2026-08-14T00:33:32,776033571-0700	1786692812769416988	AppProcD	AppProcD	543	29784	38424	6600	74808	415058	582	811744	96356	92385280	24890981	32489472
365	P2	2026-08-14T00:33:32,776033571-0700	1786692812769416988	AppProcC	AppProcC	2671	15008	16164	4428	35600	101699	41	811744	96356	92385280	24890981	32489472
365	P2	2026-08-14T00:33:32,776033571-0700	1786692812769416988	AppProcB	AppProcB	945	10200	12488	5468	28156	122493	1966	811744	96356	92385280	24890981	32489472
365	P2	2026-08-14T00:33:32,776033571-0700	1786692812769416988	ServiceA	ServiceA	3953	3272	4484	2656	10412	409520	167	811744	96356	92385280	24890981	32489472
365	P2	2026-08-14T00:33:32,776033571-0700	1786692812769416988	ServiceD	ServiceD	953	9648	6748	3364	19760	89054	743	811744	96356	92385280	24890981	32489472
365	P2	2026-08-14T00:33:32,776033571-0700	1786692812769416988	ServiceE	ServiceE	545	8772	2120	7800	18692	28356	342	811744	96356	92385280	24890981	32489472
365	P2	2026-08-14T00:33:32,776033571-0700	1786692812769416988	ServiceL	ServiceL	579	6392	2200	1640	10232	33866	1176	811744	96356	92385280	24890981	32489472
365	P2	2026-08-14T00:33:32,776033571-0700	1786692812769416988	ServiceH[ServiceK]	ServiceH	3740	13104	25556	4324	42984	106816	103	811744	96356	92385280	24890981	32489472
365	P2	2026-08-14T00:33:32,776033571-0700	1786692812769416988	ServiceB	ServiceB	692	3888	4408	2176	10472	30027	414	811744	96356	92385280	24890981	32489472
365	P2	2026-08-14T00:33:32,776033571-0700	1786692812769416988	ServiceC	ServiceC	676	3976	8584	1540	14100	223881	970	811744	96356	92385280	24890981	32489472
366	P2	2026-08-14T00:33:34,774977237-0700	1786692814769815737	AppProcD	AppProcD	543	29784	38424	6600	74808	415064	582	811344	96356	92385280	24890981	32489472
366	P2	2026-08-14T00:33:34,774977237-0700	1786692814769815737	AppProcC	AppProcC	2671	15008	16164	4428	35600	101699	41	811344	96356	92385280	24890981	32489472
366	P2	2026-08-14T00:33:34,774977237-0700	1786692814769815737	AppProcB	AppProcB	945	10200	12488	5468	28156	122493	1966	811344	96356	92385280	24890981	32489472
366	P2	2026-08-14T00:33:34,774977237-0700	1786692814769815737	ServiceA	ServiceA	3953	3272	4484	2656	10412	409520	167	811344	96356	92385280	24890981	32489472
366	P2	2026-08-14T00:33:34,774977237-0700	1786692814769815737	ServiceD	ServiceD	953	9648	6748	3364	19760	89054	743	811344	96356	92385280	24890981	32489472
366	P2	2026-08-14T00:33:34,774977237-0700	1786692814769815737	ServiceE	ServiceE	545	8772	2120	7800	18692	28356	342	811344	96356	92385280	24890981	32489472
366	P2	2026-08-14T00:33:34,774977237-0700	1786692814769815737	ServiceL	ServiceL	579	6392	2200	1640	10232	33896	1176	811344	96356	92385280	24890981	32489472
366	P2	2026-08-14T00:33:34,774977237-0700	1786692814769815737	ServiceH[ServiceK]	ServiceH	3740	13104	25556	4324	42984	106856	103	811344	96356	92385280	24890981	32489472
366	P2	2026-08-14T00:33:34,774977237-0700	1786692814769815737	ServiceB	ServiceB	692	3888	4408	2176	10472	30027	414	811344	96356	92385280	24890981	32489472
366	P2	2026-08-14T00:33:34,774977237-0700	1786692814769815737	ServiceC	ServiceC	676	3976	8584	1540	14100	223881	970	811344	96356	92385280	24890981	32489472
367	P2	2026-08-14T00:33:36,782116903-0700	1786692816773836570	AppProcD	AppProcD	543	29784	38424	6600	74808	415064	582	810460	96356	92385280	24890981	32489472
367	P2	2026-08-14T00:33:36,782116903-0700	1786692816773836570	AppProcC	AppProcC	2671	15008	16164	4428	35600	101700	41	810460	96356	92385280	24890981	32489472
367	P2	2026-08-14T00:33:36,782116903-0700	1786692816773836570	AppProcB	AppProcB	945	10200	12488	5468	28156	122533	1966	810460	96356	92385280	24890981	32489472
367	P2	2026-08-14T00:33:36,782116903-0700	1786692816773836570	ServiceA	ServiceA	3953	3272	4484	2656	10412	409520	167	810460	96356	92385280	24890981	32489472
367	P2	2026-08-14T00:33:36,782116903-0700	1786692816773836570	ServiceD	ServiceD	953	9648	6748	3364	19760	89054	743	810460	96356	92385280	24890981	32489472
367	P2	2026-08-14T00:33:36,782116903-0700	1786692816773836570	ServiceE	ServiceE	545	8772	2120	7800	18692	28356	342	810460	96356	92385280	24890981	32489472
367	P2	2026-08-14T00:33:36,782116903-0700	1786692816773836570	ServiceL	ServiceL	579	6392	2200	1640	10232	33896	1176	810460	96356	92385280	24890981	32489472
367	P2	2026-08-14T00:33:36,782116903-0700	1786692816773836570	ServiceH[ServiceK]	ServiceH	3740	13104	25556	4324	42984	106856	103	810460	96356	92385280	24890981	32489472
367	P2	2026-08-14T00:33:36,782116903-0700	1786692816773836570	ServiceB	ServiceB	692	3888	4408	2176	10472	30028	414	810460	96356	92385280	24890981	32489472
367	P2	2026-08-14T00:33:36,782116903-0700	1786692816773836570	ServiceC	ServiceC	676	3976	8584	1540	14100	223881	970	810460	96356	92385280	24890981	32489472
368	P2	2026-08-14T00:33:38,776567486-0700	1786692818772261153	AppProcD	AppProcD	543	29784	38424	6600	74808	415071	582	811332	96356	92385280	24890981	32489472
368	P2	2026-08-14T00:33:38,776567486-0700	1786692818772261153	AppProcC	AppProcC	2671	15008	16164	4428	35600	101700	41	811332	96356	92385280	24890981	32489472
368	P2	2026-08-14T00:33:38,776567486-0700	1786692818772261153	AppProcB	AppProcB	945	10200	12488	5468	28156	122533	1966	811332	96356	92385280	24890981	32489472
368	P2	2026-08-14T00:33:38,776567486-0700	1786692818772261153	ServiceA	ServiceA	3953	3272	4484	2656	10412	409520	167	811332	96356	92385280	24890981	32489472
368	P2	2026-08-14T00:33:38,776567486-0700	1786692818772261153	ServiceD	ServiceD	953	9648	6748	3364	19760	89094	743	811332	96356	92385280	24890981	32489472
368	P2	2026-08-14T00:33:38,776567486-0700	1786692818772261153	ServiceE	ServiceE	545	8772	2120	7800	18692	28356	342	811332	96356	92385280	24890981	32489472
368	P2	2026-08-14T00:33:38,776567486-0700	1786692818772261153	ServiceL	ServiceL	579	6392	2200	1640	10232	33926	1176	811332	96356	92385280	24890981	32489472
368	P2	2026-08-14T00:33:38,776567486-0700	1786692818772261153	ServiceH[ServiceK]	ServiceH	3740	13112	25556	4324	42992	106856	103	811332	96356	92385280	24890981	32489472
368	P2	2026-08-14T00:33:38,776567486-0700	1786692818772261153	ServiceB	ServiceB	692	3888	4408	2176	10472	30028	414	811332	96356	92385280	24890981	32489472
368	P2	2026-08-14T00:33:38,776567486-0700	1786692818772261153	ServiceC	ServiceC	676	3976	8584	1540	14100	223881	970	811332	96356	92385280	24890981	32489472
369	P2	2026-08-14T00:33:40,777713819-0700	1786692820772243819	AppProcD	AppProcD	543	29784	38424	6600	74808	415071	582	810680	96356	92385280	24890981	32489472
369	P2	2026-08-14T00:33:40,777713819-0700	1786692820772243819	AppProcC	AppProcC	2671	15008	16164	4428	35600	101700	41	810680	96356	92385280	24890981	32489472
369	P2	2026-08-14T00:33:40,777713819-0700	1786692820772243819	AppProcB	AppProcB	945	10200	12488	5468	28156	122533	1966	810680	96356	92385280	24890981	32489472
369	P2	2026-08-14T00:33:40,777713819-0700	1786692820772243819	ServiceA	ServiceA	3953	3272	4484	2656	10412	409520	167	810680	96356	92385280	24890981	32489472
369	P2	2026-08-14T00:33:40,777713819-0700	1786692820772243819	ServiceD	ServiceD	953	9648	6748	3364	19760	89094	743	810680	96356	92385280	24890981	32489472
369	P2	2026-08-14T00:33:40,777713819-0700	1786692820772243819	ServiceE	ServiceE	545	8772	2120	7800	18692	28356	342	810680	96356	92385280	24890981	32489472
369	P2	2026-08-14T00:33:40,777713819-0700	1786692820772243819	ServiceL	ServiceL	579	6392	2200	1640	10232	33926	1176	810680	96356	92385280	24890981	32489472
369	P2	2026-08-14T00:33:40,777713819-0700	1786692820772243819	ServiceH[ServiceK]	ServiceH	3740	13104	25556	4324	42984	106896	103	810680	96356	92385280	24890981	32489472
369	P2	2026-08-14T00:33:40,777713819-0700	1786692820772243819	ServiceB	ServiceB	692	3888	4408	2176	10472	30028	414	810680	96356	92385280	24890981	32489472
369	P2	2026-08-14T00:33:40,777713819-0700	1786692820772243819	ServiceC	ServiceC	676	3976	8584	1540	14100	223881	970	810680	96356	92385280	24890981	32489472
370	P2	2026-08-14T00:33:42,774468402-0700	1786692822769932319	AppProcD	AppProcD	543	29784	38424	6600	74808	415071	582	811860	96356	92385280	24890981	32489472
370	P2	2026-08-14T00:33:42,774468402-0700	1786692822769932319	AppProcC	AppProcC	2671	15008	16164	4428	35600	101701	41	811860	96356	92385280	24890981	32489472
370	P2	2026-08-14T00:33:42,774468402-0700	1786692822769932319	AppProcB	AppProcB	945	10200	12488	5468	28156	122573	1966	811860	96356	92385280	24890981	32489472
370	P2	2026-08-14T00:33:42,774468402-0700	1786692822769932319	ServiceA	ServiceA	3953	3272	4484	2656	10412	409520	167	811860	96356	92385280	24890981	32489472
370	P2	2026-08-14T00:33:42,774468402-0700	1786692822769932319	ServiceD	ServiceD	953	9648	6748	3364	19760	89134	743	811860	96356	92385280	24890981	32489472
370	P2	2026-08-14T00:33:42,774468402-0700	1786692822769932319	ServiceE	ServiceE	545	8772	2120	7800	18692	28356	342	811860	96356	92385280	24890981	32489472
370	P2	2026-08-14T00:33:42,774468402-0700	1786692822769932319	ServiceL	ServiceL	579	6392	2200	1640	10232	33926	1176	811860	96356	92385280	24890981	32489472
370	P2	2026-08-14T00:33:42,774468402-0700	1786692822769932319	ServiceH[ServiceK]	ServiceH	3740	13104	25556	4324	42984	106896	103	811860	96356	92385280	24890981	32489472
370	P2	2026-08-14T00:33:42,774468402-0700	1786692822769932319	ServiceB	ServiceB	692	3888	4408	2176	10472	30028	414	811860	96356	92385280	24890981	32489472
370	P2	2026-08-14T00:33:42,774468402-0700	1786692822769932319	ServiceC	ServiceC	676	3976	8584	1540	14100	223881	970	811860	96356	92385280	24890981	32489472
371	P2	2026-08-14T00:33:44,776593901-0700	1786692824771982151	AppProcD	AppProcD	543	29784	38424	6600	74808	415073	582	811764	96356	92385280	24890981	32489472
371	P2	2026-08-14T00:33:44,776593901-0700	1786692824771982151	AppProcC	AppProcC	2671	15008	16164	4428	35600	101701	41	811764	96356	92385280	24890981	32489472
371	P2	2026-08-14T00:33:44,776593901-0700	1786692824771982151	AppProcB	AppProcB	945	10200	12488	5468	28156	122573	1966	811764	96356	92385280	24890981	32489472
371	P2	2026-08-14T00:33:44,776593901-0700	1786692824771982151	ServiceA	ServiceA	3953	3272	4484	2656	10412	409520	167	811764	96356	92385280	24890981	32489472
371	P2	2026-08-14T00:33:44,776593901-0700	1786692824771982151	ServiceD	ServiceD	953	9648	6748	3364	19760	89134	743	811764	96356	92385280	24890981	32489472
371	P2	2026-08-14T00:33:44,776593901-0700	1786692824771982151	ServiceE	ServiceE	545	8772	2120	7800	18692	28356	342	811764	96356	92385280	24890981	32489472
371	P2	2026-08-14T00:33:44,776593901-0700	1786692824771982151	ServiceL	ServiceL	579	6392	2200	1640	10232	33956	1176	811764	96356	92385280	24890981	32489472
371	P2	2026-08-14T00:33:44,776593901-0700	1786692824771982151	ServiceH[ServiceK]	ServiceH	3740	13104	25556	4324	42984	106936	103	811764	96356	92385280	24890981	32489472
371	P2	2026-08-14T00:33:44,776593901-0700	1786692824771982151	ServiceB	ServiceB	692	3888	4404	2176	10468	30028	414	811764	96356	92385280	24890981	32489472
371	P2	2026-08-14T00:33:44,776593901-0700	1786692824771982151	ServiceC	ServiceC	676	3976	8584	1540	14100	223881	970	811764	96356	92385280	24890981	32489472
372	P2	2026-08-14T00:33:46,775504568-0700	1786692826769505401	AppProcD	AppProcD	543	29784	38424	6600	74808	415073	582	810108	96356	92385280	24890981	32489472
372	P2	2026-08-14T00:33:46,775504568-0700	1786692826769505401	AppProcC	AppProcC	2671	15008	16164	4428	35600	101702	41	810108	96356	92385280	24890981	32489472
372	P2	2026-08-14T00:33:46,775504568-0700	1786692826769505401	AppProcB	AppProcB	945	10200	12488	5468	28156	122613	1966	810108	96356	92385280	24890981	32489472
372	P2	2026-08-14T00:33:46,775504568-0700	1786692826769505401	ServiceA	ServiceA	3953	3272	4484	2656	10412	409520	167	810108	96356	92385280	24890981	32489472
372	P2	2026-08-14T00:33:46,775504568-0700	1786692826769505401	ServiceD	ServiceD	953	9648	6748	3364	19760	89134	743	810108	96356	92385280	24890981	32489472
372	P2	2026-08-14T00:33:46,775504568-0700	1786692826769505401	ServiceE	ServiceE	545	8772	2120	7800	18692	28356	342	810108	96356	92385280	24890981	32489472
372	P2	2026-08-14T00:33:46,775504568-0700	1786692826769505401	ServiceL	ServiceL	579	6392	2200	1640	10232	33956	1176	810108	96356	92385280	24890981	32489472
372	P2	2026-08-14T00:33:46,775504568-0700	1786692826769505401	ServiceH[ServiceK]	ServiceH	3740	13104	25556	4324	42984	106936	103	810108	96356	92385280	24890981	32489472
372	P2	2026-08-14T00:33:46,775504568-0700	1786692826769505401	ServiceB	ServiceB	692	3888	4404	2176	10468	30028	414	810108	96356	92385280	24890981	32489472
372	P2	2026-08-14T00:33:46,775504568-0700	1786692826769505401	ServiceC	ServiceC	676	3976	8584	1540	14100	223881	970	810108	96356	92385280	24890981	32489472
373	P2	2026-08-14T00:33:48,776841234-0700	1786692828769980984	AppProcD	AppProcD	543	29784	38424	6600	74808	415075	582	809900	96356	92385280	24890981	32489472
373	P2	2026-08-14T00:33:48,776841234-0700	1786692828769980984	AppProcC	AppProcC	2671	15008	16164	4428	35600	101702	41	809900	96356	92385280	24890981	32489472
373	P2	2026-08-14T00:33:48,776841234-0700	1786692828769980984	AppProcB	AppProcB	945	10200	12488	5468	28156	122613	1966	809900	96356	92385280	24890981	32489472
373	P2	2026-08-14T00:33:48,776841234-0700	1786692828769980984	ServiceA	ServiceA	3953	3272	4484	2656	10412	409520	167	809900	96356	92385280	24890981	32489472
373	P2	2026-08-14T00:33:48,776841234-0700	1786692828769980984	ServiceD	ServiceD	953	9648	6748	3364	19760	89174	743	809900	96356	92385280	24890981	32489472
373	P2	2026-08-14T00:33:48,776841234-0700	1786692828769980984	ServiceE	ServiceE	545	8772	2120	7800	18692	28356	342	809900	96356	92385280	24890981	32489472
373	P2	2026-08-14T00:33:48,776841234-0700	1786692828769980984	ServiceL	ServiceL	579	6392	2200	1640	10232	33986	1176	809900	96356	92385280	24890981	32489472
373	P2	2026-08-14T00:33:48,776841234-0700	1786692828769980984	ServiceH[ServiceK]	ServiceH	3740	13104	25556	4324	42984	106936	103	809900	96356	92385280	24890981	32489472
373	P2	2026-08-14T00:33:48,776841234-0700	1786692828769980984	ServiceB	ServiceB	692	3888	4404	2176	10468	30028	414	809900	96356	92385280	24890981	32489472
373	P2	2026-08-14T00:33:48,776841234-0700	1786692828769980984	ServiceC	ServiceC	676	3976	8584	1540	14100	223881	970	809900	96356	92385280	24890981	32489472
374	P2	2026-08-14T00:33:50,774394817-0700	1786692830769876650	AppProcD	AppProcD	543	29784	38424	6600	74808	415075	582	810328	96356	92385280	24890981	32489472
374	P2	2026-08-14T00:33:50,774394817-0700	1786692830769876650	AppProcC	AppProcC	2671	15008	16164	4428	35600	101702	41	810328	96356	92385280	24890981	32489472
374	P2	2026-08-14T00:33:50,774394817-0700	1786692830769876650	AppProcB	AppProcB	945	10200	12488	5468	28156	122613	1966	810328	96356	92385280	24890981	32489472
374	P2	2026-08-14T00:33:50,774394817-0700	1786692830769876650	ServiceA	ServiceA	3953	3272	4484	2656	10412	409520	167	810328	96356	92385280	24890981	32489472
374	P2	2026-08-14T00:33:50,774394817-0700	1786692830769876650	ServiceD	ServiceD	953	9648	6748	3364	19760	89174	743	810328	96356	92385280	24890981	32489472
374	P2	2026-08-14T00:33:50,774394817-0700	1786692830769876650	ServiceE	ServiceE	545	8772	2120	7800	18692	28356	342	810328	96356	92385280	24890981	32489472
374	P2	2026-08-14T00:33:50,774394817-0700	1786692830769876650	ServiceL	ServiceL	579	6392	2200	1640	10232	33986	1176	810328	96356	92385280	24890981	32489472
374	P2	2026-08-14T00:33:50,774394817-0700	1786692830769876650	ServiceH[ServiceK]	ServiceH	3740	13104	25556	4324	42984	106976	103	810328	96356	92385280	24890981	32489472
374	P2	2026-08-14T00:33:50,774394817-0700	1786692830769876650	ServiceB	ServiceB	692	3888	4404	2176	10468	30028	414	810328	96356	92385280	24890981	32489472
374	P2	2026-08-14T00:33:50,774394817-0700	1786692830769876650	ServiceC	ServiceC	676	3976	8584	1540	14100	223881	970	810328	96356	92385280	24890981	32489472
