sample	timestamp	epoch_ns	target	comm	pid	glibc_heap_pd_kb	other_anon_pd_kb	file_backed_pd_kb	total_pd_kb	minflt	majflt	MemAvailable_kb	zram_used_kb	zram_orig_bytes	zram_compr_bytes	zram_mem_used_bytes
0	2026-08-13T23:19:07,757228133-0700	1786688347751701050	AppProcD	AppProcD	424	12592	18612	5140	36344	123041	500	1059720	92816	90263552	20975318	27086848
0	2026-08-13T23:19:07,757228133-0700	1786688347751701050	ServiceE	ServiceE	404	7804	2808	7800	18412	28183	352	1059720	92816	90263552	20975318	27086848
0	2026-08-13T23:19:07,757228133-0700	1786688347751701050	AppProcB	AppProcB	896	6572	11780	6416	24768	108907	1366	1059720	92816	90263552	20975318	27086848
0	2026-08-13T23:19:07,757228133-0700	1786688347751701050	ServiceH	ServiceH	2869	4100	4004	3040	11144	21917	2	1059720	92816	90263552	20975318	27086848
0	2026-08-13T23:19:07,757228133-0700	1786688347751701050	cynara	cynara	205	1652	1032	212	2896	19999	842	1059720	92816	90263552	20975318	27086848
0	2026-08-13T23:19:07,757228133-0700	1786688347751701050	AppProcA	AppProcA	2724	1212	3644	3732	8588	35450	79	1059720	92816	90263552	20975318	27086848
0	2026-08-13T23:19:07,757228133-0700	1786688347751701050	systemd	systemd	1	1124	164	440	1728	27354	507	1059720	92816	90263552	20975318	27086848
0	2026-08-13T23:19:07,757228133-0700	1786688347751701050	enlightenment	enlightenment	258	888	888	3036	4812	21488	495	1059720	92816	90263552	20975318	27086848
0	2026-08-13T23:19:07,757228133-0700	1786688347751701050	buxton2d_worker	buxton2d_worker	229	836	28	440	1304	3510	309	1059720	92816	90263552	20975318	27086848
0	2026-08-13T23:19:07,757228133-0700	1786688347751701050	ServiceD	ServiceD	1037	180	1740	3224	5144	18612	277	1059720	92816	90263552	20975318	27086848
1	2026-08-13T23:19:09,754487966-0700	1786688349750333216	AppProcD	AppProcD	424	12592	18612	5140	36344	123041	500	1058604	92816	90263552	20975318	27086848
1	2026-08-13T23:19:09,754487966-0700	1786688349750333216	ServiceE	ServiceE	404	7804	2808	7800	18412	28183	352	1058604	92816	90263552	20975318	27086848
1	2026-08-13T23:19:09,754487966-0700	1786688349750333216	AppProcB	AppProcB	896	6572	11780	6416	24768	108947	1366	1058604	92816	90263552	20975318	27086848
1	2026-08-13T23:19:09,754487966-0700	1786688349750333216	ServiceH	ServiceH	2869	4100	4004	3040	11144	21917	2	1058604	92816	90263552	20975318	27086848
1	2026-08-13T23:19:09,754487966-0700	1786688349750333216	cynara	cynara	205	1652	1032	212	2896	19999	842	1058604	92816	90263552	20975318	27086848
1	2026-08-13T23:19:09,754487966-0700	1786688349750333216	AppProcA	AppProcA	2724	1212	3644	3732	8588	35450	79	1058604	92816	90263552	20975318	27086848
1	2026-08-13T23:19:09,754487966-0700	1786688349750333216	systemd	systemd	1	1124	164	440	1728	27354	507	1058604	92816	90263552	20975318	27086848
1	2026-08-13T23:19:09,754487966-0700	1786688349750333216	enlightenment	enlightenment	258	888	888	3036	4812	21488	495	1058604	92816	90263552	20975318	27086848
1	2026-08-13T23:19:09,754487966-0700	1786688349750333216	buxton2d_worker	buxton2d_worker	229	836	28	440	1304	3510	309	1058604	92816	90263552	20975318	27086848
1	2026-08-13T23:19:09,754487966-0700	1786688349750333216	ServiceD	ServiceD	1037	180	1740	3224	5144	18612	277	1058604	92816	90263552	20975318	27086848
2	2026-08-13T23:19:11,751130215-0700	1786688351746831799	AppProcD	AppProcD	424	12592	18612	5140	36344	123041	500	1058540	92816	90263552	20975318	27086848
2	2026-08-13T23:19:11,751130215-0700	1786688351746831799	ServiceE	ServiceE	404	7804	2808	7800	18412	28183	352	1058540	92816	90263552	20975318	27086848
2	2026-08-13T23:19:11,751130215-0700	1786688351746831799	AppProcB	AppProcB	896	6572	11780	6416	24768	108947	1366	1058540	92816	90263552	20975318	27086848
2	2026-08-13T23:19:11,751130215-0700	1786688351746831799	ServiceH	ServiceH	2869	4100	4004	3040	11144	21917	2	1058540	92816	90263552	20975318	27086848
2	2026-08-13T23:19:11,751130215-0700	1786688351746831799	cynara	cynara	205	1652	1032	212	2896	19999	842	1058540	92816	90263552	20975318	27086848
2	2026-08-13T23:19:11,751130215-0700	1786688351746831799	AppProcA	AppProcA	2724	1212	3644	3732	8588	35470	79	1058540	92816	90263552	20975318	27086848
2	2026-08-13T23:19:11,751130215-0700	1786688351746831799	systemd	systemd	1	1124	164	440	1728	27354	507	1058540	92816	90263552	20975318	27086848
2	2026-08-13T23:19:11,751130215-0700	1786688351746831799	enlightenment	enlightenment	258	888	888	3036	4812	21488	495	1058540	92816	90263552	20975318	27086848
2	2026-08-13T23:19:11,751130215-0700	1786688351746831799	buxton2d_worker	buxton2d_worker	229	836	28	440	1304	3510	309	1058540	92816	90263552	20975318	27086848
2	2026-08-13T23:19:11,751130215-0700	1786688351746831799	ServiceD	ServiceD	1037	180	1740	3224	5144	18638	277	1058540	92816	90263552	20975318	27086848
3	2026-08-13T23:19:13,753397465-0700	1786688353746110798	AppProcD	AppProcD	424	12592	18612	5140	36344	123093	500	1058648	92816	90263552	20975318	27086848
3	2026-08-13T23:19:13,753397465-0700	1786688353746110798	ServiceE	ServiceE	404	7804	2808	7800	18412	28183	352	1058648	92816	90263552	20975318	27086848
3	2026-08-13T23:19:13,753397465-0700	1786688353746110798	AppProcB	AppProcB	896	6572	11780	6416	24768	108947	1366	1058648	92816	90263552	20975318	27086848
3	2026-08-13T23:19:13,753397465-0700	1786688353746110798	ServiceH	ServiceH	2869	4100	4004	3040	11144	21917	2	1058648	92816	90263552	20975318	27086848
3	2026-08-13T23:19:13,753397465-0700	1786688353746110798	cynara	cynara	205	1652	1032	212	2896	19999	842	1058648	92816	90263552	20975318	27086848
3	2026-08-13T23:19:13,753397465-0700	1786688353746110798	AppProcA	AppProcA	2724	1212	3644	3732	8588	35471	79	1058648	92816	90263552	20975318	27086848
3	2026-08-13T23:19:13,753397465-0700	1786688353746110798	systemd	systemd	1	1124	164	440	1728	27354	507	1058648	92816	90263552	20975318	27086848
3	2026-08-13T23:19:13,753397465-0700	1786688353746110798	enlightenment	enlightenment	258	888	888	3036	4812	21488	495	1058648	92816	90263552	20975318	27086848
3	2026-08-13T23:19:13,753397465-0700	1786688353746110798	buxton2d_worker	buxton2d_worker	229	836	28	440	1304	3510	309	1058648	92816	90263552	20975318	27086848
3	2026-08-13T23:19:13,753397465-0700	1786688353746110798	ServiceD	ServiceD	1037	180	1740	3224	5144	18638	277	1058648	92816	90263552	20975318	27086848
4	2026-08-13T23:19:15,757027381-0700	1786688355752475965	AppProcD	AppProcD	424	12592	18612	5140	36344	123093	500	1058788	92816	90263552	20975318	27086848
4	2026-08-13T23:19:15,757027381-0700	1786688355752475965	ServiceE	ServiceE	404	7804	2808	7800	18412	28183	352	1058788	92816	90263552	20975318	27086848
4	2026-08-13T23:19:15,757027381-0700	1786688355752475965	AppProcB	AppProcB	896	6572	11780	6416	24768	108987	1366	1058788	92816	90263552	20975318	27086848
4	2026-08-13T23:19:15,757027381-0700	1786688355752475965	ServiceH	ServiceH	2869	4100	4004	3040	11144	21917	2	1058788	92816	90263552	20975318	27086848
4	2026-08-13T23:19:15,757027381-0700	1786688355752475965	cynara	cynara	205	1652	1032	212	2896	19999	842	1058788	92816	90263552	20975318	27086848
4	2026-08-13T23:19:15,757027381-0700	1786688355752475965	AppProcA	AppProcA	2724	1212	3644	3732	8588	35471	79	1058788	92816	90263552	20975318	27086848
4	2026-08-13T23:19:15,757027381-0700	1786688355752475965	systemd	systemd	1	1124	164	440	1728	27354	507	1058788	92816	90263552	20975318	27086848
4	2026-08-13T23:19:15,757027381-0700	1786688355752475965	enlightenment	enlightenment	258	888	888	3036	4812	21488	495	1058788	92816	90263552	20975318	27086848
4	2026-08-13T23:19:15,757027381-0700	1786688355752475965	buxton2d_worker	buxton2d_worker	229	836	28	440	1304	3510	309	1058788	92816	90263552	20975318	27086848
4	2026-08-13T23:19:15,757027381-0700	1786688355752475965	ServiceD	ServiceD	1037	180	1740	3224	5144	18665	277	1058788	92816	90263552	20975318	27086848
5	2026-08-13T23:19:17,751713381-0700	1786688357747236547	AppProcD	AppProcD	424	12592	18612	5140	36344	123145	500	1058796	92816	90263552	20975318	27086848
5	2026-08-13T23:19:17,751713381-0700	1786688357747236547	ServiceE	ServiceE	404	7804	2808	7800	18412	28183	352	1058796	92816	90263552	20975318	27086848
5	2026-08-13T23:19:17,751713381-0700	1786688357747236547	AppProcB	AppProcB	896	6572	11780	6416	24768	108987	1366	1058796	92816	90263552	20975318	27086848
5	2026-08-13T23:19:17,751713381-0700	1786688357747236547	ServiceH	ServiceH	2869	4100	4004	3040	11144	21917	2	1058796	92816	90263552	20975318	27086848
5	2026-08-13T23:19:17,751713381-0700	1786688357747236547	cynara	cynara	205	1652	1032	212	2896	19999	842	1058796	92816	90263552	20975318	27086848
5	2026-08-13T23:19:17,751713381-0700	1786688357747236547	AppProcA	AppProcA	2724	1212	3644	3732	8588	35492	79	1058796	92816	90263552	20975318	27086848
5	2026-08-13T23:19:17,751713381-0700	1786688357747236547	systemd	systemd	1	1124	164	440	1728	27354	507	1058796	92816	90263552	20975318	27086848
5	2026-08-13T23:19:17,751713381-0700	1786688357747236547	enlightenment	enlightenment	258	888	888	3036	4812	21489	495	1058796	92816	90263552	20975318	27086848
5	2026-08-13T23:19:17,751713381-0700	1786688357747236547	buxton2d_worker	buxton2d_worker	229	836	28	440	1304	3510	309	1058796	92816	90263552	20975318	27086848
5	2026-08-13T23:19:17,751713381-0700	1786688357747236547	ServiceD	ServiceD	1037	180	1740	3224	5144	18665	277	1058796	92816	90263552	20975318	27086848
6	2026-08-13T23:19:19,754827714-0700	1786688359750424880	AppProcD	AppProcD	424	12592	18612	5140	36344	123145	500	1058644	92816	90263552	20975318	27086848
6	2026-08-13T23:19:19,754827714-0700	1786688359750424880	ServiceE	ServiceE	404	7804	2808	7800	18412	28183	352	1058644	92816	90263552	20975318	27086848
6	2026-08-13T23:19:19,754827714-0700	1786688359750424880	AppProcB	AppProcB	896	6572	11780	6416	24768	109027	1366	1058644	92816	90263552	20975318	27086848
6	2026-08-13T23:19:19,754827714-0700	1786688359750424880	ServiceH	ServiceH	2869	4100	4004	3040	11144	21917	2	1058644	92816	90263552	20975318	27086848
6	2026-08-13T23:19:19,754827714-0700	1786688359750424880	cynara	cynara	205	1652	1032	212	2896	19999	842	1058644	92816	90263552	20975318	27086848
6	2026-08-13T23:19:19,754827714-0700	1786688359750424880	AppProcA	AppProcA	2724	1212	3644	3732	8588	35492	79	1058644	92816	90263552	20975318	27086848
6	2026-08-13T23:19:19,754827714-0700	1786688359750424880	systemd	systemd	1	1124	164	440	1728	27354	507	1058644	92816	90263552	20975318	27086848
6	2026-08-13T23:19:19,754827714-0700	1786688359750424880	enlightenment	enlightenment	258	888	888	3036	4812	21489	495	1058644	92816	90263552	20975318	27086848
6	2026-08-13T23:19:19,754827714-0700	1786688359750424880	buxton2d_worker	buxton2d_worker	229	836	28	440	1304	3511	309	1058644	92816	90263552	20975318	27086848
6	2026-08-13T23:19:19,754827714-0700	1786688359750424880	ServiceD	ServiceD	1037	180	1740	3224	5144	18665	277	1058644	92816	90263552	20975318	27086848
7	2026-08-13T23:19:21,752527213-0700	1786688361748172713	AppProcD	AppProcD	424	12592	18612	5140	36344	123145	500	1058240	92816	90263552	20975318	27086848
7	2026-08-13T23:19:21,752527213-0700	1786688361748172713	ServiceE	ServiceE	404	7804	2808	7800	18412	28183	352	1058240	92816	90263552	20975318	27086848
7	2026-08-13T23:19:21,752527213-0700	1786688361748172713	AppProcB	AppProcB	896	6572	11780	6416	24768	109027	1366	1058240	92816	90263552	20975318	27086848
7	2026-08-13T23:19:21,752527213-0700	1786688361748172713	ServiceH	ServiceH	2869	4100	4004	3040	11144	21917	2	1058240	92816	90263552	20975318	27086848
7	2026-08-13T23:19:21,752527213-0700	1786688361748172713	cynara	cynara	205	1652	1032	212	2896	19999	842	1058240	92816	90263552	20975318	27086848
7	2026-08-13T23:19:21,752527213-0700	1786688361748172713	AppProcA	AppProcA	2724	1212	3644	3732	8588	35513	79	1058240	92816	90263552	20975318	27086848
7	2026-08-13T23:19:21,752527213-0700	1786688361748172713	systemd	systemd	1	1124	164	440	1728	27354	507	1058240	92816	90263552	20975318	27086848
7	2026-08-13T23:19:21,752527213-0700	1786688361748172713	enlightenment	enlightenment	258	888	888	3036	4812	21489	495	1058240	92816	90263552	20975318	27086848
7	2026-08-13T23:19:21,752527213-0700	1786688361748172713	buxton2d_worker	buxton2d_worker	229	836	28	440	1304	3511	309	1058240	92816	90263552	20975318	27086848
7	2026-08-13T23:19:21,752527213-0700	1786688361748172713	ServiceD	ServiceD	1037	180	1740	3224	5144	18690	277	1058240	92816	90263552	20975318	27086848
8	2026-08-13T23:19:23,756956296-0700	1786688363750874046	AppProcD	AppProcD	424	12592	18612	5140	36344	123197	500	1058520	92816	90263552	20975318	27086848
8	2026-08-13T23:19:23,756956296-0700	1786688363750874046	ServiceE	ServiceE	404	7804	2808	7800	18412	28183	352	1058520	92816	90263552	20975318	27086848
8	2026-08-13T23:19:23,756956296-0700	1786688363750874046	AppProcB	AppProcB	896	6572	11780	6416	24768	109027	1366	1058520	92816	90263552	20975318	27086848
8	2026-08-13T23:19:23,756956296-0700	1786688363750874046	ServiceH	ServiceH	2869	4100	4004	3040	11144	21917	2	1058520	92816	90263552	20975318	27086848
8	2026-08-13T23:19:23,756956296-0700	1786688363750874046	cynara	cynara	205	1652	1032	212	2896	19999	842	1058520	92816	90263552	20975318	27086848
8	2026-08-13T23:19:23,756956296-0700	1786688363750874046	AppProcA	AppProcA	2724	1212	3644	3732	8588	35513	79	1058520	92816	90263552	20975318	27086848
8	2026-08-13T23:19:23,756956296-0700	1786688363750874046	systemd	systemd	1	1124	164	440	1728	27354	507	1058520	92816	90263552	20975318	27086848
8	2026-08-13T23:19:23,756956296-0700	1786688363750874046	enlightenment	enlightenment	258	888	888	3036	4812	21489	495	1058520	92816	90263552	20975318	27086848
8	2026-08-13T23:19:23,756956296-0700	1786688363750874046	buxton2d_worker	buxton2d_worker	229	836	28	440	1304	3511	309	1058520	92816	90263552	20975318	27086848
8	2026-08-13T23:19:23,756956296-0700	1786688363750874046	ServiceD	ServiceD	1037	180	1740	3224	5144	18690	277	1058520	92816	90263552	20975318	27086848
9	2026-08-13T23:19:25,754551462-0700	1786688365750009712	AppProcD	AppProcD	424	12592	18612	5140	36344	123197	500	1058124	92816	90263552	20975318	27086848
9	2026-08-13T23:19:25,754551462-0700	1786688365750009712	ServiceE	ServiceE	404	7804	2808	7800	18412	28183	352	1058124	92816	90263552	20975318	27086848
9	2026-08-13T23:19:25,754551462-0700	1786688365750009712	AppProcB	AppProcB	896	6572	11780	6416	24768	109067	1366	1058124	92816	90263552	20975318	27086848
9	2026-08-13T23:19:25,754551462-0700	1786688365750009712	ServiceH	ServiceH	2869	4100	4004	3040	11144	21917	2	1058124	92816	90263552	20975318	27086848
9	2026-08-13T23:19:25,754551462-0700	1786688365750009712	cynara	cynara	205	1652	1032	212	2896	19999	842	1058124	92816	90263552	20975318	27086848
9	2026-08-13T23:19:25,754551462-0700	1786688365750009712	AppProcA	AppProcA	2724	1212	3644	3732	8588	35513	79	1058124	92816	90263552	20975318	27086848
9	2026-08-13T23:19:25,754551462-0700	1786688365750009712	systemd	systemd	1	1124	164	440	1728	27355	507	1058124	92816	90263552	20975318	27086848
9	2026-08-13T23:19:25,754551462-0700	1786688365750009712	enlightenment	enlightenment	258	888	888	3036	4812	21489	495	1058124	92816	90263552	20975318	27086848
9	2026-08-13T23:19:25,754551462-0700	1786688365750009712	buxton2d_worker	buxton2d_worker	229	836	28	440	1304	3511	309	1058124	92816	90263552	20975318	27086848
9	2026-08-13T23:19:25,754551462-0700	1786688365750009712	ServiceD	ServiceD	1037	180	1740	3224	5144	18715	277	1058124	92816	90263552	20975318	27086848
10	2026-08-13T23:19:27,754760462-0700	1786688367749408878	AppProcD	AppProcD	424	12592	18612	5140	36344	123249	500	1058704	92816	90263552	20975318	27086848
10	2026-08-13T23:19:27,754760462-0700	1786688367749408878	ServiceE	ServiceE	404	7804	2808	7800	18412	28183	352	1058704	92816	90263552	20975318	27086848
10	2026-08-13T23:19:27,754760462-0700	1786688367749408878	AppProcB	AppProcB	896	6572	11780	6416	24768	109067	1366	1058704	92816	90263552	20975318	27086848
10	2026-08-13T23:19:27,754760462-0700	1786688367749408878	ServiceH	ServiceH	2869	4100	4004	3040	11144	21917	2	1058704	92816	90263552	20975318	27086848
10	2026-08-13T23:19:27,754760462-0700	1786688367749408878	cynara	cynara	205	1652	1032	212	2896	19999	842	1058704	92816	90263552	20975318	27086848
10	2026-08-13T23:19:27,754760462-0700	1786688367749408878	AppProcA	AppProcA	2724	1212	3644	3732	8588	35534	79	1058704	92816	90263552	20975318	27086848
10	2026-08-13T23:19:27,754760462-0700	1786688367749408878	systemd	systemd	1	1124	164	440	1728	27355	507	1058704	92816	90263552	20975318	27086848
10	2026-08-13T23:19:27,754760462-0700	1786688367749408878	enlightenment	enlightenment	258	888	888	3036	4812	21489	495	1058704	92816	90263552	20975318	27086848
10	2026-08-13T23:19:27,754760462-0700	1786688367749408878	buxton2d_worker	buxton2d_worker	229	836	28	440	1304	3511	309	1058704	92816	90263552	20975318	27086848
10	2026-08-13T23:19:27,754760462-0700	1786688367749408878	ServiceD	ServiceD	1037	180	1740	3224	5144	18715	277	1058704	92816	90263552	20975318	27086848
11	2026-08-13T23:19:29,753050211-0700	1786688369748715628	AppProcD	AppProcD	424	12592	18612	5140	36344	123249	500	1058416	92816	90263552	20975318	27086848
11	2026-08-13T23:19:29,753050211-0700	1786688369748715628	ServiceE	ServiceE	404	7804	2808	7800	18412	28183	352	1058416	92816	90263552	20975318	27086848
11	2026-08-13T23:19:29,753050211-0700	1786688369748715628	AppProcB	AppProcB	896	6572	11780	6416	24768	109107	1366	1058416	92816	90263552	20975318	27086848
11	2026-08-13T23:19:29,753050211-0700	1786688369748715628	ServiceH	ServiceH	2869	4100	4004	3040	11144	21917	2	1058416	92816	90263552	20975318	27086848
11	2026-08-13T23:19:29,753050211-0700	1786688369748715628	cynara	cynara	205	1652	1032	212	2896	19999	842	1058416	92816	90263552	20975318	27086848
11	2026-08-13T23:19:29,753050211-0700	1786688369748715628	AppProcA	AppProcA	2724	1212	3644	3732	8588	35535	79	1058416	92816	90263552	20975318	27086848
11	2026-08-13T23:19:29,753050211-0700	1786688369748715628	systemd	systemd	1	1124	164	440	1728	27355	507	1058416	92816	90263552	20975318	27086848
11	2026-08-13T23:19:29,753050211-0700	1786688369748715628	enlightenment	enlightenment	258	888	888	3036	4812	21489	495	1058416	92816	90263552	20975318	27086848
11	2026-08-13T23:19:29,753050211-0700	1786688369748715628	buxton2d_worker	buxton2d_worker	229	836	28	440	1304	3511	309	1058416	92816	90263552	20975318	27086848
11	2026-08-13T23:19:29,753050211-0700	1786688369748715628	ServiceD	ServiceD	1037	180	1740	3224	5144	18715	277	1058416	92816	90263552	20975318	27086848
12	2026-08-13T23:19:31,754811461-0700	1786688371747363961	AppProcD	AppProcD	424	12592	18612	5140	36344	123249	500	1058264	92816	90263552	20975318	27086848
12	2026-08-13T23:19:31,754811461-0700	1786688371747363961	ServiceE	ServiceE	404	7804	2808	7800	18412	28183	352	1058264	92816	90263552	20975318	27086848
12	2026-08-13T23:19:31,754811461-0700	1786688371747363961	AppProcB	AppProcB	896	6572	11780	6416	24768	109107	1366	1058264	92816	90263552	20975318	27086848
12	2026-08-13T23:19:31,754811461-0700	1786688371747363961	ServiceH	ServiceH	2869	4100	4004	3040	11144	21917	2	1058264	92816	90263552	20975318	27086848
12	2026-08-13T23:19:31,754811461-0700	1786688371747363961	cynara	cynara	205	1652	1032	212	2896	20148	842	1058264	92816	90263552	20975318	27086848
12	2026-08-13T23:19:31,754811461-0700	1786688371747363961	AppProcA	AppProcA	2724	1212	3644	3732	8588	35555	79	1058264	92816	90263552	20975318	27086848
12	2026-08-13T23:19:31,754811461-0700	1786688371747363961	systemd	systemd	1	1124	164	440	1728	27355	507	1058264	92816	90263552	20975318	27086848
12	2026-08-13T23:19:31,754811461-0700	1786688371747363961	enlightenment	enlightenment	258	888	888	3036	4812	21489	495	1058264	92816	90263552	20975318	27086848
12	2026-08-13T23:19:31,754811461-0700	1786688371747363961	buxton2d_worker	buxton2d_worker	229	836	28	440	1304	3511	309	1058264	92816	90263552	20975318	27086848
12	2026-08-13T23:19:31,754811461-0700	1786688371747363961	ServiceD	ServiceD	1037	180	1740	3224	5144	18740	277	1058264	92816	90263552	20975318	27086848
13	2026-08-13T23:19:33,753929877-0700	1786688373749474794	AppProcD	AppProcD	424	12592	18612	5140	36344	123301	500	1058200	92816	90263552	20975318	27086848
13	2026-08-13T23:19:33,753929877-0700	1786688373749474794	ServiceE	ServiceE	404	7804	2808	7800	18412	28183	352	1058200	92816	90263552	20975318	27086848
13	2026-08-13T23:19:33,753929877-0700	1786688373749474794	AppProcB	AppProcB	896	6572	11780	6416	24768	109107	1366	1058200	92816	90263552	20975318	27086848
13	2026-08-13T23:19:33,753929877-0700	1786688373749474794	ServiceH	ServiceH	2869	4100	4004	3040	11144	21917	2	1058200	92816	90263552	20975318	27086848
13	2026-08-13T23:19:33,753929877-0700	1786688373749474794	cynara	cynara	205	1652	1032	212	2896	20148	842	1058200	92816	90263552	20975318	27086848
13	2026-08-13T23:19:33,753929877-0700	1786688373749474794	AppProcA	AppProcA	2724	1212	3644	3732	8588	35556	79	1058200	92816	90263552	20975318	27086848
13	2026-08-13T23:19:33,753929877-0700	1786688373749474794	systemd	systemd	1	1124	164	440	1728	27355	507	1058200	92816	90263552	20975318	27086848
13	2026-08-13T23:19:33,753929877-0700	1786688373749474794	enlightenment	enlightenment	258	888	888	3036	4812	21489	495	1058200	92816	90263552	20975318	27086848
13	2026-08-13T23:19:33,753929877-0700	1786688373749474794	buxton2d_worker	buxton2d_worker	229	836	28	440	1304	3512	309	1058200	92816	90263552	20975318	27086848
13	2026-08-13T23:19:33,753929877-0700	1786688373749474794	ServiceD	ServiceD	1037	180	1740	3224	5144	18740	277	1058200	92816	90263552	20975318	27086848
14	2026-08-13T23:19:35,755094960-0700	1786688375750516710	AppProcD	AppProcD	424	12592	18612	5140	36344	123301	500	1058220	92816	90263552	20975318	27086848
14	2026-08-13T23:19:35,755094960-0700	1786688375750516710	ServiceE	ServiceE	404	7804	2808	7800	18412	28183	352	1058220	92816	90263552	20975318	27086848
14	2026-08-13T23:19:35,755094960-0700	1786688375750516710	AppProcB	AppProcB	896	6572	11780	6416	24768	109147	1366	1058220	92816	90263552	20975318	27086848
14	2026-08-13T23:19:35,755094960-0700	1786688375750516710	ServiceH	ServiceH	2869	4100	4004	3040	11144	21917	2	1058220	92816	90263552	20975318	27086848
14	2026-08-13T23:19:35,755094960-0700	1786688375750516710	cynara	cynara	205	1652	1032	212	2896	20148	842	1058220	92816	90263552	20975318	27086848
14	2026-08-13T23:19:35,755094960-0700	1786688375750516710	AppProcA	AppProcA	2724	1212	3644	3732	8588	35556	79	1058220	92816	90263552	20975318	27086848
14	2026-08-13T23:19:35,755094960-0700	1786688375750516710	systemd	systemd	1	1124	164	440	1728	27356	507	1058220	92816	90263552	20975318	27086848
14	2026-08-13T23:19:35,755094960-0700	1786688375750516710	enlightenment	enlightenment	258	888	888	3036	4812	21489	495	1058220	92816	90263552	20975318	27086848
14	2026-08-13T23:19:35,755094960-0700	1786688375750516710	buxton2d_worker	buxton2d_worker	229	836	28	440	1304	3513	309	1058220	92816	90263552	20975318	27086848
14	2026-08-13T23:19:35,755094960-0700	1786688375750516710	ServiceD	ServiceD	1037	180	1740	3224	5144	18765	277	1058220	92816	90263552	20975318	27086848
15	2026-08-13T23:19:37,751026543-0700	1786688377746426543	AppProcD	AppProcD	424	12592	18612	5140	36344	123353	500	1058116	92816	90263552	20975318	27086848
15	2026-08-13T23:19:37,751026543-0700	1786688377746426543	ServiceE	ServiceE	404	7804	2808	7800	18412	28183	352	1058116	92816	90263552	20975318	27086848
15	2026-08-13T23:19:37,751026543-0700	1786688377746426543	AppProcB	AppProcB	896	6572	11780	6416	24768	109147	1366	1058116	92816	90263552	20975318	27086848
15	2026-08-13T23:19:37,751026543-0700	1786688377746426543	ServiceH	ServiceH	2869	4100	4004	3040	11144	21917	2	1058116	92816	90263552	20975318	27086848
15	2026-08-13T23:19:37,751026543-0700	1786688377746426543	cynara	cynara	205	1652	1032	212	2896	20148	842	1058116	92816	90263552	20975318	27086848
15	2026-08-13T23:19:37,751026543-0700	1786688377746426543	AppProcA	AppProcA	2724	1212	3644	3732	8588	35576	79	1058116	92816	90263552	20975318	27086848
15	2026-08-13T23:19:37,751026543-0700	1786688377746426543	systemd	systemd	1	1124	164	440	1728	27356	507	1058116	92816	90263552	20975318	27086848
15	2026-08-13T23:19:37,751026543-0700	1786688377746426543	enlightenment	enlightenment	258	888	888	3036	4812	21489	495	1058116	92816	90263552	20975318	27086848
15	2026-08-13T23:19:37,751026543-0700	1786688377746426543	buxton2d_worker	buxton2d_worker	229	836	28	440	1304	3514	309	1058116	92816	90263552	20975318	27086848
15	2026-08-13T23:19:37,751026543-0700	1786688377746426543	ServiceD	ServiceD	1037	180	1740	3224	5144	18765	277	1058116	92816	90263552	20975318	27086848
16	2026-08-13T23:19:39,755079542-0700	1786688379750468792	AppProcD	AppProcD	424	12592	18612	5140	36344	123353	500	1059120	92816	90263552	20975318	27086848
16	2026-08-13T23:19:39,755079542-0700	1786688379750468792	ServiceE	ServiceE	404	7804	2808	7800	18412	28183	352	1059120	92816	90263552	20975318	27086848
16	2026-08-13T23:19:39,755079542-0700	1786688379750468792	AppProcB	AppProcB	896	6572	11780	6416	24768	109187	1366	1059120	92816	90263552	20975318	27086848
16	2026-08-13T23:19:39,755079542-0700	1786688379750468792	ServiceH	ServiceH	2869	4100	4004	3040	11144	21917	2	1059120	92816	90263552	20975318	27086848
16	2026-08-13T23:19:39,755079542-0700	1786688379750468792	cynara	cynara	205	1652	1032	212	2896	20148	842	1059120	92816	90263552	20975318	27086848
16	2026-08-13T23:19:39,755079542-0700	1786688379750468792	AppProcA	AppProcA	2724	1212	3644	3732	8588	35576	79	1059120	92816	90263552	20975318	27086848
16	2026-08-13T23:19:39,755079542-0700	1786688379750468792	systemd	systemd	1	1124	164	440	1728	27356	507	1059120	92816	90263552	20975318	27086848
16	2026-08-13T23:19:39,755079542-0700	1786688379750468792	enlightenment	enlightenment	258	888	888	3036	4812	21489	495	1059120	92816	90263552	20975318	27086848
16	2026-08-13T23:19:39,755079542-0700	1786688379750468792	buxton2d_worker	buxton2d_worker	229	836	28	440	1304	3515	309	1059120	92816	90263552	20975318	27086848
16	2026-08-13T23:19:39,755079542-0700	1786688379750468792	ServiceD	ServiceD	1037	180	1740	3224	5144	18765	277	1059120	92816	90263552	20975318	27086848
17	2026-08-13T23:19:41,754571708-0700	1786688381750331792	AppProcD	AppProcD	424	12592	18612	5140	36344	123353	500	1058104	92816	90263552	20975318	27086848
17	2026-08-13T23:19:41,754571708-0700	1786688381750331792	ServiceE	ServiceE	404	7804	2808	7800	18412	28183	352	1058104	92816	90263552	20975318	27086848
17	2026-08-13T23:19:41,754571708-0700	1786688381750331792	AppProcB	AppProcB	896	6572	11780	6416	24768	109187	1366	1058104	92816	90263552	20975318	27086848
17	2026-08-13T23:19:41,754571708-0700	1786688381750331792	ServiceH	ServiceH	2869	4100	4004	3040	11144	21917	2	1058104	92816	90263552	20975318	27086848
17	2026-08-13T23:19:41,754571708-0700	1786688381750331792	cynara	cynara	205	1652	1032	212	2896	20148	842	1058104	92816	90263552	20975318	27086848
17	2026-08-13T23:19:41,754571708-0700	1786688381750331792	AppProcA	AppProcA	2724	1212	3644	3732	8588	35598	79	1058104	92816	90263552	20975318	27086848
17	2026-08-13T23:19:41,754571708-0700	1786688381750331792	systemd	systemd	1	1124	164	440	1728	27356	507	1058104	92816	90263552	20975318	27086848
17	2026-08-13T23:19:41,754571708-0700	1786688381750331792	enlightenment	enlightenment	258	888	888	3036	4812	21489	495	1058104	92816	90263552	20975318	27086848
17	2026-08-13T23:19:41,754571708-0700	1786688381750331792	buxton2d_worker	buxton2d_worker	229	836	28	440	1304	3515	309	1058104	92816	90263552	20975318	27086848
17	2026-08-13T23:19:41,754571708-0700	1786688381750331792	ServiceD	ServiceD	1037	180	1740	3224	5144	18791	277	1058104	92816	90263552	20975318	27086848
18	2026-08-13T23:19:43,753327291-0700	1786688383748845958	AppProcD	AppProcD	424	12592	18612	5140	36344	123405	500	1059032	92816	90263552	20975318	27086848
18	2026-08-13T23:19:43,753327291-0700	1786688383748845958	ServiceE	ServiceE	404	7804	2808	7800	18412	28183	352	1059032	92816	90263552	20975318	27086848
18	2026-08-13T23:19:43,753327291-0700	1786688383748845958	AppProcB	AppProcB	896	6572	11780	6416	24768	109227	1366	1059032	92816	90263552	20975318	27086848
18	2026-08-13T23:19:43,753327291-0700	1786688383748845958	ServiceH	ServiceH	2869	4100	4004	3040	11144	21917	2	1059032	92816	90263552	20975318	27086848
18	2026-08-13T23:19:43,753327291-0700	1786688383748845958	cynara	cynara	205	1652	1032	212	2896	20148	842	1059032	92816	90263552	20975318	27086848
18	2026-08-13T23:19:43,753327291-0700	1786688383748845958	AppProcA	AppProcA	2724	1212	3644	3732	8588	35598	79	1059032	92816	90263552	20975318	27086848
18	2026-08-13T23:19:43,753327291-0700	1786688383748845958	systemd	systemd	1	1124	164	440	1728	27356	507	1059032	92816	90263552	20975318	27086848
18	2026-08-13T23:19:43,753327291-0700	1786688383748845958	enlightenment	enlightenment	258	888	888	3036	4812	21489	495	1059032	92816	90263552	20975318	27086848
18	2026-08-13T23:19:43,753327291-0700	1786688383748845958	buxton2d_worker	buxton2d_worker	229	836	28	440	1304	3515	309	1059032	92816	90263552	20975318	27086848
18	2026-08-13T23:19:43,753327291-0700	1786688383748845958	ServiceD	ServiceD	1037	180	1740	3224	5144	18791	277	1059032	92816	90263552	20975318	27086848
19	2026-08-13T23:19:45,751958624-0700	1786688385746351707	AppProcD	AppProcD	424	12592	18612	5140	36344	123406	500	1058492	92816	90263552	20975318	27086848
19	2026-08-13T23:19:45,751958624-0700	1786688385746351707	ServiceE	ServiceE	404	7804	2808	7800	18412	28183	352	1058492	92816	90263552	20975318	27086848
19	2026-08-13T23:19:45,751958624-0700	1786688385746351707	AppProcB	AppProcB	896	6572	11780	6416	24768	109227	1366	1058492	92816	90263552	20975318	27086848
19	2026-08-13T23:19:45,751958624-0700	1786688385746351707	ServiceH	ServiceH	2869	4100	4004	3040	11144	21917	2	1058492	92816	90263552	20975318	27086848
19	2026-08-13T23:19:45,751958624-0700	1786688385746351707	cynara	cynara	205	1652	1032	212	2896	20148	842	1058492	92816	90263552	20975318	27086848
19	2026-08-13T23:19:45,751958624-0700	1786688385746351707	AppProcA	AppProcA	2724	1212	3644	3732	8588	35599	79	1058492	92816	90263552	20975318	27086848
19	2026-08-13T23:19:45,751958624-0700	1786688385746351707	systemd	systemd	1	1124	164	440	1728	27357	507	1058492	92816	90263552	20975318	27086848
19	2026-08-13T23:19:45,751958624-0700	1786688385746351707	enlightenment	enlightenment	258	888	888	3036	4812	21489	495	1058492	92816	90263552	20975318	27086848
19	2026-08-13T23:19:45,751958624-0700	1786688385746351707	buxton2d_worker	buxton2d_worker	229	836	28	440	1304	3516	309	1058492	92816	90263552	20975318	27086848
19	2026-08-13T23:19:45,751958624-0700	1786688385746351707	ServiceD	ServiceD	1037	180	1740	3224	5144	18816	277	1058492	92816	90263552	20975318	27086848
20	2026-08-13T23:19:47,757189124-0700	1786688387752409207	AppProcD	AppProcD	424	12592	18612	5140	36344	123458	500	1058400	92816	90263552	20975318	27086848
20	2026-08-13T23:19:47,757189124-0700	1786688387752409207	ServiceE	ServiceE	404	7804	2808	7800	18412	28183	352	1058400	92816	90263552	20975318	27086848
20	2026-08-13T23:19:47,757189124-0700	1786688387752409207	AppProcB	AppProcB	896	6572	11780	6416	24768	109227	1366	1058400	92816	90263552	20975318	27086848
20	2026-08-13T23:19:47,757189124-0700	1786688387752409207	ServiceH	ServiceH	2869	4100	4004	3040	11144	21917	2	1058400	92816	90263552	20975318	27086848
20	2026-08-13T23:19:47,757189124-0700	1786688387752409207	cynara	cynara	205	1652	1032	212	2896	20148	842	1058400	92816	90263552	20975318	27086848
20	2026-08-13T23:19:47,757189124-0700	1786688387752409207	AppProcA	AppProcA	2724	1212	3644	3732	8588	35619	79	1058400	92816	90263552	20975318	27086848
20	2026-08-13T23:19:47,757189124-0700	1786688387752409207	systemd	systemd	1	1124	164	440	1728	27357	507	1058400	92816	90263552	20975318	27086848
20	2026-08-13T23:19:47,757189124-0700	1786688387752409207	enlightenment	enlightenment	258	888	888	3036	4812	21489	495	1058400	92816	90263552	20975318	27086848
20	2026-08-13T23:19:47,757189124-0700	1786688387752409207	buxton2d_worker	buxton2d_worker	229	836	28	440	1304	3516	309	1058400	92816	90263552	20975318	27086848
20	2026-08-13T23:19:47,757189124-0700	1786688387752409207	ServiceD	ServiceD	1037	180	1740	3224	5144	18816	277	1058400	92816	90263552	20975318	27086848
21	2026-08-13T23:19:49,753626290-0700	1786688389749440790	AppProcD	AppProcD	424	12592	18612	5140	36344	123458	500	1058288	92816	90263552	20975318	27086848
21	2026-08-13T23:19:49,753626290-0700	1786688389749440790	ServiceE	ServiceE	404	7804	2808	7800	18412	28183	352	1058288	92816	90263552	20975318	27086848
21	2026-08-13T23:19:49,753626290-0700	1786688389749440790	AppProcB	AppProcB	896	6572	11780	6416	24768	109267	1366	1058288	92816	90263552	20975318	27086848
21	2026-08-13T23:19:49,753626290-0700	1786688389749440790	ServiceH	ServiceH	2869	4100	4004	3040	11144	21917	2	1058288	92816	90263552	20975318	27086848
21	2026-08-13T23:19:49,753626290-0700	1786688389749440790	cynara	cynara	205	1652	1032	212	2896	20148	842	1058288	92816	90263552	20975318	27086848
21	2026-08-13T23:19:49,753626290-0700	1786688389749440790	AppProcA	AppProcA	2724	1212	3644	3732	8588	35620	79	1058288	92816	90263552	20975318	27086848
21	2026-08-13T23:19:49,753626290-0700	1786688389749440790	systemd	systemd	1	1124	164	440	1728	27357	507	1058288	92816	90263552	20975318	27086848
21	2026-08-13T23:19:49,753626290-0700	1786688389749440790	enlightenment	enlightenment	258	888	888	3036	4812	21489	495	1058288	92816	90263552	20975318	27086848
21	2026-08-13T23:19:49,753626290-0700	1786688389749440790	buxton2d_worker	buxton2d_worker	229	836	28	440	1304	3517	309	1058288	92816	90263552	20975318	27086848
21	2026-08-13T23:19:49,753626290-0700	1786688389749440790	ServiceD	ServiceD	1037	180	1740	3224	5144	18816	277	1058288	92816	90263552	20975318	27086848
22	2026-08-13T23:19:51,755372956-0700	1786688391749593289	AppProcD	AppProcD	424	12592	18612	5140	36344	123458	500	1058248	92816	90263552	20975318	27086848
22	2026-08-13T23:19:51,755372956-0700	1786688391749593289	ServiceE	ServiceE	404	7804	2808	7800	18412	28183	352	1058248	92816	90263552	20975318	27086848
22	2026-08-13T23:19:51,755372956-0700	1786688391749593289	AppProcB	AppProcB	896	6572	11780	6416	24768	109267	1366	1058248	92816	90263552	20975318	27086848
22	2026-08-13T23:19:51,755372956-0700	1786688391749593289	ServiceH	ServiceH	2869	4100	4004	3040	11144	21917	2	1058248	92816	90263552	20975318	27086848
22	2026-08-13T23:19:51,755372956-0700	1786688391749593289	cynara	cynara	205	1652	1032	212	2896	20148	842	1058248	92816	90263552	20975318	27086848
22	2026-08-13T23:19:51,755372956-0700	1786688391749593289	AppProcA	AppProcA	2724	1212	3644	3732	8588	35641	79	1058248	92816	90263552	20975318	27086848
22	2026-08-13T23:19:51,755372956-0700	1786688391749593289	systemd	systemd	1	1124	164	440	1728	27357	507	1058248	92816	90263552	20975318	27086848
22	2026-08-13T23:19:51,755372956-0700	1786688391749593289	enlightenment	enlightenment	258	888	888	3036	4812	21489	495	1058248	92816	90263552	20975318	27086848
22	2026-08-13T23:19:51,755372956-0700	1786688391749593289	buxton2d_worker	buxton2d_worker	229	836	28	440	1304	3517	309	1058248	92816	90263552	20975318	27086848
22	2026-08-13T23:19:51,755372956-0700	1786688391749593289	ServiceD	ServiceD	1037	180	1740	3224	5144	18842	277	1058248	92816	90263552	20975318	27086848
23	2026-08-13T23:19:53,753576039-0700	1786688393749002539	AppProcD	AppProcD	424	12592	18612	5140	36344	123510	500	1058200	92816	90263552	20975318	27086848
23	2026-08-13T23:19:53,753576039-0700	1786688393749002539	ServiceE	ServiceE	404	7804	2808	7800	18412	28183	352	1058200	92816	90263552	20975318	27086848
23	2026-08-13T23:19:53,753576039-0700	1786688393749002539	AppProcB	AppProcB	896	6572	11780	6416	24768	109267	1366	1058200	92816	90263552	20975318	27086848
23	2026-08-13T23:19:53,753576039-0700	1786688393749002539	ServiceH	ServiceH	2869	4100	4004	3040	11144	21917	2	1058200	92816	90263552	20975318	27086848
23	2026-08-13T23:19:53,753576039-0700	1786688393749002539	cynara	cynara	205	1652	1032	212	2896	20148	842	1058200	92816	90263552	20975318	27086848
23	2026-08-13T23:19:53,753576039-0700	1786688393749002539	AppProcA	AppProcA	2724	1212	3644	3732	8588	35641	79	1058200	92816	90263552	20975318	27086848
23	2026-08-13T23:19:53,753576039-0700	1786688393749002539	systemd	systemd	1	1124	164	440	1728	27357	507	1058200	92816	90263552	20975318	27086848
23	2026-08-13T23:19:53,753576039-0700	1786688393749002539	enlightenment	enlightenment	258	888	888	3036	4812	21489	495	1058200	92816	90263552	20975318	27086848
23	2026-08-13T23:19:53,753576039-0700	1786688393749002539	buxton2d_worker	buxton2d_worker	229	836	28	440	1304	3518	309	1058200	92816	90263552	20975318	27086848
23	2026-08-13T23:19:53,753576039-0700	1786688393749002539	ServiceD	ServiceD	1037	180	1740	3224	5144	18842	277	1058200	92816	90263552	20975318	27086848
24	2026-08-13T23:19:55,756174455-0700	1786688395751163205	AppProcD	AppProcD	424	12592	18612	5140	36344	123510	500	1060328	92816	90263552	20975318	27086848
24	2026-08-13T23:19:55,756174455-0700	1786688395751163205	ServiceE	ServiceE	404	7804	2808	7800	18412	28183	352	1060328	92816	90263552	20975318	27086848
24	2026-08-13T23:19:55,756174455-0700	1786688395751163205	AppProcB	AppProcB	896	6572	11780	6416	24768	109307	1366	1060328	92816	90263552	20975318	27086848
24	2026-08-13T23:19:55,756174455-0700	1786688395751163205	ServiceH	ServiceH	2869	4100	4004	3040	11144	21917	2	1060328	92816	90263552	20975318	27086848
24	2026-08-13T23:19:55,756174455-0700	1786688395751163205	cynara	cynara	205	1652	1032	212	2896	20148	842	1060328	92816	90263552	20975318	27086848
24	2026-08-13T23:19:55,756174455-0700	1786688395751163205	AppProcA	AppProcA	2724	1212	3644	3732	8588	35642	79	1060328	92816	90263552	20975318	27086848
24	2026-08-13T23:19:55,756174455-0700	1786688395751163205	systemd	systemd	1	1124	164	440	1728	27358	507	1060328	92816	90263552	20975318	27086848
24	2026-08-13T23:19:55,756174455-0700	1786688395751163205	enlightenment	enlightenment	258	888	888	3036	4812	21489	495	1060328	92816	90263552	20975318	27086848
24	2026-08-13T23:19:55,756174455-0700	1786688395751163205	buxton2d_worker	buxton2d_worker	229	836	28	440	1304	3518	309	1060328	92816	90263552	20975318	27086848
24	2026-08-13T23:19:55,756174455-0700	1786688395751163205	ServiceD	ServiceD	1037	180	1740	3224	5144	18867	277	1060328	92816	90263552	20975318	27086848
25	2026-08-13T23:19:57,756009621-0700	1786688397751522121	AppProcD	AppProcD	424	12592	18612	5140	36344	123562	500	1059128	92816	90263552	20975318	27086848
25	2026-08-13T23:19:57,756009621-0700	1786688397751522121	ServiceE	ServiceE	404	7804	2808	7800	18412	28183	352	1059128	92816	90263552	20975318	27086848
25	2026-08-13T23:19:57,756009621-0700	1786688397751522121	AppProcB	AppProcB	896	6572	11780	6416	24768	109307	1366	1059128	92816	90263552	20975318	27086848
25	2026-08-13T23:19:57,756009621-0700	1786688397751522121	ServiceH	ServiceH	2869	4100	4004	3040	11144	21917	2	1059128	92816	90263552	20975318	27086848
25	2026-08-13T23:19:57,756009621-0700	1786688397751522121	cynara	cynara	205	1652	1032	212	2896	20148	842	1059128	92816	90263552	20975318	27086848
25	2026-08-13T23:19:57,756009621-0700	1786688397751522121	AppProcA	AppProcA	2724	1212	3644	3732	8588	35662	79	1059128	92816	90263552	20975318	27086848
25	2026-08-13T23:19:57,756009621-0700	1786688397751522121	systemd	systemd	1	1124	164	440	1728	27358	507	1059128	92816	90263552	20975318	27086848
25	2026-08-13T23:19:57,756009621-0700	1786688397751522121	enlightenment	enlightenment	258	888	888	3036	4812	21489	495	1059128	92816	90263552	20975318	27086848
25	2026-08-13T23:19:57,756009621-0700	1786688397751522121	buxton2d_worker	buxton2d_worker	229	836	28	440	1304	3518	309	1059128	92816	90263552	20975318	27086848
25	2026-08-13T23:19:57,756009621-0700	1786688397751522121	ServiceD	ServiceD	1037	180	1740	3224	5144	18867	277	1059128	92816	90263552	20975318	27086848
26	2026-08-13T23:19:59,756351704-0700	1786688399750196037	AppProcD	AppProcD	424	12592	18612	5140	36344	123562	500	1058752	92816	90263552	20975318	27086848
26	2026-08-13T23:19:59,756351704-0700	1786688399750196037	ServiceE	ServiceE	404	7804	2808	7800	18412	28183	352	1058752	92816	90263552	20975318	27086848
26	2026-08-13T23:19:59,756351704-0700	1786688399750196037	AppProcB	AppProcB	896	6572	11780	6416	24768	109347	1366	1058752	92816	90263552	20975318	27086848
26	2026-08-13T23:19:59,756351704-0700	1786688399750196037	ServiceH	ServiceH	2869	4100	4004	3040	11144	21917	2	1058752	92816	90263552	20975318	27086848
26	2026-08-13T23:19:59,756351704-0700	1786688399750196037	cynara	cynara	205	1652	1032	212	2896	20148	842	1058752	92816	90263552	20975318	27086848
26	2026-08-13T23:19:59,756351704-0700	1786688399750196037	AppProcA	AppProcA	2724	1212	3644	3732	8588	35662	79	1058752	92816	90263552	20975318	27086848
26	2026-08-13T23:19:59,756351704-0700	1786688399750196037	systemd	systemd	1	1124	164	440	1728	27358	507	1058752	92816	90263552	20975318	27086848
26	2026-08-13T23:19:59,756351704-0700	1786688399750196037	enlightenment	enlightenment	258	888	888	3036	4812	21489	495	1058752	92816	90263552	20975318	27086848
26	2026-08-13T23:19:59,756351704-0700	1786688399750196037	buxton2d_worker	buxton2d_worker	229	836	28	440	1304	3518	309	1058752	92816	90263552	20975318	27086848
26	2026-08-13T23:19:59,756351704-0700	1786688399750196037	ServiceD	ServiceD	1037	180	1740	3224	5144	18867	277	1058752	92816	90263552	20975318	27086848
27	2026-08-13T23:20:01,751859787-0700	1786688401747408704	AppProcD	AppProcD	424	12592	18612	5140	36344	123562	500	1059240	92816	90263552	20975318	27086848
27	2026-08-13T23:20:01,751859787-0700	1786688401747408704	ServiceE	ServiceE	404	7804	2808	7800	18412	28183	352	1059240	92816	90263552	20975318	27086848
27	2026-08-13T23:20:01,751859787-0700	1786688401747408704	AppProcB	AppProcB	896	6572	11780	6416	24768	109347	1366	1059240	92816	90263552	20975318	27086848
27	2026-08-13T23:20:01,751859787-0700	1786688401747408704	ServiceH	ServiceH	2869	4100	4004	3040	11144	21917	2	1059240	92816	90263552	20975318	27086848
27	2026-08-13T23:20:01,751859787-0700	1786688401747408704	cynara	cynara	205	1652	1032	212	2896	20148	842	1059240	92816	90263552	20975318	27086848
27	2026-08-13T23:20:01,751859787-0700	1786688401747408704	AppProcA	AppProcA	2724	1212	3644	3732	8588	35684	79	1059240	92816	90263552	20975318	27086848
27	2026-08-13T23:20:01,751859787-0700	1786688401747408704	systemd	systemd	1	1124	164	440	1728	27358	507	1059240	92816	90263552	20975318	27086848
27	2026-08-13T23:20:01,751859787-0700	1786688401747408704	enlightenment	enlightenment	258	888	888	3036	4812	21489	495	1059240	92816	90263552	20975318	27086848
27	2026-08-13T23:20:01,751859787-0700	1786688401747408704	buxton2d_worker	buxton2d_worker	229	836	28	440	1304	3518	309	1059240	92816	90263552	20975318	27086848
27	2026-08-13T23:20:01,751859787-0700	1786688401747408704	ServiceD	ServiceD	1037	180	1740	3224	5144	18892	277	1059240	92816	90263552	20975318	27086848
28	2026-08-13T23:20:03,753855620-0700	1786688403749172453	AppProcD	AppProcD	424	12592	18612	5140	36344	123614	500	1058900	92816	90263552	20975318	27086848
28	2026-08-13T23:20:03,753855620-0700	1786688403749172453	ServiceE	ServiceE	404	7804	2808	7800	18412	28183	352	1058900	92816	90263552	20975318	27086848
28	2026-08-13T23:20:03,753855620-0700	1786688403749172453	AppProcB	AppProcB	896	6572	11780	6416	24768	109347	1366	1058900	92816	90263552	20975318	27086848
28	2026-08-13T23:20:03,753855620-0700	1786688403749172453	ServiceH	ServiceH	2869	4100	4004	3040	11144	21917	2	1058900	92816	90263552	20975318	27086848
28	2026-08-13T23:20:03,753855620-0700	1786688403749172453	cynara	cynara	205	1652	1032	212	2896	20148	842	1058900	92816	90263552	20975318	27086848
28	2026-08-13T23:20:03,753855620-0700	1786688403749172453	AppProcA	AppProcA	2724	1212	3644	3732	8588	35684	79	1058900	92816	90263552	20975318	27086848
28	2026-08-13T23:20:03,753855620-0700	1786688403749172453	systemd	systemd	1	1124	164	440	1728	27358	507	1058900	92816	90263552	20975318	27086848
28	2026-08-13T23:20:03,753855620-0700	1786688403749172453	enlightenment	enlightenment	258	888	888	3036	4812	21489	495	1058900	92816	90263552	20975318	27086848
28	2026-08-13T23:20:03,753855620-0700	1786688403749172453	buxton2d_worker	buxton2d_worker	229	836	28	440	1304	3518	309	1058900	92816	90263552	20975318	27086848
28	2026-08-13T23:20:03,753855620-0700	1786688403749172453	ServiceD	ServiceD	1037	180	1740	3224	5144	18892	277	1058900	92816	90263552	20975318	27086848
29	2026-08-13T23:20:05,753896286-0700	1786688405749729286	AppProcD	AppProcD	424	12592	18612	5140	36344	123614	500	1058944	92816	90263552	20975318	27086848
29	2026-08-13T23:20:05,753896286-0700	1786688405749729286	ServiceE	ServiceE	404	7804	2808	7800	18412	28183	352	1058944	92816	90263552	20975318	27086848
29	2026-08-13T23:20:05,753896286-0700	1786688405749729286	AppProcB	AppProcB	896	6572	11780	6416	24768	109387	1366	1058944	92816	90263552	20975318	27086848
29	2026-08-13T23:20:05,753896286-0700	1786688405749729286	ServiceH	ServiceH	2869	4100	4004	3040	11144	21917	2	1058944	92816	90263552	20975318	27086848
29	2026-08-13T23:20:05,753896286-0700	1786688405749729286	cynara	cynara	205	1652	1032	212	2896	20148	842	1058944	92816	90263552	20975318	27086848
29	2026-08-13T23:20:05,753896286-0700	1786688405749729286	AppProcA	AppProcA	2724	1212	3644	3732	8588	35685	79	1058944	92816	90263552	20975318	27086848
29	2026-08-13T23:20:05,753896286-0700	1786688405749729286	systemd	systemd	1	1124	164	440	1728	27359	507	1058944	92816	90263552	20975318	27086848
29	2026-08-13T23:20:05,753896286-0700	1786688405749729286	enlightenment	enlightenment	258	888	888	3036	4812	21489	495	1058944	92816	90263552	20975318	27086848
29	2026-08-13T23:20:05,753896286-0700	1786688405749729286	buxton2d_worker	buxton2d_worker	229	836	28	440	1304	3519	309	1058944	92816	90263552	20975318	27086848
29	2026-08-13T23:20:05,753896286-0700	1786688405749729286	ServiceD	ServiceD	1037	180	1740	3224	5144	18917	277	1058944	92816	90263552	20975318	27086848
30	2026-08-13T23:20:07,755742952-0700	1786688407750165369	AppProcD	AppProcD	424	12592	18612	5140	36344	123666	500	1059028	92816	90263552	20975318	27086848
30	2026-08-13T23:20:07,755742952-0700	1786688407750165369	ServiceE	ServiceE	404	7804	2808	7800	18412	28183	352	1059028	92816	90263552	20975318	27086848
30	2026-08-13T23:20:07,755742952-0700	1786688407750165369	AppProcB	AppProcB	896	6572	11780	6416	24768	109387	1366	1059028	92816	90263552	20975318	27086848
30	2026-08-13T23:20:07,755742952-0700	1786688407750165369	ServiceH	ServiceH	2869	4100	4004	3040	11144	21917	2	1059028	92816	90263552	20975318	27086848
30	2026-08-13T23:20:07,755742952-0700	1786688407750165369	cynara	cynara	205	1652	1032	212	2896	20148	842	1059028	92816	90263552	20975318	27086848
30	2026-08-13T23:20:07,755742952-0700	1786688407750165369	AppProcA	AppProcA	2724	1212	3644	3732	8588	35706	79	1059028	92816	90263552	20975318	27086848
30	2026-08-13T23:20:07,755742952-0700	1786688407750165369	systemd	systemd	1	1124	164	440	1728	27359	507	1059028	92816	90263552	20975318	27086848
30	2026-08-13T23:20:07,755742952-0700	1786688407750165369	enlightenment	enlightenment	258	888	888	3036	4812	21489	495	1059028	92816	90263552	20975318	27086848
30	2026-08-13T23:20:07,755742952-0700	1786688407750165369	buxton2d_worker	buxton2d_worker	229	836	28	440	1304	3519	309	1059028	92816	90263552	20975318	27086848
30	2026-08-13T23:20:07,755742952-0700	1786688407750165369	ServiceD	ServiceD	1037	180	1740	3224	5144	18917	277	1059028	92816	90263552	20975318	27086848
31	2026-08-13T23:20:09,751657368-0700	1786688409746401368	AppProcD	AppProcD	424	12592	18612	5140	36344	123666	500	1059048	92816	90263552	20975318	27086848
31	2026-08-13T23:20:09,751657368-0700	1786688409746401368	ServiceE	ServiceE	404	7804	2808	7800	18412	28183	352	1059048	92816	90263552	20975318	27086848
31	2026-08-13T23:20:09,751657368-0700	1786688409746401368	AppProcB	AppProcB	896	6572	11780	6416	24768	109427	1366	1059048	92816	90263552	20975318	27086848
31	2026-08-13T23:20:09,751657368-0700	1786688409746401368	ServiceH	ServiceH	2869	4100	4004	3040	11144	21917	2	1059048	92816	90263552	20975318	27086848
31	2026-08-13T23:20:09,751657368-0700	1786688409746401368	cynara	cynara	205	1652	1032	212	2896	20148	842	1059048	92816	90263552	20975318	27086848
31	2026-08-13T23:20:09,751657368-0700	1786688409746401368	AppProcA	AppProcA	2724	1212	3644	3732	8588	35706	79	1059048	92816	90263552	20975318	27086848
31	2026-08-13T23:20:09,751657368-0700	1786688409746401368	systemd	systemd	1	1124	164	440	1728	27360	507	1059048	92816	90263552	20975318	27086848
31	2026-08-13T23:20:09,751657368-0700	1786688409746401368	enlightenment	enlightenment	258	888	888	3036	4812	21489	495	1059048	92816	90263552	20975318	27086848
31	2026-08-13T23:20:09,751657368-0700	1786688409746401368	buxton2d_worker	buxton2d_worker	229	836	28	440	1304	3519	309	1059048	92816	90263552	20975318	27086848
31	2026-08-13T23:20:09,751657368-0700	1786688409746401368	ServiceD	ServiceD	1037	180	1740	3224	5144	18917	277	1059048	92816	90263552	20975318	27086848
32	2026-08-13T23:20:11,753659868-0700	1786688411749029285	AppProcD	AppProcD	424	12592	18612	5140	36344	123666	500	1058928	92816	90263552	20975318	27086848
32	2026-08-13T23:20:11,753659868-0700	1786688411749029285	ServiceE	ServiceE	404	7804	2808	7800	18412	28183	352	1058928	92816	90263552	20975318	27086848
32	2026-08-13T23:20:11,753659868-0700	1786688411749029285	AppProcB	AppProcB	896	6572	11780	6416	24768	109427	1366	1058928	92816	90263552	20975318	27086848
32	2026-08-13T23:20:11,753659868-0700	1786688411749029285	ServiceH	ServiceH	2869	4100	4004	3040	11144	21917	2	1058928	92816	90263552	20975318	27086848
32	2026-08-13T23:20:11,753659868-0700	1786688411749029285	cynara	cynara	205	1652	1032	212	2896	20148	842	1058928	92816	90263552	20975318	27086848
32	2026-08-13T23:20:11,753659868-0700	1786688411749029285	AppProcA	AppProcA	2724	1212	3644	3732	8588	35727	79	1058928	92816	90263552	20975318	27086848
32	2026-08-13T23:20:11,753659868-0700	1786688411749029285	systemd	systemd	1	1124	164	440	1728	27360	507	1058928	92816	90263552	20975318	27086848
32	2026-08-13T23:20:11,753659868-0700	1786688411749029285	enlightenment	enlightenment	258	888	888	3036	4812	21489	495	1058928	92816	90263552	20975318	27086848
32	2026-08-13T23:20:11,753659868-0700	1786688411749029285	buxton2d_worker	buxton2d_worker	229	836	28	440	1304	3519	309	1058928	92816	90263552	20975318	27086848
32	2026-08-13T23:20:11,753659868-0700	1786688411749029285	ServiceD	ServiceD	1037	180	1740	3224	5144	18942	277	1058928	92816	90263552	20975318	27086848
33	2026-08-13T23:20:13,753913284-0700	1786688413749908617	AppProcD	AppProcD	424	12592	18612	5140	36344	123718	500	1058604	92816	90263552	20975318	27086848
33	2026-08-13T23:20:13,753913284-0700	1786688413749908617	ServiceE	ServiceE	404	7804	2808	7800	18412	28183	352	1058604	92816	90263552	20975318	27086848
33	2026-08-13T23:20:13,753913284-0700	1786688413749908617	AppProcB	AppProcB	896	6572	11780	6416	24768	109427	1366	1058604	92816	90263552	20975318	27086848
33	2026-08-13T23:20:13,753913284-0700	1786688413749908617	ServiceH	ServiceH	2869	4100	4004	3040	11144	21917	2	1058604	92816	90263552	20975318	27086848
33	2026-08-13T23:20:13,753913284-0700	1786688413749908617	cynara	cynara	205	1652	1032	212	2896	20148	842	1058604	92816	90263552	20975318	27086848
33	2026-08-13T23:20:13,753913284-0700	1786688413749908617	AppProcA	AppProcA	2724	1212	3644	3732	8588	35727	79	1058604	92816	90263552	20975318	27086848
33	2026-08-13T23:20:13,753913284-0700	1786688413749908617	systemd	systemd	1	1124	164	440	1728	27360	507	1058604	92816	90263552	20975318	27086848
33	2026-08-13T23:20:13,753913284-0700	1786688413749908617	enlightenment	enlightenment	258	888	888	3036	4812	21489	495	1058604	92816	90263552	20975318	27086848
33	2026-08-13T23:20:13,753913284-0700	1786688413749908617	buxton2d_worker	buxton2d_worker	229	836	28	440	1304	3520	309	1058604	92816	90263552	20975318	27086848
33	2026-08-13T23:20:13,753913284-0700	1786688413749908617	ServiceD	ServiceD	1037	180	1740	3224	5144	18942	277	1058604	92816	90263552	20975318	27086848
34	2026-08-13T23:20:15,751787450-0700	1786688415747353950	AppProcD	AppProcD	424	12592	18612	5140	36344	123718	500	1058724	92816	90263552	20975318	27086848
34	2026-08-13T23:20:15,751787450-0700	1786688415747353950	ServiceE	ServiceE	404	7804	2808	7800	18412	28183	352	1058724	92816	90263552	20975318	27086848
34	2026-08-13T23:20:15,751787450-0700	1786688415747353950	AppProcB	AppProcB	896	6572	11780	6416	24768	109467	1366	1058724	92816	90263552	20975318	27086848
34	2026-08-13T23:20:15,751787450-0700	1786688415747353950	ServiceH	ServiceH	2869	4100	4004	3040	11144	21917	2	1058724	92816	90263552	20975318	27086848
34	2026-08-13T23:20:15,751787450-0700	1786688415747353950	cynara	cynara	205	1652	1032	212	2896	20148	842	1058724	92816	90263552	20975318	27086848
34	2026-08-13T23:20:15,751787450-0700	1786688415747353950	AppProcA	AppProcA	2724	1212	3644	3732	8588	35727	79	1058724	92816	90263552	20975318	27086848
34	2026-08-13T23:20:15,751787450-0700	1786688415747353950	systemd	systemd	1	1124	164	440	1728	27360	507	1058724	92816	90263552	20975318	27086848
34	2026-08-13T23:20:15,751787450-0700	1786688415747353950	enlightenment	enlightenment	258	888	888	3036	4812	21490	495	1058724	92816	90263552	20975318	27086848
34	2026-08-13T23:20:15,751787450-0700	1786688415747353950	buxton2d_worker	buxton2d_worker	229	836	28	440	1304	3520	309	1058724	92816	90263552	20975318	27086848
34	2026-08-13T23:20:15,751787450-0700	1786688415747353950	ServiceD	ServiceD	1037	180	1740	3224	5144	18968	277	1058724	92816	90263552	20975318	27086848
35	2026-08-13T23:20:17,773943866-0700	1786688417767432700	AppProcD	AppProcD	424	12596	18656	5140	36392	125998	500	1040380	88208	85549056	19764753	26968064
35	2026-08-13T23:20:17,773943866-0700	1786688417767432700	ServiceE	ServiceE	404	7804	2808	7800	18412	28183	352	1040380	88208	85549056	19764753	26968064
35	2026-08-13T23:20:17,773943866-0700	1786688417767432700	AppProcB	AppProcB	896	6796	11780	6416	24992	110091	1463	1040380	88208	85549056	19764753	26968064
35	2026-08-13T23:20:17,773943866-0700	1786688417767432700	ServiceH	ServiceH	NA	NA	NA	NA	NA	NA	NA	1040380	88208	85549056	19764753	26968064
35	2026-08-13T23:20:17,773943866-0700	1786688417767432700	cynara	cynara	205	1652	1032	212	2896	20636	842	1040380	88208	85549056	19764753	26968064
35	2026-08-13T23:20:17,773943866-0700	1786688417767432700	AppProcA	AppProcA	2724	1212	3644	3732	8588	35748	79	1040380	88208	85549056	19764753	26968064
35	2026-08-13T23:20:17,773943866-0700	1786688417767432700	systemd	systemd	1	1136	164	440	1740	27364	509	1040380	88208	85549056	19764753	26968064
35	2026-08-13T23:20:17,773943866-0700	1786688417767432700	enlightenment	enlightenment	258	2720	968	3036	6724	34412	871	1040380	88208	85549056	19764753	26968064
35	2026-08-13T23:20:17,773943866-0700	1786688417767432700	buxton2d_worker	buxton2d_worker	229	1192	32	440	1664	3614	414	1040380	88208	85549056	19764753	26968064
35	2026-08-13T23:20:17,773943866-0700	1786688417767432700	ServiceD	ServiceD	1037	528	2108	3224	5860	19177	453	1040380	88208	85549056	19764753	26968064
36	2026-08-13T23:20:20,591313532-0700	1786688420585457116	AppProcD	AppProcD	424	12684	18656	5140	36480	128059	500	994384	82064	79360000	17973524	26796032
36	2026-08-13T23:20:20,591313532-0700	1786688420585457116	ServiceE	ServiceE	404	7804	2808	7800	18412	28183	352	994384	82064	79360000	17973524	26796032
36	2026-08-13T23:20:20,591313532-0700	1786688420585457116	AppProcB	AppProcB	896	6804	11780	6416	25000	110112	1465	994384	82064	79360000	17973524	26796032
36	2026-08-13T23:20:20,591313532-0700	1786688420585457116	ServiceH	ServiceH	NA	NA	NA	NA	NA	NA	NA	994384	82064	79360000	17973524	26796032
36	2026-08-13T23:20:20,591313532-0700	1786688420585457116	cynara	cynara	205	1648	1032	212	2892	21418	842	994384	82064	79360000	17973524	26796032
36	2026-08-13T23:20:20,591313532-0700	1786688420585457116	AppProcA	AppProcA	2724	1212	3644	3732	8588	35748	79	994384	82064	79360000	17973524	26796032
36	2026-08-13T23:20:20,591313532-0700	1786688420585457116	systemd	systemd	1	1136	164	440	1740	27409	509	994384	82064	79360000	17973524	26796032
36	2026-08-13T23:20:20,591313532-0700	1786688420585457116	enlightenment	enlightenment	258	2728	968	3036	6732	34417	875	994384	82064	79360000	17973524	26796032
36	2026-08-13T23:20:20,591313532-0700	1786688420585457116	buxton2d_worker	buxton2d_worker	229	1212	32	440	1684	3619	422	994384	82064	79360000	17973524	26796032
36	2026-08-13T23:20:20,591313532-0700	1786688420585457116	ServiceD	ServiceD	1037	588	2128	3224	5940	19360	547	994384	82064	79360000	17973524	26796032
37	2026-08-13T23:20:22,020449449-0700	1786688422015791115	AppProcD	AppProcD	424	12684	18656	5140	36480	128152	500	996784	81296	78598144	17784385	26796032
37	2026-08-13T23:20:22,020449449-0700	1786688422015791115	ServiceE	ServiceE	404	7804	2808	7800	18412	28183	352	996784	81296	78598144	17784385	26796032
37	2026-08-13T23:20:22,020449449-0700	1786688422015791115	AppProcB	AppProcB	896	6804	11780	6416	25000	110112	1465	996784	81296	78598144	17784385	26796032
37	2026-08-13T23:20:22,020449449-0700	1786688422015791115	ServiceH	ServiceH	NA	NA	NA	NA	NA	NA	NA	996784	81296	78598144	17784385	26796032
37	2026-08-13T23:20:22,020449449-0700	1786688422015791115	cynara	cynara	205	1648	1032	212	2892	21418	842	996784	81296	78598144	17784385	26796032
37	2026-08-13T23:20:22,020449449-0700	1786688422015791115	AppProcA	AppProcA	2724	1212	3644	3732	8588	35769	79	996784	81296	78598144	17784385	26796032
37	2026-08-13T23:20:22,020449449-0700	1786688422015791115	systemd	systemd	1	1136	164	440	1740	27409	509	996784	81296	78598144	17784385	26796032
37	2026-08-13T23:20:22,020449449-0700	1786688422015791115	enlightenment	enlightenment	258	2728	968	3036	6732	34417	875	996784	81296	78598144	17784385	26796032
37	2026-08-13T23:20:22,020449449-0700	1786688422015791115	buxton2d_worker	buxton2d_worker	229	1212	32	440	1684	3619	422	996784	81296	78598144	17784385	26796032
37	2026-08-13T23:20:22,020449449-0700	1786688422015791115	ServiceD	ServiceD	1037	588	2128	3224	5940	19360	547	996784	81296	78598144	17784385	26796032
38	2026-08-13T23:20:23,767681782-0700	1786688423758904948	AppProcD	AppProcD	424	12684	18656	5140	36480	128152	500	993844	81296	78598144	17784385	26796032
38	2026-08-13T23:20:23,767681782-0700	1786688423758904948	ServiceE	ServiceE	404	7804	2808	7800	18412	28183	352	993844	81296	78598144	17784385	26796032
38	2026-08-13T23:20:23,767681782-0700	1786688423758904948	AppProcB	AppProcB	896	6804	11780	6416	25000	110153	1465	993844	81296	78598144	17784385	26796032
38	2026-08-13T23:20:23,767681782-0700	1786688423758904948	ServiceH	ServiceH	719	3384	3624	2972	9980	17193	0	993844	81296	78598144	17784385	26796032
38	2026-08-13T23:20:23,767681782-0700	1786688423758904948	cynara	cynara	205	1648	1032	212	2892	21586	842	993844	81296	78598144	17784385	26796032
38	2026-08-13T23:20:23,767681782-0700	1786688423758904948	AppProcA	AppProcA	2724	1212	3644	3732	8588	35769	79	993844	81296	78598144	17784385	26796032
38	2026-08-13T23:20:23,767681782-0700	1786688423758904948	systemd	systemd	1	1136	164	440	1740	27409	509	993844	81296	78598144	17784385	26796032
38	2026-08-13T23:20:23,767681782-0700	1786688423758904948	enlightenment	enlightenment	258	2744	968	3036	6748	34423	877	993844	81296	78598144	17784385	26796032
38	2026-08-13T23:20:23,767681782-0700	1786688423758904948	buxton2d_worker	buxton2d_worker	229	1212	32	440	1684	3619	424	993844	81296	78598144	17784385	26796032
38	2026-08-13T23:20:23,767681782-0700	1786688423758904948	ServiceD	ServiceD	1037	588	2128	3224	5940	19360	547	993844	81296	78598144	17784385	26796032
39	2026-08-13T23:20:25,755525365-0700	1786688425750847115	AppProcD	AppProcD	424	12668	18656	5140	36464	128157	500	996436	81296	78598144	17784385	26796032
39	2026-08-13T23:20:25,755525365-0700	1786688425750847115	ServiceE	ServiceE	404	7804	2808	7800	18412	28183	352	996436	81296	78598144	17784385	26796032
39	2026-08-13T23:20:25,755525365-0700	1786688425750847115	AppProcB	AppProcB	896	6804	11780	6416	25000	110153	1465	996436	81296	78598144	17784385	26796032
39	2026-08-13T23:20:25,755525365-0700	1786688425750847115	ServiceH	ServiceH	719	3968	4004	3040	11012	20949	0	996436	81296	78598144	17784385	26796032
39	2026-08-13T23:20:25,755525365-0700	1786688425750847115	cynara	cynara	205	1648	1032	212	2892	21586	842	996436	81296	78598144	17784385	26796032
39	2026-08-13T23:20:25,755525365-0700	1786688425750847115	AppProcA	AppProcA	2724	1212	3644	3732	8588	35769	79	996436	81296	78598144	17784385	26796032
39	2026-08-13T23:20:25,755525365-0700	1786688425750847115	systemd	systemd	1	1136	164	440	1740	27410	509	996436	81296	78598144	17784385	26796032
39	2026-08-13T23:20:25,755525365-0700	1786688425750847115	enlightenment	enlightenment	258	2744	968	3036	6748	34424	877	996436	81296	78598144	17784385	26796032
39	2026-08-13T23:20:25,755525365-0700	1786688425750847115	buxton2d_worker	buxton2d_worker	229	1212	32	440	1684	3619	424	996436	81296	78598144	17784385	26796032
39	2026-08-13T23:20:25,755525365-0700	1786688425750847115	ServiceD	ServiceD	1037	588	2128	3224	5940	19385	547	996436	81296	78598144	17784385	26796032
40	2026-08-13T23:20:27,758230781-0700	1786688427750511281	AppProcD	AppProcD	424	12668	18656	5140	36464	128210	500	1000156	81296	78598144	17784385	26796032
40	2026-08-13T23:20:27,758230781-0700	1786688427750511281	ServiceE	ServiceE	404	7804	2808	7800	18412	28183	352	1000156	81296	78598144	17784385	26796032
40	2026-08-13T23:20:27,758230781-0700	1786688427750511281	AppProcB	AppProcB	896	6804	11780	6416	25000	110153	1465	1000156	81296	78598144	17784385	26796032
40	2026-08-13T23:20:27,758230781-0700	1786688427750511281	ServiceH	ServiceH	719	3968	4004	3040	11012	20949	0	1000156	81296	78598144	17784385	26796032
40	2026-08-13T23:20:27,758230781-0700	1786688427750511281	cynara	cynara	205	1648	1032	212	2892	21586	842	1000156	81296	78598144	17784385	26796032
40	2026-08-13T23:20:27,758230781-0700	1786688427750511281	AppProcA	AppProcA	2724	1212	3644	3732	8588	35789	79	1000156	81296	78598144	17784385	26796032
40	2026-08-13T23:20:27,758230781-0700	1786688427750511281	systemd	systemd	1	1136	164	440	1740	27410	509	1000156	81296	78598144	17784385	26796032
40	2026-08-13T23:20:27,758230781-0700	1786688427750511281	enlightenment	enlightenment	258	2744	968	3036	6748	34424	877	1000156	81296	78598144	17784385	26796032
40	2026-08-13T23:20:27,758230781-0700	1786688427750511281	buxton2d_worker	buxton2d_worker	229	1212	32	440	1684	3619	424	1000156	81296	78598144	17784385	26796032
40	2026-08-13T23:20:27,758230781-0700	1786688427750511281	ServiceD	ServiceD	1037	588	2128	3224	5940	19385	547	1000156	81296	78598144	17784385	26796032
41	2026-08-13T23:20:29,753227530-0700	1786688429748994947	AppProcD	AppProcD	424	12668	18656	5140	36464	128210	500	1005628	81296	78598144	17784385	26796032
41	2026-08-13T23:20:29,753227530-0700	1786688429748994947	ServiceE	ServiceE	404	7804	2808	7800	18412	28183	352	1005628	81296	78598144	17784385	26796032
41	2026-08-13T23:20:29,753227530-0700	1786688429748994947	AppProcB	AppProcB	896	6804	11780	6416	25000	110194	1465	1005628	81296	78598144	17784385	26796032
41	2026-08-13T23:20:29,753227530-0700	1786688429748994947	ServiceH	ServiceH	719	3968	4004	3040	11012	20949	0	1005628	81296	78598144	17784385	26796032
41	2026-08-13T23:20:29,753227530-0700	1786688429748994947	cynara	cynara	205	1648	1032	212	2892	21586	842	1005628	81296	78598144	17784385	26796032
41	2026-08-13T23:20:29,753227530-0700	1786688429748994947	AppProcA	AppProcA	2724	1212	3644	3732	8588	35790	79	1005628	81296	78598144	17784385	26796032
41	2026-08-13T23:20:29,753227530-0700	1786688429748994947	systemd	systemd	1	1136	164	440	1740	27410	509	1005628	81296	78598144	17784385	26796032
41	2026-08-13T23:20:29,753227530-0700	1786688429748994947	enlightenment	enlightenment	258	2744	968	3036	6748	34424	877	1005628	81296	78598144	17784385	26796032
41	2026-08-13T23:20:29,753227530-0700	1786688429748994947	buxton2d_worker	buxton2d_worker	229	1212	32	440	1684	3621	424	1005628	81296	78598144	17784385	26796032
41	2026-08-13T23:20:29,753227530-0700	1786688429748994947	ServiceD	ServiceD	1037	588	2128	3224	5940	19385	547	1005628	81296	78598144	17784385	26796032
42	2026-08-13T23:20:31,751397613-0700	1786688431746986946	AppProcD	AppProcD	424	12668	18656	5140	36464	128210	500	1008716	81296	78598144	17784385	26796032
42	2026-08-13T23:20:31,751397613-0700	1786688431746986946	ServiceE	ServiceE	404	7804	2808	7800	18412	28183	352	1008716	81296	78598144	17784385	26796032
42	2026-08-13T23:20:31,751397613-0700	1786688431746986946	AppProcB	AppProcB	896	6804	11780	6416	25000	110194	1465	1008716	81296	78598144	17784385	26796032
42	2026-08-13T23:20:31,751397613-0700	1786688431746986946	ServiceH	ServiceH	719	3960	4004	3040	11004	20949	0	1008716	81296	78598144	17784385	26796032
42	2026-08-13T23:20:31,751397613-0700	1786688431746986946	cynara	cynara	205	1648	1032	212	2892	21735	842	1008716	81296	78598144	17784385	26796032
42	2026-08-13T23:20:31,751397613-0700	1786688431746986946	AppProcA	AppProcA	2724	1212	3644	3732	8588	35811	79	1008716	81296	78598144	17784385	26796032
42	2026-08-13T23:20:31,751397613-0700	1786688431746986946	systemd	systemd	1	1136	164	440	1740	27410	509	1008716	81296	78598144	17784385	26796032
42	2026-08-13T23:20:31,751397613-0700	1786688431746986946	enlightenment	enlightenment	258	2744	968	3036	6748	34424	877	1008716	81296	78598144	17784385	26796032
42	2026-08-13T23:20:31,751397613-0700	1786688431746986946	buxton2d_worker	buxton2d_worker	229	1212	32	440	1684	3621	424	1008716	81296	78598144	17784385	26796032
42	2026-08-13T23:20:31,751397613-0700	1786688431746986946	ServiceD	ServiceD	1037	588	2128	3224	5940	19410	547	1008716	81296	78598144	17784385	26796032
43	2026-08-13T23:20:33,754865363-0700	1786688433750230613	AppProcD	AppProcD	424	12668	18656	5140	36464	128262	500	1011760	81296	78598144	17784385	26796032
43	2026-08-13T23:20:33,754865363-0700	1786688433750230613	ServiceE	ServiceE	404	7804	2808	7800	18412	28183	352	1011760	81296	78598144	17784385	26796032
43	2026-08-13T23:20:33,754865363-0700	1786688433750230613	AppProcB	AppProcB	896	6804	11780	6416	25000	110194	1465	1011760	81296	78598144	17784385	26796032
43	2026-08-13T23:20:33,754865363-0700	1786688433750230613	ServiceH	ServiceH	719	3960	4004	3040	11004	20949	0	1011760	81296	78598144	17784385	26796032
43	2026-08-13T23:20:33,754865363-0700	1786688433750230613	cynara	cynara	205	1648	1032	212	2892	21735	842	1011760	81296	78598144	17784385	26796032
43	2026-08-13T23:20:33,754865363-0700	1786688433750230613	AppProcA	AppProcA	2724	1212	3644	3732	8588	35811	79	1011760	81296	78598144	17784385	26796032
43	2026-08-13T23:20:33,754865363-0700	1786688433750230613	systemd	systemd	1	1136	164	440	1740	27410	509	1011760	81296	78598144	17784385	26796032
43	2026-08-13T23:20:33,754865363-0700	1786688433750230613	enlightenment	enlightenment	258	2744	968	3036	6748	34424	877	1011760	81296	78598144	17784385	26796032
43	2026-08-13T23:20:33,754865363-0700	1786688433750230613	buxton2d_worker	buxton2d_worker	229	1212	32	440	1684	3621	424	1011760	81296	78598144	17784385	26796032
43	2026-08-13T23:20:33,754865363-0700	1786688433750230613	ServiceD	ServiceD	1037	588	2128	3224	5940	19410	547	1011760	81296	78598144	17784385	26796032
44	2026-08-13T23:20:35,752282362-0700	1786688435748043029	AppProcD	AppProcD	424	12668	18656	5140	36464	128262	500	1014044	81296	78598144	17784385	26796032
44	2026-08-13T23:20:35,752282362-0700	1786688435748043029	ServiceE	ServiceE	404	7804	2808	7800	18412	28183	352	1014044	81296	78598144	17784385	26796032
44	2026-08-13T23:20:35,752282362-0700	1786688435748043029	AppProcB	AppProcB	896	6804	11780	6416	25000	110234	1465	1014044	81296	78598144	17784385	26796032
44	2026-08-13T23:20:35,752282362-0700	1786688435748043029	ServiceH	ServiceH	719	3960	4004	3040	11004	20949	0	1014044	81296	78598144	17784385	26796032
44	2026-08-13T23:20:35,752282362-0700	1786688435748043029	cynara	cynara	205	1648	1032	212	2892	21735	842	1014044	81296	78598144	17784385	26796032
44	2026-08-13T23:20:35,752282362-0700	1786688435748043029	AppProcA	AppProcA	2724	1212	3644	3732	8588	35811	79	1014044	81296	78598144	17784385	26796032
44	2026-08-13T23:20:35,752282362-0700	1786688435748043029	systemd	systemd	1	1144	164	440	1748	27497	509	1014044	81296	78598144	17784385	26796032
44	2026-08-13T23:20:35,752282362-0700	1786688435748043029	enlightenment	enlightenment	258	2744	968	3036	6748	34424	877	1014044	81296	78598144	17784385	26796032
44	2026-08-13T23:20:35,752282362-0700	1786688435748043029	buxton2d_worker	buxton2d_worker	229	1212	32	440	1684	3621	424	1014044	81296	78598144	17784385	26796032
44	2026-08-13T23:20:35,752282362-0700	1786688435748043029	ServiceD	ServiceD	1037	588	2128	3224	5940	19435	547	1014044	81296	78598144	17784385	26796032
45	2026-08-13T23:20:37,755821278-0700	1786688437749779612	AppProcD	AppProcD	424	12668	18656	5140	36464	128314	500	1015976	81296	78598144	17784385	26796032
45	2026-08-13T23:20:37,755821278-0700	1786688437749779612	ServiceE	ServiceE	404	7804	2808	7800	18412	28183	352	1015976	81296	78598144	17784385	26796032
45	2026-08-13T23:20:37,755821278-0700	1786688437749779612	AppProcB	AppProcB	896	6804	11780	6416	25000	110234	1465	1015976	81296	78598144	17784385	26796032
45	2026-08-13T23:20:37,755821278-0700	1786688437749779612	ServiceH	ServiceH	719	3960	4004	3040	11004	20949	0	1015976	81296	78598144	17784385	26796032
45	2026-08-13T23:20:37,755821278-0700	1786688437749779612	cynara	cynara	205	1648	1032	212	2892	21735	842	1015976	81296	78598144	17784385	26796032
45	2026-08-13T23:20:37,755821278-0700	1786688437749779612	AppProcA	AppProcA	2724	1212	3644	3732	8588	35832	79	1015976	81296	78598144	17784385	26796032
45	2026-08-13T23:20:37,755821278-0700	1786688437749779612	systemd	systemd	1	1144	164	440	1748	27497	509	1015976	81296	78598144	17784385	26796032
45	2026-08-13T23:20:37,755821278-0700	1786688437749779612	enlightenment	enlightenment	258	2744	968	3036	6748	34424	877	1015976	81296	78598144	17784385	26796032
45	2026-08-13T23:20:37,755821278-0700	1786688437749779612	buxton2d_worker	buxton2d_worker	229	1212	32	440	1684	3622	424	1015976	81296	78598144	17784385	26796032
45	2026-08-13T23:20:37,755821278-0700	1786688437749779612	ServiceD	ServiceD	1037	588	2128	3224	5940	19435	547	1015976	81296	78598144	17784385	26796032
46	2026-08-13T23:20:39,751850778-0700	1786688439747532028	AppProcD	AppProcD	424	12668	18656	5140	36464	128314	500	1016996	81296	78598144	17784385	26796032
46	2026-08-13T23:20:39,751850778-0700	1786688439747532028	ServiceE	ServiceE	404	7804	2808	7800	18412	28183	352	1016996	81296	78598144	17784385	26796032
46	2026-08-13T23:20:39,751850778-0700	1786688439747532028	AppProcB	AppProcB	896	6804	11780	6416	25000	110274	1465	1016996	81296	78598144	17784385	26796032
46	2026-08-13T23:20:39,751850778-0700	1786688439747532028	ServiceH	ServiceH	719	3960	4004	3040	11004	20949	0	1016996	81296	78598144	17784385	26796032
46	2026-08-13T23:20:39,751850778-0700	1786688439747532028	cynara	cynara	205	1648	1032	212	2892	21735	842	1016996	81296	78598144	17784385	26796032
46	2026-08-13T23:20:39,751850778-0700	1786688439747532028	AppProcA	AppProcA	2724	1212	3644	3732	8588	35832	79	1016996	81296	78598144	17784385	26796032
46	2026-08-13T23:20:39,751850778-0700	1786688439747532028	systemd	systemd	1	1144	164	440	1748	27497	509	1016996	81296	78598144	17784385	26796032
46	2026-08-13T23:20:39,751850778-0700	1786688439747532028	enlightenment	enlightenment	258	2744	968	3036	6748	34424	877	1016996	81296	78598144	17784385	26796032
46	2026-08-13T23:20:39,751850778-0700	1786688439747532028	buxton2d_worker	buxton2d_worker	229	1212	32	440	1684	3623	424	1016996	81296	78598144	17784385	26796032
46	2026-08-13T23:20:39,751850778-0700	1786688439747532028	ServiceD	ServiceD	1037	588	2128	3224	5940	19435	547	1016996	81296	78598144	17784385	26796032
47	2026-08-13T23:20:41,752768194-0700	1786688441746189027	AppProcD	AppProcD	424	12668	18656	5140	36464	128366	500	1016964	81296	78598144	17784385	26796032
47	2026-08-13T23:20:41,752768194-0700	1786688441746189027	ServiceE	ServiceE	404	7804	2808	7800	18412	28183	352	1016964	81296	78598144	17784385	26796032
47	2026-08-13T23:20:41,752768194-0700	1786688441746189027	AppProcB	AppProcB	896	6804	11780	6416	25000	110274	1465	1016964	81296	78598144	17784385	26796032
47	2026-08-13T23:20:41,752768194-0700	1786688441746189027	ServiceH	ServiceH	719	3960	4004	3040	11004	20949	0	1016964	81296	78598144	17784385	26796032
47	2026-08-13T23:20:41,752768194-0700	1786688441746189027	cynara	cynara	205	1648	1032	212	2892	21735	842	1016964	81296	78598144	17784385	26796032
47	2026-08-13T23:20:41,752768194-0700	1786688441746189027	AppProcA	AppProcA	2724	1212	3644	3732	8588	35853	79	1016964	81296	78598144	17784385	26796032
47	2026-08-13T23:20:41,752768194-0700	1786688441746189027	systemd	systemd	1	1144	164	440	1748	27497	509	1016964	81296	78598144	17784385	26796032
47	2026-08-13T23:20:41,752768194-0700	1786688441746189027	enlightenment	enlightenment	258	2744	968	3036	6748	34424	877	1016964	81296	78598144	17784385	26796032
47	2026-08-13T23:20:41,752768194-0700	1786688441746189027	buxton2d_worker	buxton2d_worker	229	1212	32	440	1684	3623	424	1016964	81296	78598144	17784385	26796032
47	2026-08-13T23:20:41,752768194-0700	1786688441746189027	ServiceD	ServiceD	1037	588	2128	3224	5940	19460	547	1016964	81296	78598144	17784385	26796032
48	2026-08-13T23:20:43,780101194-0700	1786688443769701527	AppProcD	AppProcD	424	12684	18724	5140	36548	130179	507	1035980	81296	78598144	17784385	26796032
48	2026-08-13T23:20:43,780101194-0700	1786688443769701527	ServiceE	ServiceE	404	7804	2808	7800	18412	28183	352	1035980	81296	78598144	17784385	26796032
48	2026-08-13T23:20:43,780101194-0700	1786688443769701527	AppProcB	AppProcB	896	6828	11780	6416	25024	110326	1470	1035980	81296	78598144	17784385	26796032
48	2026-08-13T23:20:43,780101194-0700	1786688443769701527	ServiceH	ServiceH	719	3964	4004	3040	11008	21055	0	1035980	81296	78598144	17784385	26796032
48	2026-08-13T23:20:43,780101194-0700	1786688443769701527	cynara	cynara	205	1648	1032	212	2892	21736	842	1035980	81296	78598144	17784385	26796032
48	2026-08-13T23:20:43,780101194-0700	1786688443769701527	AppProcA	AppProcA	2724	1212	3644	3732	8588	35853	79	1035980	81296	78598144	17784385	26796032
48	2026-08-13T23:20:43,780101194-0700	1786688443769701527	systemd	systemd	1	1144	164	440	1748	27564	509	1035980	81296	78598144	17784385	26796032
48	2026-08-13T23:20:43,780101194-0700	1786688443769701527	enlightenment	enlightenment	258	2724	968	3036	6728	39248	877	1035980	81296	78598144	17784385	26796032
48	2026-08-13T23:20:43,780101194-0700	1786688443769701527	buxton2d_worker	buxton2d_worker	229	1212	32	440	1684	3627	428	1035980	81296	78598144	17784385	26796032
48	2026-08-13T23:20:43,780101194-0700	1786688443769701527	ServiceD	ServiceD	1037	588	2128	3224	5940	19464	547	1035980	81296	78598144	17784385	26796032
49	2026-08-13T23:20:45,754275526-0700	1786688445747646943	AppProcD	AppProcD	424	12684	18724	5140	36548	130183	507	1010736	79760	77099008	17408592	26750976
49	2026-08-13T23:20:45,754275526-0700	1786688445747646943	ServiceE	ServiceE	404	7804	2808	7800	18412	28183	352	1010736	79760	77099008	17408592	26750976
49	2026-08-13T23:20:45,754275526-0700	1786688445747646943	AppProcB	AppProcB	896	6828	11780	6416	25024	110326	1470	1010736	79760	77099008	17408592	26750976
49	2026-08-13T23:20:45,754275526-0700	1786688445747646943	ServiceH	ServiceH	719	3964	4004	3040	11008	21055	0	1010736	79760	77099008	17408592	26750976
49	2026-08-13T23:20:45,754275526-0700	1786688445747646943	cynara	cynara	205	1648	1032	212	2892	21736	842	1010736	79760	77099008	17408592	26750976
49	2026-08-13T23:20:45,754275526-0700	1786688445747646943	AppProcA	AppProcA	2724	1212	3644	3732	8588	35854	79	1010736	79760	77099008	17408592	26750976
49	2026-08-13T23:20:45,754275526-0700	1786688445747646943	systemd	systemd	1	1144	164	440	1748	27570	509	1010736	79760	77099008	17408592	26750976
49	2026-08-13T23:20:45,754275526-0700	1786688445747646943	enlightenment	enlightenment	258	2724	968	3036	6728	39248	877	1010736	79760	77099008	17408592	26750976
49	2026-08-13T23:20:45,754275526-0700	1786688445747646943	buxton2d_worker	buxton2d_worker	229	1212	32	440	1684	3627	428	1010736	79760	77099008	17408592	26750976
49	2026-08-13T23:20:45,754275526-0700	1786688445747646943	ServiceD	ServiceD	1037	588	2128	3224	5940	19489	547	1010736	79760	77099008	17408592	26750976
50	2026-08-13T23:20:47,758367609-0700	1786688447751746943	AppProcD	AppProcD	424	12684	18724	5140	36548	130270	507	1017076	79504	76836864	17352127	26746880
50	2026-08-13T23:20:47,758367609-0700	1786688447751746943	ServiceE	ServiceE	404	7804	2808	7800	18412	28183	352	1017076	79504	76836864	17352127	26746880
50	2026-08-13T23:20:47,758367609-0700	1786688447751746943	AppProcB	AppProcB	896	6828	11780	6416	25024	110326	1470	1017076	79504	76836864	17352127	26746880
50	2026-08-13T23:20:47,758367609-0700	1786688447751746943	ServiceH	ServiceH	719	3964	4004	3040	11008	21055	0	1017076	79504	76836864	17352127	26746880
50	2026-08-13T23:20:47,758367609-0700	1786688447751746943	cynara	cynara	205	1648	1032	212	2892	21736	842	1017076	79504	76836864	17352127	26746880
50	2026-08-13T23:20:47,758367609-0700	1786688447751746943	AppProcA	AppProcA	2724	1212	3644	3732	8588	35874	79	1017076	79504	76836864	17352127	26746880
50	2026-08-13T23:20:47,758367609-0700	1786688447751746943	systemd	systemd	1	1144	164	440	1748	27570	509	1017076	79504	76836864	17352127	26746880
50	2026-08-13T23:20:47,758367609-0700	1786688447751746943	enlightenment	enlightenment	258	2724	968	3036	6728	39250	877	1017076	79504	76836864	17352127	26746880
50	2026-08-13T23:20:47,758367609-0700	1786688447751746943	buxton2d_worker	buxton2d_worker	229	1212	32	440	1684	3627	428	1017076	79504	76836864	17352127	26746880
50	2026-08-13T23:20:47,758367609-0700	1786688447751746943	ServiceD	ServiceD	1037	588	2128	3224	5940	19490	547	1017076	79504	76836864	17352127	26746880
51	2026-08-13T23:20:49,758122192-0700	1786688449752410359	AppProcD	AppProcD	424	12684	18728	5140	36552	130705	507	1022720	79504	76836864	17352127	26746880
51	2026-08-13T23:20:49,758122192-0700	1786688449752410359	ServiceE	ServiceE	404	7804	2808	7800	18412	28183	352	1022720	79504	76836864	17352127	26746880
51	2026-08-13T23:20:49,758122192-0700	1786688449752410359	AppProcB	AppProcB	896	6828	11780	6416	25024	110366	1470	1022720	79504	76836864	17352127	26746880
51	2026-08-13T23:20:49,758122192-0700	1786688449752410359	ServiceH	ServiceH	719	3964	4004	3040	11008	21055	0	1022720	79504	76836864	17352127	26746880
51	2026-08-13T23:20:49,758122192-0700	1786688449752410359	cynara	cynara	205	1648	1032	212	2892	21736	842	1022720	79504	76836864	17352127	26746880
51	2026-08-13T23:20:49,758122192-0700	1786688449752410359	AppProcA	AppProcA	2724	1212	3644	3732	8588	35874	79	1022720	79504	76836864	17352127	26746880
51	2026-08-13T23:20:49,758122192-0700	1786688449752410359	systemd	systemd	1	1144	164	440	1748	27570	509	1022720	79504	76836864	17352127	26746880
51	2026-08-13T23:20:49,758122192-0700	1786688449752410359	enlightenment	enlightenment	258	2724	968	3036	6728	39250	877	1022720	79504	76836864	17352127	26746880
51	2026-08-13T23:20:49,758122192-0700	1786688449752410359	buxton2d_worker	buxton2d_worker	229	1212	32	440	1684	3627	428	1022720	79504	76836864	17352127	26746880
51	2026-08-13T23:20:49,758122192-0700	1786688449752410359	ServiceD	ServiceD	1037	588	2128	3224	5940	19490	547	1022720	79504	76836864	17352127	26746880
52	2026-08-13T23:20:51,753738442-0700	1786688451746865275	AppProcD	AppProcD	424	12684	18728	5140	36552	131434	507	1027464	79504	76836864	17352127	26746880
52	2026-08-13T23:20:51,753738442-0700	1786688451746865275	ServiceE	ServiceE	404	7804	2808	7800	18412	28183	352	1027464	79504	76836864	17352127	26746880
52	2026-08-13T23:20:51,753738442-0700	1786688451746865275	AppProcB	AppProcB	896	6828	11780	6416	25024	110366	1470	1027464	79504	76836864	17352127	26746880
52	2026-08-13T23:20:51,753738442-0700	1786688451746865275	ServiceH	ServiceH	719	3964	4004	3040	11008	21055	0	1027464	79504	76836864	17352127	26746880
52	2026-08-13T23:20:51,753738442-0700	1786688451746865275	cynara	cynara	205	1648	1032	212	2892	21736	842	1027464	79504	76836864	17352127	26746880
52	2026-08-13T23:20:51,753738442-0700	1786688451746865275	AppProcA	AppProcA	2724	1212	3644	3732	8588	35894	79	1027464	79504	76836864	17352127	26746880
52	2026-08-13T23:20:51,753738442-0700	1786688451746865275	systemd	systemd	1	1144	164	440	1748	27570	509	1027464	79504	76836864	17352127	26746880
52	2026-08-13T23:20:51,753738442-0700	1786688451746865275	enlightenment	enlightenment	258	2724	968	3036	6728	39250	877	1027464	79504	76836864	17352127	26746880
52	2026-08-13T23:20:51,753738442-0700	1786688451746865275	buxton2d_worker	buxton2d_worker	229	1212	32	440	1684	3627	428	1027464	79504	76836864	17352127	26746880
52	2026-08-13T23:20:51,753738442-0700	1786688451746865275	ServiceD	ServiceD	1037	588	2128	3224	5940	19515	547	1027464	79504	76836864	17352127	26746880
53	2026-08-13T23:20:53,751635524-0700	1786688453747307608	AppProcD	AppProcD	424	12684	18728	5140	36552	131488	507	1030944	79504	76836864	17352127	26746880
53	2026-08-13T23:20:53,751635524-0700	1786688453747307608	ServiceE	ServiceE	404	7804	2808	7800	18412	28183	352	1030944	79504	76836864	17352127	26746880
53	2026-08-13T23:20:53,751635524-0700	1786688453747307608	AppProcB	AppProcB	896	6828	11780	6416	25024	110366	1470	1030944	79504	76836864	17352127	26746880
53	2026-08-13T23:20:53,751635524-0700	1786688453747307608	ServiceH	ServiceH	719	3964	4004	3040	11008	21055	0	1030944	79504	76836864	17352127	26746880
53	2026-08-13T23:20:53,751635524-0700	1786688453747307608	cynara	cynara	205	1648	1032	212	2892	21736	842	1030944	79504	76836864	17352127	26746880
53	2026-08-13T23:20:53,751635524-0700	1786688453747307608	AppProcA	AppProcA	2724	1212	3644	3732	8588	35895	79	1030944	79504	76836864	17352127	26746880
53	2026-08-13T23:20:53,751635524-0700	1786688453747307608	systemd	systemd	1	1144	164	440	1748	27570	509	1030944	79504	76836864	17352127	26746880
53	2026-08-13T23:20:53,751635524-0700	1786688453747307608	enlightenment	enlightenment	258	2724	968	3036	6728	39250	877	1030944	79504	76836864	17352127	26746880
53	2026-08-13T23:20:53,751635524-0700	1786688453747307608	buxton2d_worker	buxton2d_worker	229	1212	32	440	1684	3628	428	1030944	79504	76836864	17352127	26746880
53	2026-08-13T23:20:53,751635524-0700	1786688453747307608	ServiceD	ServiceD	1037	588	2128	3224	5940	19515	547	1030944	79504	76836864	17352127	26746880
54	2026-08-13T23:20:55,750660191-0700	1786688455746336191	AppProcD	AppProcD	424	12684	18728	5140	36552	131488	507	1034136	79504	76836864	17352127	26746880
54	2026-08-13T23:20:55,750660191-0700	1786688455746336191	ServiceE	ServiceE	404	7804	2808	7800	18412	28183	352	1034136	79504	76836864	17352127	26746880
54	2026-08-13T23:20:55,750660191-0700	1786688455746336191	AppProcB	AppProcB	896	6828	11780	6416	25024	110406	1470	1034136	79504	76836864	17352127	26746880
54	2026-08-13T23:20:55,750660191-0700	1786688455746336191	ServiceH	ServiceH	719	3964	4004	3040	11008	21055	0	1034136	79504	76836864	17352127	26746880
54	2026-08-13T23:20:55,750660191-0700	1786688455746336191	cynara	cynara	205	1648	1032	212	2892	21736	842	1034136	79504	76836864	17352127	26746880
54	2026-08-13T23:20:55,750660191-0700	1786688455746336191	AppProcA	AppProcA	2724	1212	3644	3732	8588	35895	79	1034136	79504	76836864	17352127	26746880
54	2026-08-13T23:20:55,750660191-0700	1786688455746336191	systemd	systemd	1	1144	164	440	1748	27571	509	1034136	79504	76836864	17352127	26746880
54	2026-08-13T23:20:55,750660191-0700	1786688455746336191	enlightenment	enlightenment	258	2724	968	3036	6728	39250	877	1034136	79504	76836864	17352127	26746880
54	2026-08-13T23:20:55,750660191-0700	1786688455746336191	buxton2d_worker	buxton2d_worker	229	1212	32	440	1684	3629	428	1034136	79504	76836864	17352127	26746880
54	2026-08-13T23:20:55,750660191-0700	1786688455746336191	ServiceD	ServiceD	1037	588	2128	3224	5940	19540	547	1034136	79504	76836864	17352127	26746880
55	2026-08-13T23:20:57,752489107-0700	1786688457748072690	AppProcD	AppProcD	424	12684	18728	5140	36552	131566	507	1036004	79504	76836864	17352127	26746880
55	2026-08-13T23:20:57,752489107-0700	1786688457748072690	ServiceE	ServiceE	404	7804	2808	7800	18412	28183	352	1036004	79504	76836864	17352127	26746880
55	2026-08-13T23:20:57,752489107-0700	1786688457748072690	AppProcB	AppProcB	896	6828	11780	6416	25024	110406	1470	1036004	79504	76836864	17352127	26746880
55	2026-08-13T23:20:57,752489107-0700	1786688457748072690	ServiceH	ServiceH	719	3964	4004	3040	11008	21055	0	1036004	79504	76836864	17352127	26746880
55	2026-08-13T23:20:57,752489107-0700	1786688457748072690	cynara	cynara	205	1648	1032	212	2892	21736	842	1036004	79504	76836864	17352127	26746880
55	2026-08-13T23:20:57,752489107-0700	1786688457748072690	AppProcA	AppProcA	2724	1212	3644	3732	8588	35916	79	1036004	79504	76836864	17352127	26746880
55	2026-08-13T23:20:57,752489107-0700	1786688457748072690	systemd	systemd	1	1144	164	440	1748	27571	509	1036004	79504	76836864	17352127	26746880
55	2026-08-13T23:20:57,752489107-0700	1786688457748072690	enlightenment	enlightenment	258	2724	968	3036	6728	39250	877	1036004	79504	76836864	17352127	26746880
55	2026-08-13T23:20:57,752489107-0700	1786688457748072690	buxton2d_worker	buxton2d_worker	229	1212	32	440	1684	3629	428	1036004	79504	76836864	17352127	26746880
55	2026-08-13T23:20:57,752489107-0700	1786688457748072690	ServiceD	ServiceD	1037	588	2128	3224	5940	19540	547	1036004	79504	76836864	17352127	26746880
56	2026-08-13T23:20:59,750081606-0700	1786688459745961856	AppProcD	AppProcD	424	12684	18728	5140	36552	131566	507	1039312	79504	76836864	17352127	26746880
56	2026-08-13T23:20:59,750081606-0700	1786688459745961856	ServiceE	ServiceE	404	7804	2808	7800	18412	28183	352	1039312	79504	76836864	17352127	26746880
56	2026-08-13T23:20:59,750081606-0700	1786688459745961856	AppProcB	AppProcB	896	6828	11780	6416	25024	110446	1470	1039312	79504	76836864	17352127	26746880
56	2026-08-13T23:20:59,750081606-0700	1786688459745961856	ServiceH	ServiceH	719	3964	4004	3040	11008	21055	0	1039312	79504	76836864	17352127	26746880
56	2026-08-13T23:20:59,750081606-0700	1786688459745961856	cynara	cynara	205	1648	1032	212	2892	21736	842	1039312	79504	76836864	17352127	26746880
56	2026-08-13T23:20:59,750081606-0700	1786688459745961856	AppProcA	AppProcA	2724	1212	3644	3732	8588	35916	79	1039312	79504	76836864	17352127	26746880
56	2026-08-13T23:20:59,750081606-0700	1786688459745961856	systemd	systemd	1	1144	164	440	1748	27571	509	1039312	79504	76836864	17352127	26746880
56	2026-08-13T23:20:59,750081606-0700	1786688459745961856	enlightenment	enlightenment	258	2724	968	3036	6728	39250	877	1039312	79504	76836864	17352127	26746880
56	2026-08-13T23:20:59,750081606-0700	1786688459745961856	buxton2d_worker	buxton2d_worker	229	1212	32	440	1684	3629	428	1039312	79504	76836864	17352127	26746880
56	2026-08-13T23:20:59,750081606-0700	1786688459745961856	ServiceD	ServiceD	1037	588	2128	3224	5940	19540	547	1039312	79504	76836864	17352127	26746880
57	2026-08-13T23:21:01,751908939-0700	1786688461745935939	AppProcD	AppProcD	424	12684	18728	5140	36552	131566	507	1039596	79504	76836864	17352127	26746880
57	2026-08-13T23:21:01,751908939-0700	1786688461745935939	ServiceE	ServiceE	404	7804	2808	7800	18412	28183	352	1039596	79504	76836864	17352127	26746880
57	2026-08-13T23:21:01,751908939-0700	1786688461745935939	AppProcB	AppProcB	896	6828	11780	6416	25024	110446	1470	1039596	79504	76836864	17352127	26746880
57	2026-08-13T23:21:01,751908939-0700	1786688461745935939	ServiceH	ServiceH	719	3964	4004	3040	11008	21055	0	1039596	79504	76836864	17352127	26746880
57	2026-08-13T23:21:01,751908939-0700	1786688461745935939	cynara	cynara	205	1648	1032	212	2892	21736	842	1039596	79504	76836864	17352127	26746880
57	2026-08-13T23:21:01,751908939-0700	1786688461745935939	AppProcA	AppProcA	2724	1212	3644	3732	8588	35938	79	1039596	79504	76836864	17352127	26746880
57	2026-08-13T23:21:01,751908939-0700	1786688461745935939	systemd	systemd	1	1144	164	440	1748	27571	509	1039596	79504	76836864	17352127	26746880
57	2026-08-13T23:21:01,751908939-0700	1786688461745935939	enlightenment	enlightenment	258	2724	968	3036	6728	39250	877	1039596	79504	76836864	17352127	26746880
57	2026-08-13T23:21:01,751908939-0700	1786688461745935939	buxton2d_worker	buxton2d_worker	229	1212	32	440	1684	3630	428	1039596	79504	76836864	17352127	26746880
57	2026-08-13T23:21:01,751908939-0700	1786688461745935939	ServiceD	ServiceD	1037	588	2128	3224	5940	19567	547	1039596	79504	76836864	17352127	26746880
58	2026-08-13T23:21:03,754563439-0700	1786688463750068605	AppProcD	AppProcD	424	12684	18728	5140	36552	131619	507	1040556	79504	76836864	17352127	26746880
58	2026-08-13T23:21:03,754563439-0700	1786688463750068605	ServiceE	ServiceE	404	7804	2808	7800	18412	28183	352	1040556	79504	76836864	17352127	26746880
58	2026-08-13T23:21:03,754563439-0700	1786688463750068605	AppProcB	AppProcB	896	6852	11780	6416	25048	110447	1475	1040556	79504	76836864	17352127	26746880
58	2026-08-13T23:21:03,754563439-0700	1786688463750068605	ServiceH	ServiceH	719	3964	4004	3040	11008	21055	0	1040556	79504	76836864	17352127	26746880
58	2026-08-13T23:21:03,754563439-0700	1786688463750068605	cynara	cynara	205	1648	1032	212	2892	21741	842	1040556	79504	76836864	17352127	26746880
58	2026-08-13T23:21:03,754563439-0700	1786688463750068605	AppProcA	AppProcA	2724	1212	3644	3732	8588	35938	79	1040556	79504	76836864	17352127	26746880
58	2026-08-13T23:21:03,754563439-0700	1786688463750068605	systemd	systemd	1	1144	164	440	1748	27571	509	1040556	79504	76836864	17352127	26746880
58	2026-08-13T23:21:03,754563439-0700	1786688463750068605	enlightenment	enlightenment	258	2724	968	3036	6728	39250	877	1040556	79504	76836864	17352127	26746880
58	2026-08-13T23:21:03,754563439-0700	1786688463750068605	buxton2d_worker	buxton2d_worker	229	1212	32	440	1684	3631	428	1040556	79504	76836864	17352127	26746880
58	2026-08-13T23:21:03,754563439-0700	1786688463750068605	ServiceD	ServiceD	1037	588	2128	3224	5940	19567	547	1040556	79504	76836864	17352127	26746880
59	2026-08-13T23:21:05,751711355-0700	1786688465747570105	AppProcD	AppProcD	424	12684	18728	5140	36552	131619	507	1041580	79504	76836864	17352127	26746880
59	2026-08-13T23:21:05,751711355-0700	1786688465747570105	ServiceE	ServiceE	404	7804	2808	7800	18412	28183	352	1041580	79504	76836864	17352127	26746880
59	2026-08-13T23:21:05,751711355-0700	1786688465747570105	AppProcB	AppProcB	896	6852	11780	6416	25048	110487	1475	1041580	79504	76836864	17352127	26746880
59	2026-08-13T23:21:05,751711355-0700	1786688465747570105	ServiceH	ServiceH	719	3964	4004	3040	11008	21055	0	1041580	79504	76836864	17352127	26746880
59	2026-08-13T23:21:05,751711355-0700	1786688465747570105	cynara	cynara	205	1648	1032	212	2892	21741	842	1041580	79504	76836864	17352127	26746880
59	2026-08-13T23:21:05,751711355-0700	1786688465747570105	AppProcA	AppProcA	2724	1212	3644	3732	8588	35939	79	1041580	79504	76836864	17352127	26746880
59	2026-08-13T23:21:05,751711355-0700	1786688465747570105	systemd	systemd	1	1144	164	440	1748	27572	509	1041580	79504	76836864	17352127	26746880
59	2026-08-13T23:21:05,751711355-0700	1786688465747570105	enlightenment	enlightenment	258	2724	968	3036	6728	39250	877	1041580	79504	76836864	17352127	26746880
59	2026-08-13T23:21:05,751711355-0700	1786688465747570105	buxton2d_worker	buxton2d_worker	229	1212	32	440	1684	3631	428	1041580	79504	76836864	17352127	26746880
59	2026-08-13T23:21:05,751711355-0700	1786688465747570105	ServiceD	ServiceD	1037	588	2128	3224	5940	19593	547	1041580	79504	76836864	17352127	26746880
60	2026-08-13T23:21:07,752058604-0700	1786688467747804604	AppProcD	AppProcD	424	12684	18728	5140	36552	131671	507	1042360	79504	76836864	17352127	26746880
60	2026-08-13T23:21:07,752058604-0700	1786688467747804604	ServiceE	ServiceE	404	7804	2808	7800	18412	28183	352	1042360	79504	76836864	17352127	26746880
60	2026-08-13T23:21:07,752058604-0700	1786688467747804604	AppProcB	AppProcB	896	6852	11780	6416	25048	110487	1475	1042360	79504	76836864	17352127	26746880
60	2026-08-13T23:21:07,752058604-0700	1786688467747804604	ServiceH	ServiceH	719	3964	4004	3040	11008	21055	0	1042360	79504	76836864	17352127	26746880
60	2026-08-13T23:21:07,752058604-0700	1786688467747804604	cynara	cynara	205	1648	1032	212	2892	21741	842	1042360	79504	76836864	17352127	26746880
60	2026-08-13T23:21:07,752058604-0700	1786688467747804604	AppProcA	AppProcA	2724	1212	3644	3732	8588	35959	79	1042360	79504	76836864	17352127	26746880
60	2026-08-13T23:21:07,752058604-0700	1786688467747804604	systemd	systemd	1	1144	164	440	1748	27572	509	1042360	79504	76836864	17352127	26746880
60	2026-08-13T23:21:07,752058604-0700	1786688467747804604	enlightenment	enlightenment	258	2724	968	3036	6728	39250	877	1042360	79504	76836864	17352127	26746880
60	2026-08-13T23:21:07,752058604-0700	1786688467747804604	buxton2d_worker	buxton2d_worker	229	1212	32	440	1684	3631	428	1042360	79504	76836864	17352127	26746880
60	2026-08-13T23:21:07,752058604-0700	1786688467747804604	ServiceD	ServiceD	1037	588	2128	3224	5940	19593	547	1042360	79504	76836864	17352127	26746880
61	2026-08-13T23:21:09,754496271-0700	1786688469750308687	AppProcD	AppProcD	424	12684	18728	5140	36552	131671	507	1042376	79504	76836864	17352127	26746880
61	2026-08-13T23:21:09,754496271-0700	1786688469750308687	ServiceE	ServiceE	404	7804	2808	7800	18412	28183	352	1042376	79504	76836864	17352127	26746880
61	2026-08-13T23:21:09,754496271-0700	1786688469750308687	AppProcB	AppProcB	896	6852	11780	6416	25048	110527	1475	1042376	79504	76836864	17352127	26746880
61	2026-08-13T23:21:09,754496271-0700	1786688469750308687	ServiceH	ServiceH	719	3964	4004	3040	11008	21055	0	1042376	79504	76836864	17352127	26746880
61	2026-08-13T23:21:09,754496271-0700	1786688469750308687	cynara	cynara	205	1648	1032	212	2892	21741	842	1042376	79504	76836864	17352127	26746880
61	2026-08-13T23:21:09,754496271-0700	1786688469750308687	AppProcA	AppProcA	2724	1212	3644	3732	8588	35959	79	1042376	79504	76836864	17352127	26746880
61	2026-08-13T23:21:09,754496271-0700	1786688469750308687	systemd	systemd	1	1144	164	440	1748	27572	509	1042376	79504	76836864	17352127	26746880
61	2026-08-13T23:21:09,754496271-0700	1786688469750308687	enlightenment	enlightenment	258	2724	968	3036	6728	39250	877	1042376	79504	76836864	17352127	26746880
61	2026-08-13T23:21:09,754496271-0700	1786688469750308687	buxton2d_worker	buxton2d_worker	229	1212	32	440	1684	3632	428	1042376	79504	76836864	17352127	26746880
61	2026-08-13T23:21:09,754496271-0700	1786688469750308687	ServiceD	ServiceD	1037	588	2128	3224	5940	19593	547	1042376	79504	76836864	17352127	26746880
62	2026-08-13T23:21:11,755811854-0700	1786688471749268770	AppProcD	AppProcD	424	12684	18728	5140	36552	131671	507	1043048	79504	76836864	17352127	26746880
62	2026-08-13T23:21:11,755811854-0700	1786688471749268770	ServiceE	ServiceE	404	7804	2808	7800	18412	28183	352	1043048	79504	76836864	17352127	26746880
62	2026-08-13T23:21:11,755811854-0700	1786688471749268770	AppProcB	AppProcB	896	6852	11780	6416	25048	110527	1475	1043048	79504	76836864	17352127	26746880
62	2026-08-13T23:21:11,755811854-0700	1786688471749268770	ServiceH	ServiceH	719	3964	4004	3040	11008	21055	0	1043048	79504	76836864	17352127	26746880
62	2026-08-13T23:21:11,755811854-0700	1786688471749268770	cynara	cynara	205	1648	1032	212	2892	21741	842	1043048	79504	76836864	17352127	26746880
62	2026-08-13T23:21:11,755811854-0700	1786688471749268770	AppProcA	AppProcA	2724	1212	3644	3732	8588	35979	79	1043048	79504	76836864	17352127	26746880
62	2026-08-13T23:21:11,755811854-0700	1786688471749268770	systemd	systemd	1	1144	164	440	1748	27572	509	1043048	79504	76836864	17352127	26746880
62	2026-08-13T23:21:11,755811854-0700	1786688471749268770	enlightenment	enlightenment	258	2724	968	3036	6728	39250	877	1043048	79504	76836864	17352127	26746880
62	2026-08-13T23:21:11,755811854-0700	1786688471749268770	buxton2d_worker	buxton2d_worker	229	1212	32	440	1684	3632	428	1043048	79504	76836864	17352127	26746880
62	2026-08-13T23:21:11,755811854-0700	1786688471749268770	ServiceD	ServiceD	1037	588	2128	3224	5940	19619	547	1043048	79504	76836864	17352127	26746880
63	2026-08-13T23:21:13,758230270-0700	1786688473751731020	AppProcD	AppProcD	424	12684	18728	5140	36552	131723	507	1042612	79504	76836864	17352127	26746880
63	2026-08-13T23:21:13,758230270-0700	1786688473751731020	ServiceE	ServiceE	404	7804	2808	7800	18412	28183	352	1042612	79504	76836864	17352127	26746880
63	2026-08-13T23:21:13,758230270-0700	1786688473751731020	AppProcB	AppProcB	896	6852	11780	6416	25048	110527	1475	1042612	79504	76836864	17352127	26746880
63	2026-08-13T23:21:13,758230270-0700	1786688473751731020	ServiceH	ServiceH	719	3964	4004	3040	11008	21055	0	1042612	79504	76836864	17352127	26746880
63	2026-08-13T23:21:13,758230270-0700	1786688473751731020	cynara	cynara	205	1648	1032	212	2892	21741	842	1042612	79504	76836864	17352127	26746880
63	2026-08-13T23:21:13,758230270-0700	1786688473751731020	AppProcA	AppProcA	2724	1212	3644	3732	8588	35979	79	1042612	79504	76836864	17352127	26746880
63	2026-08-13T23:21:13,758230270-0700	1786688473751731020	systemd	systemd	1	1144	164	440	1748	27572	509	1042612	79504	76836864	17352127	26746880
63	2026-08-13T23:21:13,758230270-0700	1786688473751731020	enlightenment	enlightenment	258	2724	968	3036	6728	39250	877	1042612	79504	76836864	17352127	26746880
63	2026-08-13T23:21:13,758230270-0700	1786688473751731020	buxton2d_worker	buxton2d_worker	229	1212	32	440	1684	3632	428	1042612	79504	76836864	17352127	26746880
63	2026-08-13T23:21:13,758230270-0700	1786688473751731020	ServiceD	ServiceD	1037	588	2128	3224	5940	19619	547	1042612	79504	76836864	17352127	26746880
64	2026-08-13T23:21:15,751484186-0700	1786688475746460853	AppProcD	AppProcD	424	12684	18728	5140	36552	131723	507	1042360	79504	76836864	17352127	26746880
64	2026-08-13T23:21:15,751484186-0700	1786688475746460853	ServiceE	ServiceE	404	7804	2808	7800	18412	28183	352	1042360	79504	76836864	17352127	26746880
64	2026-08-13T23:21:15,751484186-0700	1786688475746460853	AppProcB	AppProcB	896	6852	11780	6416	25048	110567	1475	1042360	79504	76836864	17352127	26746880
64	2026-08-13T23:21:15,751484186-0700	1786688475746460853	ServiceH	ServiceH	719	3964	4004	3040	11008	21055	0	1042360	79504	76836864	17352127	26746880
64	2026-08-13T23:21:15,751484186-0700	1786688475746460853	cynara	cynara	205	1648	1032	212	2892	21741	842	1042360	79504	76836864	17352127	26746880
64	2026-08-13T23:21:15,751484186-0700	1786688475746460853	AppProcA	AppProcA	2724	1212	3644	3732	8588	35979	79	1042360	79504	76836864	17352127	26746880
64	2026-08-13T23:21:15,751484186-0700	1786688475746460853	systemd	systemd	1	1144	164	440	1748	27572	509	1042360	79504	76836864	17352127	26746880
64	2026-08-13T23:21:15,751484186-0700	1786688475746460853	enlightenment	enlightenment	258	2724	968	3036	6728	39250	877	1042360	79504	76836864	17352127	26746880
64	2026-08-13T23:21:15,751484186-0700	1786688475746460853	buxton2d_worker	buxton2d_worker	229	1212	32	440	1684	3632	428	1042360	79504	76836864	17352127	26746880
64	2026-08-13T23:21:15,751484186-0700	1786688475746460853	ServiceD	ServiceD	1037	588	2128	3224	5940	19644	547	1042360	79504	76836864	17352127	26746880
65	2026-08-13T23:21:17,753631019-0700	1786688477748883269	AppProcD	AppProcD	424	12684	18728	5140	36552	131776	507	1042480	79504	76836864	17352127	26746880
65	2026-08-13T23:21:17,753631019-0700	1786688477748883269	ServiceE	ServiceE	404	7804	2808	7800	18412	28183	352	1042480	79504	76836864	17352127	26746880
65	2026-08-13T23:21:17,753631019-0700	1786688477748883269	AppProcB	AppProcB	896	6852	11780	6416	25048	110567	1475	1042480	79504	76836864	17352127	26746880
65	2026-08-13T23:21:17,753631019-0700	1786688477748883269	ServiceH	ServiceH	719	3964	4004	3040	11008	21055	0	1042480	79504	76836864	17352127	26746880
65	2026-08-13T23:21:17,753631019-0700	1786688477748883269	cynara	cynara	205	1648	1032	212	2892	21741	842	1042480	79504	76836864	17352127	26746880
65	2026-08-13T23:21:17,753631019-0700	1786688477748883269	AppProcA	AppProcA	2724	1212	3644	3732	8588	36000	79	1042480	79504	76836864	17352127	26746880
65	2026-08-13T23:21:17,753631019-0700	1786688477748883269	systemd	systemd	1	1144	164	440	1748	27572	509	1042480	79504	76836864	17352127	26746880
65	2026-08-13T23:21:17,753631019-0700	1786688477748883269	enlightenment	enlightenment	258	2724	968	3036	6728	39250	877	1042480	79504	76836864	17352127	26746880
65	2026-08-13T23:21:17,753631019-0700	1786688477748883269	buxton2d_worker	buxton2d_worker	229	1212	32	440	1684	3632	428	1042480	79504	76836864	17352127	26746880
65	2026-08-13T23:21:17,753631019-0700	1786688477748883269	ServiceD	ServiceD	1037	588	2128	3224	5940	19644	547	1042480	79504	76836864	17352127	26746880
66	2026-08-13T23:21:19,754785935-0700	1786688479748072768	AppProcD	AppProcD	424	12684	18728	5140	36552	131776	507	1042516	79504	76836864	17352127	26746880
66	2026-08-13T23:21:19,754785935-0700	1786688479748072768	ServiceE	ServiceE	404	7804	2808	7800	18412	28183	352	1042516	79504	76836864	17352127	26746880
66	2026-08-13T23:21:19,754785935-0700	1786688479748072768	AppProcB	AppProcB	896	6852	11780	6416	25048	110607	1475	1042516	79504	76836864	17352127	26746880
66	2026-08-13T23:21:19,754785935-0700	1786688479748072768	ServiceH	ServiceH	719	3964	4004	3040	11008	21055	0	1042516	79504	76836864	17352127	26746880
66	2026-08-13T23:21:19,754785935-0700	1786688479748072768	cynara	cynara	205	1648	1032	212	2892	21741	842	1042516	79504	76836864	17352127	26746880
66	2026-08-13T23:21:19,754785935-0700	1786688479748072768	AppProcA	AppProcA	2724	1212	3644	3732	8588	36000	79	1042516	79504	76836864	17352127	26746880
66	2026-08-13T23:21:19,754785935-0700	1786688479748072768	systemd	systemd	1	1144	164	440	1748	27572	509	1042516	79504	76836864	17352127	26746880
66	2026-08-13T23:21:19,754785935-0700	1786688479748072768	enlightenment	enlightenment	258	2724	968	3036	6728	39250	877	1042516	79504	76836864	17352127	26746880
66	2026-08-13T23:21:19,754785935-0700	1786688479748072768	buxton2d_worker	buxton2d_worker	229	1212	32	440	1684	3632	428	1042516	79504	76836864	17352127	26746880
66	2026-08-13T23:21:19,754785935-0700	1786688479748072768	ServiceD	ServiceD	1037	588	2128	3224	5940	19644	547	1042516	79504	76836864	17352127	26746880
67	2026-08-13T23:21:21,752372518-0700	1786688481748263518	AppProcD	AppProcD	424	12684	18728	5140	36552	131776	507	1042500	79504	76836864	17352127	26746880
67	2026-08-13T23:21:21,752372518-0700	1786688481748263518	ServiceE	ServiceE	404	7804	2808	7800	18412	28183	352	1042500	79504	76836864	17352127	26746880
67	2026-08-13T23:21:21,752372518-0700	1786688481748263518	AppProcB	AppProcB	896	6852	11780	6416	25048	110607	1475	1042500	79504	76836864	17352127	26746880
67	2026-08-13T23:21:21,752372518-0700	1786688481748263518	ServiceH	ServiceH	719	3964	4004	3040	11008	21055	0	1042500	79504	76836864	17352127	26746880
67	2026-08-13T23:21:21,752372518-0700	1786688481748263518	cynara	cynara	205	1648	1032	212	2892	21741	842	1042500	79504	76836864	17352127	26746880
67	2026-08-13T23:21:21,752372518-0700	1786688481748263518	AppProcA	AppProcA	2724	1212	3644	3732	8588	36022	79	1042500	79504	76836864	17352127	26746880
67	2026-08-13T23:21:21,752372518-0700	1786688481748263518	systemd	systemd	1	1144	164	440	1748	27572	509	1042500	79504	76836864	17352127	26746880
67	2026-08-13T23:21:21,752372518-0700	1786688481748263518	enlightenment	enlightenment	258	2724	968	3036	6728	39250	877	1042500	79504	76836864	17352127	26746880
67	2026-08-13T23:21:21,752372518-0700	1786688481748263518	buxton2d_worker	buxton2d_worker	229	1212	32	440	1684	3632	428	1042500	79504	76836864	17352127	26746880
67	2026-08-13T23:21:21,752372518-0700	1786688481748263518	ServiceD	ServiceD	1037	588	2128	3224	5940	19669	547	1042500	79504	76836864	17352127	26746880
68	2026-08-13T23:21:23,754580851-0700	1786688483749087017	AppProcD	AppProcD	424	12684	18728	5140	36552	131828	507	1042464	79504	76836864	17352127	26746880
68	2026-08-13T23:21:23,754580851-0700	1786688483749087017	ServiceE	ServiceE	404	7804	2808	7800	18412	28183	352	1042464	79504	76836864	17352127	26746880
68	2026-08-13T23:21:23,754580851-0700	1786688483749087017	AppProcB	AppProcB	896	6852	11780	6416	25048	110607	1475	1042464	79504	76836864	17352127	26746880
68	2026-08-13T23:21:23,754580851-0700	1786688483749087017	ServiceH	ServiceH	719	3964	4004	3040	11008	21055	0	1042464	79504	76836864	17352127	26746880
68	2026-08-13T23:21:23,754580851-0700	1786688483749087017	cynara	cynara	205	1648	1032	212	2892	21741	842	1042464	79504	76836864	17352127	26746880
68	2026-08-13T23:21:23,754580851-0700	1786688483749087017	AppProcA	AppProcA	2724	1212	3644	3732	8588	36022	79	1042464	79504	76836864	17352127	26746880
68	2026-08-13T23:21:23,754580851-0700	1786688483749087017	systemd	systemd	1	1144	164	440	1748	27572	509	1042464	79504	76836864	17352127	26746880
68	2026-08-13T23:21:23,754580851-0700	1786688483749087017	enlightenment	enlightenment	258	2724	968	3036	6728	39250	877	1042464	79504	76836864	17352127	26746880
68	2026-08-13T23:21:23,754580851-0700	1786688483749087017	buxton2d_worker	buxton2d_worker	229	1212	32	440	1684	3632	428	1042464	79504	76836864	17352127	26746880
68	2026-08-13T23:21:23,754580851-0700	1786688483749087017	ServiceD	ServiceD	1037	588	2128	3224	5940	19669	547	1042464	79504	76836864	17352127	26746880
69	2026-08-13T23:21:25,751867934-0700	1786688485747003684	AppProcD	AppProcD	424	12684	18728	5140	36552	131828	507	1042708	79504	76836864	17352127	26746880
69	2026-08-13T23:21:25,751867934-0700	1786688485747003684	ServiceE	ServiceE	404	7804	2808	7800	18412	28183	352	1042708	79504	76836864	17352127	26746880
69	2026-08-13T23:21:25,751867934-0700	1786688485747003684	AppProcB	AppProcB	896	6852	11780	6416	25048	110647	1475	1042708	79504	76836864	17352127	26746880
69	2026-08-13T23:21:25,751867934-0700	1786688485747003684	ServiceH	ServiceH	719	3964	4004	3040	11008	21055	0	1042708	79504	76836864	17352127	26746880
69	2026-08-13T23:21:25,751867934-0700	1786688485747003684	cynara	cynara	205	1648	1032	212	2892	21741	842	1042708	79504	76836864	17352127	26746880
69	2026-08-13T23:21:25,751867934-0700	1786688485747003684	AppProcA	AppProcA	2724	1216	3644	3732	8592	36023	79	1042708	79504	76836864	17352127	26746880
69	2026-08-13T23:21:25,751867934-0700	1786688485747003684	systemd	systemd	1	1144	164	440	1748	27573	509	1042708	79504	76836864	17352127	26746880
69	2026-08-13T23:21:25,751867934-0700	1786688485747003684	enlightenment	enlightenment	258	2724	968	3036	6728	39250	877	1042708	79504	76836864	17352127	26746880
69	2026-08-13T23:21:25,751867934-0700	1786688485747003684	buxton2d_worker	buxton2d_worker	229	1212	32	440	1684	3633	428	1042708	79504	76836864	17352127	26746880
69	2026-08-13T23:21:25,751867934-0700	1786688485747003684	ServiceD	ServiceD	1037	588	2128	3224	5940	19694	547	1042708	79504	76836864	17352127	26746880
70	2026-08-13T23:21:27,754135100-0700	1786688487748406683	AppProcD	AppProcD	424	12684	18728	5140	36552	131880	507	1042416	79504	76836864	17352127	26746880
70	2026-08-13T23:21:27,754135100-0700	1786688487748406683	ServiceE	ServiceE	404	7804	2808	7800	18412	28183	352	1042416	79504	76836864	17352127	26746880
70	2026-08-13T23:21:27,754135100-0700	1786688487748406683	AppProcB	AppProcB	896	6852	11780	6416	25048	110647	1475	1042416	79504	76836864	17352127	26746880
70	2026-08-13T23:21:27,754135100-0700	1786688487748406683	ServiceH	ServiceH	719	3964	4004	3040	11008	21055	0	1042416	79504	76836864	17352127	26746880
70	2026-08-13T23:21:27,754135100-0700	1786688487748406683	cynara	cynara	205	1648	1032	212	2892	21741	842	1042416	79504	76836864	17352127	26746880
70	2026-08-13T23:21:27,754135100-0700	1786688487748406683	AppProcA	AppProcA	2724	1212	3644	3732	8588	36044	79	1042416	79504	76836864	17352127	26746880
70	2026-08-13T23:21:27,754135100-0700	1786688487748406683	systemd	systemd	1	1144	164	440	1748	27573	509	1042416	79504	76836864	17352127	26746880
70	2026-08-13T23:21:27,754135100-0700	1786688487748406683	enlightenment	enlightenment	258	2724	968	3036	6728	39250	877	1042416	79504	76836864	17352127	26746880
70	2026-08-13T23:21:27,754135100-0700	1786688487748406683	buxton2d_worker	buxton2d_worker	229	1212	32	440	1684	3633	428	1042416	79504	76836864	17352127	26746880
70	2026-08-13T23:21:27,754135100-0700	1786688487748406683	ServiceD	ServiceD	1037	588	2128	3224	5940	19694	547	1042416	79504	76836864	17352127	26746880
71	2026-08-13T23:21:29,754322433-0700	1786688489750068599	AppProcD	AppProcD	424	12684	18728	5140	36552	131880	507	1042860	79504	76836864	17352127	26746880
71	2026-08-13T23:21:29,754322433-0700	1786688489750068599	ServiceE	ServiceE	404	7804	2808	7800	18412	28183	352	1042860	79504	76836864	17352127	26746880
71	2026-08-13T23:21:29,754322433-0700	1786688489750068599	AppProcB	AppProcB	896	6852	11780	6416	25048	110687	1475	1042860	79504	76836864	17352127	26746880
71	2026-08-13T23:21:29,754322433-0700	1786688489750068599	ServiceH	ServiceH	719	3964	4004	3040	11008	21055	0	1042860	79504	76836864	17352127	26746880
71	2026-08-13T23:21:29,754322433-0700	1786688489750068599	cynara	cynara	205	1648	1032	212	2892	21741	842	1042860	79504	76836864	17352127	26746880
71	2026-08-13T23:21:29,754322433-0700	1786688489750068599	AppProcA	AppProcA	2724	1212	3644	3732	8588	36044	79	1042860	79504	76836864	17352127	26746880
71	2026-08-13T23:21:29,754322433-0700	1786688489750068599	systemd	systemd	1	1144	164	440	1748	27573	509	1042860	79504	76836864	17352127	26746880
71	2026-08-13T23:21:29,754322433-0700	1786688489750068599	enlightenment	enlightenment	258	2724	968	3036	6728	39250	877	1042860	79504	76836864	17352127	26746880
71	2026-08-13T23:21:29,754322433-0700	1786688489750068599	buxton2d_worker	buxton2d_worker	229	1212	32	440	1684	3633	428	1042860	79504	76836864	17352127	26746880
71	2026-08-13T23:21:29,754322433-0700	1786688489750068599	ServiceD	ServiceD	1037	588	2128	3224	5940	19694	547	1042860	79504	76836864	17352127	26746880
72	2026-08-13T23:21:31,751111515-0700	1786688491746893015	AppProcD	AppProcD	424	12684	18728	5140	36552	131880	507	1042148	79504	76836864	17352127	26746880
72	2026-08-13T23:21:31,751111515-0700	1786688491746893015	ServiceE	ServiceE	404	7804	2808	7800	18412	28183	352	1042148	79504	76836864	17352127	26746880
72	2026-08-13T23:21:31,751111515-0700	1786688491746893015	AppProcB	AppProcB	896	6852	11780	6416	25048	110687	1475	1042148	79504	76836864	17352127	26746880
72	2026-08-13T23:21:31,751111515-0700	1786688491746893015	ServiceH	ServiceH	719	3964	4004	3040	11008	21055	0	1042148	79504	76836864	17352127	26746880
72	2026-08-13T23:21:31,751111515-0700	1786688491746893015	cynara	cynara	205	1648	1032	212	2892	21910	842	1042148	79504	76836864	17352127	26746880
72	2026-08-13T23:21:31,751111515-0700	1786688491746893015	AppProcA	AppProcA	2724	1212	3644	3732	8588	36064	79	1042148	79504	76836864	17352127	26746880
72	2026-08-13T23:21:31,751111515-0700	1786688491746893015	systemd	systemd	1	1144	164	440	1748	27573	509	1042148	79504	76836864	17352127	26746880
72	2026-08-13T23:21:31,751111515-0700	1786688491746893015	enlightenment	enlightenment	258	2724	968	3036	6728	39250	877	1042148	79504	76836864	17352127	26746880
72	2026-08-13T23:21:31,751111515-0700	1786688491746893015	buxton2d_worker	buxton2d_worker	229	1212	32	440	1684	3633	428	1042148	79504	76836864	17352127	26746880
72	2026-08-13T23:21:31,751111515-0700	1786688491746893015	ServiceD	ServiceD	1037	588	2128	3224	5940	19719	547	1042148	79504	76836864	17352127	26746880
73	2026-08-13T23:21:33,750344265-0700	1786688493745991682	AppProcD	AppProcD	424	12684	18728	5140	36552	131932	507	1041720	79504	76836864	17352127	26746880
73	2026-08-13T23:21:33,750344265-0700	1786688493745991682	ServiceE	ServiceE	404	7804	2808	7800	18412	28183	352	1041720	79504	76836864	17352127	26746880
73	2026-08-13T23:21:33,750344265-0700	1786688493745991682	AppProcB	AppProcB	896	6852	11780	6416	25048	110687	1475	1041720	79504	76836864	17352127	26746880
73	2026-08-13T23:21:33,750344265-0700	1786688493745991682	ServiceH	ServiceH	719	3964	4004	3040	11008	21055	0	1041720	79504	76836864	17352127	26746880
73	2026-08-13T23:21:33,750344265-0700	1786688493745991682	cynara	cynara	205	1648	1032	212	2892	21910	842	1041720	79504	76836864	17352127	26746880
73	2026-08-13T23:21:33,750344265-0700	1786688493745991682	AppProcA	AppProcA	2724	1212	3644	3732	8588	36065	79	1041720	79504	76836864	17352127	26746880
73	2026-08-13T23:21:33,750344265-0700	1786688493745991682	systemd	systemd	1	1144	164	440	1748	27573	509	1041720	79504	76836864	17352127	26746880
73	2026-08-13T23:21:33,750344265-0700	1786688493745991682	enlightenment	enlightenment	258	2724	968	3036	6728	39250	877	1041720	79504	76836864	17352127	26746880
73	2026-08-13T23:21:33,750344265-0700	1786688493745991682	buxton2d_worker	buxton2d_worker	229	1212	32	440	1684	3633	428	1041720	79504	76836864	17352127	26746880
73	2026-08-13T23:21:33,750344265-0700	1786688493745991682	ServiceD	ServiceD	1037	588	2128	3224	5940	19719	547	1041720	79504	76836864	17352127	26746880
74	2026-08-13T23:21:35,751265098-0700	1786688495746475264	AppProcD	AppProcD	424	12684	18728	5140	36552	131932	507	1041856	79504	76836864	17352127	26746880
74	2026-08-13T23:21:35,751265098-0700	1786688495746475264	ServiceE	ServiceE	404	7804	2808	7800	18412	28183	352	1041856	79504	76836864	17352127	26746880
74	2026-08-13T23:21:35,751265098-0700	1786688495746475264	AppProcB	AppProcB	896	6852	11780	6416	25048	110727	1475	1041856	79504	76836864	17352127	26746880
74	2026-08-13T23:21:35,751265098-0700	1786688495746475264	ServiceH	ServiceH	719	3964	4004	3040	11008	21055	0	1041856	79504	76836864	17352127	26746880
74	2026-08-13T23:21:35,751265098-0700	1786688495746475264	cynara	cynara	205	1648	1032	212	2892	21910	842	1041856	79504	76836864	17352127	26746880
74	2026-08-13T23:21:35,751265098-0700	1786688495746475264	AppProcA	AppProcA	2724	1212	3644	3732	8588	36065	79	1041856	79504	76836864	17352127	26746880
74	2026-08-13T23:21:35,751265098-0700	1786688495746475264	systemd	systemd	1	1144	164	440	1748	27574	509	1041856	79504	76836864	17352127	26746880
74	2026-08-13T23:21:35,751265098-0700	1786688495746475264	enlightenment	enlightenment	258	2724	968	3036	6728	39250	877	1041856	79504	76836864	17352127	26746880
74	2026-08-13T23:21:35,751265098-0700	1786688495746475264	buxton2d_worker	buxton2d_worker	229	1212	32	440	1684	3633	428	1041856	79504	76836864	17352127	26746880
74	2026-08-13T23:21:35,751265098-0700	1786688495746475264	ServiceD	ServiceD	1037	588	2128	3224	5940	19744	547	1041856	79504	76836864	17352127	26746880
75	2026-08-13T23:21:37,753161514-0700	1786688497748222931	AppProcD	AppProcD	424	12684	18728	5140	36552	131984	507	1041968	79504	76836864	17352127	26746880
75	2026-08-13T23:21:37,753161514-0700	1786688497748222931	ServiceE	ServiceE	404	7804	2808	7800	18412	28183	352	1041968	79504	76836864	17352127	26746880
75	2026-08-13T23:21:37,753161514-0700	1786688497748222931	AppProcB	AppProcB	896	6852	11780	6416	25048	110727	1475	1041968	79504	76836864	17352127	26746880
75	2026-08-13T23:21:37,753161514-0700	1786688497748222931	ServiceH	ServiceH	719	3964	4004	3040	11008	21055	0	1041968	79504	76836864	17352127	26746880
75	2026-08-13T23:21:37,753161514-0700	1786688497748222931	cynara	cynara	205	1648	1032	212	2892	21910	842	1041968	79504	76836864	17352127	26746880
75	2026-08-13T23:21:37,753161514-0700	1786688497748222931	AppProcA	AppProcA	2724	1212	3644	3732	8588	36085	79	1041968	79504	76836864	17352127	26746880
75	2026-08-13T23:21:37,753161514-0700	1786688497748222931	systemd	systemd	1	1144	164	440	1748	27574	509	1041968	79504	76836864	17352127	26746880
75	2026-08-13T23:21:37,753161514-0700	1786688497748222931	enlightenment	enlightenment	258	2724	968	3036	6728	39250	877	1041968	79504	76836864	17352127	26746880
75	2026-08-13T23:21:37,753161514-0700	1786688497748222931	buxton2d_worker	buxton2d_worker	229	1212	32	440	1684	3633	428	1041968	79504	76836864	17352127	26746880
75	2026-08-13T23:21:37,753161514-0700	1786688497748222931	ServiceD	ServiceD	1037	588	2128	3224	5940	19744	547	1041968	79504	76836864	17352127	26746880
76	2026-08-13T23:21:39,753111847-0700	1786688499748891930	AppProcD	AppProcD	424	12684	18728	5140	36552	131984	507	1041996	79504	76836864	17352127	26746880
76	2026-08-13T23:21:39,753111847-0700	1786688499748891930	ServiceE	ServiceE	404	7804	2808	7800	18412	28183	352	1041996	79504	76836864	17352127	26746880
76	2026-08-13T23:21:39,753111847-0700	1786688499748891930	AppProcB	AppProcB	896	6852	11780	6416	25048	110767	1475	1041996	79504	76836864	17352127	26746880
76	2026-08-13T23:21:39,753111847-0700	1786688499748891930	ServiceH	ServiceH	719	3964	4004	3040	11008	21055	0	1041996	79504	76836864	17352127	26746880
76	2026-08-13T23:21:39,753111847-0700	1786688499748891930	cynara	cynara	205	1648	1032	212	2892	21910	842	1041996	79504	76836864	17352127	26746880
76	2026-08-13T23:21:39,753111847-0700	1786688499748891930	AppProcA	AppProcA	2724	1212	3644	3732	8588	36086	79	1041996	79504	76836864	17352127	26746880
76	2026-08-13T23:21:39,753111847-0700	1786688499748891930	systemd	systemd	1	1144	164	440	1748	27574	509	1041996	79504	76836864	17352127	26746880
76	2026-08-13T23:21:39,753111847-0700	1786688499748891930	enlightenment	enlightenment	258	2724	968	3036	6728	39250	877	1041996	79504	76836864	17352127	26746880
76	2026-08-13T23:21:39,753111847-0700	1786688499748891930	buxton2d_worker	buxton2d_worker	229	1212	32	440	1684	3633	428	1041996	79504	76836864	17352127	26746880
76	2026-08-13T23:21:39,753111847-0700	1786688499748891930	ServiceD	ServiceD	1037	588	2128	3224	5940	19744	547	1041996	79504	76836864	17352127	26746880
77	2026-08-13T23:21:41,751421596-0700	1786688501746548596	AppProcD	AppProcD	424	12684	18728	5140	36552	131984	507	1042196	79504	76836864	17352127	26746880
77	2026-08-13T23:21:41,751421596-0700	1786688501746548596	ServiceE	ServiceE	404	7804	2808	7800	18412	28183	352	1042196	79504	76836864	17352127	26746880
77	2026-08-13T23:21:41,751421596-0700	1786688501746548596	AppProcB	AppProcB	896	6852	11780	6416	25048	110767	1475	1042196	79504	76836864	17352127	26746880
77	2026-08-13T23:21:41,751421596-0700	1786688501746548596	ServiceH	ServiceH	719	3964	4004	3040	11008	21055	0	1042196	79504	76836864	17352127	26746880
77	2026-08-13T23:21:41,751421596-0700	1786688501746548596	cynara	cynara	205	1648	1032	212	2892	21910	842	1042196	79504	76836864	17352127	26746880
77	2026-08-13T23:21:41,751421596-0700	1786688501746548596	AppProcA	AppProcA	2724	1212	3644	3732	8588	36108	79	1042196	79504	76836864	17352127	26746880
77	2026-08-13T23:21:41,751421596-0700	1786688501746548596	systemd	systemd	1	1144	164	440	1748	27574	509	1042196	79504	76836864	17352127	26746880
77	2026-08-13T23:21:41,751421596-0700	1786688501746548596	enlightenment	enlightenment	258	2724	968	3036	6728	39250	877	1042196	79504	76836864	17352127	26746880
77	2026-08-13T23:21:41,751421596-0700	1786688501746548596	buxton2d_worker	buxton2d_worker	229	1212	32	440	1684	3633	428	1042196	79504	76836864	17352127	26746880
77	2026-08-13T23:21:41,751421596-0700	1786688501746548596	ServiceD	ServiceD	1037	588	2128	3224	5940	19769	547	1042196	79504	76836864	17352127	26746880
78	2026-08-13T23:21:43,750793346-0700	1786688503746520013	AppProcD	AppProcD	424	12684	18728	5140	36552	132036	507	1041876	79504	76836864	17352127	26746880
78	2026-08-13T23:21:43,750793346-0700	1786688503746520013	ServiceE	ServiceE	404	7804	2808	7800	18412	28183	352	1041876	79504	76836864	17352127	26746880
78	2026-08-13T23:21:43,750793346-0700	1786688503746520013	AppProcB	AppProcB	896	6852	11780	6416	25048	110767	1475	1041876	79504	76836864	17352127	26746880
78	2026-08-13T23:21:43,750793346-0700	1786688503746520013	ServiceH	ServiceH	719	3964	4004	3040	11008	21055	0	1041876	79504	76836864	17352127	26746880
78	2026-08-13T23:21:43,750793346-0700	1786688503746520013	cynara	cynara	205	1648	1032	212	2892	21910	842	1041876	79504	76836864	17352127	26746880
78	2026-08-13T23:21:43,750793346-0700	1786688503746520013	AppProcA	AppProcA	2724	1212	3644	3732	8588	36108	79	1041876	79504	76836864	17352127	26746880
78	2026-08-13T23:21:43,750793346-0700	1786688503746520013	systemd	systemd	1	1144	164	440	1748	27574	509	1041876	79504	76836864	17352127	26746880
78	2026-08-13T23:21:43,750793346-0700	1786688503746520013	enlightenment	enlightenment	258	2724	968	3036	6728	39250	877	1041876	79504	76836864	17352127	26746880
78	2026-08-13T23:21:43,750793346-0700	1786688503746520013	buxton2d_worker	buxton2d_worker	229	1212	32	440	1684	3633	428	1041876	79504	76836864	17352127	26746880
78	2026-08-13T23:21:43,750793346-0700	1786688503746520013	ServiceD	ServiceD	1037	588	2128	3224	5940	19769	547	1041876	79504	76836864	17352127	26746880
79	2026-08-13T23:21:45,752643262-0700	1786688505748051179	AppProcD	AppProcD	424	12684	18728	5140	36552	132036	507	1042024	79504	76836864	17352127	26746880
79	2026-08-13T23:21:45,752643262-0700	1786688505748051179	ServiceE	ServiceE	404	7804	2808	7800	18412	28183	352	1042024	79504	76836864	17352127	26746880
79	2026-08-13T23:21:45,752643262-0700	1786688505748051179	AppProcB	AppProcB	896	6852	11780	6416	25048	110807	1475	1042024	79504	76836864	17352127	26746880
79	2026-08-13T23:21:45,752643262-0700	1786688505748051179	ServiceH	ServiceH	719	3964	4004	3040	11008	21055	0	1042024	79504	76836864	17352127	26746880
79	2026-08-13T23:21:45,752643262-0700	1786688505748051179	cynara	cynara	205	1648	1032	212	2892	21910	842	1042024	79504	76836864	17352127	26746880
79	2026-08-13T23:21:45,752643262-0700	1786688505748051179	AppProcA	AppProcA	2724	1212	3644	3732	8588	36108	79	1042024	79504	76836864	17352127	26746880
79	2026-08-13T23:21:45,752643262-0700	1786688505748051179	systemd	systemd	1	1144	164	440	1748	27575	509	1042024	79504	76836864	17352127	26746880
79	2026-08-13T23:21:45,752643262-0700	1786688505748051179	enlightenment	enlightenment	258	2724	968	3036	6728	39250	877	1042024	79504	76836864	17352127	26746880
79	2026-08-13T23:21:45,752643262-0700	1786688505748051179	buxton2d_worker	buxton2d_worker	229	1212	32	440	1684	3633	428	1042024	79504	76836864	17352127	26746880
79	2026-08-13T23:21:45,752643262-0700	1786688505748051179	ServiceD	ServiceD	1037	588	2128	3224	5940	19794	547	1042024	79504	76836864	17352127	26746880
80	2026-08-13T23:21:47,755495512-0700	1786688507748900762	AppProcD	AppProcD	424	12684	18724	5140	36548	132088	507	1042356	79504	76836864	17352127	26746880
80	2026-08-13T23:21:47,755495512-0700	1786688507748900762	ServiceE	ServiceE	404	7804	2808	7800	18412	28183	352	1042356	79504	76836864	17352127	26746880
80	2026-08-13T23:21:47,755495512-0700	1786688507748900762	AppProcB	AppProcB	896	6852	11780	6416	25048	110807	1475	1042356	79504	76836864	17352127	26746880
80	2026-08-13T23:21:47,755495512-0700	1786688507748900762	ServiceH	ServiceH	719	3964	4004	3040	11008	21055	0	1042356	79504	76836864	17352127	26746880
80	2026-08-13T23:21:47,755495512-0700	1786688507748900762	cynara	cynara	205	1648	1032	212	2892	21910	842	1042356	79504	76836864	17352127	26746880
80	2026-08-13T23:21:47,755495512-0700	1786688507748900762	AppProcA	AppProcA	2724	1212	3644	3732	8588	36129	79	1042356	79504	76836864	17352127	26746880
80	2026-08-13T23:21:47,755495512-0700	1786688507748900762	systemd	systemd	1	1144	164	440	1748	27575	509	1042356	79504	76836864	17352127	26746880
80	2026-08-13T23:21:47,755495512-0700	1786688507748900762	enlightenment	enlightenment	258	2724	968	3036	6728	39250	877	1042356	79504	76836864	17352127	26746880
80	2026-08-13T23:21:47,755495512-0700	1786688507748900762	buxton2d_worker	buxton2d_worker	229	1212	32	440	1684	3633	428	1042356	79504	76836864	17352127	26746880
80	2026-08-13T23:21:47,755495512-0700	1786688507748900762	ServiceD	ServiceD	1037	588	2128	3224	5940	19794	547	1042356	79504	76836864	17352127	26746880
81	2026-08-13T23:21:49,751099344-0700	1786688509746342094	AppProcD	AppProcD	424	12684	18724	5140	36548	132088	507	1041580	79504	76836864	17352127	26746880
81	2026-08-13T23:21:49,751099344-0700	1786688509746342094	ServiceE	ServiceE	404	7804	2808	7800	18412	28183	352	1041580	79504	76836864	17352127	26746880
81	2026-08-13T23:21:49,751099344-0700	1786688509746342094	AppProcB	AppProcB	896	6852	11780	6416	25048	110847	1475	1041580	79504	76836864	17352127	26746880
81	2026-08-13T23:21:49,751099344-0700	1786688509746342094	ServiceH	ServiceH	719	3964	4004	3040	11008	21055	0	1041580	79504	76836864	17352127	26746880
81	2026-08-13T23:21:49,751099344-0700	1786688509746342094	cynara	cynara	205	1648	1032	212	2892	21910	842	1041580	79504	76836864	17352127	26746880
81	2026-08-13T23:21:49,751099344-0700	1786688509746342094	AppProcA	AppProcA	2724	1212	3644	3732	8588	36130	79	1041580	79504	76836864	17352127	26746880
81	2026-08-13T23:21:49,751099344-0700	1786688509746342094	systemd	systemd	1	1144	164	440	1748	27575	509	1041580	79504	76836864	17352127	26746880
81	2026-08-13T23:21:49,751099344-0700	1786688509746342094	enlightenment	enlightenment	258	2724	968	3036	6728	39251	877	1041580	79504	76836864	17352127	26746880
81	2026-08-13T23:21:49,751099344-0700	1786688509746342094	buxton2d_worker	buxton2d_worker	229	1212	32	440	1684	3634	428	1041580	79504	76836864	17352127	26746880
81	2026-08-13T23:21:49,751099344-0700	1786688509746342094	ServiceD	ServiceD	1037	588	2128	3224	5940	19794	547	1041580	79504	76836864	17352127	26746880
82	2026-08-13T23:21:51,752600594-0700	1786688511747770094	AppProcD	AppProcD	424	12684	18724	5140	36548	132088	507	1041744	79504	76836864	17352127	26746880
82	2026-08-13T23:21:51,752600594-0700	1786688511747770094	ServiceE	ServiceE	404	7804	2808	7800	18412	28183	352	1041744	79504	76836864	17352127	26746880
82	2026-08-13T23:21:51,752600594-0700	1786688511747770094	AppProcB	AppProcB	896	6852	11780	6416	25048	110847	1475	1041744	79504	76836864	17352127	26746880
82	2026-08-13T23:21:51,752600594-0700	1786688511747770094	ServiceH	ServiceH	719	3964	4004	3040	11008	21055	0	1041744	79504	76836864	17352127	26746880
82	2026-08-13T23:21:51,752600594-0700	1786688511747770094	cynara	cynara	205	1648	1032	212	2892	21910	842	1041744	79504	76836864	17352127	26746880
82	2026-08-13T23:21:51,752600594-0700	1786688511747770094	AppProcA	AppProcA	2724	1212	3644	3732	8588	36151	79	1041744	79504	76836864	17352127	26746880
82	2026-08-13T23:21:51,752600594-0700	1786688511747770094	systemd	systemd	1	1144	164	440	1748	27575	509	1041744	79504	76836864	17352127	26746880
82	2026-08-13T23:21:51,752600594-0700	1786688511747770094	enlightenment	enlightenment	258	2724	968	3036	6728	39251	877	1041744	79504	76836864	17352127	26746880
82	2026-08-13T23:21:51,752600594-0700	1786688511747770094	buxton2d_worker	buxton2d_worker	229	1212	32	440	1684	3634	428	1041744	79504	76836864	17352127	26746880
82	2026-08-13T23:21:51,752600594-0700	1786688511747770094	ServiceD	ServiceD	1037	588	2128	3224	5940	19819	547	1041744	79504	76836864	17352127	26746880
83	2026-08-13T23:21:53,753704010-0700	1786688513748387427	AppProcD	AppProcD	424	12684	18724	5140	36548	132144	507	1042192	79504	76836864	17352127	26746880
83	2026-08-13T23:21:53,753704010-0700	1786688513748387427	ServiceE	ServiceE	404	7804	2808	7800	18412	28183	352	1042192	79504	76836864	17352127	26746880
83	2026-08-13T23:21:53,753704010-0700	1786688513748387427	AppProcB	AppProcB	896	6852	11780	6416	25048	110847	1475	1042192	79504	76836864	17352127	26746880
83	2026-08-13T23:21:53,753704010-0700	1786688513748387427	ServiceH	ServiceH	719	3964	4004	3040	11008	21055	0	1042192	79504	76836864	17352127	26746880
83	2026-08-13T23:21:53,753704010-0700	1786688513748387427	cynara	cynara	205	1648	1032	212	2892	21910	842	1042192	79504	76836864	17352127	26746880
83	2026-08-13T23:21:53,753704010-0700	1786688513748387427	AppProcA	AppProcA	2724	1212	3644	3732	8588	36152	79	1042192	79504	76836864	17352127	26746880
83	2026-08-13T23:21:53,753704010-0700	1786688513748387427	systemd	systemd	1	1144	164	440	1748	27575	509	1042192	79504	76836864	17352127	26746880
83	2026-08-13T23:21:53,753704010-0700	1786688513748387427	enlightenment	enlightenment	258	2724	968	3036	6728	39251	877	1042192	79504	76836864	17352127	26746880
83	2026-08-13T23:21:53,753704010-0700	1786688513748387427	buxton2d_worker	buxton2d_worker	229	1212	32	440	1684	3634	428	1042192	79504	76836864	17352127	26746880
83	2026-08-13T23:21:53,753704010-0700	1786688513748387427	ServiceD	ServiceD	1037	588	2128	3224	5940	19819	547	1042192	79504	76836864	17352127	26746880
84	2026-08-13T23:21:55,756527926-0700	1786688515749268926	AppProcD	AppProcD	424	12684	18724	5140	36548	132144	507	1042380	79504	76836864	17352127	26746880
84	2026-08-13T23:21:55,756527926-0700	1786688515749268926	ServiceE	ServiceE	404	7804	2808	7800	18412	28183	352	1042380	79504	76836864	17352127	26746880
84	2026-08-13T23:21:55,756527926-0700	1786688515749268926	AppProcB	AppProcB	896	6852	11780	6416	25048	110887	1475	1042380	79504	76836864	17352127	26746880
84	2026-08-13T23:21:55,756527926-0700	1786688515749268926	ServiceH	ServiceH	719	3964	4004	3040	11008	21055	0	1042380	79504	76836864	17352127	26746880
84	2026-08-13T23:21:55,756527926-0700	1786688515749268926	cynara	cynara	205	1648	1032	212	2892	21910	842	1042380	79504	76836864	17352127	26746880
84	2026-08-13T23:21:55,756527926-0700	1786688515749268926	AppProcA	AppProcA	2724	1212	3644	3732	8588	36152	79	1042380	79504	76836864	17352127	26746880
84	2026-08-13T23:21:55,756527926-0700	1786688515749268926	systemd	systemd	1	1144	164	440	1748	27575	509	1042380	79504	76836864	17352127	26746880
84	2026-08-13T23:21:55,756527926-0700	1786688515749268926	enlightenment	enlightenment	258	2724	968	3036	6728	39251	877	1042380	79504	76836864	17352127	26746880
84	2026-08-13T23:21:55,756527926-0700	1786688515749268926	buxton2d_worker	buxton2d_worker	229	1212	32	440	1684	3634	428	1042380	79504	76836864	17352127	26746880
84	2026-08-13T23:21:55,756527926-0700	1786688515749268926	ServiceD	ServiceD	1037	588	2128	3224	5940	19844	547	1042380	79504	76836864	17352127	26746880
85	2026-08-13T23:21:57,751342009-0700	1786688517746129759	AppProcD	AppProcD	424	12684	18724	5140	36548	132196	507	1042368	79504	76836864	17352127	26746880
85	2026-08-13T23:21:57,751342009-0700	1786688517746129759	ServiceE	ServiceE	404	7804	2808	7800	18412	28183	352	1042368	79504	76836864	17352127	26746880
85	2026-08-13T23:21:57,751342009-0700	1786688517746129759	AppProcB	AppProcB	896	6852	11780	6416	25048	110887	1475	1042368	79504	76836864	17352127	26746880
85	2026-08-13T23:21:57,751342009-0700	1786688517746129759	ServiceH	ServiceH	719	3964	4004	3040	11008	21055	0	1042368	79504	76836864	17352127	26746880
85	2026-08-13T23:21:57,751342009-0700	1786688517746129759	cynara	cynara	205	1648	1032	212	2892	21910	842	1042368	79504	76836864	17352127	26746880
85	2026-08-13T23:21:57,751342009-0700	1786688517746129759	AppProcA	AppProcA	2724	1212	3644	3732	8588	36173	79	1042368	79504	76836864	17352127	26746880
85	2026-08-13T23:21:57,751342009-0700	1786688517746129759	systemd	systemd	1	1144	164	440	1748	27575	509	1042368	79504	76836864	17352127	26746880
85	2026-08-13T23:21:57,751342009-0700	1786688517746129759	enlightenment	enlightenment	258	2724	968	3036	6728	39251	877	1042368	79504	76836864	17352127	26746880
85	2026-08-13T23:21:57,751342009-0700	1786688517746129759	buxton2d_worker	buxton2d_worker	229	1212	32	440	1684	3634	428	1042368	79504	76836864	17352127	26746880
85	2026-08-13T23:21:57,751342009-0700	1786688517746129759	ServiceD	ServiceD	1037	588	2128	3224	5940	19844	547	1042368	79504	76836864	17352127	26746880
86	2026-08-13T23:21:59,751256592-0700	1786688519747017592	AppProcD	AppProcD	424	12684	18724	5140	36548	132197	507	1041920	79504	76836864	17352127	26746880
86	2026-08-13T23:21:59,751256592-0700	1786688519747017592	ServiceE	ServiceE	404	7804	2808	7800	18412	28183	352	1041920	79504	76836864	17352127	26746880
86	2026-08-13T23:21:59,751256592-0700	1786688519747017592	AppProcB	AppProcB	896	6852	11780	6416	25048	110927	1475	1041920	79504	76836864	17352127	26746880
86	2026-08-13T23:21:59,751256592-0700	1786688519747017592	ServiceH	ServiceH	719	3964	4004	3040	11008	21055	0	1041920	79504	76836864	17352127	26746880
86	2026-08-13T23:21:59,751256592-0700	1786688519747017592	cynara	cynara	205	1648	1032	212	2892	21916	842	1041920	79504	76836864	17352127	26746880
86	2026-08-13T23:21:59,751256592-0700	1786688519747017592	AppProcA	AppProcA	2724	1212	3644	3732	8588	36173	79	1041920	79504	76836864	17352127	26746880
86	2026-08-13T23:21:59,751256592-0700	1786688519747017592	systemd	systemd	1	1144	164	440	1748	27575	509	1041920	79504	76836864	17352127	26746880
86	2026-08-13T23:21:59,751256592-0700	1786688519747017592	enlightenment	enlightenment	258	2724	968	3036	6728	39251	877	1041920	79504	76836864	17352127	26746880
86	2026-08-13T23:21:59,751256592-0700	1786688519747017592	buxton2d_worker	buxton2d_worker	229	1212	32	440	1684	3634	428	1041920	79504	76836864	17352127	26746880
86	2026-08-13T23:21:59,751256592-0700	1786688519747017592	ServiceD	ServiceD	1037	588	2128	3224	5940	19844	547	1041920	79504	76836864	17352127	26746880
87	2026-08-13T23:22:01,751777758-0700	1786688521747256675	AppProcD	AppProcD	424	12684	18724	5140	36548	132197	507	1041780	79504	76836864	17352127	26746880
87	2026-08-13T23:22:01,751777758-0700	1786688521747256675	ServiceE	ServiceE	404	7804	2808	7800	18412	28183	352	1041780	79504	76836864	17352127	26746880
87	2026-08-13T23:22:01,751777758-0700	1786688521747256675	AppProcB	AppProcB	896	6852	11780	6416	25048	110927	1475	1041780	79504	76836864	17352127	26746880
87	2026-08-13T23:22:01,751777758-0700	1786688521747256675	ServiceH	ServiceH	719	3964	4004	3040	11008	21055	0	1041780	79504	76836864	17352127	26746880
87	2026-08-13T23:22:01,751777758-0700	1786688521747256675	cynara	cynara	205	1648	1032	212	2892	21916	842	1041780	79504	76836864	17352127	26746880
87	2026-08-13T23:22:01,751777758-0700	1786688521747256675	AppProcA	AppProcA	2724	1212	3644	3732	8588	36194	79	1041780	79504	76836864	17352127	26746880
87	2026-08-13T23:22:01,751777758-0700	1786688521747256675	systemd	systemd	1	1144	164	440	1748	27575	509	1041780	79504	76836864	17352127	26746880
87	2026-08-13T23:22:01,751777758-0700	1786688521747256675	enlightenment	enlightenment	258	2724	968	3036	6728	39251	877	1041780	79504	76836864	17352127	26746880
87	2026-08-13T23:22:01,751777758-0700	1786688521747256675	buxton2d_worker	buxton2d_worker	229	1212	32	440	1684	3634	428	1041780	79504	76836864	17352127	26746880
87	2026-08-13T23:22:01,751777758-0700	1786688521747256675	ServiceD	ServiceD	1037	588	2128	3224	5940	19869	547	1041780	79504	76836864	17352127	26746880
88	2026-08-13T23:22:03,755953341-0700	1786688523749316258	AppProcD	AppProcD	424	12684	18724	5140	36548	132250	507	1041860	79504	76836864	17352127	26746880
88	2026-08-13T23:22:03,755953341-0700	1786688523749316258	ServiceE	ServiceE	404	7804	2808	7800	18412	28183	352	1041860	79504	76836864	17352127	26746880
88	2026-08-13T23:22:03,755953341-0700	1786688523749316258	AppProcB	AppProcB	896	6852	11780	6416	25048	110927	1475	1041860	79504	76836864	17352127	26746880
88	2026-08-13T23:22:03,755953341-0700	1786688523749316258	ServiceH	ServiceH	719	3964	4004	3040	11008	21055	0	1041860	79504	76836864	17352127	26746880
88	2026-08-13T23:22:03,755953341-0700	1786688523749316258	cynara	cynara	205	1648	1032	212	2892	21916	842	1041860	79504	76836864	17352127	26746880
88	2026-08-13T23:22:03,755953341-0700	1786688523749316258	AppProcA	AppProcA	2724	1212	3644	3732	8588	36194	79	1041860	79504	76836864	17352127	26746880
88	2026-08-13T23:22:03,755953341-0700	1786688523749316258	systemd	systemd	1	1144	164	440	1748	27575	509	1041860	79504	76836864	17352127	26746880
88	2026-08-13T23:22:03,755953341-0700	1786688523749316258	enlightenment	enlightenment	258	2724	968	3036	6728	39251	877	1041860	79504	76836864	17352127	26746880
88	2026-08-13T23:22:03,755953341-0700	1786688523749316258	buxton2d_worker	buxton2d_worker	229	1212	32	440	1684	3634	428	1041860	79504	76836864	17352127	26746880
88	2026-08-13T23:22:03,755953341-0700	1786688523749316258	ServiceD	ServiceD	1037	588	2128	3224	5940	19869	547	1041860	79504	76836864	17352127	26746880
89	2026-08-13T23:22:05,751770424-0700	1786688525747508424	AppProcD	AppProcD	424	12684	18724	5140	36548	132250	507	1042196	79504	76836864	17352127	26746880
89	2026-08-13T23:22:05,751770424-0700	1786688525747508424	ServiceE	ServiceE	404	7804	2808	7800	18412	28183	352	1042196	79504	76836864	17352127	26746880
89	2026-08-13T23:22:05,751770424-0700	1786688525747508424	AppProcB	AppProcB	896	6852	11780	6416	25048	110967	1475	1042196	79504	76836864	17352127	26746880
89	2026-08-13T23:22:05,751770424-0700	1786688525747508424	ServiceH	ServiceH	719	3964	4004	3040	11008	21055	0	1042196	79504	76836864	17352127	26746880
89	2026-08-13T23:22:05,751770424-0700	1786688525747508424	cynara	cynara	205	1648	1032	212	2892	21916	842	1042196	79504	76836864	17352127	26746880
89	2026-08-13T23:22:05,751770424-0700	1786688525747508424	AppProcA	AppProcA	2724	1212	3644	3732	8588	36194	79	1042196	79504	76836864	17352127	26746880
89	2026-08-13T23:22:05,751770424-0700	1786688525747508424	systemd	systemd	1	1144	164	440	1748	27575	509	1042196	79504	76836864	17352127	26746880
89	2026-08-13T23:22:05,751770424-0700	1786688525747508424	enlightenment	enlightenment	258	2724	968	3036	6728	39251	877	1042196	79504	76836864	17352127	26746880
89	2026-08-13T23:22:05,751770424-0700	1786688525747508424	buxton2d_worker	buxton2d_worker	229	1212	32	440	1684	3635	428	1042196	79504	76836864	17352127	26746880
89	2026-08-13T23:22:05,751770424-0700	1786688525747508424	ServiceD	ServiceD	1037	588	2128	3224	5940	19894	547	1042196	79504	76836864	17352127	26746880
90	2026-08-13T23:22:07,753607590-0700	1786688527748684757	AppProcD	AppProcD	424	12684	18724	5140	36548	132302	507	1041992	79504	76836864	17352127	26746880
90	2026-08-13T23:22:07,753607590-0700	1786688527748684757	ServiceE	ServiceE	404	7804	2808	7800	18412	28183	352	1041992	79504	76836864	17352127	26746880
90	2026-08-13T23:22:07,753607590-0700	1786688527748684757	AppProcB	AppProcB	896	6852	11780	6416	25048	110967	1475	1041992	79504	76836864	17352127	26746880
90	2026-08-13T23:22:07,753607590-0700	1786688527748684757	ServiceH	ServiceH	719	3964	4004	3040	11008	21055	0	1041992	79504	76836864	17352127	26746880
90	2026-08-13T23:22:07,753607590-0700	1786688527748684757	cynara	cynara	205	1648	1032	212	2892	21916	842	1041992	79504	76836864	17352127	26746880
90	2026-08-13T23:22:07,753607590-0700	1786688527748684757	AppProcA	AppProcA	2724	1212	3644	3732	8588	36215	79	1041992	79504	76836864	17352127	26746880
90	2026-08-13T23:22:07,753607590-0700	1786688527748684757	systemd	systemd	1	1144	164	440	1748	27575	509	1041992	79504	76836864	17352127	26746880
90	2026-08-13T23:22:07,753607590-0700	1786688527748684757	enlightenment	enlightenment	258	2724	968	3036	6728	39251	877	1041992	79504	76836864	17352127	26746880
90	2026-08-13T23:22:07,753607590-0700	1786688527748684757	buxton2d_worker	buxton2d_worker	229	1212	32	440	1684	3635	428	1041992	79504	76836864	17352127	26746880
90	2026-08-13T23:22:07,753607590-0700	1786688527748684757	ServiceD	ServiceD	1037	588	2128	3224	5940	19894	547	1041992	79504	76836864	17352127	26746880
91	2026-08-13T23:22:09,757651256-0700	1786688529750113090	AppProcD	AppProcD	424	12684	18724	5140	36548	132302	507	1042000	79504	76836864	17352127	26746880
91	2026-08-13T23:22:09,757651256-0700	1786688529750113090	ServiceE	ServiceE	404	7804	2808	7800	18412	28183	352	1042000	79504	76836864	17352127	26746880
91	2026-08-13T23:22:09,757651256-0700	1786688529750113090	AppProcB	AppProcB	896	6852	11780	6416	25048	111007	1475	1042000	79504	76836864	17352127	26746880
91	2026-08-13T23:22:09,757651256-0700	1786688529750113090	ServiceH	ServiceH	719	3964	4004	3040	11008	21055	0	1042000	79504	76836864	17352127	26746880
91	2026-08-13T23:22:09,757651256-0700	1786688529750113090	cynara	cynara	205	1648	1032	212	2892	21916	842	1042000	79504	76836864	17352127	26746880
91	2026-08-13T23:22:09,757651256-0700	1786688529750113090	AppProcA	AppProcA	2724	1212	3644	3732	8588	36215	79	1042000	79504	76836864	17352127	26746880
91	2026-08-13T23:22:09,757651256-0700	1786688529750113090	systemd	systemd	1	1144	164	440	1748	27576	509	1042000	79504	76836864	17352127	26746880
91	2026-08-13T23:22:09,757651256-0700	1786688529750113090	enlightenment	enlightenment	258	2724	968	3036	6728	39251	877	1042000	79504	76836864	17352127	26746880
91	2026-08-13T23:22:09,757651256-0700	1786688529750113090	buxton2d_worker	buxton2d_worker	229	1212	32	440	1684	3636	428	1042000	79504	76836864	17352127	26746880
91	2026-08-13T23:22:09,757651256-0700	1786688529750113090	ServiceD	ServiceD	1037	588	2128	3224	5940	19894	547	1042000	79504	76836864	17352127	26746880
92	2026-08-13T23:22:11,752657756-0700	1786688531748561589	AppProcD	AppProcD	424	12684	18724	5140	36548	132302	507	1042504	79504	76836864	17352127	26746880
92	2026-08-13T23:22:11,752657756-0700	1786688531748561589	ServiceE	ServiceE	404	7804	2808	7800	18412	28183	352	1042504	79504	76836864	17352127	26746880
92	2026-08-13T23:22:11,752657756-0700	1786688531748561589	AppProcB	AppProcB	896	6852	11780	6416	25048	111007	1475	1042504	79504	76836864	17352127	26746880
92	2026-08-13T23:22:11,752657756-0700	1786688531748561589	ServiceH	ServiceH	719	3964	4004	3040	11008	21055	0	1042504	79504	76836864	17352127	26746880
92	2026-08-13T23:22:11,752657756-0700	1786688531748561589	cynara	cynara	205	1648	1032	212	2892	21916	842	1042504	79504	76836864	17352127	26746880
92	2026-08-13T23:22:11,752657756-0700	1786688531748561589	AppProcA	AppProcA	2724	1212	3644	3732	8588	36235	79	1042504	79504	76836864	17352127	26746880
92	2026-08-13T23:22:11,752657756-0700	1786688531748561589	systemd	systemd	1	1144	164	440	1748	27576	509	1042504	79504	76836864	17352127	26746880
92	2026-08-13T23:22:11,752657756-0700	1786688531748561589	enlightenment	enlightenment	258	2724	968	3036	6728	39251	877	1042504	79504	76836864	17352127	26746880
92	2026-08-13T23:22:11,752657756-0700	1786688531748561589	buxton2d_worker	buxton2d_worker	229	1212	32	440	1684	3636	428	1042504	79504	76836864	17352127	26746880
92	2026-08-13T23:22:11,752657756-0700	1786688531748561589	ServiceD	ServiceD	1037	588	2128	3224	5940	19919	547	1042504	79504	76836864	17352127	26746880
93	2026-08-13T23:22:13,752047005-0700	1786688533747825255	AppProcD	AppProcD	424	12684	18724	5140	36548	132354	507	1042476	79504	76836864	17352127	26746880
93	2026-08-13T23:22:13,752047005-0700	1786688533747825255	ServiceE	ServiceE	404	7804	2808	7800	18412	28183	352	1042476	79504	76836864	17352127	26746880
93	2026-08-13T23:22:13,752047005-0700	1786688533747825255	AppProcB	AppProcB	896	6852	11780	6416	25048	111007	1475	1042476	79504	76836864	17352127	26746880
93	2026-08-13T23:22:13,752047005-0700	1786688533747825255	ServiceH	ServiceH	719	3964	4004	3040	11008	21055	0	1042476	79504	76836864	17352127	26746880
93	2026-08-13T23:22:13,752047005-0700	1786688533747825255	cynara	cynara	205	1648	1032	212	2892	21916	842	1042476	79504	76836864	17352127	26746880
93	2026-08-13T23:22:13,752047005-0700	1786688533747825255	AppProcA	AppProcA	2724	1212	3644	3732	8588	36235	79	1042476	79504	76836864	17352127	26746880
93	2026-08-13T23:22:13,752047005-0700	1786688533747825255	systemd	systemd	1	1144	164	440	1748	27576	509	1042476	79504	76836864	17352127	26746880
93	2026-08-13T23:22:13,752047005-0700	1786688533747825255	enlightenment	enlightenment	258	2724	968	3036	6728	39251	877	1042476	79504	76836864	17352127	26746880
93	2026-08-13T23:22:13,752047005-0700	1786688533747825255	buxton2d_worker	buxton2d_worker	229	1212	32	440	1684	3636	428	1042476	79504	76836864	17352127	26746880
93	2026-08-13T23:22:13,752047005-0700	1786688533747825255	ServiceD	ServiceD	1037	588	2128	3224	5940	19919	547	1042476	79504	76836864	17352127	26746880
94	2026-08-13T23:22:15,756435588-0700	1786688535751279505	AppProcD	AppProcD	424	12684	18724	5140	36548	132354	507	1042740	79504	76836864	17352127	26746880
94	2026-08-13T23:22:15,756435588-0700	1786688535751279505	ServiceE	ServiceE	404	7804	2808	7800	18412	28183	352	1042740	79504	76836864	17352127	26746880
94	2026-08-13T23:22:15,756435588-0700	1786688535751279505	AppProcB	AppProcB	896	6852	11780	6416	25048	111047	1475	1042740	79504	76836864	17352127	26746880
94	2026-08-13T23:22:15,756435588-0700	1786688535751279505	ServiceH	ServiceH	719	3964	4004	3040	11008	21055	0	1042740	79504	76836864	17352127	26746880
94	2026-08-13T23:22:15,756435588-0700	1786688535751279505	cynara	cynara	205	1648	1032	212	2892	21916	842	1042740	79504	76836864	17352127	26746880
94	2026-08-13T23:22:15,756435588-0700	1786688535751279505	AppProcA	AppProcA	2724	1212	3644	3732	8588	36235	79	1042740	79504	76836864	17352127	26746880
94	2026-08-13T23:22:15,756435588-0700	1786688535751279505	systemd	systemd	1	1144	164	440	1748	27577	509	1042740	79504	76836864	17352127	26746880
94	2026-08-13T23:22:15,756435588-0700	1786688535751279505	enlightenment	enlightenment	258	2724	968	3036	6728	39251	877	1042740	79504	76836864	17352127	26746880
94	2026-08-13T23:22:15,756435588-0700	1786688535751279505	buxton2d_worker	buxton2d_worker	229	1212	32	440	1684	3636	428	1042740	79504	76836864	17352127	26746880
94	2026-08-13T23:22:15,756435588-0700	1786688535751279505	ServiceD	ServiceD	1037	588	2128	3224	5940	19944	547	1042740	79504	76836864	17352127	26746880
95	2026-08-13T23:22:17,755681921-0700	1786688537751016504	AppProcD	AppProcD	424	12684	18724	5140	36548	132406	507	1043324	79504	76836864	17352127	26746880
95	2026-08-13T23:22:17,755681921-0700	1786688537751016504	ServiceE	ServiceE	404	7804	2808	7800	18412	28183	352	1043324	79504	76836864	17352127	26746880
95	2026-08-13T23:22:17,755681921-0700	1786688537751016504	AppProcB	AppProcB	896	6852	11780	6416	25048	111047	1475	1043324	79504	76836864	17352127	26746880
95	2026-08-13T23:22:17,755681921-0700	1786688537751016504	ServiceH	ServiceH	719	3964	4004	3040	11008	21055	0	1043324	79504	76836864	17352127	26746880
95	2026-08-13T23:22:17,755681921-0700	1786688537751016504	cynara	cynara	205	1648	1032	212	2892	21916	842	1043324	79504	76836864	17352127	26746880
95	2026-08-13T23:22:17,755681921-0700	1786688537751016504	AppProcA	AppProcA	2724	1212	3644	3732	8588	36256	79	1043324	79504	76836864	17352127	26746880
95	2026-08-13T23:22:17,755681921-0700	1786688537751016504	systemd	systemd	1	1144	164	440	1748	27577	509	1043324	79504	76836864	17352127	26746880
95	2026-08-13T23:22:17,755681921-0700	1786688537751016504	enlightenment	enlightenment	258	2716	968	3036	6720	39251	877	1043324	79504	76836864	17352127	26746880
95	2026-08-13T23:22:17,755681921-0700	1786688537751016504	buxton2d_worker	buxton2d_worker	229	1212	32	440	1684	3636	428	1043324	79504	76836864	17352127	26746880
95	2026-08-13T23:22:17,755681921-0700	1786688537751016504	ServiceD	ServiceD	1037	588	2128	3224	5940	19944	547	1043324	79504	76836864	17352127	26746880
96	2026-08-13T23:22:19,753740171-0700	1786688539749562671	AppProcD	AppProcD	424	12684	18724	5140	36548	132406	507	1042628	79504	76836864	17352127	26746880
96	2026-08-13T23:22:19,753740171-0700	1786688539749562671	ServiceE	ServiceE	404	7804	2808	7800	18412	28183	352	1042628	79504	76836864	17352127	26746880
96	2026-08-13T23:22:19,753740171-0700	1786688539749562671	AppProcB	AppProcB	896	6852	11780	6416	25048	111087	1475	1042628	79504	76836864	17352127	26746880
96	2026-08-13T23:22:19,753740171-0700	1786688539749562671	ServiceH	ServiceH	719	3964	4004	3040	11008	21055	0	1042628	79504	76836864	17352127	26746880
96	2026-08-13T23:22:19,753740171-0700	1786688539749562671	cynara	cynara	205	1648	1032	212	2892	21916	842	1042628	79504	76836864	17352127	26746880
96	2026-08-13T23:22:19,753740171-0700	1786688539749562671	AppProcA	AppProcA	2724	1212	3644	3732	8588	36256	79	1042628	79504	76836864	17352127	26746880
96	2026-08-13T23:22:19,753740171-0700	1786688539749562671	systemd	systemd	1	1144	164	440	1748	27577	509	1042628	79504	76836864	17352127	26746880
96	2026-08-13T23:22:19,753740171-0700	1786688539749562671	enlightenment	enlightenment	258	2716	968	3036	6720	39251	877	1042628	79504	76836864	17352127	26746880
96	2026-08-13T23:22:19,753740171-0700	1786688539749562671	buxton2d_worker	buxton2d_worker	229	1212	32	440	1684	3636	428	1042628	79504	76836864	17352127	26746880
96	2026-08-13T23:22:19,753740171-0700	1786688539749562671	ServiceD	ServiceD	1037	588	2128	3224	5940	19944	547	1042628	79504	76836864	17352127	26746880
97	2026-08-13T23:22:21,751816837-0700	1786688541746806004	AppProcD	AppProcD	424	12684	18724	5140	36548	132406	507	1042616	79504	76836864	17352127	26746880
97	2026-08-13T23:22:21,751816837-0700	1786688541746806004	ServiceE	ServiceE	404	7804	2808	7800	18412	28183	352	1042616	79504	76836864	17352127	26746880
97	2026-08-13T23:22:21,751816837-0700	1786688541746806004	AppProcB	AppProcB	896	6852	11780	6416	25048	111087	1475	1042616	79504	76836864	17352127	26746880
97	2026-08-13T23:22:21,751816837-0700	1786688541746806004	ServiceH	ServiceH	719	3964	4004	3040	11008	21055	0	1042616	79504	76836864	17352127	26746880
97	2026-08-13T23:22:21,751816837-0700	1786688541746806004	cynara	cynara	205	1648	1032	212	2892	21916	842	1042616	79504	76836864	17352127	26746880
97	2026-08-13T23:22:21,751816837-0700	1786688541746806004	AppProcA	AppProcA	2724	1212	3644	3732	8588	36276	79	1042616	79504	76836864	17352127	26746880
97	2026-08-13T23:22:21,751816837-0700	1786688541746806004	systemd	systemd	1	1144	164	440	1748	27577	509	1042616	79504	76836864	17352127	26746880
97	2026-08-13T23:22:21,751816837-0700	1786688541746806004	enlightenment	enlightenment	258	2716	968	3036	6720	39251	877	1042616	79504	76836864	17352127	26746880
97	2026-08-13T23:22:21,751816837-0700	1786688541746806004	buxton2d_worker	buxton2d_worker	229	1212	32	440	1684	3636	428	1042616	79504	76836864	17352127	26746880
97	2026-08-13T23:22:21,751816837-0700	1786688541746806004	ServiceD	ServiceD	1037	588	2128	3224	5940	19969	547	1042616	79504	76836864	17352127	26746880
98	2026-08-13T23:22:23,754052836-0700	1786688543747096836	AppProcD	AppProcD	424	12684	18724	5140	36548	132458	507	1042684	79504	76836864	17352127	26746880
98	2026-08-13T23:22:23,754052836-0700	1786688543747096836	ServiceE	ServiceE	404	7804	2808	7800	18412	28183	352	1042684	79504	76836864	17352127	26746880
98	2026-08-13T23:22:23,754052836-0700	1786688543747096836	AppProcB	AppProcB	896	6852	11780	6416	25048	111087	1475	1042684	79504	76836864	17352127	26746880
98	2026-08-13T23:22:23,754052836-0700	1786688543747096836	ServiceH	ServiceH	719	3964	4004	3040	11008	21055	0	1042684	79504	76836864	17352127	26746880
98	2026-08-13T23:22:23,754052836-0700	1786688543747096836	cynara	cynara	205	1648	1032	212	2892	21916	842	1042684	79504	76836864	17352127	26746880
98	2026-08-13T23:22:23,754052836-0700	1786688543747096836	AppProcA	AppProcA	2724	1212	3644	3732	8588	36276	79	1042684	79504	76836864	17352127	26746880
98	2026-08-13T23:22:23,754052836-0700	1786688543747096836	systemd	systemd	1	1144	164	440	1748	27577	509	1042684	79504	76836864	17352127	26746880
98	2026-08-13T23:22:23,754052836-0700	1786688543747096836	enlightenment	enlightenment	258	2716	968	3036	6720	39251	877	1042684	79504	76836864	17352127	26746880
98	2026-08-13T23:22:23,754052836-0700	1786688543747096836	buxton2d_worker	buxton2d_worker	229	1212	32	440	1684	3636	428	1042684	79504	76836864	17352127	26746880
98	2026-08-13T23:22:23,754052836-0700	1786688543747096836	ServiceD	ServiceD	1037	588	2128	3224	5940	19969	547	1042684	79504	76836864	17352127	26746880
99	2026-08-13T23:22:25,755029919-0700	1786688545750390503	AppProcD	AppProcD	424	12684	18724	5140	36548	132458	507	1043344	79504	76836864	17352127	26746880
99	2026-08-13T23:22:25,755029919-0700	1786688545750390503	ServiceE	ServiceE	404	7804	2808	7800	18412	28183	352	1043344	79504	76836864	17352127	26746880
99	2026-08-13T23:22:25,755029919-0700	1786688545750390503	AppProcB	AppProcB	896	6852	11780	6416	25048	111127	1475	1043344	79504	76836864	17352127	26746880
99	2026-08-13T23:22:25,755029919-0700	1786688545750390503	ServiceH	ServiceH	719	3964	4004	3040	11008	21055	0	1043344	79504	76836864	17352127	26746880
99	2026-08-13T23:22:25,755029919-0700	1786688545750390503	cynara	cynara	205	1648	1032	212	2892	21916	842	1043344	79504	76836864	17352127	26746880
99	2026-08-13T23:22:25,755029919-0700	1786688545750390503	AppProcA	AppProcA	2724	1212	3644	3732	8588	36276	79	1043344	79504	76836864	17352127	26746880
99	2026-08-13T23:22:25,755029919-0700	1786688545750390503	systemd	systemd	1	1144	164	440	1748	27577	509	1043344	79504	76836864	17352127	26746880
99	2026-08-13T23:22:25,755029919-0700	1786688545750390503	enlightenment	enlightenment	258	2716	968	3036	6720	39251	877	1043344	79504	76836864	17352127	26746880
99	2026-08-13T23:22:25,755029919-0700	1786688545750390503	buxton2d_worker	buxton2d_worker	229	1212	32	440	1684	3636	428	1043344	79504	76836864	17352127	26746880
99	2026-08-13T23:22:25,755029919-0700	1786688545750390503	ServiceD	ServiceD	1037	588	2128	3224	5940	19994	547	1043344	79504	76836864	17352127	26746880
100	2026-08-13T23:22:27,749680252-0700	1786688547745533752	AppProcD	AppProcD	424	12684	18724	5140	36548	132510	507	1043152	79504	76836864	17352127	26746880
100	2026-08-13T23:22:27,749680252-0700	1786688547745533752	ServiceE	ServiceE	404	7804	2808	7800	18412	28183	352	1043152	79504	76836864	17352127	26746880
100	2026-08-13T23:22:27,749680252-0700	1786688547745533752	AppProcB	AppProcB	896	6852	11780	6416	25048	111127	1475	1043152	79504	76836864	17352127	26746880
100	2026-08-13T23:22:27,749680252-0700	1786688547745533752	ServiceH	ServiceH	719	3964	4004	3040	11008	21055	0	1043152	79504	76836864	17352127	26746880
100	2026-08-13T23:22:27,749680252-0700	1786688547745533752	cynara	cynara	205	1648	1032	212	2892	21916	842	1043152	79504	76836864	17352127	26746880
100	2026-08-13T23:22:27,749680252-0700	1786688547745533752	AppProcA	AppProcA	2724	1212	3644	3732	8588	36297	79	1043152	79504	76836864	17352127	26746880
100	2026-08-13T23:22:27,749680252-0700	1786688547745533752	systemd	systemd	1	1144	164	440	1748	27577	509	1043152	79504	76836864	17352127	26746880
100	2026-08-13T23:22:27,749680252-0700	1786688547745533752	enlightenment	enlightenment	258	2716	968	3036	6720	39251	877	1043152	79504	76836864	17352127	26746880
100	2026-08-13T23:22:27,749680252-0700	1786688547745533752	buxton2d_worker	buxton2d_worker	229	1212	32	440	1684	3636	428	1043152	79504	76836864	17352127	26746880
100	2026-08-13T23:22:27,749680252-0700	1786688547745533752	ServiceD	ServiceD	1037	588	2128	3224	5940	19994	547	1043152	79504	76836864	17352127	26746880
101	2026-08-13T23:22:29,757789835-0700	1786688549749540668	AppProcD	AppProcD	424	12684	18724	5140	36548	132510	507	1042756	79504	76836864	17352127	26746880
101	2026-08-13T23:22:29,757789835-0700	1786688549749540668	ServiceE	ServiceE	404	7804	2808	7800	18412	28183	352	1042756	79504	76836864	17352127	26746880
101	2026-08-13T23:22:29,757789835-0700	1786688549749540668	AppProcB	AppProcB	896	6852	11780	6416	25048	111167	1475	1042756	79504	76836864	17352127	26746880
101	2026-08-13T23:22:29,757789835-0700	1786688549749540668	ServiceH	ServiceH	719	3964	4004	3040	11008	21055	0	1042756	79504	76836864	17352127	26746880
101	2026-08-13T23:22:29,757789835-0700	1786688549749540668	cynara	cynara	205	1648	1032	212	2892	21916	842	1042756	79504	76836864	17352127	26746880
101	2026-08-13T23:22:29,757789835-0700	1786688549749540668	AppProcA	AppProcA	2724	1212	3644	3732	8588	36297	79	1042756	79504	76836864	17352127	26746880
101	2026-08-13T23:22:29,757789835-0700	1786688549749540668	systemd	systemd	1	1144	164	440	1748	27577	509	1042756	79504	76836864	17352127	26746880
101	2026-08-13T23:22:29,757789835-0700	1786688549749540668	enlightenment	enlightenment	258	2716	968	3036	6720	39251	877	1042756	79504	76836864	17352127	26746880
101	2026-08-13T23:22:29,757789835-0700	1786688549749540668	buxton2d_worker	buxton2d_worker	229	1212	32	440	1684	3637	428	1042756	79504	76836864	17352127	26746880
101	2026-08-13T23:22:29,757789835-0700	1786688549749540668	ServiceD	ServiceD	1037	588	2128	3224	5940	19994	547	1042756	79504	76836864	17352127	26746880
102	2026-08-13T23:22:31,752758751-0700	1786688551748328918	AppProcD	AppProcD	424	12684	18724	5140	36548	132510	507	1042976	79504	76836864	17352127	26746880
102	2026-08-13T23:22:31,752758751-0700	1786688551748328918	ServiceE	ServiceE	404	7804	2808	7800	18412	28183	352	1042976	79504	76836864	17352127	26746880
102	2026-08-13T23:22:31,752758751-0700	1786688551748328918	AppProcB	AppProcB	896	6852	11780	6416	25048	111167	1475	1042976	79504	76836864	17352127	26746880
102	2026-08-13T23:22:31,752758751-0700	1786688551748328918	ServiceH	ServiceH	719	3964	4004	3040	11008	21055	0	1042976	79504	76836864	17352127	26746880
102	2026-08-13T23:22:31,752758751-0700	1786688551748328918	cynara	cynara	205	1648	1032	212	2892	22065	842	1042976	79504	76836864	17352127	26746880
102	2026-08-13T23:22:31,752758751-0700	1786688551748328918	AppProcA	AppProcA	2724	1212	3644	3732	8588	36317	79	1042976	79504	76836864	17352127	26746880
102	2026-08-13T23:22:31,752758751-0700	1786688551748328918	systemd	systemd	1	1144	164	440	1748	27577	509	1042976	79504	76836864	17352127	26746880
102	2026-08-13T23:22:31,752758751-0700	1786688551748328918	enlightenment	enlightenment	258	2716	968	3036	6720	39251	877	1042976	79504	76836864	17352127	26746880
102	2026-08-13T23:22:31,752758751-0700	1786688551748328918	buxton2d_worker	buxton2d_worker	229	1212	32	440	1684	3637	428	1042976	79504	76836864	17352127	26746880
102	2026-08-13T23:22:31,752758751-0700	1786688551748328918	ServiceD	ServiceD	1037	588	2128	3224	5940	20020	547	1042976	79504	76836864	17352127	26746880
103	2026-08-13T23:22:33,755054084-0700	1786688553750516501	AppProcD	AppProcD	424	12684	18724	5140	36548	132562	507	1042124	79504	76836864	17352127	26746880
103	2026-08-13T23:22:33,755054084-0700	1786688553750516501	ServiceE	ServiceE	404	7804	2808	7800	18412	28183	352	1042124	79504	76836864	17352127	26746880
103	2026-08-13T23:22:33,755054084-0700	1786688553750516501	AppProcB	AppProcB	896	6852	11780	6416	25048	111167	1475	1042124	79504	76836864	17352127	26746880
103	2026-08-13T23:22:33,755054084-0700	1786688553750516501	ServiceH	ServiceH	719	3964	4004	3040	11008	21055	0	1042124	79504	76836864	17352127	26746880
103	2026-08-13T23:22:33,755054084-0700	1786688553750516501	cynara	cynara	205	1648	1032	212	2892	22065	842	1042124	79504	76836864	17352127	26746880
103	2026-08-13T23:22:33,755054084-0700	1786688553750516501	AppProcA	AppProcA	2724	1212	3644	3732	8588	36317	79	1042124	79504	76836864	17352127	26746880
103	2026-08-13T23:22:33,755054084-0700	1786688553750516501	systemd	systemd	1	1144	164	440	1748	27577	509	1042124	79504	76836864	17352127	26746880
103	2026-08-13T23:22:33,755054084-0700	1786688553750516501	enlightenment	enlightenment	258	2716	968	3036	6720	39252	877	1042124	79504	76836864	17352127	26746880
103	2026-08-13T23:22:33,755054084-0700	1786688553750516501	buxton2d_worker	buxton2d_worker	229	1212	32	440	1684	3637	428	1042124	79504	76836864	17352127	26746880
103	2026-08-13T23:22:33,755054084-0700	1786688553750516501	ServiceD	ServiceD	1037	588	2128	3224	5940	20020	547	1042124	79504	76836864	17352127	26746880
104	2026-08-13T23:22:35,754243167-0700	1786688555748554084	AppProcD	AppProcD	424	12684	18724	5140	36548	132562	507	1043344	79504	76836864	17352127	26746880
104	2026-08-13T23:22:35,754243167-0700	1786688555748554084	ServiceE	ServiceE	404	7804	2808	7800	18412	28183	352	1043344	79504	76836864	17352127	26746880
104	2026-08-13T23:22:35,754243167-0700	1786688555748554084	AppProcB	AppProcB	896	6852	11780	6416	25048	111207	1475	1043344	79504	76836864	17352127	26746880
104	2026-08-13T23:22:35,754243167-0700	1786688555748554084	ServiceH	ServiceH	719	3964	4004	3040	11008	21055	0	1043344	79504	76836864	17352127	26746880
104	2026-08-13T23:22:35,754243167-0700	1786688555748554084	cynara	cynara	205	1648	1032	212	2892	22065	842	1043344	79504	76836864	17352127	26746880
104	2026-08-13T23:22:35,754243167-0700	1786688555748554084	AppProcA	AppProcA	2724	1212	3644	3732	8588	36317	79	1043344	79504	76836864	17352127	26746880
104	2026-08-13T23:22:35,754243167-0700	1786688555748554084	systemd	systemd	1	1144	164	440	1748	27578	509	1043344	79504	76836864	17352127	26746880
104	2026-08-13T23:22:35,754243167-0700	1786688555748554084	enlightenment	enlightenment	258	2716	968	3036	6720	39252	877	1043344	79504	76836864	17352127	26746880
104	2026-08-13T23:22:35,754243167-0700	1786688555748554084	buxton2d_worker	buxton2d_worker	229	1212	32	440	1684	3637	428	1043344	79504	76836864	17352127	26746880
104	2026-08-13T23:22:35,754243167-0700	1786688555748554084	ServiceD	ServiceD	1037	588	2128	3224	5940	20045	547	1043344	79504	76836864	17352127	26746880
105	2026-08-13T23:22:37,753418083-0700	1786688557748577583	AppProcD	AppProcD	424	12684	18724	5140	36548	132614	507	1043280	79504	76836864	17352127	26746880
105	2026-08-13T23:22:37,753418083-0700	1786688557748577583	ServiceE	ServiceE	404	7804	2808	7800	18412	28183	352	1043280	79504	76836864	17352127	26746880
105	2026-08-13T23:22:37,753418083-0700	1786688557748577583	AppProcB	AppProcB	896	6852	11780	6416	25048	111207	1475	1043280	79504	76836864	17352127	26746880
105	2026-08-13T23:22:37,753418083-0700	1786688557748577583	ServiceH	ServiceH	719	3964	4004	3040	11008	21055	0	1043280	79504	76836864	17352127	26746880
105	2026-08-13T23:22:37,753418083-0700	1786688557748577583	cynara	cynara	205	1648	1032	212	2892	22065	842	1043280	79504	76836864	17352127	26746880
105	2026-08-13T23:22:37,753418083-0700	1786688557748577583	AppProcA	AppProcA	2724	1212	3644	3732	8588	36339	79	1043280	79504	76836864	17352127	26746880
105	2026-08-13T23:22:37,753418083-0700	1786688557748577583	systemd	systemd	1	1144	164	440	1748	27578	509	1043280	79504	76836864	17352127	26746880
105	2026-08-13T23:22:37,753418083-0700	1786688557748577583	enlightenment	enlightenment	258	2716	968	3036	6720	39252	877	1043280	79504	76836864	17352127	26746880
105	2026-08-13T23:22:37,753418083-0700	1786688557748577583	buxton2d_worker	buxton2d_worker	229	1212	32	440	1684	3637	428	1043280	79504	76836864	17352127	26746880
105	2026-08-13T23:22:37,753418083-0700	1786688557748577583	ServiceD	ServiceD	1037	588	2128	3224	5940	20045	547	1043280	79504	76836864	17352127	26746880
106	2026-08-13T23:22:39,752653833-0700	1786688559748552166	AppProcD	AppProcD	424	12684	18724	5140	36548	132614	507	1043196	79504	76836864	17352127	26746880
106	2026-08-13T23:22:39,752653833-0700	1786688559748552166	ServiceE	ServiceE	404	7804	2808	7800	18412	28183	352	1043196	79504	76836864	17352127	26746880
106	2026-08-13T23:22:39,752653833-0700	1786688559748552166	AppProcB	AppProcB	896	6852	11780	6416	25048	111247	1475	1043196	79504	76836864	17352127	26746880
106	2026-08-13T23:22:39,752653833-0700	1786688559748552166	ServiceH	ServiceH	719	3964	4004	3040	11008	21055	0	1043196	79504	76836864	17352127	26746880
106	2026-08-13T23:22:39,752653833-0700	1786688559748552166	cynara	cynara	205	1648	1032	212	2892	22065	842	1043196	79504	76836864	17352127	26746880
106	2026-08-13T23:22:39,752653833-0700	1786688559748552166	AppProcA	AppProcA	2724	1212	3644	3732	8588	36339	79	1043196	79504	76836864	17352127	26746880
106	2026-08-13T23:22:39,752653833-0700	1786688559748552166	systemd	systemd	1	1144	164	440	1748	27578	509	1043196	79504	76836864	17352127	26746880
106	2026-08-13T23:22:39,752653833-0700	1786688559748552166	enlightenment	enlightenment	258	2716	968	3036	6720	39252	877	1043196	79504	76836864	17352127	26746880
106	2026-08-13T23:22:39,752653833-0700	1786688559748552166	buxton2d_worker	buxton2d_worker	229	1212	32	440	1684	3637	428	1043196	79504	76836864	17352127	26746880
106	2026-08-13T23:22:39,752653833-0700	1786688559748552166	ServiceD	ServiceD	1037	588	2128	3224	5940	20045	547	1043196	79504	76836864	17352127	26746880
107	2026-08-13T23:22:41,753379999-0700	1786688561749119082	AppProcD	AppProcD	424	12684	18724	5140	36548	132614	507	1042996	79504	76836864	17352127	26746880
107	2026-08-13T23:22:41,753379999-0700	1786688561749119082	ServiceE	ServiceE	404	7804	2808	7800	18412	28183	352	1042996	79504	76836864	17352127	26746880
107	2026-08-13T23:22:41,753379999-0700	1786688561749119082	AppProcB	AppProcB	896	6852	11780	6416	25048	111247	1475	1042996	79504	76836864	17352127	26746880
107	2026-08-13T23:22:41,753379999-0700	1786688561749119082	ServiceH	ServiceH	719	3964	4004	3040	11008	21055	0	1042996	79504	76836864	17352127	26746880
107	2026-08-13T23:22:41,753379999-0700	1786688561749119082	cynara	cynara	205	1648	1032	212	2892	22065	842	1042996	79504	76836864	17352127	26746880
107	2026-08-13T23:22:41,753379999-0700	1786688561749119082	AppProcA	AppProcA	2724	1212	3644	3732	8588	36360	79	1042996	79504	76836864	17352127	26746880
107	2026-08-13T23:22:41,753379999-0700	1786688561749119082	systemd	systemd	1	1144	164	440	1748	27578	509	1042996	79504	76836864	17352127	26746880
107	2026-08-13T23:22:41,753379999-0700	1786688561749119082	enlightenment	enlightenment	258	2716	968	3036	6720	39252	877	1042996	79504	76836864	17352127	26746880
107	2026-08-13T23:22:41,753379999-0700	1786688561749119082	buxton2d_worker	buxton2d_worker	229	1212	32	440	1684	3637	428	1042996	79504	76836864	17352127	26746880
107	2026-08-13T23:22:41,753379999-0700	1786688561749119082	ServiceD	ServiceD	1037	588	2128	3224	5940	20070	547	1042996	79504	76836864	17352127	26746880
108	2026-08-13T23:22:43,753978248-0700	1786688563748206832	AppProcD	AppProcD	424	12684	18724	5140	36548	132666	507	1043116	79504	76836864	17352127	26746880
108	2026-08-13T23:22:43,753978248-0700	1786688563748206832	ServiceE	ServiceE	404	7804	2808	7800	18412	28183	352	1043116	79504	76836864	17352127	26746880
108	2026-08-13T23:22:43,753978248-0700	1786688563748206832	AppProcB	AppProcB	896	6852	11780	6416	25048	111247	1475	1043116	79504	76836864	17352127	26746880
108	2026-08-13T23:22:43,753978248-0700	1786688563748206832	ServiceH	ServiceH	719	3964	4004	3040	11008	21055	0	1043116	79504	76836864	17352127	26746880
108	2026-08-13T23:22:43,753978248-0700	1786688563748206832	cynara	cynara	205	1648	1032	212	2892	22065	842	1043116	79504	76836864	17352127	26746880
108	2026-08-13T23:22:43,753978248-0700	1786688563748206832	AppProcA	AppProcA	2724	1212	3644	3732	8588	36360	79	1043116	79504	76836864	17352127	26746880
108	2026-08-13T23:22:43,753978248-0700	1786688563748206832	systemd	systemd	1	1144	164	440	1748	27578	509	1043116	79504	76836864	17352127	26746880
108	2026-08-13T23:22:43,753978248-0700	1786688563748206832	enlightenment	enlightenment	258	2716	968	3036	6720	39252	877	1043116	79504	76836864	17352127	26746880
108	2026-08-13T23:22:43,753978248-0700	1786688563748206832	buxton2d_worker	buxton2d_worker	229	1212	32	440	1684	3637	428	1043116	79504	76836864	17352127	26746880
108	2026-08-13T23:22:43,753978248-0700	1786688563748206832	ServiceD	ServiceD	1037	588	2128	3224	5940	20070	547	1043116	79504	76836864	17352127	26746880
109	2026-08-13T23:22:45,751716331-0700	1786688565747402414	AppProcD	AppProcD	424	12684	18724	5140	36548	132666	507	1043212	79504	76836864	17352127	26746880
109	2026-08-13T23:22:45,751716331-0700	1786688565747402414	ServiceE	ServiceE	404	7804	2808	7800	18412	28183	352	1043212	79504	76836864	17352127	26746880
109	2026-08-13T23:22:45,751716331-0700	1786688565747402414	AppProcB	AppProcB	896	6852	11780	6416	25048	111287	1475	1043212	79504	76836864	17352127	26746880
109	2026-08-13T23:22:45,751716331-0700	1786688565747402414	ServiceH	ServiceH	719	3964	4004	3040	11008	21055	0	1043212	79504	76836864	17352127	26746880
109	2026-08-13T23:22:45,751716331-0700	1786688565747402414	cynara	cynara	205	1648	1032	212	2892	22065	842	1043212	79504	76836864	17352127	26746880
109	2026-08-13T23:22:45,751716331-0700	1786688565747402414	AppProcA	AppProcA	2724	1212	3644	3732	8588	36360	79	1043212	79504	76836864	17352127	26746880
109	2026-08-13T23:22:45,751716331-0700	1786688565747402414	systemd	systemd	1	1144	164	440	1748	27578	509	1043212	79504	76836864	17352127	26746880
109	2026-08-13T23:22:45,751716331-0700	1786688565747402414	enlightenment	enlightenment	258	2716	968	3036	6720	39252	877	1043212	79504	76836864	17352127	26746880
109	2026-08-13T23:22:45,751716331-0700	1786688565747402414	buxton2d_worker	buxton2d_worker	229	1212	32	440	1684	3637	428	1043212	79504	76836864	17352127	26746880
109	2026-08-13T23:22:45,751716331-0700	1786688565747402414	ServiceD	ServiceD	1037	588	2128	3224	5940	20095	547	1043212	79504	76836864	17352127	26746880
110	2026-08-13T23:22:47,751506831-0700	1786688567747214581	AppProcD	AppProcD	424	12684	18724	5140	36548	132718	507	1043216	79504	76836864	17352127	26746880
110	2026-08-13T23:22:47,751506831-0700	1786688567747214581	ServiceE	ServiceE	404	7804	2808	7800	18412	28183	352	1043216	79504	76836864	17352127	26746880
110	2026-08-13T23:22:47,751506831-0700	1786688567747214581	AppProcB	AppProcB	896	6852	11780	6416	25048	111287	1475	1043216	79504	76836864	17352127	26746880
110	2026-08-13T23:22:47,751506831-0700	1786688567747214581	ServiceH	ServiceH	719	3964	4004	3040	11008	21055	0	1043216	79504	76836864	17352127	26746880
110	2026-08-13T23:22:47,751506831-0700	1786688567747214581	cynara	cynara	205	1648	1032	212	2892	22065	842	1043216	79504	76836864	17352127	26746880
110	2026-08-13T23:22:47,751506831-0700	1786688567747214581	AppProcA	AppProcA	2724	1212	3644	3732	8588	36380	79	1043216	79504	76836864	17352127	26746880
110	2026-08-13T23:22:47,751506831-0700	1786688567747214581	systemd	systemd	1	1144	164	440	1748	27578	509	1043216	79504	76836864	17352127	26746880
110	2026-08-13T23:22:47,751506831-0700	1786688567747214581	enlightenment	enlightenment	258	2716	968	3036	6720	39252	877	1043216	79504	76836864	17352127	26746880
110	2026-08-13T23:22:47,751506831-0700	1786688567747214581	buxton2d_worker	buxton2d_worker	229	1212	32	440	1684	3637	428	1043216	79504	76836864	17352127	26746880
110	2026-08-13T23:22:47,751506831-0700	1786688567747214581	ServiceD	ServiceD	1037	588	2128	3224	5940	20095	547	1043216	79504	76836864	17352127	26746880
111	2026-08-13T23:22:49,752334914-0700	1786688569748057414	AppProcD	AppProcD	424	12684	18724	5140	36548	132718	507	1042840	79504	76836864	17352127	26746880
111	2026-08-13T23:22:49,752334914-0700	1786688569748057414	ServiceE	ServiceE	404	7804	2808	7800	18412	28183	352	1042840	79504	76836864	17352127	26746880
111	2026-08-13T23:22:49,752334914-0700	1786688569748057414	AppProcB	AppProcB	896	6852	11780	6416	25048	111327	1475	1042840	79504	76836864	17352127	26746880
111	2026-08-13T23:22:49,752334914-0700	1786688569748057414	ServiceH	ServiceH	719	3964	4004	3040	11008	21055	0	1042840	79504	76836864	17352127	26746880
111	2026-08-13T23:22:49,752334914-0700	1786688569748057414	cynara	cynara	205	1648	1032	212	2892	22065	842	1042840	79504	76836864	17352127	26746880
111	2026-08-13T23:22:49,752334914-0700	1786688569748057414	AppProcA	AppProcA	2724	1212	3644	3732	8588	36381	79	1042840	79504	76836864	17352127	26746880
111	2026-08-13T23:22:49,752334914-0700	1786688569748057414	systemd	systemd	1	1144	164	440	1748	27578	509	1042840	79504	76836864	17352127	26746880
111	2026-08-13T23:22:49,752334914-0700	1786688569748057414	enlightenment	enlightenment	258	2716	968	3036	6720	39252	877	1042840	79504	76836864	17352127	26746880
111	2026-08-13T23:22:49,752334914-0700	1786688569748057414	buxton2d_worker	buxton2d_worker	229	1212	32	440	1684	3639	428	1042840	79504	76836864	17352127	26746880
111	2026-08-13T23:22:49,752334914-0700	1786688569748057414	ServiceD	ServiceD	1037	588	2128	3224	5940	20095	547	1042840	79504	76836864	17352127	26746880
112	2026-08-13T23:22:51,754970413-0700	1786688571748937163	AppProcD	AppProcD	424	12684	18724	5140	36548	132718	507	1042504	79504	76836864	17352127	26746880
112	2026-08-13T23:22:51,754970413-0700	1786688571748937163	ServiceE	ServiceE	404	7804	2808	7800	18412	28183	352	1042504	79504	76836864	17352127	26746880
112	2026-08-13T23:22:51,754970413-0700	1786688571748937163	AppProcB	AppProcB	896	6852	11780	6416	25048	111327	1475	1042504	79504	76836864	17352127	26746880
112	2026-08-13T23:22:51,754970413-0700	1786688571748937163	ServiceH	ServiceH	719	3964	4004	3040	11008	21055	0	1042504	79504	76836864	17352127	26746880
112	2026-08-13T23:22:51,754970413-0700	1786688571748937163	cynara	cynara	205	1648	1032	212	2892	22065	842	1042504	79504	76836864	17352127	26746880
112	2026-08-13T23:22:51,754970413-0700	1786688571748937163	AppProcA	AppProcA	2724	1212	3644	3732	8588	36402	79	1042504	79504	76836864	17352127	26746880
112	2026-08-13T23:22:51,754970413-0700	1786688571748937163	systemd	systemd	1	1144	164	440	1748	27578	509	1042504	79504	76836864	17352127	26746880
112	2026-08-13T23:22:51,754970413-0700	1786688571748937163	enlightenment	enlightenment	258	2716	968	3036	6720	39252	877	1042504	79504	76836864	17352127	26746880
112	2026-08-13T23:22:51,754970413-0700	1786688571748937163	buxton2d_worker	buxton2d_worker	229	1212	32	440	1684	3639	428	1042504	79504	76836864	17352127	26746880
112	2026-08-13T23:22:51,754970413-0700	1786688571748937163	ServiceD	ServiceD	1037	588	2128	3224	5940	20120	547	1042504	79504	76836864	17352127	26746880
113	2026-08-13T23:22:53,752627579-0700	1786688573748486579	AppProcD	AppProcD	424	12684	18724	5140	36548	132770	507	1042692	79504	76836864	17352127	26746880
113	2026-08-13T23:22:53,752627579-0700	1786688573748486579	ServiceE	ServiceE	404	7804	2808	7800	18412	28183	352	1042692	79504	76836864	17352127	26746880
113	2026-08-13T23:22:53,752627579-0700	1786688573748486579	AppProcB	AppProcB	896	6852	11780	6416	25048	111327	1475	1042692	79504	76836864	17352127	26746880
113	2026-08-13T23:22:53,752627579-0700	1786688573748486579	ServiceH	ServiceH	719	3964	4004	3040	11008	21055	0	1042692	79504	76836864	17352127	26746880
113	2026-08-13T23:22:53,752627579-0700	1786688573748486579	cynara	cynara	205	1648	1032	212	2892	22065	842	1042692	79504	76836864	17352127	26746880
113	2026-08-13T23:22:53,752627579-0700	1786688573748486579	AppProcA	AppProcA	2724	1212	3644	3732	8588	36402	79	1042692	79504	76836864	17352127	26746880
113	2026-08-13T23:22:53,752627579-0700	1786688573748486579	systemd	systemd	1	1144	164	440	1748	27578	509	1042692	79504	76836864	17352127	26746880
113	2026-08-13T23:22:53,752627579-0700	1786688573748486579	enlightenment	enlightenment	258	2716	968	3036	6720	39252	877	1042692	79504	76836864	17352127	26746880
113	2026-08-13T23:22:53,752627579-0700	1786688573748486579	buxton2d_worker	buxton2d_worker	229	1212	32	440	1684	3639	428	1042692	79504	76836864	17352127	26746880
113	2026-08-13T23:22:53,752627579-0700	1786688573748486579	ServiceD	ServiceD	1037	588	2128	3224	5940	20120	547	1042692	79504	76836864	17352127	26746880
114	2026-08-13T23:22:55,753735245-0700	1786688575746777579	AppProcD	AppProcD	424	12684	18724	5140	36548	132770	507	1042824	79504	76836864	17352127	26746880
114	2026-08-13T23:22:55,753735245-0700	1786688575746777579	ServiceE	ServiceE	404	7804	2808	7800	18412	28183	352	1042824	79504	76836864	17352127	26746880
114	2026-08-13T23:22:55,753735245-0700	1786688575746777579	AppProcB	AppProcB	896	6852	11780	6416	25048	111367	1475	1042824	79504	76836864	17352127	26746880
114	2026-08-13T23:22:55,753735245-0700	1786688575746777579	ServiceH	ServiceH	719	3964	4004	3040	11008	21055	0	1042824	79504	76836864	17352127	26746880
114	2026-08-13T23:22:55,753735245-0700	1786688575746777579	cynara	cynara	205	1648	1032	212	2892	22065	842	1042824	79504	76836864	17352127	26746880
114	2026-08-13T23:22:55,753735245-0700	1786688575746777579	AppProcA	AppProcA	2724	1212	3644	3732	8588	36403	79	1042824	79504	76836864	17352127	26746880
114	2026-08-13T23:22:55,753735245-0700	1786688575746777579	systemd	systemd	1	1144	164	440	1748	27578	509	1042824	79504	76836864	17352127	26746880
114	2026-08-13T23:22:55,753735245-0700	1786688575746777579	enlightenment	enlightenment	258	2716	968	3036	6720	39252	877	1042824	79504	76836864	17352127	26746880
114	2026-08-13T23:22:55,753735245-0700	1786688575746777579	buxton2d_worker	buxton2d_worker	229	1212	32	440	1684	3640	428	1042824	79504	76836864	17352127	26746880
114	2026-08-13T23:22:55,753735245-0700	1786688575746777579	ServiceD	ServiceD	1037	588	2128	3224	5940	20146	547	1042824	79504	76836864	17352127	26746880
115	2026-08-13T23:22:57,755867328-0700	1786688577751544578	AppProcD	AppProcD	424	12684	18724	5140	36548	132822	507	1043132	79504	76836864	17352127	26746880
115	2026-08-13T23:22:57,755867328-0700	1786688577751544578	ServiceE	ServiceE	404	7804	2808	7800	18412	28183	352	1043132	79504	76836864	17352127	26746880
115	2026-08-13T23:22:57,755867328-0700	1786688577751544578	AppProcB	AppProcB	896	6852	11780	6416	25048	111367	1475	1043132	79504	76836864	17352127	26746880
115	2026-08-13T23:22:57,755867328-0700	1786688577751544578	ServiceH	ServiceH	719	3964	4004	3040	11008	21055	0	1043132	79504	76836864	17352127	26746880
115	2026-08-13T23:22:57,755867328-0700	1786688577751544578	cynara	cynara	205	1648	1032	212	2892	22065	842	1043132	79504	76836864	17352127	26746880
115	2026-08-13T23:22:57,755867328-0700	1786688577751544578	AppProcA	AppProcA	2724	1212	3644	3732	8588	36424	79	1043132	79504	76836864	17352127	26746880
115	2026-08-13T23:22:57,755867328-0700	1786688577751544578	systemd	systemd	1	1144	164	440	1748	27578	509	1043132	79504	76836864	17352127	26746880
115	2026-08-13T23:22:57,755867328-0700	1786688577751544578	enlightenment	enlightenment	258	2716	968	3036	6720	39252	877	1043132	79504	76836864	17352127	26746880
115	2026-08-13T23:22:57,755867328-0700	1786688577751544578	buxton2d_worker	buxton2d_worker	229	1212	32	440	1684	3640	428	1043132	79504	76836864	17352127	26746880
115	2026-08-13T23:22:57,755867328-0700	1786688577751544578	ServiceD	ServiceD	1037	588	2128	3224	5940	20146	547	1043132	79504	76836864	17352127	26746880
116	2026-08-13T23:22:59,756926244-0700	1786688579748743494	AppProcD	AppProcD	424	12684	18724	5140	36548	132822	507	1043472	79504	76836864	17352127	26746880
116	2026-08-13T23:22:59,756926244-0700	1786688579748743494	ServiceE	ServiceE	404	7804	2808	7800	18412	28183	352	1043472	79504	76836864	17352127	26746880
116	2026-08-13T23:22:59,756926244-0700	1786688579748743494	AppProcB	AppProcB	896	6852	11780	6416	25048	111407	1475	1043472	79504	76836864	17352127	26746880
116	2026-08-13T23:22:59,756926244-0700	1786688579748743494	ServiceH	ServiceH	719	3964	4004	3040	11008	21055	0	1043472	79504	76836864	17352127	26746880
116	2026-08-13T23:22:59,756926244-0700	1786688579748743494	cynara	cynara	205	1648	1032	212	2892	22065	842	1043472	79504	76836864	17352127	26746880
116	2026-08-13T23:22:59,756926244-0700	1786688579748743494	AppProcA	AppProcA	2724	1212	3644	3732	8588	36424	79	1043472	79504	76836864	17352127	26746880
116	2026-08-13T23:22:59,756926244-0700	1786688579748743494	systemd	systemd	1	1144	164	440	1748	27578	509	1043472	79504	76836864	17352127	26746880
116	2026-08-13T23:22:59,756926244-0700	1786688579748743494	enlightenment	enlightenment	258	2716	968	3036	6720	39252	877	1043472	79504	76836864	17352127	26746880
116	2026-08-13T23:22:59,756926244-0700	1786688579748743494	buxton2d_worker	buxton2d_worker	229	1212	32	440	1684	3640	428	1043472	79504	76836864	17352127	26746880
116	2026-08-13T23:22:59,756926244-0700	1786688579748743494	ServiceD	ServiceD	1037	588	2128	3224	5940	20146	547	1043472	79504	76836864	17352127	26746880
117	2026-08-13T23:23:01,753531077-0700	1786688581749428744	AppProcD	AppProcD	424	12684	18720	5140	36544	132822	507	1043568	79504	76836864	17352127	26746880
117	2026-08-13T23:23:01,753531077-0700	1786688581749428744	ServiceE	ServiceE	404	7804	2808	7800	18412	28183	352	1043568	79504	76836864	17352127	26746880
117	2026-08-13T23:23:01,753531077-0700	1786688581749428744	AppProcB	AppProcB	896	6852	11780	6416	25048	111407	1475	1043568	79504	76836864	17352127	26746880
117	2026-08-13T23:23:01,753531077-0700	1786688581749428744	ServiceH	ServiceH	719	3964	4004	3040	11008	21055	0	1043568	79504	76836864	17352127	26746880
117	2026-08-13T23:23:01,753531077-0700	1786688581749428744	cynara	cynara	205	1648	1032	212	2892	22065	842	1043568	79504	76836864	17352127	26746880
117	2026-08-13T23:23:01,753531077-0700	1786688581749428744	AppProcA	AppProcA	2724	1212	3644	3732	8588	36445	79	1043568	79504	76836864	17352127	26746880
117	2026-08-13T23:23:01,753531077-0700	1786688581749428744	systemd	systemd	1	1144	164	440	1748	27578	509	1043568	79504	76836864	17352127	26746880
117	2026-08-13T23:23:01,753531077-0700	1786688581749428744	enlightenment	enlightenment	258	2716	968	3036	6720	39253	877	1043568	79504	76836864	17352127	26746880
117	2026-08-13T23:23:01,753531077-0700	1786688581749428744	buxton2d_worker	buxton2d_worker	229	1212	32	440	1684	3640	428	1043568	79504	76836864	17352127	26746880
117	2026-08-13T23:23:01,753531077-0700	1786688581749428744	ServiceD	ServiceD	1037	588	2128	3224	5940	20172	547	1043568	79504	76836864	17352127	26746880
118	2026-08-13T23:23:03,752568077-0700	1786688583747393993	AppProcD	AppProcD	424	12684	18712	5140	36536	132874	507	1043488	79504	76836864	17352127	26746880
118	2026-08-13T23:23:03,752568077-0700	1786688583747393993	ServiceE	ServiceE	404	7804	2808	7800	18412	28183	352	1043488	79504	76836864	17352127	26746880
118	2026-08-13T23:23:03,752568077-0700	1786688583747393993	AppProcB	AppProcB	896	6852	11780	6416	25048	111407	1475	1043488	79504	76836864	17352127	26746880
118	2026-08-13T23:23:03,752568077-0700	1786688583747393993	ServiceH	ServiceH	719	3964	4004	3040	11008	21055	0	1043488	79504	76836864	17352127	26746880
118	2026-08-13T23:23:03,752568077-0700	1786688583747393993	cynara	cynara	205	1648	1032	212	2892	22065	842	1043488	79504	76836864	17352127	26746880
118	2026-08-13T23:23:03,752568077-0700	1786688583747393993	AppProcA	AppProcA	2724	1212	3644	3732	8588	36445	79	1043488	79504	76836864	17352127	26746880
118	2026-08-13T23:23:03,752568077-0700	1786688583747393993	systemd	systemd	1	1144	164	440	1748	27578	509	1043488	79504	76836864	17352127	26746880
118	2026-08-13T23:23:03,752568077-0700	1786688583747393993	enlightenment	enlightenment	258	2716	968	3036	6720	39253	877	1043488	79504	76836864	17352127	26746880
118	2026-08-13T23:23:03,752568077-0700	1786688583747393993	buxton2d_worker	buxton2d_worker	229	1212	32	440	1684	3640	428	1043488	79504	76836864	17352127	26746880
118	2026-08-13T23:23:03,752568077-0700	1786688583747393993	ServiceD	ServiceD	1037	588	2128	3224	5940	20172	547	1043488	79504	76836864	17352127	26746880
119	2026-08-13T23:23:05,757538493-0700	1786688585749399160	AppProcD	AppProcD	424	12684	18704	5140	36528	132874	507	1043400	79504	76836864	17352127	26746880
119	2026-08-13T23:23:05,757538493-0700	1786688585749399160	ServiceE	ServiceE	404	7804	2808	7800	18412	28183	352	1043400	79504	76836864	17352127	26746880
119	2026-08-13T23:23:05,757538493-0700	1786688585749399160	AppProcB	AppProcB	896	6852	11780	6416	25048	111447	1475	1043400	79504	76836864	17352127	26746880
119	2026-08-13T23:23:05,757538493-0700	1786688585749399160	ServiceH	ServiceH	719	3964	4004	3040	11008	21055	0	1043400	79504	76836864	17352127	26746880
119	2026-08-13T23:23:05,757538493-0700	1786688585749399160	cynara	cynara	205	1648	1032	212	2892	22065	842	1043400	79504	76836864	17352127	26746880
119	2026-08-13T23:23:05,757538493-0700	1786688585749399160	AppProcA	AppProcA	2724	1212	3644	3732	8588	36445	79	1043400	79504	76836864	17352127	26746880
119	2026-08-13T23:23:05,757538493-0700	1786688585749399160	systemd	systemd	1	1144	164	440	1748	27578	509	1043400	79504	76836864	17352127	26746880
119	2026-08-13T23:23:05,757538493-0700	1786688585749399160	enlightenment	enlightenment	258	2716	968	3036	6720	39253	877	1043400	79504	76836864	17352127	26746880
119	2026-08-13T23:23:05,757538493-0700	1786688585749399160	buxton2d_worker	buxton2d_worker	229	1212	32	440	1684	3641	428	1043400	79504	76836864	17352127	26746880
119	2026-08-13T23:23:05,757538493-0700	1786688585749399160	ServiceD	ServiceD	1037	588	2128	3224	5940	20197	547	1043400	79504	76836864	17352127	26746880
120	2026-08-13T23:23:07,754946826-0700	1786688587749034576	AppProcD	AppProcD	424	12684	18704	5140	36528	132926	507	1043124	79504	76836864	17352127	26746880
120	2026-08-13T23:23:07,754946826-0700	1786688587749034576	ServiceE	ServiceE	404	7804	2808	7800	18412	28183	352	1043124	79504	76836864	17352127	26746880
120	2026-08-13T23:23:07,754946826-0700	1786688587749034576	AppProcB	AppProcB	896	6852	11780	6416	25048	111447	1475	1043124	79504	76836864	17352127	26746880
120	2026-08-13T23:23:07,754946826-0700	1786688587749034576	ServiceH	ServiceH	719	3964	4004	3040	11008	21055	0	1043124	79504	76836864	17352127	26746880
120	2026-08-13T23:23:07,754946826-0700	1786688587749034576	cynara	cynara	205	1648	1032	212	2892	22065	842	1043124	79504	76836864	17352127	26746880
120	2026-08-13T23:23:07,754946826-0700	1786688587749034576	AppProcA	AppProcA	2724	1212	3644	3732	8588	36465	79	1043124	79504	76836864	17352127	26746880
120	2026-08-13T23:23:07,754946826-0700	1786688587749034576	systemd	systemd	1	1144	164	440	1748	27578	509	1043124	79504	76836864	17352127	26746880
120	2026-08-13T23:23:07,754946826-0700	1786688587749034576	enlightenment	enlightenment	258	2716	968	3036	6720	39253	877	1043124	79504	76836864	17352127	26746880
120	2026-08-13T23:23:07,754946826-0700	1786688587749034576	buxton2d_worker	buxton2d_worker	229	1212	32	440	1684	3641	428	1043124	79504	76836864	17352127	26746880
120	2026-08-13T23:23:07,754946826-0700	1786688587749034576	ServiceD	ServiceD	1037	588	2128	3224	5940	20197	547	1043124	79504	76836864	17352127	26746880
121	2026-08-13T23:23:09,753301075-0700	1786688589749011659	AppProcD	AppProcD	424	12684	18704	5140	36528	132926	507	1043096	79504	76836864	17352127	26746880
121	2026-08-13T23:23:09,753301075-0700	1786688589749011659	ServiceE	ServiceE	404	7804	2808	7800	18412	28183	352	1043096	79504	76836864	17352127	26746880
121	2026-08-13T23:23:09,753301075-0700	1786688589749011659	AppProcB	AppProcB	896	6852	11780	6416	25048	111487	1475	1043096	79504	76836864	17352127	26746880
121	2026-08-13T23:23:09,753301075-0700	1786688589749011659	ServiceH	ServiceH	719	3964	4004	3040	11008	21055	0	1043096	79504	76836864	17352127	26746880
121	2026-08-13T23:23:09,753301075-0700	1786688589749011659	cynara	cynara	205	1648	1032	212	2892	22065	842	1043096	79504	76836864	17352127	26746880
121	2026-08-13T23:23:09,753301075-0700	1786688589749011659	AppProcA	AppProcA	2724	1212	3644	3732	8588	36466	79	1043096	79504	76836864	17352127	26746880
121	2026-08-13T23:23:09,753301075-0700	1786688589749011659	systemd	systemd	1	1144	164	440	1748	27578	509	1043096	79504	76836864	17352127	26746880
121	2026-08-13T23:23:09,753301075-0700	1786688589749011659	enlightenment	enlightenment	258	2716	968	3036	6720	39253	877	1043096	79504	76836864	17352127	26746880
121	2026-08-13T23:23:09,753301075-0700	1786688589749011659	buxton2d_worker	buxton2d_worker	229	1212	32	440	1684	3641	428	1043096	79504	76836864	17352127	26746880
121	2026-08-13T23:23:09,753301075-0700	1786688589749011659	ServiceD	ServiceD	1037	588	2128	3224	5940	20197	547	1043096	79504	76836864	17352127	26746880
122	2026-08-13T23:23:11,756231492-0700	1786688591748826992	AppProcD	AppProcD	424	12684	18700	5140	36524	132926	507	1042944	79504	76836864	17352127	26746880
122	2026-08-13T23:23:11,756231492-0700	1786688591748826992	ServiceE	ServiceE	404	7804	2808	7800	18412	28183	352	1042944	79504	76836864	17352127	26746880
122	2026-08-13T23:23:11,756231492-0700	1786688591748826992	AppProcB	AppProcB	896	6852	11780	6416	25048	111487	1475	1042944	79504	76836864	17352127	26746880
122	2026-08-13T23:23:11,756231492-0700	1786688591748826992	ServiceH	ServiceH	719	3964	4004	3040	11008	21055	0	1042944	79504	76836864	17352127	26746880
122	2026-08-13T23:23:11,756231492-0700	1786688591748826992	cynara	cynara	205	1648	1032	212	2892	22065	842	1042944	79504	76836864	17352127	26746880
122	2026-08-13T23:23:11,756231492-0700	1786688591748826992	AppProcA	AppProcA	2724	1212	3644	3732	8588	36487	79	1042944	79504	76836864	17352127	26746880
122	2026-08-13T23:23:11,756231492-0700	1786688591748826992	systemd	systemd	1	1144	164	440	1748	27578	509	1042944	79504	76836864	17352127	26746880
122	2026-08-13T23:23:11,756231492-0700	1786688591748826992	enlightenment	enlightenment	258	2716	968	3036	6720	39253	877	1042944	79504	76836864	17352127	26746880
122	2026-08-13T23:23:11,756231492-0700	1786688591748826992	buxton2d_worker	buxton2d_worker	229	1212	32	440	1684	3641	428	1042944	79504	76836864	17352127	26746880
122	2026-08-13T23:23:11,756231492-0700	1786688591748826992	ServiceD	ServiceD	1037	588	2128	3224	5940	20222	547	1042944	79504	76836864	17352127	26746880
123	2026-08-13T23:23:13,753085074-0700	1786688593748824158	AppProcD	AppProcD	424	12684	18700	5140	36524	132978	507	1043140	79504	76836864	17352127	26746880
123	2026-08-13T23:23:13,753085074-0700	1786688593748824158	ServiceE	ServiceE	404	7804	2808	7800	18412	28183	352	1043140	79504	76836864	17352127	26746880
123	2026-08-13T23:23:13,753085074-0700	1786688593748824158	AppProcB	AppProcB	896	6852	11780	6416	25048	111487	1475	1043140	79504	76836864	17352127	26746880
123	2026-08-13T23:23:13,753085074-0700	1786688593748824158	ServiceH	ServiceH	719	3964	4004	3040	11008	21055	0	1043140	79504	76836864	17352127	26746880
123	2026-08-13T23:23:13,753085074-0700	1786688593748824158	cynara	cynara	205	1648	1032	212	2892	22065	842	1043140	79504	76836864	17352127	26746880
123	2026-08-13T23:23:13,753085074-0700	1786688593748824158	AppProcA	AppProcA	2724	1212	3644	3732	8588	36487	79	1043140	79504	76836864	17352127	26746880
123	2026-08-13T23:23:13,753085074-0700	1786688593748824158	systemd	systemd	1	1144	164	440	1748	27578	509	1043140	79504	76836864	17352127	26746880
123	2026-08-13T23:23:13,753085074-0700	1786688593748824158	enlightenment	enlightenment	258	2716	968	3036	6720	39253	877	1043140	79504	76836864	17352127	26746880
123	2026-08-13T23:23:13,753085074-0700	1786688593748824158	buxton2d_worker	buxton2d_worker	229	1212	32	440	1684	3641	428	1043140	79504	76836864	17352127	26746880
123	2026-08-13T23:23:13,753085074-0700	1786688593748824158	ServiceD	ServiceD	1037	588	2128	3224	5940	20222	547	1043140	79504	76836864	17352127	26746880
124	2026-08-13T23:23:15,751855574-0700	1786688595747648657	AppProcD	AppProcD	424	12684	18700	5140	36524	132978	507	1043008	79504	76836864	17352127	26746880
124	2026-08-13T23:23:15,751855574-0700	1786688595747648657	ServiceE	ServiceE	404	7804	2808	7800	18412	28183	352	1043008	79504	76836864	17352127	26746880
124	2026-08-13T23:23:15,751855574-0700	1786688595747648657	AppProcB	AppProcB	896	6852	11780	6416	25048	111527	1475	1043008	79504	76836864	17352127	26746880
124	2026-08-13T23:23:15,751855574-0700	1786688595747648657	ServiceH	ServiceH	719	3964	4004	3040	11008	21055	0	1043008	79504	76836864	17352127	26746880
124	2026-08-13T23:23:15,751855574-0700	1786688595747648657	cynara	cynara	205	1648	1032	212	2892	22065	842	1043008	79504	76836864	17352127	26746880
124	2026-08-13T23:23:15,751855574-0700	1786688595747648657	AppProcA	AppProcA	2724	1212	3644	3732	8588	36487	79	1043008	79504	76836864	17352127	26746880
124	2026-08-13T23:23:15,751855574-0700	1786688595747648657	systemd	systemd	1	1144	164	440	1748	27579	509	1043008	79504	76836864	17352127	26746880
124	2026-08-13T23:23:15,751855574-0700	1786688595747648657	enlightenment	enlightenment	258	2716	968	3036	6720	39253	877	1043008	79504	76836864	17352127	26746880
124	2026-08-13T23:23:15,751855574-0700	1786688595747648657	buxton2d_worker	buxton2d_worker	229	1212	32	440	1684	3641	428	1043008	79504	76836864	17352127	26746880
124	2026-08-13T23:23:15,751855574-0700	1786688595747648657	ServiceD	ServiceD	1037	588	2128	3224	5940	20247	547	1043008	79504	76836864	17352127	26746880
125	2026-08-13T23:23:17,752217240-0700	1786688597748035907	AppProcD	AppProcD	424	12680	18700	5140	36520	133030	507	1043900	79504	76836864	17352127	26746880
125	2026-08-13T23:23:17,752217240-0700	1786688597748035907	ServiceE	ServiceE	404	7804	2808	7800	18412	28183	352	1043900	79504	76836864	17352127	26746880
125	2026-08-13T23:23:17,752217240-0700	1786688597748035907	AppProcB	AppProcB	896	6852	11780	6416	25048	111527	1475	1043900	79504	76836864	17352127	26746880
125	2026-08-13T23:23:17,752217240-0700	1786688597748035907	ServiceH	ServiceH	719	3964	4004	3040	11008	21055	0	1043900	79504	76836864	17352127	26746880
125	2026-08-13T23:23:17,752217240-0700	1786688597748035907	cynara	cynara	205	1648	1032	212	2892	22065	842	1043900	79504	76836864	17352127	26746880
125	2026-08-13T23:23:17,752217240-0700	1786688597748035907	AppProcA	AppProcA	2724	1212	3644	3732	8588	36508	79	1043900	79504	76836864	17352127	26746880
125	2026-08-13T23:23:17,752217240-0700	1786688597748035907	systemd	systemd	1	1144	164	440	1748	27579	509	1043900	79504	76836864	17352127	26746880
125	2026-08-13T23:23:17,752217240-0700	1786688597748035907	enlightenment	enlightenment	258	2700	968	3036	6704	39254	877	1043900	79504	76836864	17352127	26746880
125	2026-08-13T23:23:17,752217240-0700	1786688597748035907	buxton2d_worker	buxton2d_worker	229	1212	32	440	1684	3641	428	1043900	79504	76836864	17352127	26746880
125	2026-08-13T23:23:17,752217240-0700	1786688597748035907	ServiceD	ServiceD	1037	588	2128	3224	5940	20247	547	1043900	79504	76836864	17352127	26746880
126	2026-08-13T23:23:19,754952073-0700	1786688599749638656	AppProcD	AppProcD	424	12680	18700	5140	36520	133030	507	1044208	79504	76836864	17352127	26746880
126	2026-08-13T23:23:19,754952073-0700	1786688599749638656	ServiceE	ServiceE	404	7804	2808	7800	18412	28183	352	1044208	79504	76836864	17352127	26746880
126	2026-08-13T23:23:19,754952073-0700	1786688599749638656	AppProcB	AppProcB	896	6852	11780	6416	25048	111567	1475	1044208	79504	76836864	17352127	26746880
126	2026-08-13T23:23:19,754952073-0700	1786688599749638656	ServiceH	ServiceH	719	3964	4004	3040	11008	21055	0	1044208	79504	76836864	17352127	26746880
126	2026-08-13T23:23:19,754952073-0700	1786688599749638656	cynara	cynara	205	1648	1032	212	2892	22065	842	1044208	79504	76836864	17352127	26746880
126	2026-08-13T23:23:19,754952073-0700	1786688599749638656	AppProcA	AppProcA	2724	1212	3644	3732	8588	36508	79	1044208	79504	76836864	17352127	26746880
126	2026-08-13T23:23:19,754952073-0700	1786688599749638656	systemd	systemd	1	1144	164	440	1748	27579	509	1044208	79504	76836864	17352127	26746880
126	2026-08-13T23:23:19,754952073-0700	1786688599749638656	enlightenment	enlightenment	258	2700	968	3036	6704	39254	877	1044208	79504	76836864	17352127	26746880
126	2026-08-13T23:23:19,754952073-0700	1786688599749638656	buxton2d_worker	buxton2d_worker	229	1212	32	440	1684	3642	428	1044208	79504	76836864	17352127	26746880
126	2026-08-13T23:23:19,754952073-0700	1786688599749638656	ServiceD	ServiceD	1037	588	2128	3224	5940	20247	547	1044208	79504	76836864	17352127	26746880
127	2026-08-13T23:23:21,752548989-0700	1786688601748362656	AppProcD	AppProcD	424	12680	18700	5140	36520	133030	507	1043744	79504	76836864	17352127	26746880
127	2026-08-13T23:23:21,752548989-0700	1786688601748362656	ServiceE	ServiceE	404	7804	2808	7800	18412	28183	352	1043744	79504	76836864	17352127	26746880
127	2026-08-13T23:23:21,752548989-0700	1786688601748362656	AppProcB	AppProcB	896	6852	11780	6416	25048	111567	1475	1043744	79504	76836864	17352127	26746880
127	2026-08-13T23:23:21,752548989-0700	1786688601748362656	ServiceH	ServiceH	719	3964	4004	3040	11008	21055	0	1043744	79504	76836864	17352127	26746880
127	2026-08-13T23:23:21,752548989-0700	1786688601748362656	cynara	cynara	205	1648	1032	212	2892	22065	842	1043744	79504	76836864	17352127	26746880
127	2026-08-13T23:23:21,752548989-0700	1786688601748362656	AppProcA	AppProcA	2724	1212	3644	3732	8588	36528	79	1043744	79504	76836864	17352127	26746880
127	2026-08-13T23:23:21,752548989-0700	1786688601748362656	systemd	systemd	1	1144	164	440	1748	27579	509	1043744	79504	76836864	17352127	26746880
127	2026-08-13T23:23:21,752548989-0700	1786688601748362656	enlightenment	enlightenment	258	2700	968	3036	6704	39254	877	1043744	79504	76836864	17352127	26746880
127	2026-08-13T23:23:21,752548989-0700	1786688601748362656	buxton2d_worker	buxton2d_worker	229	1212	32	440	1684	3642	428	1043744	79504	76836864	17352127	26746880
127	2026-08-13T23:23:21,752548989-0700	1786688601748362656	ServiceD	ServiceD	1037	588	2128	3224	5940	20272	547	1043744	79504	76836864	17352127	26746880
128	2026-08-13T23:23:23,753835822-0700	1786688603749599322	AppProcD	AppProcD	424	12680	18700	5140	36520	133082	507	1044528	79504	76836864	17352127	26746880
128	2026-08-13T23:23:23,753835822-0700	1786688603749599322	ServiceE	ServiceE	404	7804	2808	7800	18412	28183	352	1044528	79504	76836864	17352127	26746880
128	2026-08-13T23:23:23,753835822-0700	1786688603749599322	AppProcB	AppProcB	896	6852	11780	6416	25048	111567	1475	1044528	79504	76836864	17352127	26746880
128	2026-08-13T23:23:23,753835822-0700	1786688603749599322	ServiceH	ServiceH	719	3964	4004	3040	11008	21055	0	1044528	79504	76836864	17352127	26746880
128	2026-08-13T23:23:23,753835822-0700	1786688603749599322	cynara	cynara	205	1648	1032	212	2892	22065	842	1044528	79504	76836864	17352127	26746880
128	2026-08-13T23:23:23,753835822-0700	1786688603749599322	AppProcA	AppProcA	2724	1212	3644	3732	8588	36528	79	1044528	79504	76836864	17352127	26746880
128	2026-08-13T23:23:23,753835822-0700	1786688603749599322	systemd	systemd	1	1144	164	440	1748	27579	509	1044528	79504	76836864	17352127	26746880
128	2026-08-13T23:23:23,753835822-0700	1786688603749599322	enlightenment	enlightenment	258	2700	968	3036	6704	39254	877	1044528	79504	76836864	17352127	26746880
128	2026-08-13T23:23:23,753835822-0700	1786688603749599322	buxton2d_worker	buxton2d_worker	229	1212	32	440	1684	3642	428	1044528	79504	76836864	17352127	26746880
128	2026-08-13T23:23:23,753835822-0700	1786688603749599322	ServiceD	ServiceD	1037	588	2128	3224	5940	20272	547	1044528	79504	76836864	17352127	26746880
129	2026-08-13T23:23:25,754132155-0700	1786688605749783655	AppProcD	AppProcD	424	12680	18700	5140	36520	133082	507	1044612	79504	76836864	17352127	26746880
129	2026-08-13T23:23:25,754132155-0700	1786688605749783655	ServiceE	ServiceE	404	7804	2808	7800	18412	28183	352	1044612	79504	76836864	17352127	26746880
129	2026-08-13T23:23:25,754132155-0700	1786688605749783655	AppProcB	AppProcB	896	6852	11780	6416	25048	111607	1475	1044612	79504	76836864	17352127	26746880
129	2026-08-13T23:23:25,754132155-0700	1786688605749783655	ServiceH	ServiceH	719	3964	4004	3040	11008	21055	0	1044612	79504	76836864	17352127	26746880
129	2026-08-13T23:23:25,754132155-0700	1786688605749783655	cynara	cynara	205	1648	1032	212	2892	22065	842	1044612	79504	76836864	17352127	26746880
129	2026-08-13T23:23:25,754132155-0700	1786688605749783655	AppProcA	AppProcA	2724	1212	3644	3732	8588	36529	79	1044612	79504	76836864	17352127	26746880
129	2026-08-13T23:23:25,754132155-0700	1786688605749783655	systemd	systemd	1	1144	164	440	1748	27579	509	1044612	79504	76836864	17352127	26746880
129	2026-08-13T23:23:25,754132155-0700	1786688605749783655	enlightenment	enlightenment	258	2700	968	3036	6704	39254	877	1044612	79504	76836864	17352127	26746880
129	2026-08-13T23:23:25,754132155-0700	1786688605749783655	buxton2d_worker	buxton2d_worker	229	1212	32	440	1684	3642	428	1044612	79504	76836864	17352127	26746880
129	2026-08-13T23:23:25,754132155-0700	1786688605749783655	ServiceD	ServiceD	1037	588	2128	3224	5940	20297	547	1044612	79504	76836864	17352127	26746880
130	2026-08-13T23:23:27,753665988-0700	1786688607747254154	AppProcD	AppProcD	424	12680	18700	5140	36520	133134	507	1045020	79504	76836864	17352127	26746880
130	2026-08-13T23:23:27,753665988-0700	1786688607747254154	ServiceE	ServiceE	404	7804	2808	7800	18412	28183	352	1045020	79504	76836864	17352127	26746880
130	2026-08-13T23:23:27,753665988-0700	1786688607747254154	AppProcB	AppProcB	896	6852	11780	6416	25048	111607	1475	1045020	79504	76836864	17352127	26746880
130	2026-08-13T23:23:27,753665988-0700	1786688607747254154	ServiceH	ServiceH	719	3964	4004	3040	11008	21055	0	1045020	79504	76836864	17352127	26746880
130	2026-08-13T23:23:27,753665988-0700	1786688607747254154	cynara	cynara	205	1648	1032	212	2892	22065	842	1045020	79504	76836864	17352127	26746880
130	2026-08-13T23:23:27,753665988-0700	1786688607747254154	AppProcA	AppProcA	2724	1212	3644	3732	8588	36550	79	1045020	79504	76836864	17352127	26746880
130	2026-08-13T23:23:27,753665988-0700	1786688607747254154	systemd	systemd	1	1144	164	440	1748	27579	509	1045020	79504	76836864	17352127	26746880
130	2026-08-13T23:23:27,753665988-0700	1786688607747254154	enlightenment	enlightenment	258	2700	968	3036	6704	39254	877	1045020	79504	76836864	17352127	26746880
130	2026-08-13T23:23:27,753665988-0700	1786688607747254154	buxton2d_worker	buxton2d_worker	229	1212	32	440	1684	3642	428	1045020	79504	76836864	17352127	26746880
130	2026-08-13T23:23:27,753665988-0700	1786688607747254154	ServiceD	ServiceD	1037	588	2128	3224	5940	20297	547	1045020	79504	76836864	17352127	26746880
131	2026-08-13T23:23:29,755595154-0700	1786688609749105904	AppProcD	AppProcD	424	12680	18700	5140	36520	133134	507	1044824	79504	76836864	17352127	26746880
131	2026-08-13T23:23:29,755595154-0700	1786688609749105904	ServiceE	ServiceE	404	7804	2808	7800	18412	28183	352	1044824	79504	76836864	17352127	26746880
131	2026-08-13T23:23:29,755595154-0700	1786688609749105904	AppProcB	AppProcB	896	6852	11780	6416	25048	111647	1475	1044824	79504	76836864	17352127	26746880
131	2026-08-13T23:23:29,755595154-0700	1786688609749105904	ServiceH	ServiceH	719	3964	4004	3040	11008	21055	0	1044824	79504	76836864	17352127	26746880
131	2026-08-13T23:23:29,755595154-0700	1786688609749105904	cynara	cynara	205	1648	1032	212	2892	22065	842	1044824	79504	76836864	17352127	26746880
131	2026-08-13T23:23:29,755595154-0700	1786688609749105904	AppProcA	AppProcA	2724	1212	3644	3732	8588	36550	79	1044824	79504	76836864	17352127	26746880
131	2026-08-13T23:23:29,755595154-0700	1786688609749105904	systemd	systemd	1	1144	164	440	1748	27579	509	1044824	79504	76836864	17352127	26746880
131	2026-08-13T23:23:29,755595154-0700	1786688609749105904	enlightenment	enlightenment	258	2700	968	3036	6704	39254	877	1044824	79504	76836864	17352127	26746880
131	2026-08-13T23:23:29,755595154-0700	1786688609749105904	buxton2d_worker	buxton2d_worker	229	1212	32	440	1684	3643	428	1044824	79504	76836864	17352127	26746880
131	2026-08-13T23:23:29,755595154-0700	1786688609749105904	ServiceD	ServiceD	1037	588	2128	3224	5940	20297	547	1044824	79504	76836864	17352127	26746880
132	2026-08-13T23:23:31,750375237-0700	1786688611746214820	AppProcD	AppProcD	424	12680	18700	5140	36520	133134	507	1044356	79504	76836864	17352127	26746880
132	2026-08-13T23:23:31,750375237-0700	1786688611746214820	ServiceE	ServiceE	404	7804	2808	7800	18412	28183	352	1044356	79504	76836864	17352127	26746880
132	2026-08-13T23:23:31,750375237-0700	1786688611746214820	AppProcB	AppProcB	896	6852	11780	6416	25048	111647	1475	1044356	79504	76836864	17352127	26746880
132	2026-08-13T23:23:31,750375237-0700	1786688611746214820	ServiceH	ServiceH	719	3964	4004	3040	11008	21055	0	1044356	79504	76836864	17352127	26746880
132	2026-08-13T23:23:31,750375237-0700	1786688611746214820	cynara	cynara	205	1648	1032	212	2892	22234	842	1044356	79504	76836864	17352127	26746880
132	2026-08-13T23:23:31,750375237-0700	1786688611746214820	AppProcA	AppProcA	2724	1212	3644	3732	8588	36570	79	1044356	79504	76836864	17352127	26746880
132	2026-08-13T23:23:31,750375237-0700	1786688611746214820	systemd	systemd	1	1144	164	440	1748	27579	509	1044356	79504	76836864	17352127	26746880
132	2026-08-13T23:23:31,750375237-0700	1786688611746214820	enlightenment	enlightenment	258	2700	968	3036	6704	39254	877	1044356	79504	76836864	17352127	26746880
132	2026-08-13T23:23:31,750375237-0700	1786688611746214820	buxton2d_worker	buxton2d_worker	229	1212	32	440	1684	3643	428	1044356	79504	76836864	17352127	26746880
132	2026-08-13T23:23:31,750375237-0700	1786688611746214820	ServiceD	ServiceD	1037	588	2128	3224	5940	20322	547	1044356	79504	76836864	17352127	26746880
133	2026-08-13T23:23:33,752644320-0700	1786688613748505820	AppProcD	AppProcD	424	12680	18700	5140	36520	133186	507	1044216	79504	76836864	17352127	26746880
133	2026-08-13T23:23:33,752644320-0700	1786688613748505820	ServiceE	ServiceE	404	7804	2808	7800	18412	28183	352	1044216	79504	76836864	17352127	26746880
133	2026-08-13T23:23:33,752644320-0700	1786688613748505820	AppProcB	AppProcB	896	6852	11780	6416	25048	111647	1475	1044216	79504	76836864	17352127	26746880
133	2026-08-13T23:23:33,752644320-0700	1786688613748505820	ServiceH	ServiceH	719	3964	4004	3040	11008	21055	0	1044216	79504	76836864	17352127	26746880
133	2026-08-13T23:23:33,752644320-0700	1786688613748505820	cynara	cynara	205	1648	1032	212	2892	22234	842	1044216	79504	76836864	17352127	26746880
133	2026-08-13T23:23:33,752644320-0700	1786688613748505820	AppProcA	AppProcA	2724	1212	3644	3732	8588	36571	79	1044216	79504	76836864	17352127	26746880
133	2026-08-13T23:23:33,752644320-0700	1786688613748505820	systemd	systemd	1	1144	164	440	1748	27579	509	1044216	79504	76836864	17352127	26746880
133	2026-08-13T23:23:33,752644320-0700	1786688613748505820	enlightenment	enlightenment	258	2700	968	3036	6704	39254	877	1044216	79504	76836864	17352127	26746880
133	2026-08-13T23:23:33,752644320-0700	1786688613748505820	buxton2d_worker	buxton2d_worker	229	1212	32	440	1684	3643	428	1044216	79504	76836864	17352127	26746880
133	2026-08-13T23:23:33,752644320-0700	1786688613748505820	ServiceD	ServiceD	1037	588	2128	3224	5940	20322	547	1044216	79504	76836864	17352127	26746880
134	2026-08-13T23:23:35,755933569-0700	1786688615749118153	AppProcD	AppProcD	424	12680	18700	5140	36520	133186	507	1043748	79504	76836864	17352127	26746880
134	2026-08-13T23:23:35,755933569-0700	1786688615749118153	ServiceE	ServiceE	404	7804	2808	7800	18412	28183	352	1043748	79504	76836864	17352127	26746880
134	2026-08-13T23:23:35,755933569-0700	1786688615749118153	AppProcB	AppProcB	896	6852	11780	6416	25048	111687	1475	1043748	79504	76836864	17352127	26746880
134	2026-08-13T23:23:35,755933569-0700	1786688615749118153	ServiceH	ServiceH	719	3964	4004	3040	11008	21055	0	1043748	79504	76836864	17352127	26746880
134	2026-08-13T23:23:35,755933569-0700	1786688615749118153	cynara	cynara	205	1648	1032	212	2892	22234	842	1043748	79504	76836864	17352127	26746880
134	2026-08-13T23:23:35,755933569-0700	1786688615749118153	AppProcA	AppProcA	2724	1212	3644	3732	8588	36571	79	1043748	79504	76836864	17352127	26746880
134	2026-08-13T23:23:35,755933569-0700	1786688615749118153	systemd	systemd	1	1144	164	440	1748	27580	509	1043748	79504	76836864	17352127	26746880
134	2026-08-13T23:23:35,755933569-0700	1786688615749118153	enlightenment	enlightenment	258	2700	968	3036	6704	39254	877	1043748	79504	76836864	17352127	26746880
134	2026-08-13T23:23:35,755933569-0700	1786688615749118153	buxton2d_worker	buxton2d_worker	229	1212	32	440	1684	3643	428	1043748	79504	76836864	17352127	26746880
134	2026-08-13T23:23:35,755933569-0700	1786688615749118153	ServiceD	ServiceD	1037	588	2128	3224	5940	20347	547	1043748	79504	76836864	17352127	26746880
135	2026-08-13T23:23:37,752310652-0700	1786688617748172485	AppProcD	AppProcD	424	12680	18700	5140	36520	133238	507	1043896	79504	76836864	17352127	26746880
135	2026-08-13T23:23:37,752310652-0700	1786688617748172485	ServiceE	ServiceE	404	7804	2808	7800	18412	28183	352	1043896	79504	76836864	17352127	26746880
135	2026-08-13T23:23:37,752310652-0700	1786688617748172485	AppProcB	AppProcB	896	6852	11780	6416	25048	111687	1475	1043896	79504	76836864	17352127	26746880
135	2026-08-13T23:23:37,752310652-0700	1786688617748172485	ServiceH	ServiceH	719	3964	4004	3040	11008	21055	0	1043896	79504	76836864	17352127	26746880
135	2026-08-13T23:23:37,752310652-0700	1786688617748172485	cynara	cynara	205	1648	1032	212	2892	22234	842	1043896	79504	76836864	17352127	26746880
135	2026-08-13T23:23:37,752310652-0700	1786688617748172485	AppProcA	AppProcA	2724	1212	3644	3732	8588	36591	79	1043896	79504	76836864	17352127	26746880
135	2026-08-13T23:23:37,752310652-0700	1786688617748172485	systemd	systemd	1	1144	164	440	1748	27580	509	1043896	79504	76836864	17352127	26746880
135	2026-08-13T23:23:37,752310652-0700	1786688617748172485	enlightenment	enlightenment	258	2700	968	3036	6704	39254	877	1043896	79504	76836864	17352127	26746880
135	2026-08-13T23:23:37,752310652-0700	1786688617748172485	buxton2d_worker	buxton2d_worker	229	1212	32	440	1684	3643	428	1043896	79504	76836864	17352127	26746880
135	2026-08-13T23:23:37,752310652-0700	1786688617748172485	ServiceD	ServiceD	1037	588	2128	3224	5940	20347	547	1043896	79504	76836864	17352127	26746880
136	2026-08-13T23:23:39,751901735-0700	1786688619747760818	AppProcD	AppProcD	424	12680	18700	5140	36520	133238	507	1043720	79504	76836864	17352127	26746880
136	2026-08-13T23:23:39,751901735-0700	1786688619747760818	ServiceE	ServiceE	404	7804	2808	7800	18412	28183	352	1043720	79504	76836864	17352127	26746880
136	2026-08-13T23:23:39,751901735-0700	1786688619747760818	AppProcB	AppProcB	896	6852	11780	6416	25048	111727	1475	1043720	79504	76836864	17352127	26746880
136	2026-08-13T23:23:39,751901735-0700	1786688619747760818	ServiceH	ServiceH	719	3964	4004	3040	11008	21055	0	1043720	79504	76836864	17352127	26746880
136	2026-08-13T23:23:39,751901735-0700	1786688619747760818	cynara	cynara	205	1648	1032	212	2892	22234	842	1043720	79504	76836864	17352127	26746880
136	2026-08-13T23:23:39,751901735-0700	1786688619747760818	AppProcA	AppProcA	2724	1212	3644	3732	8588	36591	79	1043720	79504	76836864	17352127	26746880
136	2026-08-13T23:23:39,751901735-0700	1786688619747760818	systemd	systemd	1	1144	164	440	1748	27580	509	1043720	79504	76836864	17352127	26746880
136	2026-08-13T23:23:39,751901735-0700	1786688619747760818	enlightenment	enlightenment	258	2700	968	3036	6704	39254	877	1043720	79504	76836864	17352127	26746880
136	2026-08-13T23:23:39,751901735-0700	1786688619747760818	buxton2d_worker	buxton2d_worker	229	1212	32	440	1684	3643	428	1043720	79504	76836864	17352127	26746880
136	2026-08-13T23:23:39,751901735-0700	1786688619747760818	ServiceD	ServiceD	1037	588	2128	3224	5940	20347	547	1043720	79504	76836864	17352127	26746880
137	2026-08-13T23:23:41,762899651-0700	1786688621758224984	AppProcD	AppProcD	424	12680	18696	5140	36516	133238	507	1044240	79504	76836864	17352127	26746880
137	2026-08-13T23:23:41,762899651-0700	1786688621758224984	ServiceE	ServiceE	404	7804	2808	7800	18412	28183	352	1044240	79504	76836864	17352127	26746880
137	2026-08-13T23:23:41,762899651-0700	1786688621758224984	AppProcB	AppProcB	896	6852	11780	6416	25048	111753	1475	1044240	79504	76836864	17352127	26746880
137	2026-08-13T23:23:41,762899651-0700	1786688621758224984	ServiceH	ServiceH	719	3964	4004	3040	11008	21055	0	1044240	79504	76836864	17352127	26746880
137	2026-08-13T23:23:41,762899651-0700	1786688621758224984	cynara	cynara	205	1648	1032	212	2892	22234	842	1044240	79504	76836864	17352127	26746880
137	2026-08-13T23:23:41,762899651-0700	1786688621758224984	AppProcA	AppProcA	2724	1212	3644	3732	8588	36612	79	1044240	79504	76836864	17352127	26746880
137	2026-08-13T23:23:41,762899651-0700	1786688621758224984	systemd	systemd	1	1144	164	440	1748	27580	509	1044240	79504	76836864	17352127	26746880
137	2026-08-13T23:23:41,762899651-0700	1786688621758224984	enlightenment	enlightenment	258	2700	968	3036	6704	39254	877	1044240	79504	76836864	17352127	26746880
137	2026-08-13T23:23:41,762899651-0700	1786688621758224984	buxton2d_worker	buxton2d_worker	229	1212	32	440	1684	3643	428	1044240	79504	76836864	17352127	26746880
137	2026-08-13T23:23:41,762899651-0700	1786688621758224984	ServiceD	ServiceD	1037	588	2128	3224	5940	20372	547	1044240	79504	76836864	17352127	26746880
138	2026-08-13T23:23:43,751228317-0700	1786688623746896901	AppProcD	AppProcD	424	12680	18696	5140	36516	133290	507	1044556	79504	76836864	17352127	26746880
138	2026-08-13T23:23:43,751228317-0700	1786688623746896901	ServiceE	ServiceE	404	7804	2808	7800	18412	28183	352	1044556	79504	76836864	17352127	26746880
138	2026-08-13T23:23:43,751228317-0700	1786688623746896901	AppProcB	AppProcB	896	6852	11780	6416	25048	111753	1475	1044556	79504	76836864	17352127	26746880
138	2026-08-13T23:23:43,751228317-0700	1786688623746896901	ServiceH	ServiceH	719	3964	4004	3040	11008	21055	0	1044556	79504	76836864	17352127	26746880
138	2026-08-13T23:23:43,751228317-0700	1786688623746896901	cynara	cynara	205	1648	1032	212	2892	22234	842	1044556	79504	76836864	17352127	26746880
138	2026-08-13T23:23:43,751228317-0700	1786688623746896901	AppProcA	AppProcA	2724	1212	3644	3732	8588	36613	79	1044556	79504	76836864	17352127	26746880
138	2026-08-13T23:23:43,751228317-0700	1786688623746896901	systemd	systemd	1	1144	164	440	1748	27580	509	1044556	79504	76836864	17352127	26746880
138	2026-08-13T23:23:43,751228317-0700	1786688623746896901	enlightenment	enlightenment	258	2700	968	3036	6704	39254	877	1044556	79504	76836864	17352127	26746880
138	2026-08-13T23:23:43,751228317-0700	1786688623746896901	buxton2d_worker	buxton2d_worker	229	1212	32	440	1684	3643	428	1044556	79504	76836864	17352127	26746880
138	2026-08-13T23:23:43,751228317-0700	1786688623746896901	ServiceD	ServiceD	1037	588	2128	3224	5940	20372	547	1044556	79504	76836864	17352127	26746880
139	2026-08-13T23:23:45,753565900-0700	1786688625749361483	AppProcD	AppProcD	424	12680	18696	5140	36516	133290	507	1044420	79504	76836864	17352127	26746880
139	2026-08-13T23:23:45,753565900-0700	1786688625749361483	ServiceE	ServiceE	404	7804	2808	7800	18412	28183	352	1044420	79504	76836864	17352127	26746880
139	2026-08-13T23:23:45,753565900-0700	1786688625749361483	AppProcB	AppProcB	896	6852	11780	6416	25048	111793	1475	1044420	79504	76836864	17352127	26746880
139	2026-08-13T23:23:45,753565900-0700	1786688625749361483	ServiceH	ServiceH	719	3964	4004	3040	11008	21055	0	1044420	79504	76836864	17352127	26746880
139	2026-08-13T23:23:45,753565900-0700	1786688625749361483	cynara	cynara	205	1648	1032	212	2892	22234	842	1044420	79504	76836864	17352127	26746880
139	2026-08-13T23:23:45,753565900-0700	1786688625749361483	AppProcA	AppProcA	2724	1212	3644	3732	8588	36614	79	1044420	79504	76836864	17352127	26746880
139	2026-08-13T23:23:45,753565900-0700	1786688625749361483	systemd	systemd	1	1144	164	440	1748	27662	510	1044420	79504	76836864	17352127	26746880
139	2026-08-13T23:23:45,753565900-0700	1786688625749361483	enlightenment	enlightenment	258	2700	968	3036	6704	39254	877	1044420	79504	76836864	17352127	26746880
139	2026-08-13T23:23:45,753565900-0700	1786688625749361483	buxton2d_worker	buxton2d_worker	229	1212	32	440	1684	3643	428	1044420	79504	76836864	17352127	26746880
139	2026-08-13T23:23:45,753565900-0700	1786688625749361483	ServiceD	ServiceD	1037	588	2128	3224	5940	20398	547	1044420	79504	76836864	17352127	26746880
140	2026-08-13T23:23:47,753615983-0700	1786688627747432150	AppProcD	AppProcD	424	12680	18696	5140	36516	133342	507	1044600	79504	76836864	17352127	26746880
140	2026-08-13T23:23:47,753615983-0700	1786688627747432150	ServiceE	ServiceE	404	7804	2808	7800	18412	28183	352	1044600	79504	76836864	17352127	26746880
140	2026-08-13T23:23:47,753615983-0700	1786688627747432150	AppProcB	AppProcB	896	6852	11780	6416	25048	111793	1475	1044600	79504	76836864	17352127	26746880
140	2026-08-13T23:23:47,753615983-0700	1786688627747432150	ServiceH	ServiceH	719	3964	4004	3040	11008	21055	0	1044600	79504	76836864	17352127	26746880
140	2026-08-13T23:23:47,753615983-0700	1786688627747432150	cynara	cynara	205	1648	1032	212	2892	22234	842	1044600	79504	76836864	17352127	26746880
140	2026-08-13T23:23:47,753615983-0700	1786688627747432150	AppProcA	AppProcA	2724	1212	3644	3732	8588	36635	79	1044600	79504	76836864	17352127	26746880
140	2026-08-13T23:23:47,753615983-0700	1786688627747432150	systemd	systemd	1	1144	164	440	1748	27662	510	1044600	79504	76836864	17352127	26746880
140	2026-08-13T23:23:47,753615983-0700	1786688627747432150	enlightenment	enlightenment	258	2700	968	3036	6704	39254	877	1044600	79504	76836864	17352127	26746880
140	2026-08-13T23:23:47,753615983-0700	1786688627747432150	buxton2d_worker	buxton2d_worker	229	1212	32	440	1684	3643	428	1044600	79504	76836864	17352127	26746880
140	2026-08-13T23:23:47,753615983-0700	1786688627747432150	ServiceD	ServiceD	1037	588	2128	3224	5940	20398	547	1044600	79504	76836864	17352127	26746880
141	2026-08-13T23:23:49,751176899-0700	1786688629746862983	AppProcD	AppProcD	424	12680	18696	5140	36516	133342	507	1044064	79504	76836864	17352127	26746880
141	2026-08-13T23:23:49,751176899-0700	1786688629746862983	ServiceE	ServiceE	404	7804	2808	7800	18412	28183	352	1044064	79504	76836864	17352127	26746880
141	2026-08-13T23:23:49,751176899-0700	1786688629746862983	AppProcB	AppProcB	896	6852	11780	6416	25048	111833	1475	1044064	79504	76836864	17352127	26746880
141	2026-08-13T23:23:49,751176899-0700	1786688629746862983	ServiceH	ServiceH	719	3964	4004	3040	11008	21055	0	1044064	79504	76836864	17352127	26746880
141	2026-08-13T23:23:49,751176899-0700	1786688629746862983	cynara	cynara	205	1648	1032	212	2892	22234	842	1044064	79504	76836864	17352127	26746880
141	2026-08-13T23:23:49,751176899-0700	1786688629746862983	AppProcA	AppProcA	2724	1212	3644	3732	8588	36636	79	1044064	79504	76836864	17352127	26746880
141	2026-08-13T23:23:49,751176899-0700	1786688629746862983	systemd	systemd	1	1144	164	440	1748	27662	510	1044064	79504	76836864	17352127	26746880
141	2026-08-13T23:23:49,751176899-0700	1786688629746862983	enlightenment	enlightenment	258	2700	968	3036	6704	39254	877	1044064	79504	76836864	17352127	26746880
141	2026-08-13T23:23:49,751176899-0700	1786688629746862983	buxton2d_worker	buxton2d_worker	229	1212	32	440	1684	3643	428	1044064	79504	76836864	17352127	26746880
141	2026-08-13T23:23:49,751176899-0700	1786688629746862983	ServiceD	ServiceD	1037	588	2128	3224	5940	20398	547	1044064	79504	76836864	17352127	26746880
142	2026-08-13T23:23:51,753450815-0700	1786688631746451149	AppProcD	AppProcD	424	12680	18696	5140	36516	133342	507	1044424	79504	76836864	17352127	26746880
142	2026-08-13T23:23:51,753450815-0700	1786688631746451149	ServiceE	ServiceE	404	7804	2808	7800	18412	28183	352	1044424	79504	76836864	17352127	26746880
142	2026-08-13T23:23:51,753450815-0700	1786688631746451149	AppProcB	AppProcB	896	6852	11780	6416	25048	111833	1475	1044424	79504	76836864	17352127	26746880
142	2026-08-13T23:23:51,753450815-0700	1786688631746451149	ServiceH	ServiceH	719	3964	4004	3040	11008	21055	0	1044424	79504	76836864	17352127	26746880
142	2026-08-13T23:23:51,753450815-0700	1786688631746451149	cynara	cynara	205	1648	1032	212	2892	22234	842	1044424	79504	76836864	17352127	26746880
142	2026-08-13T23:23:51,753450815-0700	1786688631746451149	AppProcA	AppProcA	2724	1212	3644	3732	8588	36656	79	1044424	79504	76836864	17352127	26746880
142	2026-08-13T23:23:51,753450815-0700	1786688631746451149	systemd	systemd	1	1144	164	440	1748	27662	510	1044424	79504	76836864	17352127	26746880
142	2026-08-13T23:23:51,753450815-0700	1786688631746451149	enlightenment	enlightenment	258	2700	968	3036	6704	39254	877	1044424	79504	76836864	17352127	26746880
142	2026-08-13T23:23:51,753450815-0700	1786688631746451149	buxton2d_worker	buxton2d_worker	229	1212	32	440	1684	3643	428	1044424	79504	76836864	17352127	26746880
142	2026-08-13T23:23:51,753450815-0700	1786688631746451149	ServiceD	ServiceD	1037	588	2128	3224	5940	20424	547	1044424	79504	76836864	17352127	26746880
143	2026-08-13T23:23:53,753184315-0700	1786688633749053482	AppProcD	AppProcD	424	12680	18696	5140	36516	133394	507	1044184	79504	76836864	17352127	26746880
143	2026-08-13T23:23:53,753184315-0700	1786688633749053482	ServiceE	ServiceE	404	7804	2808	7800	18412	28183	352	1044184	79504	76836864	17352127	26746880
143	2026-08-13T23:23:53,753184315-0700	1786688633749053482	AppProcB	AppProcB	896	6852	11780	6416	25048	111833	1475	1044184	79504	76836864	17352127	26746880
143	2026-08-13T23:23:53,753184315-0700	1786688633749053482	ServiceH	ServiceH	719	3964	4004	3040	11008	21055	0	1044184	79504	76836864	17352127	26746880
143	2026-08-13T23:23:53,753184315-0700	1786688633749053482	cynara	cynara	205	1648	1032	212	2892	22234	842	1044184	79504	76836864	17352127	26746880
143	2026-08-13T23:23:53,753184315-0700	1786688633749053482	AppProcA	AppProcA	2724	1212	3644	3732	8588	36656	79	1044184	79504	76836864	17352127	26746880
143	2026-08-13T23:23:53,753184315-0700	1786688633749053482	systemd	systemd	1	1144	164	440	1748	27662	510	1044184	79504	76836864	17352127	26746880
143	2026-08-13T23:23:53,753184315-0700	1786688633749053482	enlightenment	enlightenment	258	2700	968	3036	6704	39254	877	1044184	79504	76836864	17352127	26746880
143	2026-08-13T23:23:53,753184315-0700	1786688633749053482	buxton2d_worker	buxton2d_worker	229	1212	32	440	1684	3643	428	1044184	79504	76836864	17352127	26746880
143	2026-08-13T23:23:53,753184315-0700	1786688633749053482	ServiceD	ServiceD	1037	588	2128	3224	5940	20424	547	1044184	79504	76836864	17352127	26746880
144	2026-08-13T23:23:55,754422148-0700	1786688635748433231	AppProcD	AppProcD	424	12680	18696	5140	36516	133394	507	1043992	79504	76836864	17352127	26746880
144	2026-08-13T23:23:55,754422148-0700	1786688635748433231	ServiceE	ServiceE	404	7804	2808	7800	18412	28183	352	1043992	79504	76836864	17352127	26746880
144	2026-08-13T23:23:55,754422148-0700	1786688635748433231	AppProcB	AppProcB	896	6852	11780	6416	25048	111873	1475	1043992	79504	76836864	17352127	26746880
144	2026-08-13T23:23:55,754422148-0700	1786688635748433231	ServiceH	ServiceH	719	3964	4004	3040	11008	21055	0	1043992	79504	76836864	17352127	26746880
144	2026-08-13T23:23:55,754422148-0700	1786688635748433231	cynara	cynara	205	1648	1032	212	2892	22234	842	1043992	79504	76836864	17352127	26746880
144	2026-08-13T23:23:55,754422148-0700	1786688635748433231	AppProcA	AppProcA	2724	1212	3644	3732	8588	36656	79	1043992	79504	76836864	17352127	26746880
144	2026-08-13T23:23:55,754422148-0700	1786688635748433231	systemd	systemd	1	1144	164	440	1748	27669	510	1043992	79504	76836864	17352127	26746880
144	2026-08-13T23:23:55,754422148-0700	1786688635748433231	enlightenment	enlightenment	258	2700	968	3036	6704	39254	877	1043992	79504	76836864	17352127	26746880
144	2026-08-13T23:23:55,754422148-0700	1786688635748433231	buxton2d_worker	buxton2d_worker	229	1212	32	440	1684	3643	428	1043992	79504	76836864	17352127	26746880
144	2026-08-13T23:23:55,754422148-0700	1786688635748433231	ServiceD	ServiceD	1037	588	2128	3224	5940	20449	547	1043992	79504	76836864	17352127	26746880
145	2026-08-13T23:23:57,752255147-0700	1786688637748129564	AppProcD	AppProcD	424	12680	18696	5140	36516	133446	507	1044368	79504	76836864	17352127	26746880
145	2026-08-13T23:23:57,752255147-0700	1786688637748129564	ServiceE	ServiceE	404	7804	2808	7800	18412	28183	352	1044368	79504	76836864	17352127	26746880
145	2026-08-13T23:23:57,752255147-0700	1786688637748129564	AppProcB	AppProcB	896	6852	11780	6416	25048	111873	1475	1044368	79504	76836864	17352127	26746880
145	2026-08-13T23:23:57,752255147-0700	1786688637748129564	ServiceH	ServiceH	719	3964	4004	3040	11008	21055	0	1044368	79504	76836864	17352127	26746880
145	2026-08-13T23:23:57,752255147-0700	1786688637748129564	cynara	cynara	205	1648	1032	212	2892	22234	842	1044368	79504	76836864	17352127	26746880
145	2026-08-13T23:23:57,752255147-0700	1786688637748129564	AppProcA	AppProcA	2724	1212	3644	3732	8588	36676	79	1044368	79504	76836864	17352127	26746880
145	2026-08-13T23:23:57,752255147-0700	1786688637748129564	systemd	systemd	1	1144	164	440	1748	27669	510	1044368	79504	76836864	17352127	26746880
145	2026-08-13T23:23:57,752255147-0700	1786688637748129564	enlightenment	enlightenment	258	2700	968	3036	6704	39254	877	1044368	79504	76836864	17352127	26746880
145	2026-08-13T23:23:57,752255147-0700	1786688637748129564	buxton2d_worker	buxton2d_worker	229	1212	32	440	1684	3644	428	1044368	79504	76836864	17352127	26746880
145	2026-08-13T23:23:57,752255147-0700	1786688637748129564	ServiceD	ServiceD	1037	588	2128	3224	5940	20449	547	1044368	79504	76836864	17352127	26746880
146	2026-08-13T23:23:59,756088313-0700	1786688639751394480	AppProcD	AppProcD	424	12680	18696	5140	36516	133446	507	1044376	79504	76836864	17352127	26746880
146	2026-08-13T23:23:59,756088313-0700	1786688639751394480	ServiceE	ServiceE	404	7804	2808	7800	18412	28183	352	1044376	79504	76836864	17352127	26746880
146	2026-08-13T23:23:59,756088313-0700	1786688639751394480	AppProcB	AppProcB	896	6852	11780	6416	25048	111913	1475	1044376	79504	76836864	17352127	26746880
146	2026-08-13T23:23:59,756088313-0700	1786688639751394480	ServiceH	ServiceH	719	3964	4004	3040	11008	21055	0	1044376	79504	76836864	17352127	26746880
146	2026-08-13T23:23:59,756088313-0700	1786688639751394480	cynara	cynara	205	1648	1032	212	2892	22234	842	1044376	79504	76836864	17352127	26746880
146	2026-08-13T23:23:59,756088313-0700	1786688639751394480	AppProcA	AppProcA	2724	1212	3644	3732	8588	36676	79	1044376	79504	76836864	17352127	26746880
146	2026-08-13T23:23:59,756088313-0700	1786688639751394480	systemd	systemd	1	1144	164	440	1748	27669	510	1044376	79504	76836864	17352127	26746880
146	2026-08-13T23:23:59,756088313-0700	1786688639751394480	enlightenment	enlightenment	258	2700	968	3036	6704	39254	877	1044376	79504	76836864	17352127	26746880
146	2026-08-13T23:23:59,756088313-0700	1786688639751394480	buxton2d_worker	buxton2d_worker	229	1212	32	440	1684	3644	428	1044376	79504	76836864	17352127	26746880
146	2026-08-13T23:23:59,756088313-0700	1786688639751394480	ServiceD	ServiceD	1037	588	2128	3224	5940	20449	547	1044376	79504	76836864	17352127	26746880
147	2026-08-13T23:24:01,751160563-0700	1786688641746412230	AppProcD	AppProcD	424	12680	18696	5140	36516	133446	507	1044724	79504	76836864	17352127	26746880
147	2026-08-13T23:24:01,751160563-0700	1786688641746412230	ServiceE	ServiceE	404	7804	2808	7800	18412	28183	352	1044724	79504	76836864	17352127	26746880
147	2026-08-13T23:24:01,751160563-0700	1786688641746412230	AppProcB	AppProcB	896	6852	11780	6416	25048	111913	1475	1044724	79504	76836864	17352127	26746880
147	2026-08-13T23:24:01,751160563-0700	1786688641746412230	ServiceH	ServiceH	719	3964	4004	3040	11008	21055	0	1044724	79504	76836864	17352127	26746880
147	2026-08-13T23:24:01,751160563-0700	1786688641746412230	cynara	cynara	205	1648	1032	212	2892	22234	842	1044724	79504	76836864	17352127	26746880
147	2026-08-13T23:24:01,751160563-0700	1786688641746412230	AppProcA	AppProcA	2724	1212	3644	3732	8588	36696	79	1044724	79504	76836864	17352127	26746880
147	2026-08-13T23:24:01,751160563-0700	1786688641746412230	systemd	systemd	1	1144	164	440	1748	27669	510	1044724	79504	76836864	17352127	26746880
147	2026-08-13T23:24:01,751160563-0700	1786688641746412230	enlightenment	enlightenment	258	2700	968	3036	6704	39254	877	1044724	79504	76836864	17352127	26746880
147	2026-08-13T23:24:01,751160563-0700	1786688641746412230	buxton2d_worker	buxton2d_worker	229	1212	32	440	1684	3644	428	1044724	79504	76836864	17352127	26746880
147	2026-08-13T23:24:01,751160563-0700	1786688641746412230	ServiceD	ServiceD	1037	588	2128	3224	5940	20475	547	1044724	79504	76836864	17352127	26746880
148	2026-08-13T23:24:03,755995563-0700	1786688643749555063	AppProcD	AppProcD	424	12680	18696	5140	36516	133498	507	1044948	79504	76836864	17352127	26746880
148	2026-08-13T23:24:03,755995563-0700	1786688643749555063	ServiceE	ServiceE	404	7804	2808	7800	18412	28183	352	1044948	79504	76836864	17352127	26746880
148	2026-08-13T23:24:03,755995563-0700	1786688643749555063	AppProcB	AppProcB	896	6852	11780	6416	25048	111913	1475	1044948	79504	76836864	17352127	26746880
148	2026-08-13T23:24:03,755995563-0700	1786688643749555063	ServiceH	ServiceH	719	3964	4004	3040	11008	21055	0	1044948	79504	76836864	17352127	26746880
148	2026-08-13T23:24:03,755995563-0700	1786688643749555063	cynara	cynara	205	1648	1032	212	2892	22234	842	1044948	79504	76836864	17352127	26746880
148	2026-08-13T23:24:03,755995563-0700	1786688643749555063	AppProcA	AppProcA	2724	1212	3644	3732	8588	36697	79	1044948	79504	76836864	17352127	26746880
148	2026-08-13T23:24:03,755995563-0700	1786688643749555063	systemd	systemd	1	1144	164	440	1748	27669	510	1044948	79504	76836864	17352127	26746880
148	2026-08-13T23:24:03,755995563-0700	1786688643749555063	enlightenment	enlightenment	258	2700	968	3036	6704	39254	877	1044948	79504	76836864	17352127	26746880
148	2026-08-13T23:24:03,755995563-0700	1786688643749555063	buxton2d_worker	buxton2d_worker	229	1212	32	440	1684	3644	428	1044948	79504	76836864	17352127	26746880
148	2026-08-13T23:24:03,755995563-0700	1786688643749555063	ServiceD	ServiceD	1037	588	2128	3224	5940	20475	547	1044948	79504	76836864	17352127	26746880
149	2026-08-13T23:24:05,752752479-0700	1786688645748585645	AppProcD	AppProcD	424	12680	18696	5140	36516	133498	507	1044444	79504	76836864	17352127	26746880
149	2026-08-13T23:24:05,752752479-0700	1786688645748585645	ServiceE	ServiceE	404	7804	2808	7800	18412	28183	352	1044444	79504	76836864	17352127	26746880
149	2026-08-13T23:24:05,752752479-0700	1786688645748585645	AppProcB	AppProcB	896	6852	11780	6416	25048	111953	1475	1044444	79504	76836864	17352127	26746880
149	2026-08-13T23:24:05,752752479-0700	1786688645748585645	ServiceH	ServiceH	719	3964	4004	3040	11008	21055	0	1044444	79504	76836864	17352127	26746880
149	2026-08-13T23:24:05,752752479-0700	1786688645748585645	cynara	cynara	205	1648	1032	212	2892	22234	842	1044444	79504	76836864	17352127	26746880
149	2026-08-13T23:24:05,752752479-0700	1786688645748585645	AppProcA	AppProcA	2724	1212	3644	3732	8588	36698	79	1044444	79504	76836864	17352127	26746880
149	2026-08-13T23:24:05,752752479-0700	1786688645748585645	systemd	systemd	1	1144	164	440	1748	27670	510	1044444	79504	76836864	17352127	26746880
149	2026-08-13T23:24:05,752752479-0700	1786688645748585645	enlightenment	enlightenment	258	2700	968	3036	6704	39254	877	1044444	79504	76836864	17352127	26746880
149	2026-08-13T23:24:05,752752479-0700	1786688645748585645	buxton2d_worker	buxton2d_worker	229	1212	32	440	1684	3645	428	1044444	79504	76836864	17352127	26746880
149	2026-08-13T23:24:05,752752479-0700	1786688645748585645	ServiceD	ServiceD	1037	588	2128	3224	5940	20502	547	1044444	79504	76836864	17352127	26746880
150	2026-08-13T23:24:07,751869645-0700	1786688647747571645	AppProcD	AppProcD	424	12680	18696	5140	36516	133550	507	1044784	79504	76836864	17352127	26746880
150	2026-08-13T23:24:07,751869645-0700	1786688647747571645	ServiceE	ServiceE	404	7804	2808	7800	18412	28183	352	1044784	79504	76836864	17352127	26746880
150	2026-08-13T23:24:07,751869645-0700	1786688647747571645	AppProcB	AppProcB	896	6852	11780	6416	25048	111953	1475	1044784	79504	76836864	17352127	26746880
150	2026-08-13T23:24:07,751869645-0700	1786688647747571645	ServiceH	ServiceH	719	3964	4004	3040	11008	21055	0	1044784	79504	76836864	17352127	26746880
150	2026-08-13T23:24:07,751869645-0700	1786688647747571645	cynara	cynara	205	1648	1032	212	2892	22234	842	1044784	79504	76836864	17352127	26746880
150	2026-08-13T23:24:07,751869645-0700	1786688647747571645	AppProcA	AppProcA	2724	1212	3644	3732	8588	36718	79	1044784	79504	76836864	17352127	26746880
150	2026-08-13T23:24:07,751869645-0700	1786688647747571645	systemd	systemd	1	1144	164	440	1748	27673	510	1044784	79504	76836864	17352127	26746880
150	2026-08-13T23:24:07,751869645-0700	1786688647747571645	enlightenment	enlightenment	258	2700	968	3036	6704	39254	877	1044784	79504	76836864	17352127	26746880
150	2026-08-13T23:24:07,751869645-0700	1786688647747571645	buxton2d_worker	buxton2d_worker	229	1212	32	440	1684	3645	428	1044784	79504	76836864	17352127	26746880
150	2026-08-13T23:24:07,751869645-0700	1786688647747571645	ServiceD	ServiceD	1037	588	2128	3224	5940	20502	547	1044784	79504	76836864	17352127	26746880
151	2026-08-13T23:24:09,755410728-0700	1786688649747215561	AppProcD	AppProcD	424	12680	18696	5140	36516	133550	507	1044688	79504	76836864	17352127	26746880
151	2026-08-13T23:24:09,755410728-0700	1786688649747215561	ServiceE	ServiceE	404	7804	2808	7800	18412	28183	352	1044688	79504	76836864	17352127	26746880
151	2026-08-13T23:24:09,755410728-0700	1786688649747215561	AppProcB	AppProcB	896	6852	11780	6416	25048	111993	1475	1044688	79504	76836864	17352127	26746880
151	2026-08-13T23:24:09,755410728-0700	1786688649747215561	ServiceH	ServiceH	719	3964	4004	3040	11008	21055	0	1044688	79504	76836864	17352127	26746880
151	2026-08-13T23:24:09,755410728-0700	1786688649747215561	cynara	cynara	205	1648	1032	212	2892	22234	842	1044688	79504	76836864	17352127	26746880
151	2026-08-13T23:24:09,755410728-0700	1786688649747215561	AppProcA	AppProcA	2724	1212	3644	3732	8588	36719	79	1044688	79504	76836864	17352127	26746880
151	2026-08-13T23:24:09,755410728-0700	1786688649747215561	systemd	systemd	1	1144	164	440	1748	27673	510	1044688	79504	76836864	17352127	26746880
151	2026-08-13T23:24:09,755410728-0700	1786688649747215561	enlightenment	enlightenment	258	2700	968	3036	6704	39254	877	1044688	79504	76836864	17352127	26746880
151	2026-08-13T23:24:09,755410728-0700	1786688649747215561	buxton2d_worker	buxton2d_worker	229	1212	32	440	1684	3646	428	1044688	79504	76836864	17352127	26746880
151	2026-08-13T23:24:09,755410728-0700	1786688649747215561	ServiceD	ServiceD	1037	588	2128	3224	5940	20502	547	1044688	79504	76836864	17352127	26746880
152	2026-08-13T23:24:11,758431061-0700	1786688651749391811	AppProcD	AppProcD	424	12680	18696	5140	36516	133550	507	1045192	79504	76836864	17352127	26746880
152	2026-08-13T23:24:11,758431061-0700	1786688651749391811	ServiceE	ServiceE	404	7804	2808	7800	18412	28183	352	1045192	79504	76836864	17352127	26746880
152	2026-08-13T23:24:11,758431061-0700	1786688651749391811	AppProcB	AppProcB	896	6852	11780	6416	25048	111993	1475	1045192	79504	76836864	17352127	26746880
152	2026-08-13T23:24:11,758431061-0700	1786688651749391811	ServiceH	ServiceH	719	3964	4004	3040	11008	21055	0	1045192	79504	76836864	17352127	26746880
152	2026-08-13T23:24:11,758431061-0700	1786688651749391811	cynara	cynara	205	1648	1032	212	2892	22234	842	1045192	79504	76836864	17352127	26746880
152	2026-08-13T23:24:11,758431061-0700	1786688651749391811	AppProcA	AppProcA	2724	1212	3644	3732	8588	36740	79	1045192	79504	76836864	17352127	26746880
152	2026-08-13T23:24:11,758431061-0700	1786688651749391811	systemd	systemd	1	1144	164	440	1748	27673	510	1045192	79504	76836864	17352127	26746880
152	2026-08-13T23:24:11,758431061-0700	1786688651749391811	enlightenment	enlightenment	258	2700	968	3036	6704	39254	877	1045192	79504	76836864	17352127	26746880
152	2026-08-13T23:24:11,758431061-0700	1786688651749391811	buxton2d_worker	buxton2d_worker	229	1212	32	440	1684	3646	428	1045192	79504	76836864	17352127	26746880
152	2026-08-13T23:24:11,758431061-0700	1786688651749391811	ServiceD	ServiceD	1037	588	2128	3224	5940	20528	547	1045192	79504	76836864	17352127	26746880
153	2026-08-13T23:24:13,754905060-0700	1786688653750361643	AppProcD	AppProcD	424	12680	18696	5140	36516	133602	507	1044952	79504	76836864	17352127	26746880
153	2026-08-13T23:24:13,754905060-0700	1786688653750361643	ServiceE	ServiceE	404	7804	2808	7800	18412	28183	352	1044952	79504	76836864	17352127	26746880
153	2026-08-13T23:24:13,754905060-0700	1786688653750361643	AppProcB	AppProcB	896	6852	11780	6416	25048	111993	1475	1044952	79504	76836864	17352127	26746880
153	2026-08-13T23:24:13,754905060-0700	1786688653750361643	ServiceH	ServiceH	719	3964	4004	3040	11008	21055	0	1044952	79504	76836864	17352127	26746880
153	2026-08-13T23:24:13,754905060-0700	1786688653750361643	cynara	cynara	205	1648	1032	212	2892	22234	842	1044952	79504	76836864	17352127	26746880
153	2026-08-13T23:24:13,754905060-0700	1786688653750361643	AppProcA	AppProcA	2724	1212	3644	3732	8588	36741	79	1044952	79504	76836864	17352127	26746880
153	2026-08-13T23:24:13,754905060-0700	1786688653750361643	systemd	systemd	1	1144	164	440	1748	27673	510	1044952	79504	76836864	17352127	26746880
153	2026-08-13T23:24:13,754905060-0700	1786688653750361643	enlightenment	enlightenment	258	2700	968	3036	6704	39254	877	1044952	79504	76836864	17352127	26746880
153	2026-08-13T23:24:13,754905060-0700	1786688653750361643	buxton2d_worker	buxton2d_worker	229	1212	32	440	1684	3647	428	1044952	79504	76836864	17352127	26746880
153	2026-08-13T23:24:13,754905060-0700	1786688653750361643	ServiceD	ServiceD	1037	588	2128	3224	5940	20528	547	1044952	79504	76836864	17352127	26746880
154	2026-08-13T23:24:15,752422476-0700	1786688655748151393	AppProcD	AppProcD	424	12680	18696	5140	36516	133602	507	1045052	79504	76836864	17352127	26746880
154	2026-08-13T23:24:15,752422476-0700	1786688655748151393	ServiceE	ServiceE	404	7804	2808	7800	18412	28183	352	1045052	79504	76836864	17352127	26746880
154	2026-08-13T23:24:15,752422476-0700	1786688655748151393	AppProcB	AppProcB	896	6852	11780	6416	25048	112033	1475	1045052	79504	76836864	17352127	26746880
154	2026-08-13T23:24:15,752422476-0700	1786688655748151393	ServiceH	ServiceH	719	3964	4004	3040	11008	21055	0	1045052	79504	76836864	17352127	26746880
154	2026-08-13T23:24:15,752422476-0700	1786688655748151393	cynara	cynara	205	1648	1032	212	2892	22234	842	1045052	79504	76836864	17352127	26746880
154	2026-08-13T23:24:15,752422476-0700	1786688655748151393	AppProcA	AppProcA	2724	1212	3644	3732	8588	36741	79	1045052	79504	76836864	17352127	26746880
154	2026-08-13T23:24:15,752422476-0700	1786688655748151393	systemd	systemd	1	1144	164	440	1748	27674	510	1045052	79504	76836864	17352127	26746880
154	2026-08-13T23:24:15,752422476-0700	1786688655748151393	enlightenment	enlightenment	258	2700	968	3036	6704	39254	877	1045052	79504	76836864	17352127	26746880
154	2026-08-13T23:24:15,752422476-0700	1786688655748151393	buxton2d_worker	buxton2d_worker	229	1212	32	440	1684	3647	428	1045052	79504	76836864	17352127	26746880
154	2026-08-13T23:24:15,752422476-0700	1786688655748151393	ServiceD	ServiceD	1037	588	2128	3224	5940	20555	547	1045052	79504	76836864	17352127	26746880
155	2026-08-13T23:24:17,752718059-0700	1786688657748557893	AppProcD	AppProcD	424	12676	18696	5140	36512	133654	507	1045296	79504	76836864	17352127	26746880
155	2026-08-13T23:24:17,752718059-0700	1786688657748557893	ServiceE	ServiceE	404	7804	2808	7800	18412	28183	352	1045296	79504	76836864	17352127	26746880
155	2026-08-13T23:24:17,752718059-0700	1786688657748557893	AppProcB	AppProcB	896	6852	11780	6416	25048	112033	1475	1045296	79504	76836864	17352127	26746880
155	2026-08-13T23:24:17,752718059-0700	1786688657748557893	ServiceH	ServiceH	719	3964	4004	3040	11008	21055	0	1045296	79504	76836864	17352127	26746880
155	2026-08-13T23:24:17,752718059-0700	1786688657748557893	cynara	cynara	205	1648	1032	212	2892	22234	842	1045296	79504	76836864	17352127	26746880
155	2026-08-13T23:24:17,752718059-0700	1786688657748557893	AppProcA	AppProcA	2724	1212	3644	3732	8588	36763	79	1045296	79504	76836864	17352127	26746880
155	2026-08-13T23:24:17,752718059-0700	1786688657748557893	systemd	systemd	1	1144	164	440	1748	27674	510	1045296	79504	76836864	17352127	26746880
155	2026-08-13T23:24:17,752718059-0700	1786688657748557893	enlightenment	enlightenment	258	2688	968	3036	6692	39254	877	1045296	79504	76836864	17352127	26746880
155	2026-08-13T23:24:17,752718059-0700	1786688657748557893	buxton2d_worker	buxton2d_worker	229	1212	32	440	1684	3647	428	1045296	79504	76836864	17352127	26746880
155	2026-08-13T23:24:17,752718059-0700	1786688657748557893	ServiceD	ServiceD	1037	588	2128	3224	5940	20555	547	1045296	79504	76836864	17352127	26746880
156	2026-08-13T23:24:19,752336059-0700	1786688659747979725	AppProcD	AppProcD	424	12676	18696	5140	36512	133654	507	1045416	79504	76836864	17352127	26746880
156	2026-08-13T23:24:19,752336059-0700	1786688659747979725	ServiceE	ServiceE	404	7804	2808	7800	18412	28183	352	1045416	79504	76836864	17352127	26746880
156	2026-08-13T23:24:19,752336059-0700	1786688659747979725	AppProcB	AppProcB	896	6852	11780	6416	25048	112073	1475	1045416	79504	76836864	17352127	26746880
156	2026-08-13T23:24:19,752336059-0700	1786688659747979725	ServiceH	ServiceH	719	3964	4004	3040	11008	21055	0	1045416	79504	76836864	17352127	26746880
156	2026-08-13T23:24:19,752336059-0700	1786688659747979725	cynara	cynara	205	1648	1032	212	2892	22234	842	1045416	79504	76836864	17352127	26746880
156	2026-08-13T23:24:19,752336059-0700	1786688659747979725	AppProcA	AppProcA	2724	1212	3644	3732	8588	36763	79	1045416	79504	76836864	17352127	26746880
156	2026-08-13T23:24:19,752336059-0700	1786688659747979725	systemd	systemd	1	1144	164	440	1748	27674	510	1045416	79504	76836864	17352127	26746880
156	2026-08-13T23:24:19,752336059-0700	1786688659747979725	enlightenment	enlightenment	258	2688	968	3036	6692	39254	877	1045416	79504	76836864	17352127	26746880
156	2026-08-13T23:24:19,752336059-0700	1786688659747979725	buxton2d_worker	buxton2d_worker	229	1212	32	440	1684	3647	428	1045416	79504	76836864	17352127	26746880
156	2026-08-13T23:24:19,752336059-0700	1786688659747979725	ServiceD	ServiceD	1037	588	2128	3224	5940	20555	547	1045416	79504	76836864	17352127	26746880
157	2026-08-13T23:24:21,755530142-0700	1786688661748972892	AppProcD	AppProcD	424	12676	18696	5140	36512	133654	507	1045376	79504	76836864	17352127	26746880
157	2026-08-13T23:24:21,755530142-0700	1786688661748972892	ServiceE	ServiceE	404	7804	2808	7800	18412	28183	352	1045376	79504	76836864	17352127	26746880
157	2026-08-13T23:24:21,755530142-0700	1786688661748972892	AppProcB	AppProcB	896	6852	11780	6416	25048	112073	1475	1045376	79504	76836864	17352127	26746880
157	2026-08-13T23:24:21,755530142-0700	1786688661748972892	ServiceH	ServiceH	719	3964	4004	3040	11008	21055	0	1045376	79504	76836864	17352127	26746880
157	2026-08-13T23:24:21,755530142-0700	1786688661748972892	cynara	cynara	205	1648	1032	212	2892	22234	842	1045376	79504	76836864	17352127	26746880
157	2026-08-13T23:24:21,755530142-0700	1786688661748972892	AppProcA	AppProcA	2724	1212	3644	3732	8588	36785	79	1045376	79504	76836864	17352127	26746880
157	2026-08-13T23:24:21,755530142-0700	1786688661748972892	systemd	systemd	1	1144	164	440	1748	27674	510	1045376	79504	76836864	17352127	26746880
157	2026-08-13T23:24:21,755530142-0700	1786688661748972892	enlightenment	enlightenment	258	2688	968	3036	6692	39254	877	1045376	79504	76836864	17352127	26746880
157	2026-08-13T23:24:21,755530142-0700	1786688661748972892	buxton2d_worker	buxton2d_worker	229	1212	32	440	1684	3647	428	1045376	79504	76836864	17352127	26746880
157	2026-08-13T23:24:21,755530142-0700	1786688661748972892	ServiceD	ServiceD	1037	588	2128	3224	5940	20580	547	1045376	79504	76836864	17352127	26746880
158	2026-08-13T23:24:23,752768058-0700	1786688663746495808	AppProcD	AppProcD	424	12676	18696	5140	36512	133706	507	1045232	79504	76836864	17352127	26746880
158	2026-08-13T23:24:23,752768058-0700	1786688663746495808	ServiceE	ServiceE	404	7804	2808	7800	18412	28183	352	1045232	79504	76836864	17352127	26746880
158	2026-08-13T23:24:23,752768058-0700	1786688663746495808	AppProcB	AppProcB	896	6852	11780	6416	25048	112073	1475	1045232	79504	76836864	17352127	26746880
158	2026-08-13T23:24:23,752768058-0700	1786688663746495808	ServiceH	ServiceH	719	3964	4004	3040	11008	21055	0	1045232	79504	76836864	17352127	26746880
158	2026-08-13T23:24:23,752768058-0700	1786688663746495808	cynara	cynara	205	1648	1032	212	2892	22234	842	1045232	79504	76836864	17352127	26746880
158	2026-08-13T23:24:23,752768058-0700	1786688663746495808	AppProcA	AppProcA	2724	1212	3644	3732	8588	36785	79	1045232	79504	76836864	17352127	26746880
158	2026-08-13T23:24:23,752768058-0700	1786688663746495808	systemd	systemd	1	1144	164	440	1748	27674	510	1045232	79504	76836864	17352127	26746880
158	2026-08-13T23:24:23,752768058-0700	1786688663746495808	enlightenment	enlightenment	258	2688	968	3036	6692	39254	877	1045232	79504	76836864	17352127	26746880
158	2026-08-13T23:24:23,752768058-0700	1786688663746495808	buxton2d_worker	buxton2d_worker	229	1212	32	440	1684	3648	428	1045232	79504	76836864	17352127	26746880
158	2026-08-13T23:24:23,752768058-0700	1786688663746495808	ServiceD	ServiceD	1037	588	2128	3224	5940	20580	547	1045232	79504	76836864	17352127	26746880
159	2026-08-13T23:24:25,755836057-0700	1786688665751211641	AppProcD	AppProcD	424	12676	18696	5140	36512	133706	507	1045536	79504	76836864	17352127	26746880
159	2026-08-13T23:24:25,755836057-0700	1786688665751211641	ServiceE	ServiceE	404	7804	2808	7800	18412	28183	352	1045536	79504	76836864	17352127	26746880
159	2026-08-13T23:24:25,755836057-0700	1786688665751211641	AppProcB	AppProcB	896	6852	11780	6416	25048	112113	1475	1045536	79504	76836864	17352127	26746880
159	2026-08-13T23:24:25,755836057-0700	1786688665751211641	ServiceH	ServiceH	719	3964	4004	3040	11008	21055	0	1045536	79504	76836864	17352127	26746880
159	2026-08-13T23:24:25,755836057-0700	1786688665751211641	cynara	cynara	205	1648	1032	212	2892	22234	842	1045536	79504	76836864	17352127	26746880
159	2026-08-13T23:24:25,755836057-0700	1786688665751211641	AppProcA	AppProcA	2724	1212	3644	3732	8588	36785	79	1045536	79504	76836864	17352127	26746880
159	2026-08-13T23:24:25,755836057-0700	1786688665751211641	systemd	systemd	1	1144	164	440	1748	27674	510	1045536	79504	76836864	17352127	26746880
159	2026-08-13T23:24:25,755836057-0700	1786688665751211641	enlightenment	enlightenment	258	2688	968	3036	6692	39254	877	1045536	79504	76836864	17352127	26746880
159	2026-08-13T23:24:25,755836057-0700	1786688665751211641	buxton2d_worker	buxton2d_worker	229	1212	32	440	1684	3648	428	1045536	79504	76836864	17352127	26746880
159	2026-08-13T23:24:25,755836057-0700	1786688665751211641	ServiceD	ServiceD	1037	588	2128	3224	5940	20605	547	1045536	79504	76836864	17352127	26746880
160	2026-08-13T23:24:27,758574057-0700	1786688667751436057	AppProcD	AppProcD	424	12676	18696	5140	36512	133758	507	1045572	79504	76836864	17352127	26746880
160	2026-08-13T23:24:27,758574057-0700	1786688667751436057	ServiceE	ServiceE	404	7804	2808	7800	18412	28183	352	1045572	79504	76836864	17352127	26746880
160	2026-08-13T23:24:27,758574057-0700	1786688667751436057	AppProcB	AppProcB	896	6852	11780	6416	25048	112113	1475	1045572	79504	76836864	17352127	26746880
160	2026-08-13T23:24:27,758574057-0700	1786688667751436057	ServiceH	ServiceH	719	3964	4004	3040	11008	21055	0	1045572	79504	76836864	17352127	26746880
160	2026-08-13T23:24:27,758574057-0700	1786688667751436057	cynara	cynara	205	1648	1032	212	2892	22234	842	1045572	79504	76836864	17352127	26746880
160	2026-08-13T23:24:27,758574057-0700	1786688667751436057	AppProcA	AppProcA	2724	1212	3644	3732	8588	36805	79	1045572	79504	76836864	17352127	26746880
160	2026-08-13T23:24:27,758574057-0700	1786688667751436057	systemd	systemd	1	1144	164	440	1748	27674	510	1045572	79504	76836864	17352127	26746880
160	2026-08-13T23:24:27,758574057-0700	1786688667751436057	enlightenment	enlightenment	258	2688	968	3036	6692	39255	877	1045572	79504	76836864	17352127	26746880
160	2026-08-13T23:24:27,758574057-0700	1786688667751436057	buxton2d_worker	buxton2d_worker	229	1212	32	440	1684	3648	428	1045572	79504	76836864	17352127	26746880
160	2026-08-13T23:24:27,758574057-0700	1786688667751436057	ServiceD	ServiceD	1037	588	2128	3224	5940	20605	547	1045572	79504	76836864	17352127	26746880
161	2026-08-13T23:24:29,756794890-0700	1786688669750359223	AppProcD	AppProcD	424	12676	18696	5140	36512	133758	507	1045256	79504	76836864	17352127	26746880
161	2026-08-13T23:24:29,756794890-0700	1786688669750359223	ServiceE	ServiceE	404	7804	2808	7800	18412	28183	352	1045256	79504	76836864	17352127	26746880
161	2026-08-13T23:24:29,756794890-0700	1786688669750359223	AppProcB	AppProcB	896	6852	11780	6416	25048	112153	1475	1045256	79504	76836864	17352127	26746880
161	2026-08-13T23:24:29,756794890-0700	1786688669750359223	ServiceH	ServiceH	719	3964	4004	3040	11008	21055	0	1045256	79504	76836864	17352127	26746880
161	2026-08-13T23:24:29,756794890-0700	1786688669750359223	cynara	cynara	205	1648	1032	212	2892	22234	842	1045256	79504	76836864	17352127	26746880
161	2026-08-13T23:24:29,756794890-0700	1786688669750359223	AppProcA	AppProcA	2724	1212	3644	3732	8588	36805	79	1045256	79504	76836864	17352127	26746880
161	2026-08-13T23:24:29,756794890-0700	1786688669750359223	systemd	systemd	1	1144	164	440	1748	27674	510	1045256	79504	76836864	17352127	26746880
161	2026-08-13T23:24:29,756794890-0700	1786688669750359223	enlightenment	enlightenment	258	2688	968	3036	6692	39255	877	1045256	79504	76836864	17352127	26746880
161	2026-08-13T23:24:29,756794890-0700	1786688669750359223	buxton2d_worker	buxton2d_worker	229	1212	32	440	1684	3648	428	1045256	79504	76836864	17352127	26746880
161	2026-08-13T23:24:29,756794890-0700	1786688669750359223	ServiceD	ServiceD	1037	588	2128	3224	5940	20605	547	1045256	79504	76836864	17352127	26746880
162	2026-08-13T23:24:31,752165306-0700	1786688671747551306	AppProcD	AppProcD	424	12676	18692	5140	36508	133758	507	1045460	79504	76836864	17352127	26746880
162	2026-08-13T23:24:31,752165306-0700	1786688671747551306	ServiceE	ServiceE	404	7804	2808	7800	18412	28183	352	1045460	79504	76836864	17352127	26746880
162	2026-08-13T23:24:31,752165306-0700	1786688671747551306	AppProcB	AppProcB	896	6852	11780	6416	25048	112153	1475	1045460	79504	76836864	17352127	26746880
162	2026-08-13T23:24:31,752165306-0700	1786688671747551306	ServiceH	ServiceH	719	3964	4004	3040	11008	21055	0	1045460	79504	76836864	17352127	26746880
162	2026-08-13T23:24:31,752165306-0700	1786688671747551306	cynara	cynara	205	1648	1032	212	2892	22384	842	1045460	79504	76836864	17352127	26746880
162	2026-08-13T23:24:31,752165306-0700	1786688671747551306	AppProcA	AppProcA	2724	1212	3644	3732	8588	36826	79	1045460	79504	76836864	17352127	26746880
162	2026-08-13T23:24:31,752165306-0700	1786688671747551306	systemd	systemd	1	1144	164	440	1748	27674	510	1045460	79504	76836864	17352127	26746880
162	2026-08-13T23:24:31,752165306-0700	1786688671747551306	enlightenment	enlightenment	258	2688	968	3036	6692	39255	877	1045460	79504	76836864	17352127	26746880
162	2026-08-13T23:24:31,752165306-0700	1786688671747551306	buxton2d_worker	buxton2d_worker	229	1212	32	440	1684	3648	428	1045460	79504	76836864	17352127	26746880
162	2026-08-13T23:24:31,752165306-0700	1786688671747551306	ServiceD	ServiceD	1037	588	2128	3224	5940	20630	547	1045460	79504	76836864	17352127	26746880
163	2026-08-13T23:24:33,756093722-0700	1786688673751620722	AppProcD	AppProcD	424	12676	18692	5140	36508	133810	507	1045356	79504	76836864	17352127	26746880
163	2026-08-13T23:24:33,756093722-0700	1786688673751620722	ServiceE	ServiceE	404	7804	2808	7800	18412	28183	352	1045356	79504	76836864	17352127	26746880
163	2026-08-13T23:24:33,756093722-0700	1786688673751620722	AppProcB	AppProcB	896	6852	11780	6416	25048	112153	1475	1045356	79504	76836864	17352127	26746880
163	2026-08-13T23:24:33,756093722-0700	1786688673751620722	ServiceH	ServiceH	719	3964	4004	3040	11008	21055	0	1045356	79504	76836864	17352127	26746880
163	2026-08-13T23:24:33,756093722-0700	1786688673751620722	cynara	cynara	205	1648	1032	212	2892	22384	842	1045356	79504	76836864	17352127	26746880
163	2026-08-13T23:24:33,756093722-0700	1786688673751620722	AppProcA	AppProcA	2724	1212	3644	3732	8588	36826	79	1045356	79504	76836864	17352127	26746880
163	2026-08-13T23:24:33,756093722-0700	1786688673751620722	systemd	systemd	1	1144	164	440	1748	27674	510	1045356	79504	76836864	17352127	26746880
163	2026-08-13T23:24:33,756093722-0700	1786688673751620722	enlightenment	enlightenment	258	2688	968	3036	6692	39255	877	1045356	79504	76836864	17352127	26746880
163	2026-08-13T23:24:33,756093722-0700	1786688673751620722	buxton2d_worker	buxton2d_worker	229	1212	32	440	1684	3648	428	1045356	79504	76836864	17352127	26746880
163	2026-08-13T23:24:33,756093722-0700	1786688673751620722	ServiceD	ServiceD	1037	588	2128	3224	5940	20630	547	1045356	79504	76836864	17352127	26746880
164	2026-08-13T23:24:35,756257638-0700	1786688675750892972	AppProcD	AppProcD	424	12676	18692	5140	36508	133810	507	1045448	79504	76836864	17352127	26746880
164	2026-08-13T23:24:35,756257638-0700	1786688675750892972	ServiceE	ServiceE	404	7804	2808	7800	18412	28183	352	1045448	79504	76836864	17352127	26746880
164	2026-08-13T23:24:35,756257638-0700	1786688675750892972	AppProcB	AppProcB	896	6852	11780	6416	25048	112193	1475	1045448	79504	76836864	17352127	26746880
164	2026-08-13T23:24:35,756257638-0700	1786688675750892972	ServiceH	ServiceH	719	3964	4004	3040	11008	21055	0	1045448	79504	76836864	17352127	26746880
164	2026-08-13T23:24:35,756257638-0700	1786688675750892972	cynara	cynara	205	1648	1032	212	2892	22384	842	1045448	79504	76836864	17352127	26746880
164	2026-08-13T23:24:35,756257638-0700	1786688675750892972	AppProcA	AppProcA	2724	1212	3644	3732	8588	36826	79	1045448	79504	76836864	17352127	26746880
164	2026-08-13T23:24:35,756257638-0700	1786688675750892972	systemd	systemd	1	1144	164	440	1748	27675	510	1045448	79504	76836864	17352127	26746880
164	2026-08-13T23:24:35,756257638-0700	1786688675750892972	enlightenment	enlightenment	258	2688	968	3036	6692	39255	877	1045448	79504	76836864	17352127	26746880
164	2026-08-13T23:24:35,756257638-0700	1786688675750892972	buxton2d_worker	buxton2d_worker	229	1212	32	440	1684	3649	428	1045448	79504	76836864	17352127	26746880
164	2026-08-13T23:24:35,756257638-0700	1786688675750892972	ServiceD	ServiceD	1037	588	2128	3224	5940	20655	547	1045448	79504	76836864	17352127	26746880
165	2026-08-13T23:24:37,752062138-0700	1786688677747259471	AppProcD	AppProcD	424	12676	18680	5140	36496	133862	507	1045204	79504	76836864	17352127	26746880
165	2026-08-13T23:24:37,752062138-0700	1786688677747259471	ServiceE	ServiceE	404	7804	2808	7800	18412	28183	352	1045204	79504	76836864	17352127	26746880
165	2026-08-13T23:24:37,752062138-0700	1786688677747259471	AppProcB	AppProcB	896	6852	11780	6416	25048	112193	1475	1045204	79504	76836864	17352127	26746880
165	2026-08-13T23:24:37,752062138-0700	1786688677747259471	ServiceH	ServiceH	719	3964	4004	3040	11008	21055	0	1045204	79504	76836864	17352127	26746880
165	2026-08-13T23:24:37,752062138-0700	1786688677747259471	cynara	cynara	205	1648	1032	212	2892	22384	842	1045204	79504	76836864	17352127	26746880
165	2026-08-13T23:24:37,752062138-0700	1786688677747259471	AppProcA	AppProcA	2724	1212	3644	3732	8588	36847	79	1045204	79504	76836864	17352127	26746880
165	2026-08-13T23:24:37,752062138-0700	1786688677747259471	systemd	systemd	1	1144	164	440	1748	27675	510	1045204	79504	76836864	17352127	26746880
165	2026-08-13T23:24:37,752062138-0700	1786688677747259471	enlightenment	enlightenment	258	2688	968	3036	6692	39255	877	1045204	79504	76836864	17352127	26746880
165	2026-08-13T23:24:37,752062138-0700	1786688677747259471	buxton2d_worker	buxton2d_worker	229	1212	32	440	1684	3649	428	1045204	79504	76836864	17352127	26746880
165	2026-08-13T23:24:37,752062138-0700	1786688677747259471	ServiceD	ServiceD	1037	588	2128	3224	5940	20655	547	1045204	79504	76836864	17352127	26746880
166	2026-08-13T23:24:39,753707887-0700	1786688679747943804	AppProcD	AppProcD	424	12676	18676	5140	36492	133862	507	1045508	79504	76836864	17352127	26746880
166	2026-08-13T23:24:39,753707887-0700	1786688679747943804	ServiceE	ServiceE	404	7804	2808	7800	18412	28183	352	1045508	79504	76836864	17352127	26746880
166	2026-08-13T23:24:39,753707887-0700	1786688679747943804	AppProcB	AppProcB	896	6852	11780	6416	25048	112233	1475	1045508	79504	76836864	17352127	26746880
166	2026-08-13T23:24:39,753707887-0700	1786688679747943804	ServiceH	ServiceH	719	3964	4004	3040	11008	21055	0	1045508	79504	76836864	17352127	26746880
166	2026-08-13T23:24:39,753707887-0700	1786688679747943804	cynara	cynara	205	1648	1032	212	2892	22384	842	1045508	79504	76836864	17352127	26746880
166	2026-08-13T23:24:39,753707887-0700	1786688679747943804	AppProcA	AppProcA	2724	1212	3644	3732	8588	36847	79	1045508	79504	76836864	17352127	26746880
166	2026-08-13T23:24:39,753707887-0700	1786688679747943804	systemd	systemd	1	1144	164	440	1748	27675	510	1045508	79504	76836864	17352127	26746880
166	2026-08-13T23:24:39,753707887-0700	1786688679747943804	enlightenment	enlightenment	258	2688	968	3036	6692	39255	877	1045508	79504	76836864	17352127	26746880
166	2026-08-13T23:24:39,753707887-0700	1786688679747943804	buxton2d_worker	buxton2d_worker	229	1212	32	440	1684	3649	428	1045508	79504	76836864	17352127	26746880
166	2026-08-13T23:24:39,753707887-0700	1786688679747943804	ServiceD	ServiceD	1037	588	2128	3224	5940	20655	547	1045508	79504	76836864	17352127	26746880
167	2026-08-13T23:24:41,752029220-0700	1786688681746700803	AppProcD	AppProcD	424	12676	18676	5140	36492	133862	507	1045712	79504	76836864	17352127	26746880
167	2026-08-13T23:24:41,752029220-0700	1786688681746700803	ServiceE	ServiceE	404	7804	2808	7800	18412	28183	352	1045712	79504	76836864	17352127	26746880
167	2026-08-13T23:24:41,752029220-0700	1786688681746700803	AppProcB	AppProcB	896	6852	11780	6416	25048	112233	1475	1045712	79504	76836864	17352127	26746880
167	2026-08-13T23:24:41,752029220-0700	1786688681746700803	ServiceH	ServiceH	719	3964	4004	3040	11008	21055	0	1045712	79504	76836864	17352127	26746880
167	2026-08-13T23:24:41,752029220-0700	1786688681746700803	cynara	cynara	205	1648	1032	212	2892	22384	842	1045712	79504	76836864	17352127	26746880
167	2026-08-13T23:24:41,752029220-0700	1786688681746700803	AppProcA	AppProcA	2724	1212	3644	3732	8588	36869	79	1045712	79504	76836864	17352127	26746880
167	2026-08-13T23:24:41,752029220-0700	1786688681746700803	systemd	systemd	1	1144	164	440	1748	27675	510	1045712	79504	76836864	17352127	26746880
167	2026-08-13T23:24:41,752029220-0700	1786688681746700803	enlightenment	enlightenment	258	2688	968	3036	6692	39255	877	1045712	79504	76836864	17352127	26746880
167	2026-08-13T23:24:41,752029220-0700	1786688681746700803	buxton2d_worker	buxton2d_worker	229	1212	32	440	1684	3649	428	1045712	79504	76836864	17352127	26746880
167	2026-08-13T23:24:41,752029220-0700	1786688681746700803	ServiceD	ServiceD	1037	588	2128	3224	5940	20680	547	1045712	79504	76836864	17352127	26746880
168	2026-08-13T23:24:43,757476720-0700	1786688683749063220	AppProcD	AppProcD	424	12676	18676	5140	36492	133914	507	1045136	79504	76836864	17352127	26746880
168	2026-08-13T23:24:43,757476720-0700	1786688683749063220	ServiceE	ServiceE	404	7804	2808	7800	18412	28183	352	1045136	79504	76836864	17352127	26746880
168	2026-08-13T23:24:43,757476720-0700	1786688683749063220	AppProcB	AppProcB	896	6852	11780	6416	25048	112233	1475	1045136	79504	76836864	17352127	26746880
168	2026-08-13T23:24:43,757476720-0700	1786688683749063220	ServiceH	ServiceH	719	3964	4004	3040	11008	21055	0	1045136	79504	76836864	17352127	26746880
168	2026-08-13T23:24:43,757476720-0700	1786688683749063220	cynara	cynara	205	1648	1032	212	2892	22384	842	1045136	79504	76836864	17352127	26746880
168	2026-08-13T23:24:43,757476720-0700	1786688683749063220	AppProcA	AppProcA	2724	1212	3644	3732	8588	36869	79	1045136	79504	76836864	17352127	26746880
168	2026-08-13T23:24:43,757476720-0700	1786688683749063220	systemd	systemd	1	1144	164	440	1748	27675	510	1045136	79504	76836864	17352127	26746880
168	2026-08-13T23:24:43,757476720-0700	1786688683749063220	enlightenment	enlightenment	258	2688	968	3036	6692	39255	877	1045136	79504	76836864	17352127	26746880
168	2026-08-13T23:24:43,757476720-0700	1786688683749063220	buxton2d_worker	buxton2d_worker	229	1212	32	440	1684	3649	428	1045136	79504	76836864	17352127	26746880
168	2026-08-13T23:24:43,757476720-0700	1786688683749063220	ServiceD	ServiceD	1037	588	2128	3224	5940	20680	547	1045136	79504	76836864	17352127	26746880
169	2026-08-13T23:24:45,755139469-0700	1786688685747270886	AppProcD	AppProcD	424	12676	18676	5140	36492	133914	507	1045332	79504	76836864	17352127	26746880
169	2026-08-13T23:24:45,755139469-0700	1786688685747270886	ServiceE	ServiceE	404	7804	2808	7800	18412	28183	352	1045332	79504	76836864	17352127	26746880
169	2026-08-13T23:24:45,755139469-0700	1786688685747270886	AppProcB	AppProcB	896	6852	11780	6416	25048	112273	1475	1045332	79504	76836864	17352127	26746880
169	2026-08-13T23:24:45,755139469-0700	1786688685747270886	ServiceH	ServiceH	719	3964	4004	3040	11008	21055	0	1045332	79504	76836864	17352127	26746880
169	2026-08-13T23:24:45,755139469-0700	1786688685747270886	cynara	cynara	205	1648	1032	212	2892	22384	842	1045332	79504	76836864	17352127	26746880
169	2026-08-13T23:24:45,755139469-0700	1786688685747270886	AppProcA	AppProcA	2724	1212	3644	3732	8588	36869	79	1045332	79504	76836864	17352127	26746880
169	2026-08-13T23:24:45,755139469-0700	1786688685747270886	systemd	systemd	1	1144	164	440	1748	27675	510	1045332	79504	76836864	17352127	26746880
169	2026-08-13T23:24:45,755139469-0700	1786688685747270886	enlightenment	enlightenment	258	2688	968	3036	6692	39255	877	1045332	79504	76836864	17352127	26746880
169	2026-08-13T23:24:45,755139469-0700	1786688685747270886	buxton2d_worker	buxton2d_worker	229	1212	32	440	1684	3649	428	1045332	79504	76836864	17352127	26746880
169	2026-08-13T23:24:45,755139469-0700	1786688685747270886	ServiceD	ServiceD	1037	588	2128	3224	5940	20705	547	1045332	79504	76836864	17352127	26746880
170	2026-08-13T23:24:47,752766135-0700	1786688687748454885	AppProcD	AppProcD	424	12676	18676	5140	36492	133966	507	1045860	79504	76836864	17352127	26746880
170	2026-08-13T23:24:47,752766135-0700	1786688687748454885	ServiceE	ServiceE	404	7804	2808	7800	18412	28183	352	1045860	79504	76836864	17352127	26746880
170	2026-08-13T23:24:47,752766135-0700	1786688687748454885	AppProcB	AppProcB	896	6852	11780	6416	25048	112273	1475	1045860	79504	76836864	17352127	26746880
170	2026-08-13T23:24:47,752766135-0700	1786688687748454885	ServiceH	ServiceH	719	3964	4004	3040	11008	21055	0	1045860	79504	76836864	17352127	26746880
170	2026-08-13T23:24:47,752766135-0700	1786688687748454885	cynara	cynara	205	1648	1032	212	2892	22384	842	1045860	79504	76836864	17352127	26746880
170	2026-08-13T23:24:47,752766135-0700	1786688687748454885	AppProcA	AppProcA	2724	1212	3644	3732	8588	36890	79	1045860	79504	76836864	17352127	26746880
170	2026-08-13T23:24:47,752766135-0700	1786688687748454885	systemd	systemd	1	1144	164	440	1748	27675	510	1045860	79504	76836864	17352127	26746880
170	2026-08-13T23:24:47,752766135-0700	1786688687748454885	enlightenment	enlightenment	258	2688	968	3036	6692	39255	877	1045860	79504	76836864	17352127	26746880
170	2026-08-13T23:24:47,752766135-0700	1786688687748454885	buxton2d_worker	buxton2d_worker	229	1212	32	440	1684	3649	428	1045860	79504	76836864	17352127	26746880
170	2026-08-13T23:24:47,752766135-0700	1786688687748454885	ServiceD	ServiceD	1037	588	2128	3224	5940	20705	547	1045860	79504	76836864	17352127	26746880
171	2026-08-13T23:24:49,753682718-0700	1786688689748940052	AppProcD	AppProcD	424	12676	18672	5140	36488	133966	507	1045944	79504	76836864	17352127	26746880
171	2026-08-13T23:24:49,753682718-0700	1786688689748940052	ServiceE	ServiceE	404	7804	2808	7800	18412	28183	352	1045944	79504	76836864	17352127	26746880
171	2026-08-13T23:24:49,753682718-0700	1786688689748940052	AppProcB	AppProcB	896	6852	11780	6416	25048	112313	1475	1045944	79504	76836864	17352127	26746880
171	2026-08-13T23:24:49,753682718-0700	1786688689748940052	ServiceH	ServiceH	719	3964	4004	3040	11008	21055	0	1045944	79504	76836864	17352127	26746880
171	2026-08-13T23:24:49,753682718-0700	1786688689748940052	cynara	cynara	205	1648	1032	212	2892	22384	842	1045944	79504	76836864	17352127	26746880
171	2026-08-13T23:24:49,753682718-0700	1786688689748940052	AppProcA	AppProcA	2724	1212	3644	3732	8588	36890	79	1045944	79504	76836864	17352127	26746880
171	2026-08-13T23:24:49,753682718-0700	1786688689748940052	systemd	systemd	1	1144	164	440	1748	27675	510	1045944	79504	76836864	17352127	26746880
171	2026-08-13T23:24:49,753682718-0700	1786688689748940052	enlightenment	enlightenment	258	2688	968	3036	6692	39255	877	1045944	79504	76836864	17352127	26746880
171	2026-08-13T23:24:49,753682718-0700	1786688689748940052	buxton2d_worker	buxton2d_worker	229	1212	32	440	1684	3650	428	1045944	79504	76836864	17352127	26746880
171	2026-08-13T23:24:49,753682718-0700	1786688689748940052	ServiceD	ServiceD	1037	588	2128	3224	5940	20705	547	1045944	79504	76836864	17352127	26746880
172	2026-08-13T23:24:51,753509134-0700	1786688691748842134	AppProcD	AppProcD	424	12676	18672	5140	36488	133967	507	1045072	79504	76836864	17352127	26746880
172	2026-08-13T23:24:51,753509134-0700	1786688691748842134	ServiceE	ServiceE	404	7804	2808	7800	18412	28183	352	1045072	79504	76836864	17352127	26746880
172	2026-08-13T23:24:51,753509134-0700	1786688691748842134	AppProcB	AppProcB	896	6852	11780	6416	25048	112313	1475	1045072	79504	76836864	17352127	26746880
172	2026-08-13T23:24:51,753509134-0700	1786688691748842134	ServiceH	ServiceH	719	3964	4004	3040	11008	21055	0	1045072	79504	76836864	17352127	26746880
172	2026-08-13T23:24:51,753509134-0700	1786688691748842134	cynara	cynara	205	1648	1032	212	2892	22384	842	1045072	79504	76836864	17352127	26746880
172	2026-08-13T23:24:51,753509134-0700	1786688691748842134	AppProcA	AppProcA	2724	1212	3644	3732	8588	36911	79	1045072	79504	76836864	17352127	26746880
172	2026-08-13T23:24:51,753509134-0700	1786688691748842134	systemd	systemd	1	1144	164	440	1748	27675	510	1045072	79504	76836864	17352127	26746880
172	2026-08-13T23:24:51,753509134-0700	1786688691748842134	enlightenment	enlightenment	258	2688	968	3036	6692	39255	877	1045072	79504	76836864	17352127	26746880
172	2026-08-13T23:24:51,753509134-0700	1786688691748842134	buxton2d_worker	buxton2d_worker	229	1212	32	440	1684	3650	428	1045072	79504	76836864	17352127	26746880
172	2026-08-13T23:24:51,753509134-0700	1786688691748842134	ServiceD	ServiceD	1037	588	2128	3224	5940	20732	547	1045072	79504	76836864	17352127	26746880
173	2026-08-13T23:24:53,751129634-0700	1786688693746412384	AppProcD	AppProcD	424	12676	18672	5140	36488	134019	507	1045052	79504	76836864	17352127	26746880
173	2026-08-13T23:24:53,751129634-0700	1786688693746412384	ServiceE	ServiceE	404	7804	2808	7800	18412	28183	352	1045052	79504	76836864	17352127	26746880
173	2026-08-13T23:24:53,751129634-0700	1786688693746412384	AppProcB	AppProcB	896	6852	11780	6416	25048	112313	1475	1045052	79504	76836864	17352127	26746880
173	2026-08-13T23:24:53,751129634-0700	1786688693746412384	ServiceH	ServiceH	719	3964	4004	3040	11008	21055	0	1045052	79504	76836864	17352127	26746880
173	2026-08-13T23:24:53,751129634-0700	1786688693746412384	cynara	cynara	205	1648	1032	212	2892	22384	842	1045052	79504	76836864	17352127	26746880
173	2026-08-13T23:24:53,751129634-0700	1786688693746412384	AppProcA	AppProcA	2724	1212	3644	3732	8588	36911	79	1045052	79504	76836864	17352127	26746880
173	2026-08-13T23:24:53,751129634-0700	1786688693746412384	systemd	systemd	1	1144	164	440	1748	27675	510	1045052	79504	76836864	17352127	26746880
173	2026-08-13T23:24:53,751129634-0700	1786688693746412384	enlightenment	enlightenment	258	2688	968	3036	6692	39255	877	1045052	79504	76836864	17352127	26746880
173	2026-08-13T23:24:53,751129634-0700	1786688693746412384	buxton2d_worker	buxton2d_worker	229	1212	32	440	1684	3650	428	1045052	79504	76836864	17352127	26746880
173	2026-08-13T23:24:53,751129634-0700	1786688693746412384	ServiceD	ServiceD	1037	588	2128	3224	5940	20732	547	1045052	79504	76836864	17352127	26746880
174	2026-08-13T23:24:55,752565133-0700	1786688695746709300	AppProcD	AppProcD	424	12676	18672	5140	36488	134019	507	1045300	79504	76836864	17352127	26746880
174	2026-08-13T23:24:55,752565133-0700	1786688695746709300	ServiceE	ServiceE	404	7804	2808	7800	18412	28183	352	1045300	79504	76836864	17352127	26746880
174	2026-08-13T23:24:55,752565133-0700	1786688695746709300	AppProcB	AppProcB	896	6852	11780	6416	25048	112353	1475	1045300	79504	76836864	17352127	26746880
174	2026-08-13T23:24:55,752565133-0700	1786688695746709300	ServiceH	ServiceH	719	3964	4004	3040	11008	21055	0	1045300	79504	76836864	17352127	26746880
174	2026-08-13T23:24:55,752565133-0700	1786688695746709300	cynara	cynara	205	1648	1032	212	2892	22384	842	1045300	79504	76836864	17352127	26746880
174	2026-08-13T23:24:55,752565133-0700	1786688695746709300	AppProcA	AppProcA	2724	1212	3644	3732	8588	36911	79	1045300	79504	76836864	17352127	26746880
174	2026-08-13T23:24:55,752565133-0700	1786688695746709300	systemd	systemd	1	1144	164	440	1748	27676	510	1045300	79504	76836864	17352127	26746880
174	2026-08-13T23:24:55,752565133-0700	1786688695746709300	enlightenment	enlightenment	258	2688	968	3036	6692	39255	877	1045300	79504	76836864	17352127	26746880
174	2026-08-13T23:24:55,752565133-0700	1786688695746709300	buxton2d_worker	buxton2d_worker	229	1212	32	440	1684	3650	428	1045300	79504	76836864	17352127	26746880
174	2026-08-13T23:24:55,752565133-0700	1786688695746709300	ServiceD	ServiceD	1037	588	2128	3224	5940	20758	547	1045300	79504	76836864	17352127	26746880
175	2026-08-13T23:24:57,755151383-0700	1786688697750813133	AppProcD	AppProcD	424	12676	18672	5140	36488	134072	507	1045540	79504	76836864	17352127	26746880
175	2026-08-13T23:24:57,755151383-0700	1786688697750813133	ServiceE	ServiceE	404	7804	2808	7800	18412	28183	352	1045540	79504	76836864	17352127	26746880
175	2026-08-13T23:24:57,755151383-0700	1786688697750813133	AppProcB	AppProcB	896	6852	11780	6416	25048	112353	1475	1045540	79504	76836864	17352127	26746880
175	2026-08-13T23:24:57,755151383-0700	1786688697750813133	ServiceH	ServiceH	719	3964	4004	3040	11008	21055	0	1045540	79504	76836864	17352127	26746880
175	2026-08-13T23:24:57,755151383-0700	1786688697750813133	cynara	cynara	205	1648	1032	212	2892	22384	842	1045540	79504	76836864	17352127	26746880
175	2026-08-13T23:24:57,755151383-0700	1786688697750813133	AppProcA	AppProcA	2724	1212	3644	3732	8588	36932	79	1045540	79504	76836864	17352127	26746880
175	2026-08-13T23:24:57,755151383-0700	1786688697750813133	systemd	systemd	1	1144	164	440	1748	27676	510	1045540	79504	76836864	17352127	26746880
175	2026-08-13T23:24:57,755151383-0700	1786688697750813133	enlightenment	enlightenment	258	2688	968	3036	6692	39255	877	1045540	79504	76836864	17352127	26746880
175	2026-08-13T23:24:57,755151383-0700	1786688697750813133	buxton2d_worker	buxton2d_worker	229	1212	32	440	1684	3651	428	1045540	79504	76836864	17352127	26746880
175	2026-08-13T23:24:57,755151383-0700	1786688697750813133	ServiceD	ServiceD	1037	588	2128	3224	5940	20758	547	1045540	79504	76836864	17352127	26746880
176	2026-08-13T23:24:59,756823049-0700	1786688699750141299	AppProcD	AppProcD	424	12676	18672	5140	36488	134072	507	1045796	79504	76836864	17352127	26746880
176	2026-08-13T23:24:59,756823049-0700	1786688699750141299	ServiceE	ServiceE	404	7804	2808	7800	18412	28183	352	1045796	79504	76836864	17352127	26746880
176	2026-08-13T23:24:59,756823049-0700	1786688699750141299	AppProcB	AppProcB	896	6852	11780	6416	25048	112393	1475	1045796	79504	76836864	17352127	26746880
176	2026-08-13T23:24:59,756823049-0700	1786688699750141299	ServiceH	ServiceH	719	3964	4004	3040	11008	21055	0	1045796	79504	76836864	17352127	26746880
176	2026-08-13T23:24:59,756823049-0700	1786688699750141299	cynara	cynara	205	1648	1032	212	2892	22384	842	1045796	79504	76836864	17352127	26746880
176	2026-08-13T23:24:59,756823049-0700	1786688699750141299	AppProcA	AppProcA	2724	1212	3644	3732	8588	36932	79	1045796	79504	76836864	17352127	26746880
176	2026-08-13T23:24:59,756823049-0700	1786688699750141299	systemd	systemd	1	1144	164	440	1748	27676	510	1045796	79504	76836864	17352127	26746880
176	2026-08-13T23:24:59,756823049-0700	1786688699750141299	enlightenment	enlightenment	258	2688	968	3036	6692	39255	877	1045796	79504	76836864	17352127	26746880
176	2026-08-13T23:24:59,756823049-0700	1786688699750141299	buxton2d_worker	buxton2d_worker	229	1212	32	440	1684	3651	428	1045796	79504	76836864	17352127	26746880
176	2026-08-13T23:24:59,756823049-0700	1786688699750141299	ServiceD	ServiceD	1037	588	2128	3224	5940	20758	547	1045796	79504	76836864	17352127	26746880
177	2026-08-13T23:25:01,752690382-0700	1786688701748657299	AppProcD	AppProcD	424	12676	18672	5140	36488	134072	507	1045252	79504	76836864	17352127	26746880
177	2026-08-13T23:25:01,752690382-0700	1786688701748657299	ServiceE	ServiceE	404	7804	2808	7800	18412	28183	352	1045252	79504	76836864	17352127	26746880
177	2026-08-13T23:25:01,752690382-0700	1786688701748657299	AppProcB	AppProcB	896	6852	11780	6416	25048	112393	1475	1045252	79504	76836864	17352127	26746880
177	2026-08-13T23:25:01,752690382-0700	1786688701748657299	ServiceH	ServiceH	719	3964	4004	3040	11008	21055	0	1045252	79504	76836864	17352127	26746880
177	2026-08-13T23:25:01,752690382-0700	1786688701748657299	cynara	cynara	205	1648	1032	212	2892	22384	842	1045252	79504	76836864	17352127	26746880
177	2026-08-13T23:25:01,752690382-0700	1786688701748657299	AppProcA	AppProcA	2724	1212	3644	3732	8588	36954	79	1045252	79504	76836864	17352127	26746880
177	2026-08-13T23:25:01,752690382-0700	1786688701748657299	systemd	systemd	1	1144	164	440	1748	27676	510	1045252	79504	76836864	17352127	26746880
177	2026-08-13T23:25:01,752690382-0700	1786688701748657299	enlightenment	enlightenment	258	2688	968	3036	6692	39255	877	1045252	79504	76836864	17352127	26746880
177	2026-08-13T23:25:01,752690382-0700	1786688701748657299	buxton2d_worker	buxton2d_worker	229	1212	32	440	1684	3652	428	1045252	79504	76836864	17352127	26746880
177	2026-08-13T23:25:01,752690382-0700	1786688701748657299	ServiceD	ServiceD	1037	588	2128	3224	5940	20783	547	1045252	79504	76836864	17352127	26746880
178	2026-08-13T23:25:03,756561965-0700	1786688703750710715	AppProcD	AppProcD	424	12676	18672	5140	36488	134124	507	1045376	79504	76836864	17352127	26746880
178	2026-08-13T23:25:03,756561965-0700	1786688703750710715	ServiceE	ServiceE	404	7804	2808	7800	18412	28183	352	1045376	79504	76836864	17352127	26746880
178	2026-08-13T23:25:03,756561965-0700	1786688703750710715	AppProcB	AppProcB	896	6852	11780	6416	25048	112393	1475	1045376	79504	76836864	17352127	26746880
178	2026-08-13T23:25:03,756561965-0700	1786688703750710715	ServiceH	ServiceH	719	3964	4004	3040	11008	21055	0	1045376	79504	76836864	17352127	26746880
178	2026-08-13T23:25:03,756561965-0700	1786688703750710715	cynara	cynara	205	1648	1032	212	2892	22384	842	1045376	79504	76836864	17352127	26746880
178	2026-08-13T23:25:03,756561965-0700	1786688703750710715	AppProcA	AppProcA	2724	1212	3644	3732	8588	36954	79	1045376	79504	76836864	17352127	26746880
178	2026-08-13T23:25:03,756561965-0700	1786688703750710715	systemd	systemd	1	1144	164	440	1748	27676	510	1045376	79504	76836864	17352127	26746880
178	2026-08-13T23:25:03,756561965-0700	1786688703750710715	enlightenment	enlightenment	258	2688	968	3036	6692	39255	877	1045376	79504	76836864	17352127	26746880
178	2026-08-13T23:25:03,756561965-0700	1786688703750710715	buxton2d_worker	buxton2d_worker	229	1212	32	440	1684	3652	428	1045376	79504	76836864	17352127	26746880
178	2026-08-13T23:25:03,756561965-0700	1786688703750710715	ServiceD	ServiceD	1037	588	2128	3224	5940	20783	547	1045376	79504	76836864	17352127	26746880
179	2026-08-13T23:25:05,756027881-0700	1786688705749725548	AppProcD	AppProcD	424	12676	18672	5140	36488	134124	507	1044912	79504	76836864	17352127	26746880
179	2026-08-13T23:25:05,756027881-0700	1786688705749725548	ServiceE	ServiceE	404	7804	2808	7800	18412	28183	352	1044912	79504	76836864	17352127	26746880
179	2026-08-13T23:25:05,756027881-0700	1786688705749725548	AppProcB	AppProcB	896	6852	11780	6416	25048	112433	1475	1044912	79504	76836864	17352127	26746880
179	2026-08-13T23:25:05,756027881-0700	1786688705749725548	ServiceH	ServiceH	719	3964	4004	3040	11008	21055	0	1044912	79504	76836864	17352127	26746880
179	2026-08-13T23:25:05,756027881-0700	1786688705749725548	cynara	cynara	205	1648	1032	212	2892	22384	842	1044912	79504	76836864	17352127	26746880
179	2026-08-13T23:25:05,756027881-0700	1786688705749725548	AppProcA	AppProcA	2724	1212	3644	3732	8588	36955	79	1044912	79504	76836864	17352127	26746880
179	2026-08-13T23:25:05,756027881-0700	1786688705749725548	systemd	systemd	1	1144	164	440	1748	27677	510	1044912	79504	76836864	17352127	26746880
179	2026-08-13T23:25:05,756027881-0700	1786688705749725548	enlightenment	enlightenment	258	2688	968	3036	6692	39255	877	1044912	79504	76836864	17352127	26746880
179	2026-08-13T23:25:05,756027881-0700	1786688705749725548	buxton2d_worker	buxton2d_worker	229	1212	32	440	1684	3652	428	1044912	79504	76836864	17352127	26746880
179	2026-08-13T23:25:05,756027881-0700	1786688705749725548	ServiceD	ServiceD	1037	588	2128	3224	5940	20808	547	1044912	79504	76836864	17352127	26746880
180	2026-08-13T23:25:07,756812714-0700	1786688707751390881	AppProcD	AppProcD	424	12676	18672	5140	36488	134176	507	1045420	79504	76836864	17352127	26746880
180	2026-08-13T23:25:07,756812714-0700	1786688707751390881	ServiceE	ServiceE	404	7804	2808	7800	18412	28183	352	1045420	79504	76836864	17352127	26746880
180	2026-08-13T23:25:07,756812714-0700	1786688707751390881	AppProcB	AppProcB	896	6852	11780	6416	25048	112433	1475	1045420	79504	76836864	17352127	26746880
180	2026-08-13T23:25:07,756812714-0700	1786688707751390881	ServiceH	ServiceH	719	3964	4004	3040	11008	21055	0	1045420	79504	76836864	17352127	26746880
180	2026-08-13T23:25:07,756812714-0700	1786688707751390881	cynara	cynara	205	1648	1032	212	2892	22384	842	1045420	79504	76836864	17352127	26746880
180	2026-08-13T23:25:07,756812714-0700	1786688707751390881	AppProcA	AppProcA	2724	1212	3644	3732	8588	36976	79	1045420	79504	76836864	17352127	26746880
180	2026-08-13T23:25:07,756812714-0700	1786688707751390881	systemd	systemd	1	1144	164	440	1748	27677	510	1045420	79504	76836864	17352127	26746880
180	2026-08-13T23:25:07,756812714-0700	1786688707751390881	enlightenment	enlightenment	258	2688	968	3036	6692	39255	877	1045420	79504	76836864	17352127	26746880
180	2026-08-13T23:25:07,756812714-0700	1786688707751390881	buxton2d_worker	buxton2d_worker	229	1212	32	440	1684	3652	428	1045420	79504	76836864	17352127	26746880
180	2026-08-13T23:25:07,756812714-0700	1786688707751390881	ServiceD	ServiceD	1037	588	2128	3224	5940	20808	547	1045420	79504	76836864	17352127	26746880
181	2026-08-13T23:25:09,751275297-0700	1786688709746935047	AppProcD	AppProcD	424	12676	18672	5140	36488	134176	507	1045356	79504	76836864	17352127	26746880
181	2026-08-13T23:25:09,751275297-0700	1786688709746935047	ServiceE	ServiceE	404	7804	2808	7800	18412	28183	352	1045356	79504	76836864	17352127	26746880
181	2026-08-13T23:25:09,751275297-0700	1786688709746935047	AppProcB	AppProcB	896	6852	11780	6416	25048	112473	1475	1045356	79504	76836864	17352127	26746880
181	2026-08-13T23:25:09,751275297-0700	1786688709746935047	ServiceH	ServiceH	719	3964	4004	3040	11008	21055	0	1045356	79504	76836864	17352127	26746880
181	2026-08-13T23:25:09,751275297-0700	1786688709746935047	cynara	cynara	205	1648	1032	212	2892	22384	842	1045356	79504	76836864	17352127	26746880
181	2026-08-13T23:25:09,751275297-0700	1786688709746935047	AppProcA	AppProcA	2724	1212	3644	3732	8588	36976	79	1045356	79504	76836864	17352127	26746880
181	2026-08-13T23:25:09,751275297-0700	1786688709746935047	systemd	systemd	1	1144	164	440	1748	27677	510	1045356	79504	76836864	17352127	26746880
181	2026-08-13T23:25:09,751275297-0700	1786688709746935047	enlightenment	enlightenment	258	2688	968	3036	6692	39255	877	1045356	79504	76836864	17352127	26746880
181	2026-08-13T23:25:09,751275297-0700	1786688709746935047	buxton2d_worker	buxton2d_worker	229	1212	32	440	1684	3654	428	1045356	79504	76836864	17352127	26746880
181	2026-08-13T23:25:09,751275297-0700	1786688709746935047	ServiceD	ServiceD	1037	588	2128	3224	5940	20808	547	1045356	79504	76836864	17352127	26746880
182	2026-08-13T23:25:11,752716963-0700	1786688711748418963	AppProcD	AppProcD	424	12676	18672	5140	36488	134176	507	1045284	79504	76836864	17352127	26746880
182	2026-08-13T23:25:11,752716963-0700	1786688711748418963	ServiceE	ServiceE	404	7804	2808	7800	18412	28183	352	1045284	79504	76836864	17352127	26746880
182	2026-08-13T23:25:11,752716963-0700	1786688711748418963	AppProcB	AppProcB	896	6852	11780	6416	25048	112473	1475	1045284	79504	76836864	17352127	26746880
182	2026-08-13T23:25:11,752716963-0700	1786688711748418963	ServiceH	ServiceH	719	3964	4004	3040	11008	21055	0	1045284	79504	76836864	17352127	26746880
182	2026-08-13T23:25:11,752716963-0700	1786688711748418963	cynara	cynara	205	1648	1032	212	2892	22384	842	1045284	79504	76836864	17352127	26746880
182	2026-08-13T23:25:11,752716963-0700	1786688711748418963	AppProcA	AppProcA	2724	1212	3644	3732	8588	36997	79	1045284	79504	76836864	17352127	26746880
182	2026-08-13T23:25:11,752716963-0700	1786688711748418963	systemd	systemd	1	1144	164	440	1748	27677	510	1045284	79504	76836864	17352127	26746880
182	2026-08-13T23:25:11,752716963-0700	1786688711748418963	enlightenment	enlightenment	258	2688	968	3036	6692	39255	877	1045284	79504	76836864	17352127	26746880
182	2026-08-13T23:25:11,752716963-0700	1786688711748418963	buxton2d_worker	buxton2d_worker	229	1212	32	440	1684	3654	428	1045284	79504	76836864	17352127	26746880
182	2026-08-13T23:25:11,752716963-0700	1786688711748418963	ServiceD	ServiceD	1037	588	2128	3224	5940	20834	547	1045284	79504	76836864	17352127	26746880
183	2026-08-13T23:25:13,753139879-0700	1786688713748963629	AppProcD	AppProcD	424	12676	18672	5140	36488	134228	507	1045580	79504	76836864	17352127	26746880
183	2026-08-13T23:25:13,753139879-0700	1786688713748963629	ServiceE	ServiceE	404	7804	2808	7800	18412	28183	352	1045580	79504	76836864	17352127	26746880
183	2026-08-13T23:25:13,753139879-0700	1786688713748963629	AppProcB	AppProcB	896	6852	11780	6416	25048	112473	1475	1045580	79504	76836864	17352127	26746880
183	2026-08-13T23:25:13,753139879-0700	1786688713748963629	ServiceH	ServiceH	719	3964	4004	3040	11008	21055	0	1045580	79504	76836864	17352127	26746880
183	2026-08-13T23:25:13,753139879-0700	1786688713748963629	cynara	cynara	205	1648	1032	212	2892	22384	842	1045580	79504	76836864	17352127	26746880
183	2026-08-13T23:25:13,753139879-0700	1786688713748963629	AppProcA	AppProcA	2724	1212	3644	3732	8588	36998	79	1045580	79504	76836864	17352127	26746880
183	2026-08-13T23:25:13,753139879-0700	1786688713748963629	systemd	systemd	1	1144	164	440	1748	27677	510	1045580	79504	76836864	17352127	26746880
183	2026-08-13T23:25:13,753139879-0700	1786688713748963629	enlightenment	enlightenment	258	2688	968	3036	6692	39255	877	1045580	79504	76836864	17352127	26746880
183	2026-08-13T23:25:13,753139879-0700	1786688713748963629	buxton2d_worker	buxton2d_worker	229	1212	32	440	1684	3655	428	1045580	79504	76836864	17352127	26746880
183	2026-08-13T23:25:13,753139879-0700	1786688713748963629	ServiceD	ServiceD	1037	588	2128	3224	5940	20834	547	1045580	79504	76836864	17352127	26746880
184	2026-08-13T23:25:15,751438545-0700	1786688715746968212	AppProcD	AppProcD	424	12676	18672	5140	36488	134228	507	1045292	79504	76836864	17352127	26746880
184	2026-08-13T23:25:15,751438545-0700	1786688715746968212	ServiceE	ServiceE	404	7804	2808	7800	18412	28183	352	1045292	79504	76836864	17352127	26746880
184	2026-08-13T23:25:15,751438545-0700	1786688715746968212	AppProcB	AppProcB	896	6852	11780	6416	25048	112513	1475	1045292	79504	76836864	17352127	26746880
184	2026-08-13T23:25:15,751438545-0700	1786688715746968212	ServiceH	ServiceH	719	3964	4004	3040	11008	21055	0	1045292	79504	76836864	17352127	26746880
184	2026-08-13T23:25:15,751438545-0700	1786688715746968212	cynara	cynara	205	1648	1032	212	2892	22384	842	1045292	79504	76836864	17352127	26746880
184	2026-08-13T23:25:15,751438545-0700	1786688715746968212	AppProcA	AppProcA	2724	1212	3644	3732	8588	36998	79	1045292	79504	76836864	17352127	26746880
184	2026-08-13T23:25:15,751438545-0700	1786688715746968212	systemd	systemd	1	1144	164	440	1748	27677	510	1045292	79504	76836864	17352127	26746880
184	2026-08-13T23:25:15,751438545-0700	1786688715746968212	enlightenment	enlightenment	258	2688	968	3036	6692	39255	877	1045292	79504	76836864	17352127	26746880
184	2026-08-13T23:25:15,751438545-0700	1786688715746968212	buxton2d_worker	buxton2d_worker	229	1212	32	440	1684	3655	428	1045292	79504	76836864	17352127	26746880
184	2026-08-13T23:25:15,751438545-0700	1786688715746968212	ServiceD	ServiceD	1037	588	2128	3224	5940	20859	547	1045292	79504	76836864	17352127	26746880
185	2026-08-13T23:25:17,757807795-0700	1786688717751159628	AppProcD	AppProcD	424	12676	18672	5140	36488	134280	507	1045320	79504	76836864	17352127	26746880
185	2026-08-13T23:25:17,757807795-0700	1786688717751159628	ServiceE	ServiceE	404	7804	2808	7800	18412	28183	352	1045320	79504	76836864	17352127	26746880
185	2026-08-13T23:25:17,757807795-0700	1786688717751159628	AppProcB	AppProcB	896	6852	11780	6416	25048	112513	1475	1045320	79504	76836864	17352127	26746880
185	2026-08-13T23:25:17,757807795-0700	1786688717751159628	ServiceH	ServiceH	719	3964	4004	3040	11008	21055	0	1045320	79504	76836864	17352127	26746880
185	2026-08-13T23:25:17,757807795-0700	1786688717751159628	cynara	cynara	205	1648	1032	212	2892	22384	842	1045320	79504	76836864	17352127	26746880
185	2026-08-13T23:25:17,757807795-0700	1786688717751159628	AppProcA	AppProcA	2724	1212	3644	3732	8588	37019	79	1045320	79504	76836864	17352127	26746880
185	2026-08-13T23:25:17,757807795-0700	1786688717751159628	systemd	systemd	1	1144	164	440	1748	27677	510	1045320	79504	76836864	17352127	26746880
185	2026-08-13T23:25:17,757807795-0700	1786688717751159628	enlightenment	enlightenment	258	2676	968	3036	6680	39256	877	1045320	79504	76836864	17352127	26746880
185	2026-08-13T23:25:17,757807795-0700	1786688717751159628	buxton2d_worker	buxton2d_worker	229	1212	32	440	1684	3655	428	1045320	79504	76836864	17352127	26746880
185	2026-08-13T23:25:17,757807795-0700	1786688717751159628	ServiceD	ServiceD	1037	588	2128	3224	5940	20859	547	1045320	79504	76836864	17352127	26746880
186	2026-08-13T23:25:19,754060128-0700	1786688719748081794	AppProcD	AppProcD	424	12676	18672	5140	36488	134280	507	1045068	79504	76836864	17352127	26746880
186	2026-08-13T23:25:19,754060128-0700	1786688719748081794	ServiceE	ServiceE	404	7804	2808	7800	18412	28183	352	1045068	79504	76836864	17352127	26746880
186	2026-08-13T23:25:19,754060128-0700	1786688719748081794	AppProcB	AppProcB	896	6852	11780	6416	25048	112553	1475	1045068	79504	76836864	17352127	26746880
186	2026-08-13T23:25:19,754060128-0700	1786688719748081794	ServiceH	ServiceH	719	3964	4004	3040	11008	21055	0	1045068	79504	76836864	17352127	26746880
186	2026-08-13T23:25:19,754060128-0700	1786688719748081794	cynara	cynara	205	1648	1032	212	2892	22384	842	1045068	79504	76836864	17352127	26746880
186	2026-08-13T23:25:19,754060128-0700	1786688719748081794	AppProcA	AppProcA	2724	1212	3644	3732	8588	37019	79	1045068	79504	76836864	17352127	26746880
186	2026-08-13T23:25:19,754060128-0700	1786688719748081794	systemd	systemd	1	1144	164	440	1748	27677	510	1045068	79504	76836864	17352127	26746880
186	2026-08-13T23:25:19,754060128-0700	1786688719748081794	enlightenment	enlightenment	258	2676	968	3036	6680	39256	877	1045068	79504	76836864	17352127	26746880
186	2026-08-13T23:25:19,754060128-0700	1786688719748081794	buxton2d_worker	buxton2d_worker	229	1212	32	440	1684	3655	428	1045068	79504	76836864	17352127	26746880
186	2026-08-13T23:25:19,754060128-0700	1786688719748081794	ServiceD	ServiceD	1037	588	2128	3224	5940	20859	547	1045068	79504	76836864	17352127	26746880
187	2026-08-13T23:25:21,752559461-0700	1786688721747699794	AppProcD	AppProcD	424	12676	18672	5140	36488	134280	507	1045296	79504	76836864	17352127	26746880
187	2026-08-13T23:25:21,752559461-0700	1786688721747699794	ServiceE	ServiceE	404	7804	2808	7800	18412	28183	352	1045296	79504	76836864	17352127	26746880
187	2026-08-13T23:25:21,752559461-0700	1786688721747699794	AppProcB	AppProcB	896	6852	11780	6416	25048	112553	1475	1045296	79504	76836864	17352127	26746880
187	2026-08-13T23:25:21,752559461-0700	1786688721747699794	ServiceH	ServiceH	719	3964	4004	3040	11008	21055	0	1045296	79504	76836864	17352127	26746880
187	2026-08-13T23:25:21,752559461-0700	1786688721747699794	cynara	cynara	205	1648	1032	212	2892	22384	842	1045296	79504	76836864	17352127	26746880
187	2026-08-13T23:25:21,752559461-0700	1786688721747699794	AppProcA	AppProcA	2724	1212	3644	3732	8588	37041	79	1045296	79504	76836864	17352127	26746880
187	2026-08-13T23:25:21,752559461-0700	1786688721747699794	systemd	systemd	1	1144	164	440	1748	27677	510	1045296	79504	76836864	17352127	26746880
187	2026-08-13T23:25:21,752559461-0700	1786688721747699794	enlightenment	enlightenment	258	2676	968	3036	6680	39256	877	1045296	79504	76836864	17352127	26746880
187	2026-08-13T23:25:21,752559461-0700	1786688721747699794	buxton2d_worker	buxton2d_worker	229	1212	32	440	1684	3655	428	1045296	79504	76836864	17352127	26746880
187	2026-08-13T23:25:21,752559461-0700	1786688721747699794	ServiceD	ServiceD	1037	588	2128	3224	5940	20884	547	1045296	79504	76836864	17352127	26746880
188	2026-08-13T23:25:23,754037210-0700	1786688723748409877	AppProcD	AppProcD	424	12676	18672	5140	36488	134332	507	1045300	79504	76836864	17352127	26746880
188	2026-08-13T23:25:23,754037210-0700	1786688723748409877	ServiceE	ServiceE	404	7804	2808	7800	18412	28183	352	1045300	79504	76836864	17352127	26746880
188	2026-08-13T23:25:23,754037210-0700	1786688723748409877	AppProcB	AppProcB	896	6852	11780	6416	25048	112553	1475	1045300	79504	76836864	17352127	26746880
188	2026-08-13T23:25:23,754037210-0700	1786688723748409877	ServiceH	ServiceH	719	3964	4004	3040	11008	21055	0	1045300	79504	76836864	17352127	26746880
188	2026-08-13T23:25:23,754037210-0700	1786688723748409877	cynara	cynara	205	1648	1032	212	2892	22384	842	1045300	79504	76836864	17352127	26746880
188	2026-08-13T23:25:23,754037210-0700	1786688723748409877	AppProcA	AppProcA	2724	1212	3644	3732	8588	37041	79	1045300	79504	76836864	17352127	26746880
188	2026-08-13T23:25:23,754037210-0700	1786688723748409877	systemd	systemd	1	1144	164	440	1748	27677	510	1045300	79504	76836864	17352127	26746880
188	2026-08-13T23:25:23,754037210-0700	1786688723748409877	enlightenment	enlightenment	258	2676	968	3036	6680	39256	877	1045300	79504	76836864	17352127	26746880
188	2026-08-13T23:25:23,754037210-0700	1786688723748409877	buxton2d_worker	buxton2d_worker	229	1212	32	440	1684	3655	428	1045300	79504	76836864	17352127	26746880
188	2026-08-13T23:25:23,754037210-0700	1786688723748409877	ServiceD	ServiceD	1037	588	2128	3224	5940	20884	547	1045300	79504	76836864	17352127	26746880
189	2026-08-13T23:25:25,751271460-0700	1786688725746626626	AppProcD	AppProcD	424	12676	18672	5140	36488	134332	507	1045240	79504	76836864	17352127	26746880
189	2026-08-13T23:25:25,751271460-0700	1786688725746626626	ServiceE	ServiceE	404	7804	2808	7800	18412	28183	352	1045240	79504	76836864	17352127	26746880
189	2026-08-13T23:25:25,751271460-0700	1786688725746626626	AppProcB	AppProcB	896	6852	11780	6416	25048	112593	1475	1045240	79504	76836864	17352127	26746880
189	2026-08-13T23:25:25,751271460-0700	1786688725746626626	ServiceH	ServiceH	719	3964	4004	3040	11008	21055	0	1045240	79504	76836864	17352127	26746880
189	2026-08-13T23:25:25,751271460-0700	1786688725746626626	cynara	cynara	205	1648	1032	212	2892	22384	842	1045240	79504	76836864	17352127	26746880
189	2026-08-13T23:25:25,751271460-0700	1786688725746626626	AppProcA	AppProcA	2724	1212	3644	3732	8588	37042	79	1045240	79504	76836864	17352127	26746880
189	2026-08-13T23:25:25,751271460-0700	1786688725746626626	systemd	systemd	1	1144	164	440	1748	27678	510	1045240	79504	76836864	17352127	26746880
189	2026-08-13T23:25:25,751271460-0700	1786688725746626626	enlightenment	enlightenment	258	2676	968	3036	6680	39256	877	1045240	79504	76836864	17352127	26746880
189	2026-08-13T23:25:25,751271460-0700	1786688725746626626	buxton2d_worker	buxton2d_worker	229	1212	32	440	1684	3656	428	1045240	79504	76836864	17352127	26746880
189	2026-08-13T23:25:25,751271460-0700	1786688725746626626	ServiceD	ServiceD	1037	588	2128	3224	5940	20909	547	1045240	79504	76836864	17352127	26746880
190	2026-08-13T23:25:27,753777959-0700	1786688727749391626	AppProcD	AppProcD	424	12676	18672	5140	36488	134384	507	1045148	79504	76836864	17352127	26746880
190	2026-08-13T23:25:27,753777959-0700	1786688727749391626	ServiceE	ServiceE	404	7804	2808	7800	18412	28183	352	1045148	79504	76836864	17352127	26746880
190	2026-08-13T23:25:27,753777959-0700	1786688727749391626	AppProcB	AppProcB	896	6852	11780	6416	25048	112593	1475	1045148	79504	76836864	17352127	26746880
190	2026-08-13T23:25:27,753777959-0700	1786688727749391626	ServiceH	ServiceH	719	3964	4004	3040	11008	21055	0	1045148	79504	76836864	17352127	26746880
190	2026-08-13T23:25:27,753777959-0700	1786688727749391626	cynara	cynara	205	1648	1032	212	2892	22384	842	1045148	79504	76836864	17352127	26746880
190	2026-08-13T23:25:27,753777959-0700	1786688727749391626	AppProcA	AppProcA	2724	1212	3644	3732	8588	37063	79	1045148	79504	76836864	17352127	26746880
190	2026-08-13T23:25:27,753777959-0700	1786688727749391626	systemd	systemd	1	1144	164	440	1748	27678	510	1045148	79504	76836864	17352127	26746880
190	2026-08-13T23:25:27,753777959-0700	1786688727749391626	enlightenment	enlightenment	258	2676	968	3036	6680	39256	877	1045148	79504	76836864	17352127	26746880
190	2026-08-13T23:25:27,753777959-0700	1786688727749391626	buxton2d_worker	buxton2d_worker	229	1212	32	440	1684	3656	428	1045148	79504	76836864	17352127	26746880
190	2026-08-13T23:25:27,753777959-0700	1786688727749391626	ServiceD	ServiceD	1037	588	2128	3224	5940	20909	547	1045148	79504	76836864	17352127	26746880
191	2026-08-13T23:25:29,751840709-0700	1786688729747093625	AppProcD	AppProcD	424	12676	18672	5140	36488	134384	507	1045368	79504	76836864	17352127	26746880
191	2026-08-13T23:25:29,751840709-0700	1786688729747093625	ServiceE	ServiceE	404	7804	2808	7800	18412	28183	352	1045368	79504	76836864	17352127	26746880
191	2026-08-13T23:25:29,751840709-0700	1786688729747093625	AppProcB	AppProcB	896	6852	11780	6416	25048	112633	1475	1045368	79504	76836864	17352127	26746880
191	2026-08-13T23:25:29,751840709-0700	1786688729747093625	ServiceH	ServiceH	719	3964	4004	3040	11008	21055	0	1045368	79504	76836864	17352127	26746880
191	2026-08-13T23:25:29,751840709-0700	1786688729747093625	cynara	cynara	205	1648	1032	212	2892	22384	842	1045368	79504	76836864	17352127	26746880
191	2026-08-13T23:25:29,751840709-0700	1786688729747093625	AppProcA	AppProcA	2724	1212	3644	3732	8588	37063	79	1045368	79504	76836864	17352127	26746880
191	2026-08-13T23:25:29,751840709-0700	1786688729747093625	systemd	systemd	1	1144	164	440	1748	27678	510	1045368	79504	76836864	17352127	26746880
191	2026-08-13T23:25:29,751840709-0700	1786688729747093625	enlightenment	enlightenment	258	2676	968	3036	6680	39256	877	1045368	79504	76836864	17352127	26746880
191	2026-08-13T23:25:29,751840709-0700	1786688729747093625	buxton2d_worker	buxton2d_worker	229	1212	32	440	1684	3656	428	1045368	79504	76836864	17352127	26746880
191	2026-08-13T23:25:29,751840709-0700	1786688729747093625	ServiceD	ServiceD	1037	588	2128	3224	5940	20909	547	1045368	79504	76836864	17352127	26746880
192	2026-08-13T23:25:31,752510958-0700	1786688731747901042	AppProcD	AppProcD	424	12676	18672	5140	36488	134384	507	1044920	79504	76836864	17352127	26746880
192	2026-08-13T23:25:31,752510958-0700	1786688731747901042	ServiceE	ServiceE	404	7804	2808	7800	18412	28183	352	1044920	79504	76836864	17352127	26746880
192	2026-08-13T23:25:31,752510958-0700	1786688731747901042	AppProcB	AppProcB	896	6852	11780	6416	25048	112633	1475	1044920	79504	76836864	17352127	26746880
192	2026-08-13T23:25:31,752510958-0700	1786688731747901042	ServiceH	ServiceH	719	3964	4004	3040	11008	21055	0	1044920	79504	76836864	17352127	26746880
192	2026-08-13T23:25:31,752510958-0700	1786688731747901042	cynara	cynara	205	1648	1032	212	2892	22551	842	1044920	79504	76836864	17352127	26746880
192	2026-08-13T23:25:31,752510958-0700	1786688731747901042	AppProcA	AppProcA	2724	1212	3644	3732	8588	37083	79	1044920	79504	76836864	17352127	26746880
192	2026-08-13T23:25:31,752510958-0700	1786688731747901042	systemd	systemd	1	1144	164	440	1748	27678	510	1044920	79504	76836864	17352127	26746880
192	2026-08-13T23:25:31,752510958-0700	1786688731747901042	enlightenment	enlightenment	258	2676	968	3036	6680	39256	877	1044920	79504	76836864	17352127	26746880
192	2026-08-13T23:25:31,752510958-0700	1786688731747901042	buxton2d_worker	buxton2d_worker	229	1212	32	440	1684	3656	428	1044920	79504	76836864	17352127	26746880
192	2026-08-13T23:25:31,752510958-0700	1786688731747901042	ServiceD	ServiceD	1037	588	2128	3224	5940	20934	547	1044920	79504	76836864	17352127	26746880
193	2026-08-13T23:25:33,751577041-0700	1786688733747279541	AppProcD	AppProcD	424	12676	18672	5140	36488	134436	507	1045292	79504	76836864	17352127	26746880
193	2026-08-13T23:25:33,751577041-0700	1786688733747279541	ServiceE	ServiceE	404	7804	2808	7800	18412	28183	352	1045292	79504	76836864	17352127	26746880
193	2026-08-13T23:25:33,751577041-0700	1786688733747279541	AppProcB	AppProcB	896	6852	11780	6416	25048	112633	1475	1045292	79504	76836864	17352127	26746880
193	2026-08-13T23:25:33,751577041-0700	1786688733747279541	ServiceH	ServiceH	719	3964	4004	3040	11008	21055	0	1045292	79504	76836864	17352127	26746880
193	2026-08-13T23:25:33,751577041-0700	1786688733747279541	cynara	cynara	205	1648	1032	212	2892	22551	842	1045292	79504	76836864	17352127	26746880
193	2026-08-13T23:25:33,751577041-0700	1786688733747279541	AppProcA	AppProcA	2724	1212	3644	3732	8588	37083	79	1045292	79504	76836864	17352127	26746880
193	2026-08-13T23:25:33,751577041-0700	1786688733747279541	systemd	systemd	1	1144	164	440	1748	27678	510	1045292	79504	76836864	17352127	26746880
193	2026-08-13T23:25:33,751577041-0700	1786688733747279541	enlightenment	enlightenment	258	2676	968	3036	6680	39256	877	1045292	79504	76836864	17352127	26746880
193	2026-08-13T23:25:33,751577041-0700	1786688733747279541	buxton2d_worker	buxton2d_worker	229	1212	32	440	1684	3656	428	1045292	79504	76836864	17352127	26746880
193	2026-08-13T23:25:33,751577041-0700	1786688733747279541	ServiceD	ServiceD	1037	588	2128	3224	5940	20934	547	1045292	79504	76836864	17352127	26746880
194	2026-08-13T23:25:35,751593374-0700	1786688735747353124	AppProcD	AppProcD	424	12676	18672	5140	36488	134436	507	1045460	79504	76836864	17352127	26746880
194	2026-08-13T23:25:35,751593374-0700	1786688735747353124	ServiceE	ServiceE	404	7804	2808	7800	18412	28183	352	1045460	79504	76836864	17352127	26746880
194	2026-08-13T23:25:35,751593374-0700	1786688735747353124	AppProcB	AppProcB	896	6852	11780	6416	25048	112673	1475	1045460	79504	76836864	17352127	26746880
194	2026-08-13T23:25:35,751593374-0700	1786688735747353124	ServiceH	ServiceH	719	3964	4004	3040	11008	21055	0	1045460	79504	76836864	17352127	26746880
194	2026-08-13T23:25:35,751593374-0700	1786688735747353124	cynara	cynara	205	1648	1032	212	2892	22551	842	1045460	79504	76836864	17352127	26746880
194	2026-08-13T23:25:35,751593374-0700	1786688735747353124	AppProcA	AppProcA	2724	1212	3644	3732	8588	37083	79	1045460	79504	76836864	17352127	26746880
194	2026-08-13T23:25:35,751593374-0700	1786688735747353124	systemd	systemd	1	1144	164	440	1748	27678	510	1045460	79504	76836864	17352127	26746880
194	2026-08-13T23:25:35,751593374-0700	1786688735747353124	enlightenment	enlightenment	258	2676	968	3036	6680	39256	877	1045460	79504	76836864	17352127	26746880
194	2026-08-13T23:25:35,751593374-0700	1786688735747353124	buxton2d_worker	buxton2d_worker	229	1212	32	440	1684	3656	428	1045460	79504	76836864	17352127	26746880
194	2026-08-13T23:25:35,751593374-0700	1786688735747353124	ServiceD	ServiceD	1037	588	2128	3224	5940	20960	547	1045460	79504	76836864	17352127	26746880
195	2026-08-13T23:25:37,751655540-0700	1786688737746856790	AppProcD	AppProcD	424	12676	18672	5140	36488	134488	507	1045416	79504	76836864	17352127	26746880
195	2026-08-13T23:25:37,751655540-0700	1786688737746856790	ServiceE	ServiceE	404	7804	2808	7800	18412	28183	352	1045416	79504	76836864	17352127	26746880
195	2026-08-13T23:25:37,751655540-0700	1786688737746856790	AppProcB	AppProcB	896	6852	11780	6416	25048	112673	1475	1045416	79504	76836864	17352127	26746880
195	2026-08-13T23:25:37,751655540-0700	1786688737746856790	ServiceH	ServiceH	719	3964	4004	3040	11008	21055	0	1045416	79504	76836864	17352127	26746880
195	2026-08-13T23:25:37,751655540-0700	1786688737746856790	cynara	cynara	205	1648	1032	212	2892	22551	842	1045416	79504	76836864	17352127	26746880
195	2026-08-13T23:25:37,751655540-0700	1786688737746856790	AppProcA	AppProcA	2724	1212	3644	3732	8588	37105	79	1045416	79504	76836864	17352127	26746880
195	2026-08-13T23:25:37,751655540-0700	1786688737746856790	systemd	systemd	1	1144	164	440	1748	27678	510	1045416	79504	76836864	17352127	26746880
195	2026-08-13T23:25:37,751655540-0700	1786688737746856790	enlightenment	enlightenment	258	2676	968	3036	6680	39256	877	1045416	79504	76836864	17352127	26746880
195	2026-08-13T23:25:37,751655540-0700	1786688737746856790	buxton2d_worker	buxton2d_worker	229	1212	32	440	1684	3656	428	1045416	79504	76836864	17352127	26746880
195	2026-08-13T23:25:37,751655540-0700	1786688737746856790	ServiceD	ServiceD	1037	588	2128	3224	5940	20960	547	1045416	79504	76836864	17352127	26746880
196	2026-08-13T23:25:39,752303206-0700	1786688739746942623	AppProcD	AppProcD	424	12676	18672	5140	36488	134893	507	1045476	79504	76836864	17352127	26746880
196	2026-08-13T23:25:39,752303206-0700	1786688739746942623	ServiceE	ServiceE	404	7804	2808	7800	18412	28183	352	1045476	79504	76836864	17352127	26746880
196	2026-08-13T23:25:39,752303206-0700	1786688739746942623	AppProcB	AppProcB	896	6852	11780	6416	25048	112713	1475	1045476	79504	76836864	17352127	26746880
196	2026-08-13T23:25:39,752303206-0700	1786688739746942623	ServiceH	ServiceH	719	3964	4004	3040	11008	21055	0	1045476	79504	76836864	17352127	26746880
196	2026-08-13T23:25:39,752303206-0700	1786688739746942623	cynara	cynara	205	1648	1032	212	2892	22551	842	1045476	79504	76836864	17352127	26746880
196	2026-08-13T23:25:39,752303206-0700	1786688739746942623	AppProcA	AppProcA	2724	1212	3644	3732	8588	37105	79	1045476	79504	76836864	17352127	26746880
196	2026-08-13T23:25:39,752303206-0700	1786688739746942623	systemd	systemd	1	1144	164	440	1748	27678	510	1045476	79504	76836864	17352127	26746880
196	2026-08-13T23:25:39,752303206-0700	1786688739746942623	enlightenment	enlightenment	258	2676	968	3036	6680	39256	877	1045476	79504	76836864	17352127	26746880
196	2026-08-13T23:25:39,752303206-0700	1786688739746942623	buxton2d_worker	buxton2d_worker	229	1212	32	440	1684	3656	428	1045476	79504	76836864	17352127	26746880
196	2026-08-13T23:25:39,752303206-0700	1786688739746942623	ServiceD	ServiceD	1037	588	2128	3224	5940	20960	547	1045476	79504	76836864	17352127	26746880
197	2026-08-13T23:25:41,752605789-0700	1786688741748369206	AppProcD	AppProcD	424	12676	18672	5140	36488	134949	507	1045256	79504	76836864	17352127	26746880
197	2026-08-13T23:25:41,752605789-0700	1786688741748369206	ServiceE	ServiceE	404	7804	2808	7800	18412	28183	352	1045256	79504	76836864	17352127	26746880
197	2026-08-13T23:25:41,752605789-0700	1786688741748369206	AppProcB	AppProcB	896	6852	11780	6416	25048	112713	1475	1045256	79504	76836864	17352127	26746880
197	2026-08-13T23:25:41,752605789-0700	1786688741748369206	ServiceH	ServiceH	719	3964	4004	3040	11008	21055	0	1045256	79504	76836864	17352127	26746880
197	2026-08-13T23:25:41,752605789-0700	1786688741748369206	cynara	cynara	205	1648	1032	212	2892	22551	842	1045256	79504	76836864	17352127	26746880
197	2026-08-13T23:25:41,752605789-0700	1786688741748369206	AppProcA	AppProcA	2724	1212	3644	3732	8588	37126	79	1045256	79504	76836864	17352127	26746880
197	2026-08-13T23:25:41,752605789-0700	1786688741748369206	systemd	systemd	1	1144	164	440	1748	27678	510	1045256	79504	76836864	17352127	26746880
197	2026-08-13T23:25:41,752605789-0700	1786688741748369206	enlightenment	enlightenment	258	2676	968	3036	6680	39256	877	1045256	79504	76836864	17352127	26746880
197	2026-08-13T23:25:41,752605789-0700	1786688741748369206	buxton2d_worker	buxton2d_worker	229	1212	32	440	1684	3656	428	1045256	79504	76836864	17352127	26746880
197	2026-08-13T23:25:41,752605789-0700	1786688741748369206	ServiceD	ServiceD	1037	588	2128	3224	5940	20986	547	1045256	79504	76836864	17352127	26746880
198	2026-08-13T23:25:43,755225539-0700	1786688743748924289	AppProcD	AppProcD	424	12676	18672	5140	36488	135003	507	1045148	79504	76836864	17352127	26746880
198	2026-08-13T23:25:43,755225539-0700	1786688743748924289	ServiceE	ServiceE	404	7804	2808	7800	18412	28183	352	1045148	79504	76836864	17352127	26746880
198	2026-08-13T23:25:43,755225539-0700	1786688743748924289	AppProcB	AppProcB	896	6860	11780	6416	25056	112713	1475	1045148	79504	76836864	17352127	26746880
198	2026-08-13T23:25:43,755225539-0700	1786688743748924289	ServiceH	ServiceH	719	3964	4004	3040	11008	21055	0	1045148	79504	76836864	17352127	26746880
198	2026-08-13T23:25:43,755225539-0700	1786688743748924289	cynara	cynara	205	1648	1032	212	2892	22551	842	1045148	79504	76836864	17352127	26746880
198	2026-08-13T23:25:43,755225539-0700	1786688743748924289	AppProcA	AppProcA	2724	1212	3644	3732	8588	37127	79	1045148	79504	76836864	17352127	26746880
198	2026-08-13T23:25:43,755225539-0700	1786688743748924289	systemd	systemd	1	1144	164	440	1748	27678	510	1045148	79504	76836864	17352127	26746880
198	2026-08-13T23:25:43,755225539-0700	1786688743748924289	enlightenment	enlightenment	258	2676	968	3036	6680	39256	877	1045148	79504	76836864	17352127	26746880
198	2026-08-13T23:25:43,755225539-0700	1786688743748924289	buxton2d_worker	buxton2d_worker	229	1212	32	440	1684	3656	428	1045148	79504	76836864	17352127	26746880
198	2026-08-13T23:25:43,755225539-0700	1786688743748924289	ServiceD	ServiceD	1037	588	2128	3224	5940	20986	547	1045148	79504	76836864	17352127	26746880
199	2026-08-13T23:25:45,756457372-0700	1786688745749717038	AppProcD	AppProcD	424	12676	18672	5140	36488	135003	507	1045588	79504	76836864	17352127	26746880
199	2026-08-13T23:25:45,756457372-0700	1786688745749717038	ServiceE	ServiceE	404	7804	2808	7800	18412	28183	352	1045588	79504	76836864	17352127	26746880
199	2026-08-13T23:25:45,756457372-0700	1786688745749717038	AppProcB	AppProcB	896	6852	11780	6416	25048	112753	1475	1045588	79504	76836864	17352127	26746880
199	2026-08-13T23:25:45,756457372-0700	1786688745749717038	ServiceH	ServiceH	719	3964	4004	3040	11008	21055	0	1045588	79504	76836864	17352127	26746880
199	2026-08-13T23:25:45,756457372-0700	1786688745749717038	cynara	cynara	205	1648	1032	212	2892	22551	842	1045588	79504	76836864	17352127	26746880
199	2026-08-13T23:25:45,756457372-0700	1786688745749717038	AppProcA	AppProcA	2724	1212	3644	3732	8588	37128	79	1045588	79504	76836864	17352127	26746880
199	2026-08-13T23:25:45,756457372-0700	1786688745749717038	systemd	systemd	1	1144	164	440	1748	27678	510	1045588	79504	76836864	17352127	26746880
199	2026-08-13T23:25:45,756457372-0700	1786688745749717038	enlightenment	enlightenment	258	2676	968	3036	6680	39257	877	1045588	79504	76836864	17352127	26746880
199	2026-08-13T23:25:45,756457372-0700	1786688745749717038	buxton2d_worker	buxton2d_worker	229	1212	32	440	1684	3657	428	1045588	79504	76836864	17352127	26746880
199	2026-08-13T23:25:45,756457372-0700	1786688745749717038	ServiceD	ServiceD	1037	588	2128	3224	5940	21011	547	1045588	79504	76836864	17352127	26746880
200	2026-08-13T23:25:47,750944954-0700	1786688747746885871	AppProcD	AppProcD	424	12676	18668	5140	36484	135056	507	1045844	79504	76836864	17352127	26746880
200	2026-08-13T23:25:47,750944954-0700	1786688747746885871	ServiceE	ServiceE	404	7804	2808	7800	18412	28183	352	1045844	79504	76836864	17352127	26746880
200	2026-08-13T23:25:47,750944954-0700	1786688747746885871	AppProcB	AppProcB	896	6852	11780	6416	25048	112753	1475	1045844	79504	76836864	17352127	26746880
200	2026-08-13T23:25:47,750944954-0700	1786688747746885871	ServiceH	ServiceH	719	3964	4004	3040	11008	21055	0	1045844	79504	76836864	17352127	26746880
200	2026-08-13T23:25:47,750944954-0700	1786688747746885871	cynara	cynara	205	1648	1032	212	2892	22551	842	1045844	79504	76836864	17352127	26746880
200	2026-08-13T23:25:47,750944954-0700	1786688747746885871	AppProcA	AppProcA	2724	1212	3644	3732	8588	37149	79	1045844	79504	76836864	17352127	26746880
200	2026-08-13T23:25:47,750944954-0700	1786688747746885871	systemd	systemd	1	1144	164	440	1748	27678	510	1045844	79504	76836864	17352127	26746880
200	2026-08-13T23:25:47,750944954-0700	1786688747746885871	enlightenment	enlightenment	258	2676	968	3036	6680	39257	877	1045844	79504	76836864	17352127	26746880
200	2026-08-13T23:25:47,750944954-0700	1786688747746885871	buxton2d_worker	buxton2d_worker	229	1212	32	440	1684	3658	428	1045844	79504	76836864	17352127	26746880
200	2026-08-13T23:25:47,750944954-0700	1786688747746885871	ServiceD	ServiceD	1037	588	2128	3224	5940	21011	547	1045844	79504	76836864	17352127	26746880
201	2026-08-13T23:25:49,751858371-0700	1786688749747636287	AppProcD	AppProcD	424	12676	18664	5140	36480	135056	507	1045788	79504	76836864	17352127	26746880
201	2026-08-13T23:25:49,751858371-0700	1786688749747636287	ServiceE	ServiceE	404	7804	2808	7800	18412	28183	352	1045788	79504	76836864	17352127	26746880
201	2026-08-13T23:25:49,751858371-0700	1786688749747636287	AppProcB	AppProcB	896	6852	11780	6416	25048	112793	1475	1045788	79504	76836864	17352127	26746880
201	2026-08-13T23:25:49,751858371-0700	1786688749747636287	ServiceH	ServiceH	719	3964	4004	3040	11008	21055	0	1045788	79504	76836864	17352127	26746880
201	2026-08-13T23:25:49,751858371-0700	1786688749747636287	cynara	cynara	205	1648	1032	212	2892	22551	842	1045788	79504	76836864	17352127	26746880
201	2026-08-13T23:25:49,751858371-0700	1786688749747636287	AppProcA	AppProcA	2724	1212	3644	3732	8588	37150	79	1045788	79504	76836864	17352127	26746880
201	2026-08-13T23:25:49,751858371-0700	1786688749747636287	systemd	systemd	1	1144	164	440	1748	27678	510	1045788	79504	76836864	17352127	26746880
201	2026-08-13T23:25:49,751858371-0700	1786688749747636287	enlightenment	enlightenment	258	2676	968	3036	6680	39257	877	1045788	79504	76836864	17352127	26746880
201	2026-08-13T23:25:49,751858371-0700	1786688749747636287	buxton2d_worker	buxton2d_worker	229	1212	32	440	1684	3658	428	1045788	79504	76836864	17352127	26746880
201	2026-08-13T23:25:49,751858371-0700	1786688749747636287	ServiceD	ServiceD	1037	588	2128	3224	5940	21011	547	1045788	79504	76836864	17352127	26746880
202	2026-08-13T23:25:51,751968703-0700	1786688751747667620	AppProcD	AppProcD	424	12676	18664	5140	36480	135056	507	1045400	79504	76836864	17352127	26746880
202	2026-08-13T23:25:51,751968703-0700	1786688751747667620	ServiceE	ServiceE	404	7804	2808	7800	18412	28183	352	1045400	79504	76836864	17352127	26746880
202	2026-08-13T23:25:51,751968703-0700	1786688751747667620	AppProcB	AppProcB	896	6852	11780	6416	25048	112793	1475	1045400	79504	76836864	17352127	26746880
202	2026-08-13T23:25:51,751968703-0700	1786688751747667620	ServiceH	ServiceH	719	3964	4004	3040	11008	21055	0	1045400	79504	76836864	17352127	26746880
202	2026-08-13T23:25:51,751968703-0700	1786688751747667620	cynara	cynara	205	1648	1032	212	2892	22551	842	1045400	79504	76836864	17352127	26746880
202	2026-08-13T23:25:51,751968703-0700	1786688751747667620	AppProcA	AppProcA	2724	1212	3644	3732	8588	37170	79	1045400	79504	76836864	17352127	26746880
202	2026-08-13T23:25:51,751968703-0700	1786688751747667620	systemd	systemd	1	1144	164	440	1748	27678	510	1045400	79504	76836864	17352127	26746880
202	2026-08-13T23:25:51,751968703-0700	1786688751747667620	enlightenment	enlightenment	258	2676	968	3036	6680	39257	877	1045400	79504	76836864	17352127	26746880
202	2026-08-13T23:25:51,751968703-0700	1786688751747667620	buxton2d_worker	buxton2d_worker	229	1212	32	440	1684	3658	428	1045400	79504	76836864	17352127	26746880
202	2026-08-13T23:25:51,751968703-0700	1786688751747667620	ServiceD	ServiceD	1037	588	2128	3224	5940	21036	547	1045400	79504	76836864	17352127	26746880
203	2026-08-13T23:25:53,755152286-0700	1786688753750898370	AppProcD	AppProcD	424	12676	18664	5140	36480	135132	507	1045640	79504	76836864	17352127	26746880
203	2026-08-13T23:25:53,755152286-0700	1786688753750898370	ServiceE	ServiceE	404	7804	2808	7800	18412	28183	352	1045640	79504	76836864	17352127	26746880
203	2026-08-13T23:25:53,755152286-0700	1786688753750898370	AppProcB	AppProcB	896	6852	11780	6416	25048	112793	1475	1045640	79504	76836864	17352127	26746880
203	2026-08-13T23:25:53,755152286-0700	1786688753750898370	ServiceH	ServiceH	719	3964	4004	3040	11008	21055	0	1045640	79504	76836864	17352127	26746880
203	2026-08-13T23:25:53,755152286-0700	1786688753750898370	cynara	cynara	205	1648	1032	212	2892	22551	842	1045640	79504	76836864	17352127	26746880
203	2026-08-13T23:25:53,755152286-0700	1786688753750898370	AppProcA	AppProcA	2724	1212	3644	3732	8588	37171	79	1045640	79504	76836864	17352127	26746880
203	2026-08-13T23:25:53,755152286-0700	1786688753750898370	systemd	systemd	1	1144	164	440	1748	27678	510	1045640	79504	76836864	17352127	26746880
203	2026-08-13T23:25:53,755152286-0700	1786688753750898370	enlightenment	enlightenment	258	2676	968	3036	6680	39257	877	1045640	79504	76836864	17352127	26746880
203	2026-08-13T23:25:53,755152286-0700	1786688753750898370	buxton2d_worker	buxton2d_worker	229	1212	32	440	1684	3658	428	1045640	79504	76836864	17352127	26746880
203	2026-08-13T23:25:53,755152286-0700	1786688753750898370	ServiceD	ServiceD	1037	588	2128	3224	5940	21036	547	1045640	79504	76836864	17352127	26746880
204	2026-08-13T23:25:55,756671036-0700	1786688755750332369	AppProcD	AppProcD	424	12676	18660	5140	36476	135132	507	1045540	79504	76836864	17352127	26746880
204	2026-08-13T23:25:55,756671036-0700	1786688755750332369	ServiceE	ServiceE	404	7804	2808	7800	18412	28183	352	1045540	79504	76836864	17352127	26746880
204	2026-08-13T23:25:55,756671036-0700	1786688755750332369	AppProcB	AppProcB	896	6852	11780	6416	25048	112833	1475	1045540	79504	76836864	17352127	26746880
204	2026-08-13T23:25:55,756671036-0700	1786688755750332369	ServiceH	ServiceH	719	3964	4004	3040	11008	21055	0	1045540	79504	76836864	17352127	26746880
204	2026-08-13T23:25:55,756671036-0700	1786688755750332369	cynara	cynara	205	1648	1032	212	2892	22551	842	1045540	79504	76836864	17352127	26746880
204	2026-08-13T23:25:55,756671036-0700	1786688755750332369	AppProcA	AppProcA	2724	1212	3644	3732	8588	37171	79	1045540	79504	76836864	17352127	26746880
204	2026-08-13T23:25:55,756671036-0700	1786688755750332369	systemd	systemd	1	1144	164	440	1748	27679	510	1045540	79504	76836864	17352127	26746880
204	2026-08-13T23:25:55,756671036-0700	1786688755750332369	enlightenment	enlightenment	258	2676	968	3036	6680	39257	877	1045540	79504	76836864	17352127	26746880
204	2026-08-13T23:25:55,756671036-0700	1786688755750332369	buxton2d_worker	buxton2d_worker	229	1212	32	440	1684	3659	428	1045540	79504	76836864	17352127	26746880
204	2026-08-13T23:25:55,756671036-0700	1786688755750332369	ServiceD	ServiceD	1037	588	2128	3224	5940	21061	547	1045540	79504	76836864	17352127	26746880
205	2026-08-13T23:25:57,751556285-0700	1786688757747061452	AppProcD	AppProcD	424	12676	18656	5140	36472	135184	507	1045476	79504	76836864	17352127	26746880
205	2026-08-13T23:25:57,751556285-0700	1786688757747061452	ServiceE	ServiceE	404	7804	2808	7800	18412	28183	352	1045476	79504	76836864	17352127	26746880
205	2026-08-13T23:25:57,751556285-0700	1786688757747061452	AppProcB	AppProcB	896	6852	11780	6416	25048	112833	1475	1045476	79504	76836864	17352127	26746880
205	2026-08-13T23:25:57,751556285-0700	1786688757747061452	ServiceH	ServiceH	719	3964	4004	3040	11008	21055	0	1045476	79504	76836864	17352127	26746880
205	2026-08-13T23:25:57,751556285-0700	1786688757747061452	cynara	cynara	205	1648	1032	212	2892	22551	842	1045476	79504	76836864	17352127	26746880
205	2026-08-13T23:25:57,751556285-0700	1786688757747061452	AppProcA	AppProcA	2724	1212	3644	3732	8588	37192	79	1045476	79504	76836864	17352127	26746880
205	2026-08-13T23:25:57,751556285-0700	1786688757747061452	systemd	systemd	1	1144	164	440	1748	27679	510	1045476	79504	76836864	17352127	26746880
205	2026-08-13T23:25:57,751556285-0700	1786688757747061452	enlightenment	enlightenment	258	2676	968	3036	6680	39257	877	1045476	79504	76836864	17352127	26746880
205	2026-08-13T23:25:57,751556285-0700	1786688757747061452	buxton2d_worker	buxton2d_worker	229	1212	32	440	1684	3659	428	1045476	79504	76836864	17352127	26746880
205	2026-08-13T23:25:57,751556285-0700	1786688757747061452	ServiceD	ServiceD	1037	588	2128	3224	5940	21061	547	1045476	79504	76836864	17352127	26746880
206	2026-08-13T23:25:59,752734868-0700	1786688759748534702	AppProcD	AppProcD	424	12676	18656	5140	36472	135185	507	1045240	79504	76836864	17352127	26746880
206	2026-08-13T23:25:59,752734868-0700	1786688759748534702	ServiceE	ServiceE	404	7804	2808	7800	18412	28183	352	1045240	79504	76836864	17352127	26746880
206	2026-08-13T23:25:59,752734868-0700	1786688759748534702	AppProcB	AppProcB	896	6852	11780	6416	25048	112873	1475	1045240	79504	76836864	17352127	26746880
206	2026-08-13T23:25:59,752734868-0700	1786688759748534702	ServiceH	ServiceH	719	3964	4004	3040	11008	21055	0	1045240	79504	76836864	17352127	26746880
206	2026-08-13T23:25:59,752734868-0700	1786688759748534702	cynara	cynara	205	1648	1032	212	2892	22551	842	1045240	79504	76836864	17352127	26746880
206	2026-08-13T23:25:59,752734868-0700	1786688759748534702	AppProcA	AppProcA	2724	1212	3644	3732	8588	37192	79	1045240	79504	76836864	17352127	26746880
206	2026-08-13T23:25:59,752734868-0700	1786688759748534702	systemd	systemd	1	1144	164	440	1748	27679	510	1045240	79504	76836864	17352127	26746880
206	2026-08-13T23:25:59,752734868-0700	1786688759748534702	enlightenment	enlightenment	258	2676	968	3036	6680	39257	877	1045240	79504	76836864	17352127	26746880
206	2026-08-13T23:25:59,752734868-0700	1786688759748534702	buxton2d_worker	buxton2d_worker	229	1212	32	440	1684	3659	428	1045240	79504	76836864	17352127	26746880
206	2026-08-13T23:25:59,752734868-0700	1786688759748534702	ServiceD	ServiceD	1037	588	2128	3224	5940	21061	547	1045240	79504	76836864	17352127	26746880
207	2026-08-13T23:26:01,755332618-0700	1786688761748538701	AppProcD	AppProcD	424	12676	18652	5140	36468	135185	507	1045348	79504	76836864	17352127	26746880
207	2026-08-13T23:26:01,755332618-0700	1786688761748538701	ServiceE	ServiceE	404	7804	2808	7800	18412	28183	352	1045348	79504	76836864	17352127	26746880
207	2026-08-13T23:26:01,755332618-0700	1786688761748538701	AppProcB	AppProcB	896	6852	11780	6416	25048	112873	1475	1045348	79504	76836864	17352127	26746880
207	2026-08-13T23:26:01,755332618-0700	1786688761748538701	ServiceH	ServiceH	719	3964	4004	3040	11008	21055	0	1045348	79504	76836864	17352127	26746880
207	2026-08-13T23:26:01,755332618-0700	1786688761748538701	cynara	cynara	205	1648	1032	212	2892	22551	842	1045348	79504	76836864	17352127	26746880
207	2026-08-13T23:26:01,755332618-0700	1786688761748538701	AppProcA	AppProcA	2724	1212	3644	3732	8588	37213	79	1045348	79504	76836864	17352127	26746880
207	2026-08-13T23:26:01,755332618-0700	1786688761748538701	systemd	systemd	1	1144	164	440	1748	27679	510	1045348	79504	76836864	17352127	26746880
207	2026-08-13T23:26:01,755332618-0700	1786688761748538701	enlightenment	enlightenment	258	2676	968	3036	6680	39257	877	1045348	79504	76836864	17352127	26746880
207	2026-08-13T23:26:01,755332618-0700	1786688761748538701	buxton2d_worker	buxton2d_worker	229	1212	32	440	1684	3659	428	1045348	79504	76836864	17352127	26746880
207	2026-08-13T23:26:01,755332618-0700	1786688761748538701	ServiceD	ServiceD	1037	588	2128	3224	5940	21086	547	1045348	79504	76836864	17352127	26746880
208	2026-08-13T23:26:03,756684201-0700	1786688763748091367	AppProcD	AppProcD	424	12676	18652	5140	36468	135237	507	1044936	79504	76836864	17352127	26746880
208	2026-08-13T23:26:03,756684201-0700	1786688763748091367	ServiceE	ServiceE	404	7804	2808	7800	18412	28183	352	1044936	79504	76836864	17352127	26746880
208	2026-08-13T23:26:03,756684201-0700	1786688763748091367	AppProcB	AppProcB	896	6852	11780	6416	25048	112873	1475	1044936	79504	76836864	17352127	26746880
208	2026-08-13T23:26:03,756684201-0700	1786688763748091367	ServiceH	ServiceH	719	3964	4004	3040	11008	21055	0	1044936	79504	76836864	17352127	26746880
208	2026-08-13T23:26:03,756684201-0700	1786688763748091367	cynara	cynara	205	1648	1032	212	2892	22551	842	1044936	79504	76836864	17352127	26746880
208	2026-08-13T23:26:03,756684201-0700	1786688763748091367	AppProcA	AppProcA	2724	1212	3644	3732	8588	37213	79	1044936	79504	76836864	17352127	26746880
208	2026-08-13T23:26:03,756684201-0700	1786688763748091367	systemd	systemd	1	1144	164	440	1748	27679	510	1044936	79504	76836864	17352127	26746880
208	2026-08-13T23:26:03,756684201-0700	1786688763748091367	enlightenment	enlightenment	258	2676	968	3036	6680	39257	877	1044936	79504	76836864	17352127	26746880
208	2026-08-13T23:26:03,756684201-0700	1786688763748091367	buxton2d_worker	buxton2d_worker	229	1212	32	440	1684	3659	428	1044936	79504	76836864	17352127	26746880
208	2026-08-13T23:26:03,756684201-0700	1786688763748091367	ServiceD	ServiceD	1037	588	2128	3224	5940	21086	547	1044936	79504	76836864	17352127	26746880
209	2026-08-13T23:26:05,751185367-0700	1786688765746695617	AppProcD	AppProcD	424	12676	18652	5140	36468	135237	507	1044472	79504	76836864	17352127	26746880
209	2026-08-13T23:26:05,751185367-0700	1786688765746695617	ServiceE	ServiceE	404	7804	2808	7800	18412	28183	352	1044472	79504	76836864	17352127	26746880
209	2026-08-13T23:26:05,751185367-0700	1786688765746695617	AppProcB	AppProcB	896	6852	11780	6416	25048	112913	1475	1044472	79504	76836864	17352127	26746880
209	2026-08-13T23:26:05,751185367-0700	1786688765746695617	ServiceH	ServiceH	719	3964	4004	3040	11008	21055	0	1044472	79504	76836864	17352127	26746880
209	2026-08-13T23:26:05,751185367-0700	1786688765746695617	cynara	cynara	205	1648	1032	212	2892	22551	842	1044472	79504	76836864	17352127	26746880
209	2026-08-13T23:26:05,751185367-0700	1786688765746695617	AppProcA	AppProcA	2724	1212	3644	3732	8588	37214	79	1044472	79504	76836864	17352127	26746880
209	2026-08-13T23:26:05,751185367-0700	1786688765746695617	systemd	systemd	1	1144	164	440	1748	27680	510	1044472	79504	76836864	17352127	26746880
209	2026-08-13T23:26:05,751185367-0700	1786688765746695617	enlightenment	enlightenment	258	2676	968	3036	6680	39257	877	1044472	79504	76836864	17352127	26746880
209	2026-08-13T23:26:05,751185367-0700	1786688765746695617	buxton2d_worker	buxton2d_worker	229	1212	32	440	1684	3659	428	1044472	79504	76836864	17352127	26746880
209	2026-08-13T23:26:05,751185367-0700	1786688765746695617	ServiceD	ServiceD	1037	588	2128	3224	5940	21111	547	1044472	79504	76836864	17352127	26746880
210	2026-08-13T23:26:07,752587616-0700	1786688767746925783	AppProcD	AppProcD	424	12676	18652	5140	36468	135289	507	1045016	79504	76836864	17352127	26746880
210	2026-08-13T23:26:07,752587616-0700	1786688767746925783	ServiceE	ServiceE	404	7804	2808	7800	18412	28183	352	1045016	79504	76836864	17352127	26746880
210	2026-08-13T23:26:07,752587616-0700	1786688767746925783	AppProcB	AppProcB	896	6852	11780	6416	25048	112913	1475	1045016	79504	76836864	17352127	26746880
210	2026-08-13T23:26:07,752587616-0700	1786688767746925783	ServiceH	ServiceH	719	3964	4004	3040	11008	21055	0	1045016	79504	76836864	17352127	26746880
210	2026-08-13T23:26:07,752587616-0700	1786688767746925783	cynara	cynara	205	1648	1032	212	2892	22551	842	1045016	79504	76836864	17352127	26746880
210	2026-08-13T23:26:07,752587616-0700	1786688767746925783	AppProcA	AppProcA	2724	1212	3644	3732	8588	37235	79	1045016	79504	76836864	17352127	26746880
210	2026-08-13T23:26:07,752587616-0700	1786688767746925783	systemd	systemd	1	1144	164	440	1748	27680	510	1045016	79504	76836864	17352127	26746880
210	2026-08-13T23:26:07,752587616-0700	1786688767746925783	enlightenment	enlightenment	258	2676	968	3036	6680	39257	877	1045016	79504	76836864	17352127	26746880
210	2026-08-13T23:26:07,752587616-0700	1786688767746925783	buxton2d_worker	buxton2d_worker	229	1212	32	440	1684	3659	428	1045016	79504	76836864	17352127	26746880
210	2026-08-13T23:26:07,752587616-0700	1786688767746925783	ServiceD	ServiceD	1037	588	2128	3224	5940	21111	547	1045016	79504	76836864	17352127	26746880
211	2026-08-13T23:26:09,750854116-0700	1786688769746242116	AppProcD	AppProcD	424	12676	18644	5140	36460	135289	507	1045044	79504	76836864	17352127	26746880
211	2026-08-13T23:26:09,750854116-0700	1786688769746242116	ServiceE	ServiceE	404	7804	2808	7800	18412	28183	352	1045044	79504	76836864	17352127	26746880
211	2026-08-13T23:26:09,750854116-0700	1786688769746242116	AppProcB	AppProcB	896	6852	11780	6416	25048	112953	1475	1045044	79504	76836864	17352127	26746880
211	2026-08-13T23:26:09,750854116-0700	1786688769746242116	ServiceH	ServiceH	719	3964	4004	3040	11008	21055	0	1045044	79504	76836864	17352127	26746880
211	2026-08-13T23:26:09,750854116-0700	1786688769746242116	cynara	cynara	205	1648	1032	212	2892	22551	842	1045044	79504	76836864	17352127	26746880
211	2026-08-13T23:26:09,750854116-0700	1786688769746242116	AppProcA	AppProcA	2724	1212	3644	3732	8588	37236	79	1045044	79504	76836864	17352127	26746880
211	2026-08-13T23:26:09,750854116-0700	1786688769746242116	systemd	systemd	1	1144	164	440	1748	27680	510	1045044	79504	76836864	17352127	26746880
211	2026-08-13T23:26:09,750854116-0700	1786688769746242116	enlightenment	enlightenment	258	2676	968	3036	6680	39257	877	1045044	79504	76836864	17352127	26746880
211	2026-08-13T23:26:09,750854116-0700	1786688769746242116	buxton2d_worker	buxton2d_worker	229	1212	32	440	1684	3661	428	1045044	79504	76836864	17352127	26746880
211	2026-08-13T23:26:09,750854116-0700	1786688769746242116	ServiceD	ServiceD	1037	588	2128	3224	5940	21111	547	1045044	79504	76836864	17352127	26746880
212	2026-08-13T23:26:11,754352449-0700	1786688771749661615	AppProcD	AppProcD	424	12676	18628	5140	36444	135289	507	1045036	79504	76836864	17352127	26746880
212	2026-08-13T23:26:11,754352449-0700	1786688771749661615	ServiceE	ServiceE	404	7804	2808	7800	18412	28183	352	1045036	79504	76836864	17352127	26746880
212	2026-08-13T23:26:11,754352449-0700	1786688771749661615	AppProcB	AppProcB	896	6852	11780	6416	25048	112953	1475	1045036	79504	76836864	17352127	26746880
212	2026-08-13T23:26:11,754352449-0700	1786688771749661615	ServiceH	ServiceH	719	3964	4004	3040	11008	21055	0	1045036	79504	76836864	17352127	26746880
212	2026-08-13T23:26:11,754352449-0700	1786688771749661615	cynara	cynara	205	1648	1032	212	2892	22551	842	1045036	79504	76836864	17352127	26746880
212	2026-08-13T23:26:11,754352449-0700	1786688771749661615	AppProcA	AppProcA	2724	1212	3644	3732	8588	37257	79	1045036	79504	76836864	17352127	26746880
212	2026-08-13T23:26:11,754352449-0700	1786688771749661615	systemd	systemd	1	1144	164	440	1748	27680	510	1045036	79504	76836864	17352127	26746880
212	2026-08-13T23:26:11,754352449-0700	1786688771749661615	enlightenment	enlightenment	258	2676	968	3036	6680	39257	877	1045036	79504	76836864	17352127	26746880
212	2026-08-13T23:26:11,754352449-0700	1786688771749661615	buxton2d_worker	buxton2d_worker	229	1212	32	440	1684	3661	428	1045036	79504	76836864	17352127	26746880
212	2026-08-13T23:26:11,754352449-0700	1786688771749661615	ServiceD	ServiceD	1037	588	2128	3224	5940	21136	547	1045036	79504	76836864	17352127	26746880
213	2026-08-13T23:26:13,755569282-0700	1786688773751242198	AppProcD	AppProcD	424	12676	18636	5140	36452	135343	507	1045268	79504	76836864	17352127	26746880
213	2026-08-13T23:26:13,755569282-0700	1786688773751242198	ServiceE	ServiceE	404	7804	2808	7800	18412	28183	352	1045268	79504	76836864	17352127	26746880
213	2026-08-13T23:26:13,755569282-0700	1786688773751242198	AppProcB	AppProcB	896	6852	11780	6416	25048	112953	1475	1045268	79504	76836864	17352127	26746880
213	2026-08-13T23:26:13,755569282-0700	1786688773751242198	ServiceH	ServiceH	719	3964	4004	3040	11008	21055	0	1045268	79504	76836864	17352127	26746880
213	2026-08-13T23:26:13,755569282-0700	1786688773751242198	cynara	cynara	205	1648	1032	212	2892	22551	842	1045268	79504	76836864	17352127	26746880
213	2026-08-13T23:26:13,755569282-0700	1786688773751242198	AppProcA	AppProcA	2724	1212	3644	3732	8588	37257	79	1045268	79504	76836864	17352127	26746880
213	2026-08-13T23:26:13,755569282-0700	1786688773751242198	systemd	systemd	1	1144	164	440	1748	27680	510	1045268	79504	76836864	17352127	26746880
213	2026-08-13T23:26:13,755569282-0700	1786688773751242198	enlightenment	enlightenment	258	2676	968	3036	6680	39257	877	1045268	79504	76836864	17352127	26746880
213	2026-08-13T23:26:13,755569282-0700	1786688773751242198	buxton2d_worker	buxton2d_worker	229	1212	32	440	1684	3661	428	1045268	79504	76836864	17352127	26746880
213	2026-08-13T23:26:13,755569282-0700	1786688773751242198	ServiceD	ServiceD	1037	588	2128	3224	5940	21136	547	1045268	79504	76836864	17352127	26746880
214	2026-08-13T23:26:15,753948031-0700	1786688775749395948	AppProcD	AppProcD	424	12676	18636	5140	36452	135343	507	1045196	79504	76836864	17352127	26746880
214	2026-08-13T23:26:15,753948031-0700	1786688775749395948	ServiceE	ServiceE	404	7804	2808	7800	18412	28183	352	1045196	79504	76836864	17352127	26746880
214	2026-08-13T23:26:15,753948031-0700	1786688775749395948	AppProcB	AppProcB	896	6852	11780	6416	25048	112993	1475	1045196	79504	76836864	17352127	26746880
214	2026-08-13T23:26:15,753948031-0700	1786688775749395948	ServiceH	ServiceH	719	3964	4004	3040	11008	21055	0	1045196	79504	76836864	17352127	26746880
214	2026-08-13T23:26:15,753948031-0700	1786688775749395948	cynara	cynara	205	1648	1032	212	2892	22551	842	1045196	79504	76836864	17352127	26746880
214	2026-08-13T23:26:15,753948031-0700	1786688775749395948	AppProcA	AppProcA	2724	1212	3644	3732	8588	37257	79	1045196	79504	76836864	17352127	26746880
214	2026-08-13T23:26:15,753948031-0700	1786688775749395948	systemd	systemd	1	1144	164	440	1748	27680	510	1045196	79504	76836864	17352127	26746880
214	2026-08-13T23:26:15,753948031-0700	1786688775749395948	enlightenment	enlightenment	258	2676	968	3036	6680	39257	877	1045196	79504	76836864	17352127	26746880
214	2026-08-13T23:26:15,753948031-0700	1786688775749395948	buxton2d_worker	buxton2d_worker	229	1212	32	440	1684	3661	428	1045196	79504	76836864	17352127	26746880
214	2026-08-13T23:26:15,753948031-0700	1786688775749395948	ServiceD	ServiceD	1037	588	2128	3224	5940	21161	547	1045196	79504	76836864	17352127	26746880
215	2026-08-13T23:26:17,753543947-0700	1786688777749427281	AppProcD	AppProcD	424	12652	18636	5140	36428	135395	507	1044996	79504	76836864	17352127	26746880
215	2026-08-13T23:26:17,753543947-0700	1786688777749427281	ServiceE	ServiceE	404	7804	2808	7800	18412	28183	352	1044996	79504	76836864	17352127	26746880
215	2026-08-13T23:26:17,753543947-0700	1786688777749427281	AppProcB	AppProcB	896	6852	11780	6416	25048	112993	1475	1044996	79504	76836864	17352127	26746880
215	2026-08-13T23:26:17,753543947-0700	1786688777749427281	ServiceH	ServiceH	719	3964	4004	3040	11008	21055	0	1044996	79504	76836864	17352127	26746880
215	2026-08-13T23:26:17,753543947-0700	1786688777749427281	cynara	cynara	205	1648	1032	212	2892	22551	842	1044996	79504	76836864	17352127	26746880
215	2026-08-13T23:26:17,753543947-0700	1786688777749427281	AppProcA	AppProcA	2724	1212	3644	3732	8588	37279	79	1044996	79504	76836864	17352127	26746880
215	2026-08-13T23:26:17,753543947-0700	1786688777749427281	systemd	systemd	1	1144	164	440	1748	27680	510	1044996	79504	76836864	17352127	26746880
215	2026-08-13T23:26:17,753543947-0700	1786688777749427281	enlightenment	enlightenment	258	2648	968	3036	6652	39257	877	1044996	79504	76836864	17352127	26746880
215	2026-08-13T23:26:17,753543947-0700	1786688777749427281	buxton2d_worker	buxton2d_worker	229	1212	32	440	1684	3661	428	1044996	79504	76836864	17352127	26746880
215	2026-08-13T23:26:17,753543947-0700	1786688777749427281	ServiceD	ServiceD	1037	588	2128	3224	5940	21161	547	1044996	79504	76836864	17352127	26746880
216	2026-08-13T23:26:19,757262697-0700	1786688779749069113	AppProcD	AppProcD	424	12652	18636	5140	36428	135395	507	1045508	79504	76836864	17352127	26746880
216	2026-08-13T23:26:19,757262697-0700	1786688779749069113	ServiceE	ServiceE	404	7804	2808	7800	18412	28183	352	1045508	79504	76836864	17352127	26746880
216	2026-08-13T23:26:19,757262697-0700	1786688779749069113	AppProcB	AppProcB	896	6852	11780	6416	25048	113033	1475	1045508	79504	76836864	17352127	26746880
216	2026-08-13T23:26:19,757262697-0700	1786688779749069113	ServiceH	ServiceH	719	3964	4004	3040	11008	21055	0	1045508	79504	76836864	17352127	26746880
216	2026-08-13T23:26:19,757262697-0700	1786688779749069113	cynara	cynara	205	1648	1032	212	2892	22551	842	1045508	79504	76836864	17352127	26746880
216	2026-08-13T23:26:19,757262697-0700	1786688779749069113	AppProcA	AppProcA	2724	1212	3644	3732	8588	37279	79	1045508	79504	76836864	17352127	26746880
216	2026-08-13T23:26:19,757262697-0700	1786688779749069113	systemd	systemd	1	1144	164	440	1748	27680	510	1045508	79504	76836864	17352127	26746880
216	2026-08-13T23:26:19,757262697-0700	1786688779749069113	enlightenment	enlightenment	258	2648	968	3036	6652	39257	877	1045508	79504	76836864	17352127	26746880
216	2026-08-13T23:26:19,757262697-0700	1786688779749069113	buxton2d_worker	buxton2d_worker	229	1212	32	440	1684	3661	428	1045508	79504	76836864	17352127	26746880
216	2026-08-13T23:26:19,757262697-0700	1786688779749069113	ServiceD	ServiceD	1037	588	2128	3224	5940	21161	547	1045508	79504	76836864	17352127	26746880
217	2026-08-13T23:26:21,752285946-0700	1786688781747634280	AppProcD	AppProcD	424	12652	18636	5140	36428	135395	507	1045484	79504	76836864	17352127	26746880
217	2026-08-13T23:26:21,752285946-0700	1786688781747634280	ServiceE	ServiceE	404	7804	2808	7800	18412	28183	352	1045484	79504	76836864	17352127	26746880
217	2026-08-13T23:26:21,752285946-0700	1786688781747634280	AppProcB	AppProcB	896	6852	11780	6416	25048	113033	1475	1045484	79504	76836864	17352127	26746880
217	2026-08-13T23:26:21,752285946-0700	1786688781747634280	ServiceH	ServiceH	719	3964	4004	3040	11008	21055	0	1045484	79504	76836864	17352127	26746880
217	2026-08-13T23:26:21,752285946-0700	1786688781747634280	cynara	cynara	205	1648	1032	212	2892	22551	842	1045484	79504	76836864	17352127	26746880
217	2026-08-13T23:26:21,752285946-0700	1786688781747634280	AppProcA	AppProcA	2724	1212	3644	3732	8588	37299	79	1045484	79504	76836864	17352127	26746880
217	2026-08-13T23:26:21,752285946-0700	1786688781747634280	systemd	systemd	1	1144	164	440	1748	27680	510	1045484	79504	76836864	17352127	26746880
217	2026-08-13T23:26:21,752285946-0700	1786688781747634280	enlightenment	enlightenment	258	2648	968	3036	6652	39257	877	1045484	79504	76836864	17352127	26746880
217	2026-08-13T23:26:21,752285946-0700	1786688781747634280	buxton2d_worker	buxton2d_worker	229	1212	32	440	1684	3661	428	1045484	79504	76836864	17352127	26746880
217	2026-08-13T23:26:21,752285946-0700	1786688781747634280	ServiceD	ServiceD	1037	588	2128	3224	5940	21187	547	1045484	79504	76836864	17352127	26746880
218	2026-08-13T23:26:23,754744862-0700	1786688783749051696	AppProcD	AppProcD	424	12652	18636	5140	36428	135447	507	1045112	79504	76836864	17352127	26746880
218	2026-08-13T23:26:23,754744862-0700	1786688783749051696	ServiceE	ServiceE	404	7804	2808	7800	18412	28183	352	1045112	79504	76836864	17352127	26746880
218	2026-08-13T23:26:23,754744862-0700	1786688783749051696	AppProcB	AppProcB	896	6852	11780	6416	25048	113033	1475	1045112	79504	76836864	17352127	26746880
218	2026-08-13T23:26:23,754744862-0700	1786688783749051696	ServiceH	ServiceH	719	3964	4004	3040	11008	21055	0	1045112	79504	76836864	17352127	26746880
218	2026-08-13T23:26:23,754744862-0700	1786688783749051696	cynara	cynara	205	1648	1032	212	2892	22551	842	1045112	79504	76836864	17352127	26746880
218	2026-08-13T23:26:23,754744862-0700	1786688783749051696	AppProcA	AppProcA	2724	1212	3644	3732	8588	37300	79	1045112	79504	76836864	17352127	26746880
218	2026-08-13T23:26:23,754744862-0700	1786688783749051696	systemd	systemd	1	1144	164	440	1748	27680	510	1045112	79504	76836864	17352127	26746880
218	2026-08-13T23:26:23,754744862-0700	1786688783749051696	enlightenment	enlightenment	258	2648	968	3036	6652	39257	877	1045112	79504	76836864	17352127	26746880
218	2026-08-13T23:26:23,754744862-0700	1786688783749051696	buxton2d_worker	buxton2d_worker	229	1212	32	440	1684	3661	428	1045112	79504	76836864	17352127	26746880
218	2026-08-13T23:26:23,754744862-0700	1786688783749051696	ServiceD	ServiceD	1037	588	2128	3224	5940	21187	547	1045112	79504	76836864	17352127	26746880
219	2026-08-13T23:26:25,756510445-0700	1786688785750022362	AppProcD	AppProcD	424	12652	18636	5140	36428	135447	507	1045876	79504	76836864	17352127	26746880
219	2026-08-13T23:26:25,756510445-0700	1786688785750022362	ServiceE	ServiceE	404	7804	2808	7800	18412	28183	352	1045876	79504	76836864	17352127	26746880
219	2026-08-13T23:26:25,756510445-0700	1786688785750022362	AppProcB	AppProcB	896	6852	11780	6416	25048	113073	1475	1045876	79504	76836864	17352127	26746880
219	2026-08-13T23:26:25,756510445-0700	1786688785750022362	ServiceH	ServiceH	719	3964	4004	3040	11008	21055	0	1045876	79504	76836864	17352127	26746880
219	2026-08-13T23:26:25,756510445-0700	1786688785750022362	cynara	cynara	205	1648	1032	212	2892	22551	842	1045876	79504	76836864	17352127	26746880
219	2026-08-13T23:26:25,756510445-0700	1786688785750022362	AppProcA	AppProcA	2724	1212	3644	3732	8588	37300	79	1045876	79504	76836864	17352127	26746880
219	2026-08-13T23:26:25,756510445-0700	1786688785750022362	systemd	systemd	1	1144	164	440	1748	27681	510	1045876	79504	76836864	17352127	26746880
219	2026-08-13T23:26:25,756510445-0700	1786688785750022362	enlightenment	enlightenment	258	2648	968	3036	6652	39257	877	1045876	79504	76836864	17352127	26746880
219	2026-08-13T23:26:25,756510445-0700	1786688785750022362	buxton2d_worker	buxton2d_worker	229	1212	32	440	1684	3662	428	1045876	79504	76836864	17352127	26746880
219	2026-08-13T23:26:25,756510445-0700	1786688785750022362	ServiceD	ServiceD	1037	588	2128	3224	5940	21212	547	1045876	79504	76836864	17352127	26746880
220	2026-08-13T23:26:27,759539778-0700	1786688787751550195	AppProcD	AppProcD	424	12652	18636	5140	36428	135499	507	1045484	79504	76836864	17352127	26746880
220	2026-08-13T23:26:27,759539778-0700	1786688787751550195	ServiceE	ServiceE	404	7804	2808	7800	18412	28183	352	1045484	79504	76836864	17352127	26746880
220	2026-08-13T23:26:27,759539778-0700	1786688787751550195	AppProcB	AppProcB	896	6852	11780	6416	25048	113073	1475	1045484	79504	76836864	17352127	26746880
220	2026-08-13T23:26:27,759539778-0700	1786688787751550195	ServiceH	ServiceH	719	3964	4004	3040	11008	21055	0	1045484	79504	76836864	17352127	26746880
220	2026-08-13T23:26:27,759539778-0700	1786688787751550195	cynara	cynara	205	1648	1032	212	2892	22551	842	1045484	79504	76836864	17352127	26746880
220	2026-08-13T23:26:27,759539778-0700	1786688787751550195	AppProcA	AppProcA	2724	1212	3644	3732	8588	37320	79	1045484	79504	76836864	17352127	26746880
220	2026-08-13T23:26:27,759539778-0700	1786688787751550195	systemd	systemd	1	1144	164	440	1748	27681	510	1045484	79504	76836864	17352127	26746880
220	2026-08-13T23:26:27,759539778-0700	1786688787751550195	enlightenment	enlightenment	258	2648	968	3036	6652	39257	877	1045484	79504	76836864	17352127	26746880
220	2026-08-13T23:26:27,759539778-0700	1786688787751550195	buxton2d_worker	buxton2d_worker	229	1212	32	440	1684	3662	428	1045484	79504	76836864	17352127	26746880
220	2026-08-13T23:26:27,759539778-0700	1786688787751550195	ServiceD	ServiceD	1037	588	2128	3224	5940	21212	547	1045484	79504	76836864	17352127	26746880
221	2026-08-13T23:26:29,755885278-0700	1786688789749193694	AppProcD	AppProcD	424	12652	18636	5140	36428	135499	507	1045640	79504	76836864	17352127	26746880
221	2026-08-13T23:26:29,755885278-0700	1786688789749193694	ServiceE	ServiceE	404	7804	2808	7800	18412	28183	352	1045640	79504	76836864	17352127	26746880
221	2026-08-13T23:26:29,755885278-0700	1786688789749193694	AppProcB	AppProcB	896	6852	11780	6416	25048	113113	1475	1045640	79504	76836864	17352127	26746880
221	2026-08-13T23:26:29,755885278-0700	1786688789749193694	ServiceH	ServiceH	719	3964	4004	3040	11008	21055	0	1045640	79504	76836864	17352127	26746880
221	2026-08-13T23:26:29,755885278-0700	1786688789749193694	cynara	cynara	205	1648	1032	212	2892	22551	842	1045640	79504	76836864	17352127	26746880
221	2026-08-13T23:26:29,755885278-0700	1786688789749193694	AppProcA	AppProcA	2724	1212	3644	3732	8588	37321	79	1045640	79504	76836864	17352127	26746880
221	2026-08-13T23:26:29,755885278-0700	1786688789749193694	systemd	systemd	1	1144	164	440	1748	27681	510	1045640	79504	76836864	17352127	26746880
221	2026-08-13T23:26:29,755885278-0700	1786688789749193694	enlightenment	enlightenment	258	2648	968	3036	6652	39257	877	1045640	79504	76836864	17352127	26746880
221	2026-08-13T23:26:29,755885278-0700	1786688789749193694	buxton2d_worker	buxton2d_worker	229	1212	32	440	1684	3663	428	1045640	79504	76836864	17352127	26746880
221	2026-08-13T23:26:29,755885278-0700	1786688789749193694	ServiceD	ServiceD	1037	588	2128	3224	5940	21212	547	1045640	79504	76836864	17352127	26746880
222	2026-08-13T23:26:31,752115694-0700	1786688791747085277	AppProcD	AppProcD	424	12652	18636	5140	36428	135499	507	1045520	79504	76836864	17352127	26746880
222	2026-08-13T23:26:31,752115694-0700	1786688791747085277	ServiceE	ServiceE	404	7804	2808	7800	18412	28183	352	1045520	79504	76836864	17352127	26746880
222	2026-08-13T23:26:31,752115694-0700	1786688791747085277	AppProcB	AppProcB	896	6852	11780	6416	25048	113113	1475	1045520	79504	76836864	17352127	26746880
222	2026-08-13T23:26:31,752115694-0700	1786688791747085277	ServiceH	ServiceH	719	3964	4004	3040	11008	21055	0	1045520	79504	76836864	17352127	26746880
222	2026-08-13T23:26:31,752115694-0700	1786688791747085277	cynara	cynara	205	1648	1032	212	2892	22701	842	1045520	79504	76836864	17352127	26746880
222	2026-08-13T23:26:31,752115694-0700	1786688791747085277	AppProcA	AppProcA	2724	1212	3644	3732	8588	37342	79	1045520	79504	76836864	17352127	26746880
222	2026-08-13T23:26:31,752115694-0700	1786688791747085277	systemd	systemd	1	1144	164	440	1748	27681	510	1045520	79504	76836864	17352127	26746880
222	2026-08-13T23:26:31,752115694-0700	1786688791747085277	enlightenment	enlightenment	258	2648	968	3036	6652	39257	877	1045520	79504	76836864	17352127	26746880
222	2026-08-13T23:26:31,752115694-0700	1786688791747085277	buxton2d_worker	buxton2d_worker	229	1212	32	440	1684	3663	428	1045520	79504	76836864	17352127	26746880
222	2026-08-13T23:26:31,752115694-0700	1786688791747085277	ServiceD	ServiceD	1037	588	2128	3224	5940	21237	547	1045520	79504	76836864	17352127	26746880
223	2026-08-13T23:26:33,752987693-0700	1786688793747514527	AppProcD	AppProcD	424	12652	18636	5140	36428	135551	507	1045272	79504	76836864	17352127	26746880
223	2026-08-13T23:26:33,752987693-0700	1786688793747514527	ServiceE	ServiceE	404	7804	2808	7800	18412	28183	352	1045272	79504	76836864	17352127	26746880
223	2026-08-13T23:26:33,752987693-0700	1786688793747514527	AppProcB	AppProcB	896	6852	11780	6416	25048	113113	1475	1045272	79504	76836864	17352127	26746880
223	2026-08-13T23:26:33,752987693-0700	1786688793747514527	ServiceH	ServiceH	719	3964	4004	3040	11008	21055	0	1045272	79504	76836864	17352127	26746880
223	2026-08-13T23:26:33,752987693-0700	1786688793747514527	cynara	cynara	205	1648	1032	212	2892	22701	842	1045272	79504	76836864	17352127	26746880
223	2026-08-13T23:26:33,752987693-0700	1786688793747514527	AppProcA	AppProcA	2724	1212	3644	3732	8588	37342	79	1045272	79504	76836864	17352127	26746880
223	2026-08-13T23:26:33,752987693-0700	1786688793747514527	systemd	systemd	1	1144	164	440	1748	27681	510	1045272	79504	76836864	17352127	26746880
223	2026-08-13T23:26:33,752987693-0700	1786688793747514527	enlightenment	enlightenment	258	2648	968	3036	6652	39257	877	1045272	79504	76836864	17352127	26746880
223	2026-08-13T23:26:33,752987693-0700	1786688793747514527	buxton2d_worker	buxton2d_worker	229	1212	32	440	1684	3663	428	1045272	79504	76836864	17352127	26746880
223	2026-08-13T23:26:33,752987693-0700	1786688793747514527	ServiceD	ServiceD	1037	588	2128	3224	5940	21237	547	1045272	79504	76836864	17352127	26746880
224	2026-08-13T23:26:35,752460860-0700	1786688795747144360	AppProcD	AppProcD	424	12652	18636	5140	36428	135551	507	1045068	79504	76836864	17352127	26746880
224	2026-08-13T23:26:35,752460860-0700	1786688795747144360	ServiceE	ServiceE	404	7804	2808	7800	18412	28183	352	1045068	79504	76836864	17352127	26746880
224	2026-08-13T23:26:35,752460860-0700	1786688795747144360	AppProcB	AppProcB	896	6852	11780	6416	25048	113153	1475	1045068	79504	76836864	17352127	26746880
224	2026-08-13T23:26:35,752460860-0700	1786688795747144360	ServiceH	ServiceH	719	3964	4004	3040	11008	21055	0	1045068	79504	76836864	17352127	26746880
224	2026-08-13T23:26:35,752460860-0700	1786688795747144360	cynara	cynara	205	1648	1032	212	2892	22701	842	1045068	79504	76836864	17352127	26746880
224	2026-08-13T23:26:35,752460860-0700	1786688795747144360	AppProcA	AppProcA	2724	1212	3644	3732	8588	37342	79	1045068	79504	76836864	17352127	26746880
224	2026-08-13T23:26:35,752460860-0700	1786688795747144360	systemd	systemd	1	1144	164	440	1748	27681	510	1045068	79504	76836864	17352127	26746880
224	2026-08-13T23:26:35,752460860-0700	1786688795747144360	enlightenment	enlightenment	258	2648	968	3036	6652	39257	877	1045068	79504	76836864	17352127	26746880
224	2026-08-13T23:26:35,752460860-0700	1786688795747144360	buxton2d_worker	buxton2d_worker	229	1212	32	440	1684	3663	428	1045068	79504	76836864	17352127	26746880
224	2026-08-13T23:26:35,752460860-0700	1786688795747144360	ServiceD	ServiceD	1037	588	2128	3224	5940	21263	547	1045068	79504	76836864	17352127	26746880
225	2026-08-13T23:26:37,752815776-0700	1786688797748358859	AppProcD	AppProcD	424	12652	18636	5140	36428	135603	507	1044900	79504	76836864	17352127	26746880
225	2026-08-13T23:26:37,752815776-0700	1786688797748358859	ServiceE	ServiceE	404	7804	2808	7800	18412	28183	352	1044900	79504	76836864	17352127	26746880
225	2026-08-13T23:26:37,752815776-0700	1786688797748358859	AppProcB	AppProcB	896	6852	11780	6416	25048	113153	1475	1044900	79504	76836864	17352127	26746880
225	2026-08-13T23:26:37,752815776-0700	1786688797748358859	ServiceH	ServiceH	719	3964	4004	3040	11008	21055	0	1044900	79504	76836864	17352127	26746880
225	2026-08-13T23:26:37,752815776-0700	1786688797748358859	cynara	cynara	205	1648	1032	212	2892	22701	842	1044900	79504	76836864	17352127	26746880
225	2026-08-13T23:26:37,752815776-0700	1786688797748358859	AppProcA	AppProcA	2724	1212	3644	3732	8588	37363	79	1044900	79504	76836864	17352127	26746880
225	2026-08-13T23:26:37,752815776-0700	1786688797748358859	systemd	systemd	1	1144	164	440	1748	27681	510	1044900	79504	76836864	17352127	26746880
225	2026-08-13T23:26:37,752815776-0700	1786688797748358859	enlightenment	enlightenment	258	2648	968	3036	6652	39257	877	1044900	79504	76836864	17352127	26746880
225	2026-08-13T23:26:37,752815776-0700	1786688797748358859	buxton2d_worker	buxton2d_worker	229	1212	32	440	1684	3663	428	1044900	79504	76836864	17352127	26746880
225	2026-08-13T23:26:37,752815776-0700	1786688797748358859	ServiceD	ServiceD	1037	588	2128	3224	5940	21263	547	1044900	79504	76836864	17352127	26746880
226	2026-08-13T23:26:39,754235192-0700	1786688799749476025	AppProcD	AppProcD	424	12652	18636	5140	36428	135603	507	1045180	79504	76836864	17352127	26746880
226	2026-08-13T23:26:39,754235192-0700	1786688799749476025	ServiceE	ServiceE	404	7804	2808	7800	18412	28183	352	1045180	79504	76836864	17352127	26746880
226	2026-08-13T23:26:39,754235192-0700	1786688799749476025	AppProcB	AppProcB	896	6852	11780	6416	25048	113193	1475	1045180	79504	76836864	17352127	26746880
226	2026-08-13T23:26:39,754235192-0700	1786688799749476025	ServiceH	ServiceH	719	3964	4004	3040	11008	21055	0	1045180	79504	76836864	17352127	26746880
226	2026-08-13T23:26:39,754235192-0700	1786688799749476025	cynara	cynara	205	1648	1032	212	2892	22701	842	1045180	79504	76836864	17352127	26746880
226	2026-08-13T23:26:39,754235192-0700	1786688799749476025	AppProcA	AppProcA	2724	1212	3644	3732	8588	37363	79	1045180	79504	76836864	17352127	26746880
226	2026-08-13T23:26:39,754235192-0700	1786688799749476025	systemd	systemd	1	1144	164	440	1748	27681	510	1045180	79504	76836864	17352127	26746880
226	2026-08-13T23:26:39,754235192-0700	1786688799749476025	enlightenment	enlightenment	258	2648	968	3036	6652	39257	877	1045180	79504	76836864	17352127	26746880
226	2026-08-13T23:26:39,754235192-0700	1786688799749476025	buxton2d_worker	buxton2d_worker	229	1212	32	440	1684	3663	428	1045180	79504	76836864	17352127	26746880
226	2026-08-13T23:26:39,754235192-0700	1786688799749476025	ServiceD	ServiceD	1037	588	2128	3224	5940	21263	547	1045180	79504	76836864	17352127	26746880
227	2026-08-13T23:26:41,758803608-0700	1786688801751242692	AppProcD	AppProcD	424	12652	18636	5140	36428	135603	507	1045160	79504	76836864	17352127	26746880
227	2026-08-13T23:26:41,758803608-0700	1786688801751242692	ServiceE	ServiceE	404	7804	2808	7800	18412	28183	352	1045160	79504	76836864	17352127	26746880
227	2026-08-13T23:26:41,758803608-0700	1786688801751242692	AppProcB	AppProcB	896	6852	11780	6416	25048	113193	1475	1045160	79504	76836864	17352127	26746880
227	2026-08-13T23:26:41,758803608-0700	1786688801751242692	ServiceH	ServiceH	719	3964	4004	3040	11008	21055	0	1045160	79504	76836864	17352127	26746880
227	2026-08-13T23:26:41,758803608-0700	1786688801751242692	cynara	cynara	205	1648	1032	212	2892	22701	842	1045160	79504	76836864	17352127	26746880
227	2026-08-13T23:26:41,758803608-0700	1786688801751242692	AppProcA	AppProcA	2724	1212	3644	3732	8588	37383	79	1045160	79504	76836864	17352127	26746880
227	2026-08-13T23:26:41,758803608-0700	1786688801751242692	systemd	systemd	1	1144	164	440	1748	27681	510	1045160	79504	76836864	17352127	26746880
227	2026-08-13T23:26:41,758803608-0700	1786688801751242692	enlightenment	enlightenment	258	2648	968	3036	6652	39257	877	1045160	79504	76836864	17352127	26746880
227	2026-08-13T23:26:41,758803608-0700	1786688801751242692	buxton2d_worker	buxton2d_worker	229	1212	32	440	1684	3663	428	1045160	79504	76836864	17352127	26746880
227	2026-08-13T23:26:41,758803608-0700	1786688801751242692	ServiceD	ServiceD	1037	588	2128	3224	5940	21288	547	1045160	79504	76836864	17352127	26746880
228	2026-08-13T23:26:43,754004358-0700	1786688803749460358	AppProcD	AppProcD	424	12652	18636	5140	36428	135655	507	1044996	79504	76836864	17352127	26746880
228	2026-08-13T23:26:43,754004358-0700	1786688803749460358	ServiceE	ServiceE	404	7804	2808	7800	18412	28183	352	1044996	79504	76836864	17352127	26746880
228	2026-08-13T23:26:43,754004358-0700	1786688803749460358	AppProcB	AppProcB	896	6852	11780	6416	25048	113193	1475	1044996	79504	76836864	17352127	26746880
228	2026-08-13T23:26:43,754004358-0700	1786688803749460358	ServiceH	ServiceH	719	3964	4004	3040	11008	21055	0	1044996	79504	76836864	17352127	26746880
228	2026-08-13T23:26:43,754004358-0700	1786688803749460358	cynara	cynara	205	1648	1032	212	2892	22701	842	1044996	79504	76836864	17352127	26746880
228	2026-08-13T23:26:43,754004358-0700	1786688803749460358	AppProcA	AppProcA	2724	1212	3644	3732	8588	37383	79	1044996	79504	76836864	17352127	26746880
228	2026-08-13T23:26:43,754004358-0700	1786688803749460358	systemd	systemd	1	1144	164	440	1748	27681	510	1044996	79504	76836864	17352127	26746880
228	2026-08-13T23:26:43,754004358-0700	1786688803749460358	enlightenment	enlightenment	258	2648	968	3036	6652	39257	877	1044996	79504	76836864	17352127	26746880
228	2026-08-13T23:26:43,754004358-0700	1786688803749460358	buxton2d_worker	buxton2d_worker	229	1212	32	440	1684	3663	428	1044996	79504	76836864	17352127	26746880
228	2026-08-13T23:26:43,754004358-0700	1786688803749460358	ServiceD	ServiceD	1037	588	2128	3224	5940	21288	547	1044996	79504	76836864	17352127	26746880
229	2026-08-13T23:26:45,752221857-0700	1786688805746751607	AppProcD	AppProcD	424	12652	18636	5140	36428	135655	507	1045184	79504	76836864	17352127	26746880
229	2026-08-13T23:26:45,752221857-0700	1786688805746751607	ServiceE	ServiceE	404	7804	2808	7800	18412	28183	352	1045184	79504	76836864	17352127	26746880
229	2026-08-13T23:26:45,752221857-0700	1786688805746751607	AppProcB	AppProcB	896	6852	11780	6416	25048	113233	1475	1045184	79504	76836864	17352127	26746880
229	2026-08-13T23:26:45,752221857-0700	1786688805746751607	ServiceH	ServiceH	719	3964	4004	3040	11008	21055	0	1045184	79504	76836864	17352127	26746880
229	2026-08-13T23:26:45,752221857-0700	1786688805746751607	cynara	cynara	205	1648	1032	212	2892	22701	842	1045184	79504	76836864	17352127	26746880
229	2026-08-13T23:26:45,752221857-0700	1786688805746751607	AppProcA	AppProcA	2724	1212	3644	3732	8588	37383	79	1045184	79504	76836864	17352127	26746880
229	2026-08-13T23:26:45,752221857-0700	1786688805746751607	systemd	systemd	1	1144	164	440	1748	27681	510	1045184	79504	76836864	17352127	26746880
229	2026-08-13T23:26:45,752221857-0700	1786688805746751607	enlightenment	enlightenment	258	2648	968	3036	6652	39257	877	1045184	79504	76836864	17352127	26746880
229	2026-08-13T23:26:45,752221857-0700	1786688805746751607	buxton2d_worker	buxton2d_worker	229	1212	32	440	1684	3663	428	1045184	79504	76836864	17352127	26746880
229	2026-08-13T23:26:45,752221857-0700	1786688805746751607	ServiceD	ServiceD	1037	588	2128	3224	5940	21313	547	1045184	79504	76836864	17352127	26746880
230	2026-08-13T23:26:47,756226107-0700	1786688807750712023	AppProcD	AppProcD	424	12652	18636	5140	36428	135707	507	1045224	79504	76836864	17352127	26746880
230	2026-08-13T23:26:47,756226107-0700	1786688807750712023	ServiceE	ServiceE	404	7804	2808	7800	18412	28183	352	1045224	79504	76836864	17352127	26746880
230	2026-08-13T23:26:47,756226107-0700	1786688807750712023	AppProcB	AppProcB	896	6852	11780	6416	25048	113233	1475	1045224	79504	76836864	17352127	26746880
230	2026-08-13T23:26:47,756226107-0700	1786688807750712023	ServiceH	ServiceH	719	3964	4004	3040	11008	21055	0	1045224	79504	76836864	17352127	26746880
230	2026-08-13T23:26:47,756226107-0700	1786688807750712023	cynara	cynara	205	1648	1032	212	2892	22701	842	1045224	79504	76836864	17352127	26746880
230	2026-08-13T23:26:47,756226107-0700	1786688807750712023	AppProcA	AppProcA	2724	1212	3644	3732	8588	37404	79	1045224	79504	76836864	17352127	26746880
230	2026-08-13T23:26:47,756226107-0700	1786688807750712023	systemd	systemd	1	1144	164	440	1748	27681	510	1045224	79504	76836864	17352127	26746880
230	2026-08-13T23:26:47,756226107-0700	1786688807750712023	enlightenment	enlightenment	258	2648	968	3036	6652	39257	877	1045224	79504	76836864	17352127	26746880
230	2026-08-13T23:26:47,756226107-0700	1786688807750712023	buxton2d_worker	buxton2d_worker	229	1212	32	440	1684	3663	428	1045224	79504	76836864	17352127	26746880
230	2026-08-13T23:26:47,756226107-0700	1786688807750712023	ServiceD	ServiceD	1037	588	2128	3224	5940	21313	547	1045224	79504	76836864	17352127	26746880
231	2026-08-13T23:26:49,752496773-0700	1786688809748275523	AppProcD	AppProcD	424	12652	18636	5140	36428	135707	507	1045300	79504	76836864	17352127	26746880
231	2026-08-13T23:26:49,752496773-0700	1786688809748275523	ServiceE	ServiceE	404	7804	2808	7800	18412	28183	352	1045300	79504	76836864	17352127	26746880
231	2026-08-13T23:26:49,752496773-0700	1786688809748275523	AppProcB	AppProcB	896	6852	11780	6416	25048	113273	1475	1045300	79504	76836864	17352127	26746880
231	2026-08-13T23:26:49,752496773-0700	1786688809748275523	ServiceH	ServiceH	719	3964	4004	3040	11008	21055	0	1045300	79504	76836864	17352127	26746880
231	2026-08-13T23:26:49,752496773-0700	1786688809748275523	cynara	cynara	205	1648	1032	212	2892	22701	842	1045300	79504	76836864	17352127	26746880
231	2026-08-13T23:26:49,752496773-0700	1786688809748275523	AppProcA	AppProcA	2724	1212	3644	3732	8588	37405	79	1045300	79504	76836864	17352127	26746880
231	2026-08-13T23:26:49,752496773-0700	1786688809748275523	systemd	systemd	1	1144	164	440	1748	27681	510	1045300	79504	76836864	17352127	26746880
231	2026-08-13T23:26:49,752496773-0700	1786688809748275523	enlightenment	enlightenment	258	2648	968	3036	6652	39257	877	1045300	79504	76836864	17352127	26746880
231	2026-08-13T23:26:49,752496773-0700	1786688809748275523	buxton2d_worker	buxton2d_worker	229	1212	32	440	1684	3665	428	1045300	79504	76836864	17352127	26746880
231	2026-08-13T23:26:49,752496773-0700	1786688809748275523	ServiceD	ServiceD	1037	588	2128	3224	5940	21313	547	1045300	79504	76836864	17352127	26746880
232	2026-08-13T23:26:51,754805439-0700	1786688811749170356	AppProcD	AppProcD	424	12652	18636	5140	36428	135707	507	1045188	79504	76836864	17352127	26746880
232	2026-08-13T23:26:51,754805439-0700	1786688811749170356	ServiceE	ServiceE	404	7804	2808	7800	18412	28183	352	1045188	79504	76836864	17352127	26746880
232	2026-08-13T23:26:51,754805439-0700	1786688811749170356	AppProcB	AppProcB	896	6852	11780	6416	25048	113273	1475	1045188	79504	76836864	17352127	26746880
232	2026-08-13T23:26:51,754805439-0700	1786688811749170356	ServiceH	ServiceH	719	3964	4004	3040	11008	21055	0	1045188	79504	76836864	17352127	26746880
232	2026-08-13T23:26:51,754805439-0700	1786688811749170356	cynara	cynara	205	1648	1032	212	2892	22701	842	1045188	79504	76836864	17352127	26746880
232	2026-08-13T23:26:51,754805439-0700	1786688811749170356	AppProcA	AppProcA	2724	1212	3644	3732	8588	37425	79	1045188	79504	76836864	17352127	26746880
232	2026-08-13T23:26:51,754805439-0700	1786688811749170356	systemd	systemd	1	1144	164	440	1748	27681	510	1045188	79504	76836864	17352127	26746880
232	2026-08-13T23:26:51,754805439-0700	1786688811749170356	enlightenment	enlightenment	258	2648	968	3036	6652	39257	877	1045188	79504	76836864	17352127	26746880
232	2026-08-13T23:26:51,754805439-0700	1786688811749170356	buxton2d_worker	buxton2d_worker	229	1212	32	440	1684	3665	428	1045188	79504	76836864	17352127	26746880
232	2026-08-13T23:26:51,754805439-0700	1786688811749170356	ServiceD	ServiceD	1037	588	2128	3224	5940	21338	547	1045188	79504	76836864	17352127	26746880
233	2026-08-13T23:26:53,751702522-0700	1786688813747412689	AppProcD	AppProcD	424	12652	18636	5140	36428	135759	507	1044904	79504	76836864	17352127	26746880
233	2026-08-13T23:26:53,751702522-0700	1786688813747412689	ServiceE	ServiceE	404	7804	2808	7800	18412	28183	352	1044904	79504	76836864	17352127	26746880
233	2026-08-13T23:26:53,751702522-0700	1786688813747412689	AppProcB	AppProcB	896	6852	11780	6416	25048	113273	1475	1044904	79504	76836864	17352127	26746880
233	2026-08-13T23:26:53,751702522-0700	1786688813747412689	ServiceH	ServiceH	719	3964	4004	3040	11008	21055	0	1044904	79504	76836864	17352127	26746880
233	2026-08-13T23:26:53,751702522-0700	1786688813747412689	cynara	cynara	205	1648	1032	212	2892	22701	842	1044904	79504	76836864	17352127	26746880
233	2026-08-13T23:26:53,751702522-0700	1786688813747412689	AppProcA	AppProcA	2724	1212	3644	3732	8588	37425	79	1044904	79504	76836864	17352127	26746880
233	2026-08-13T23:26:53,751702522-0700	1786688813747412689	systemd	systemd	1	1144	164	440	1748	27681	510	1044904	79504	76836864	17352127	26746880
233	2026-08-13T23:26:53,751702522-0700	1786688813747412689	enlightenment	enlightenment	258	2648	968	3036	6652	39257	877	1044904	79504	76836864	17352127	26746880
233	2026-08-13T23:26:53,751702522-0700	1786688813747412689	buxton2d_worker	buxton2d_worker	229	1212	32	440	1684	3666	428	1044904	79504	76836864	17352127	26746880
233	2026-08-13T23:26:53,751702522-0700	1786688813747412689	ServiceD	ServiceD	1037	588	2128	3224	5940	21338	547	1044904	79504	76836864	17352127	26746880
234	2026-08-13T23:26:55,754106438-0700	1786688815749487105	AppProcD	AppProcD	424	12652	18636	5140	36428	135759	507	1045664	79504	76836864	17352127	26746880
234	2026-08-13T23:26:55,754106438-0700	1786688815749487105	ServiceE	ServiceE	404	7804	2808	7800	18412	28183	352	1045664	79504	76836864	17352127	26746880
234	2026-08-13T23:26:55,754106438-0700	1786688815749487105	AppProcB	AppProcB	896	6852	11780	6416	25048	113313	1475	1045664	79504	76836864	17352127	26746880
234	2026-08-13T23:26:55,754106438-0700	1786688815749487105	ServiceH	ServiceH	719	3964	4004	3040	11008	21055	0	1045664	79504	76836864	17352127	26746880
234	2026-08-13T23:26:55,754106438-0700	1786688815749487105	cynara	cynara	205	1648	1032	212	2892	22701	842	1045664	79504	76836864	17352127	26746880
234	2026-08-13T23:26:55,754106438-0700	1786688815749487105	AppProcA	AppProcA	2724	1212	3644	3732	8588	37425	79	1045664	79504	76836864	17352127	26746880
234	2026-08-13T23:26:55,754106438-0700	1786688815749487105	systemd	systemd	1	1148	164	440	1752	27771	510	1045664	79504	76836864	17352127	26746880
234	2026-08-13T23:26:55,754106438-0700	1786688815749487105	enlightenment	enlightenment	258	2648	968	3036	6652	39257	877	1045664	79504	76836864	17352127	26746880
234	2026-08-13T23:26:55,754106438-0700	1786688815749487105	buxton2d_worker	buxton2d_worker	229	1212	32	440	1684	3666	428	1045664	79504	76836864	17352127	26746880
234	2026-08-13T23:26:55,754106438-0700	1786688815749487105	ServiceD	ServiceD	1037	588	2128	3224	5940	21365	547	1045664	79504	76836864	17352127	26746880
235	2026-08-13T23:26:57,752378604-0700	1786688817747917771	AppProcD	AppProcD	424	12652	18636	5140	36428	135811	507	1045020	79504	76836864	17352127	26746880
235	2026-08-13T23:26:57,752378604-0700	1786688817747917771	ServiceE	ServiceE	404	7804	2808	7800	18412	28183	352	1045020	79504	76836864	17352127	26746880
235	2026-08-13T23:26:57,752378604-0700	1786688817747917771	AppProcB	AppProcB	896	6852	11780	6416	25048	113313	1475	1045020	79504	76836864	17352127	26746880
235	2026-08-13T23:26:57,752378604-0700	1786688817747917771	ServiceH	ServiceH	719	3964	4004	3040	11008	21055	0	1045020	79504	76836864	17352127	26746880
235	2026-08-13T23:26:57,752378604-0700	1786688817747917771	cynara	cynara	205	1648	1032	212	2892	22701	842	1045020	79504	76836864	17352127	26746880
235	2026-08-13T23:26:57,752378604-0700	1786688817747917771	AppProcA	AppProcA	2724	1212	3644	3732	8588	37446	79	1045020	79504	76836864	17352127	26746880
235	2026-08-13T23:26:57,752378604-0700	1786688817747917771	systemd	systemd	1	1148	164	440	1752	27771	510	1045020	79504	76836864	17352127	26746880
235	2026-08-13T23:26:57,752378604-0700	1786688817747917771	enlightenment	enlightenment	258	2648	968	3036	6652	39257	877	1045020	79504	76836864	17352127	26746880
235	2026-08-13T23:26:57,752378604-0700	1786688817747917771	buxton2d_worker	buxton2d_worker	229	1212	32	440	1684	3666	428	1045020	79504	76836864	17352127	26746880
235	2026-08-13T23:26:57,752378604-0700	1786688817747917771	ServiceD	ServiceD	1037	588	2128	3224	5940	21365	547	1045020	79504	76836864	17352127	26746880
236	2026-08-13T23:26:59,752976937-0700	1786688819746947437	AppProcD	AppProcD	424	12652	18636	5140	36428	135811	507	1044808	79504	76836864	17352127	26746880
236	2026-08-13T23:26:59,752976937-0700	1786688819746947437	ServiceE	ServiceE	404	7804	2808	7800	18412	28183	352	1044808	79504	76836864	17352127	26746880
236	2026-08-13T23:26:59,752976937-0700	1786688819746947437	AppProcB	AppProcB	896	6852	11780	6416	25048	113353	1475	1044808	79504	76836864	17352127	26746880
236	2026-08-13T23:26:59,752976937-0700	1786688819746947437	ServiceH	ServiceH	719	3964	4004	3040	11008	21055	0	1044808	79504	76836864	17352127	26746880
236	2026-08-13T23:26:59,752976937-0700	1786688819746947437	cynara	cynara	205	1648	1032	212	2892	22701	842	1044808	79504	76836864	17352127	26746880
236	2026-08-13T23:26:59,752976937-0700	1786688819746947437	AppProcA	AppProcA	2724	1212	3644	3732	8588	37446	79	1044808	79504	76836864	17352127	26746880
236	2026-08-13T23:26:59,752976937-0700	1786688819746947437	systemd	systemd	1	1148	164	440	1752	27771	510	1044808	79504	76836864	17352127	26746880
236	2026-08-13T23:26:59,752976937-0700	1786688819746947437	enlightenment	enlightenment	258	2648	968	3036	6652	39257	877	1044808	79504	76836864	17352127	26746880
236	2026-08-13T23:26:59,752976937-0700	1786688819746947437	buxton2d_worker	buxton2d_worker	229	1212	32	440	1684	3666	428	1044808	79504	76836864	17352127	26746880
236	2026-08-13T23:26:59,752976937-0700	1786688819746947437	ServiceD	ServiceD	1037	588	2128	3224	5940	21365	547	1044808	79504	76836864	17352127	26746880
237	2026-08-13T23:27:01,754492353-0700	1786688821750281270	AppProcD	AppProcD	424	12652	18636	5140	36428	135811	507	1045028	79504	76836864	17352127	26746880
237	2026-08-13T23:27:01,754492353-0700	1786688821750281270	ServiceE	ServiceE	404	7804	2808	7800	18412	28183	352	1045028	79504	76836864	17352127	26746880
237	2026-08-13T23:27:01,754492353-0700	1786688821750281270	AppProcB	AppProcB	896	6852	11780	6416	25048	113353	1475	1045028	79504	76836864	17352127	26746880
237	2026-08-13T23:27:01,754492353-0700	1786688821750281270	ServiceH	ServiceH	719	3964	4004	3040	11008	21055	0	1045028	79504	76836864	17352127	26746880
237	2026-08-13T23:27:01,754492353-0700	1786688821750281270	cynara	cynara	205	1648	1032	212	2892	22701	842	1045028	79504	76836864	17352127	26746880
237	2026-08-13T23:27:01,754492353-0700	1786688821750281270	AppProcA	AppProcA	2724	1212	3644	3732	8588	37468	79	1045028	79504	76836864	17352127	26746880
237	2026-08-13T23:27:01,754492353-0700	1786688821750281270	systemd	systemd	1	1148	164	440	1752	27771	510	1045028	79504	76836864	17352127	26746880
237	2026-08-13T23:27:01,754492353-0700	1786688821750281270	enlightenment	enlightenment	258	2648	968	3036	6652	39257	877	1045028	79504	76836864	17352127	26746880
237	2026-08-13T23:27:01,754492353-0700	1786688821750281270	buxton2d_worker	buxton2d_worker	229	1212	32	440	1684	3667	428	1045028	79504	76836864	17352127	26746880
237	2026-08-13T23:27:01,754492353-0700	1786688821750281270	ServiceD	ServiceD	1037	588	2128	3224	5940	21390	547	1045028	79504	76836864	17352127	26746880
238	2026-08-13T23:27:03,752352603-0700	1786688823747063270	AppProcD	AppProcD	424	12652	18636	5140	36428	135863	507	1044712	79504	76836864	17352127	26746880
238	2026-08-13T23:27:03,752352603-0700	1786688823747063270	ServiceE	ServiceE	404	7804	2808	7800	18412	28183	352	1044712	79504	76836864	17352127	26746880
238	2026-08-13T23:27:03,752352603-0700	1786688823747063270	AppProcB	AppProcB	896	6852	11780	6416	25048	113353	1475	1044712	79504	76836864	17352127	26746880
238	2026-08-13T23:27:03,752352603-0700	1786688823747063270	ServiceH	ServiceH	719	3964	4004	3040	11008	21055	0	1044712	79504	76836864	17352127	26746880
238	2026-08-13T23:27:03,752352603-0700	1786688823747063270	cynara	cynara	205	1648	1032	212	2892	22701	842	1044712	79504	76836864	17352127	26746880
238	2026-08-13T23:27:03,752352603-0700	1786688823747063270	AppProcA	AppProcA	2724	1212	3644	3732	8588	37468	79	1044712	79504	76836864	17352127	26746880
238	2026-08-13T23:27:03,752352603-0700	1786688823747063270	systemd	systemd	1	1148	164	440	1752	27771	510	1044712	79504	76836864	17352127	26746880
238	2026-08-13T23:27:03,752352603-0700	1786688823747063270	enlightenment	enlightenment	258	2648	968	3036	6652	39257	877	1044712	79504	76836864	17352127	26746880
238	2026-08-13T23:27:03,752352603-0700	1786688823747063270	buxton2d_worker	buxton2d_worker	229	1212	32	440	1684	3667	428	1044712	79504	76836864	17352127	26746880
238	2026-08-13T23:27:03,752352603-0700	1786688823747063270	ServiceD	ServiceD	1037	588	2128	3224	5940	21390	547	1044712	79504	76836864	17352127	26746880
239	2026-08-13T23:27:05,751943769-0700	1786688825747157102	AppProcD	AppProcD	424	12652	18636	5140	36428	135863	507	1045508	79504	76836864	17352127	26746880
239	2026-08-13T23:27:05,751943769-0700	1786688825747157102	ServiceE	ServiceE	404	7804	2808	7800	18412	28183	352	1045508	79504	76836864	17352127	26746880
239	2026-08-13T23:27:05,751943769-0700	1786688825747157102	AppProcB	AppProcB	896	6852	11780	6416	25048	113393	1475	1045508	79504	76836864	17352127	26746880
239	2026-08-13T23:27:05,751943769-0700	1786688825747157102	ServiceH	ServiceH	719	3964	4004	3040	11008	21055	0	1045508	79504	76836864	17352127	26746880
239	2026-08-13T23:27:05,751943769-0700	1786688825747157102	cynara	cynara	205	1648	1032	212	2892	22701	842	1045508	79504	76836864	17352127	26746880
239	2026-08-13T23:27:05,751943769-0700	1786688825747157102	AppProcA	AppProcA	2724	1212	3644	3732	8588	37468	79	1045508	79504	76836864	17352127	26746880
239	2026-08-13T23:27:05,751943769-0700	1786688825747157102	systemd	systemd	1	1148	164	440	1752	27778	510	1045508	79504	76836864	17352127	26746880
239	2026-08-13T23:27:05,751943769-0700	1786688825747157102	enlightenment	enlightenment	258	2648	968	3036	6652	39258	877	1045508	79504	76836864	17352127	26746880
239	2026-08-13T23:27:05,751943769-0700	1786688825747157102	buxton2d_worker	buxton2d_worker	229	1212	32	440	1684	3667	428	1045508	79504	76836864	17352127	26746880
239	2026-08-13T23:27:05,751943769-0700	1786688825747157102	ServiceD	ServiceD	1037	588	2128	3224	5940	21415	547	1045508	79504	76836864	17352127	26746880
240	2026-08-13T23:27:07,760648019-0700	1786688827756211852	AppProcD	AppProcD	424	12652	18636	5140	36428	135915	507	1045516	79504	76836864	17352127	26746880
240	2026-08-13T23:27:07,760648019-0700	1786688827756211852	ServiceE	ServiceE	404	7804	2808	7800	18412	28183	352	1045516	79504	76836864	17352127	26746880
240	2026-08-13T23:27:07,760648019-0700	1786688827756211852	AppProcB	AppProcB	896	6852	11780	6416	25048	113393	1475	1045516	79504	76836864	17352127	26746880
240	2026-08-13T23:27:07,760648019-0700	1786688827756211852	ServiceH	ServiceH	719	3964	4004	3040	11008	21055	0	1045516	79504	76836864	17352127	26746880
240	2026-08-13T23:27:07,760648019-0700	1786688827756211852	cynara	cynara	205	1648	1032	212	2892	22701	842	1045516	79504	76836864	17352127	26746880
240	2026-08-13T23:27:07,760648019-0700	1786688827756211852	AppProcA	AppProcA	2724	1212	3644	3732	8588	37488	79	1045516	79504	76836864	17352127	26746880
240	2026-08-13T23:27:07,760648019-0700	1786688827756211852	systemd	systemd	1	1148	164	440	1752	27778	510	1045516	79504	76836864	17352127	26746880
240	2026-08-13T23:27:07,760648019-0700	1786688827756211852	enlightenment	enlightenment	258	2648	968	3036	6652	39258	877	1045516	79504	76836864	17352127	26746880
240	2026-08-13T23:27:07,760648019-0700	1786688827756211852	buxton2d_worker	buxton2d_worker	229	1212	32	440	1684	3667	428	1045516	79504	76836864	17352127	26746880
240	2026-08-13T23:27:07,760648019-0700	1786688827756211852	ServiceD	ServiceD	1037	588	2128	3224	5940	21415	547	1045516	79504	76836864	17352127	26746880
241	2026-08-13T23:27:09,753235685-0700	1786688829748901852	AppProcD	AppProcD	424	12652	18636	5140	36428	135915	507	1044896	79504	76836864	17352127	26746880
241	2026-08-13T23:27:09,753235685-0700	1786688829748901852	ServiceE	ServiceE	404	7804	2808	7800	18412	28183	352	1044896	79504	76836864	17352127	26746880
241	2026-08-13T23:27:09,753235685-0700	1786688829748901852	AppProcB	AppProcB	896	6852	11780	6416	25048	113433	1475	1044896	79504	76836864	17352127	26746880
241	2026-08-13T23:27:09,753235685-0700	1786688829748901852	ServiceH	ServiceH	719	3964	4004	3040	11008	21055	0	1044896	79504	76836864	17352127	26746880
241	2026-08-13T23:27:09,753235685-0700	1786688829748901852	cynara	cynara	205	1648	1032	212	2892	22701	842	1044896	79504	76836864	17352127	26746880
241	2026-08-13T23:27:09,753235685-0700	1786688829748901852	AppProcA	AppProcA	2724	1212	3644	3732	8588	37488	79	1044896	79504	76836864	17352127	26746880
241	2026-08-13T23:27:09,753235685-0700	1786688829748901852	systemd	systemd	1	1148	164	440	1752	27778	510	1044896	79504	76836864	17352127	26746880
241	2026-08-13T23:27:09,753235685-0700	1786688829748901852	enlightenment	enlightenment	258	2648	968	3036	6652	39258	877	1044896	79504	76836864	17352127	26746880
241	2026-08-13T23:27:09,753235685-0700	1786688829748901852	buxton2d_worker	buxton2d_worker	229	1212	32	440	1684	3667	428	1044896	79504	76836864	17352127	26746880
241	2026-08-13T23:27:09,753235685-0700	1786688829748901852	ServiceD	ServiceD	1037	588	2128	3224	5940	21415	547	1044896	79504	76836864	17352127	26746880
242	2026-08-13T23:27:11,752287851-0700	1786688831746429268	AppProcD	AppProcD	424	12652	18636	5140	36428	135915	507	1044792	79504	76836864	17352127	26746880
242	2026-08-13T23:27:11,752287851-0700	1786688831746429268	ServiceE	ServiceE	404	7804	2808	7800	18412	28183	352	1044792	79504	76836864	17352127	26746880
242	2026-08-13T23:27:11,752287851-0700	1786688831746429268	AppProcB	AppProcB	896	6852	11780	6416	25048	113433	1475	1044792	79504	76836864	17352127	26746880
242	2026-08-13T23:27:11,752287851-0700	1786688831746429268	ServiceH	ServiceH	719	3964	4004	3040	11008	21055	0	1044792	79504	76836864	17352127	26746880
242	2026-08-13T23:27:11,752287851-0700	1786688831746429268	cynara	cynara	205	1648	1032	212	2892	22701	842	1044792	79504	76836864	17352127	26746880
242	2026-08-13T23:27:11,752287851-0700	1786688831746429268	AppProcA	AppProcA	2724	1212	3644	3732	8588	37508	79	1044792	79504	76836864	17352127	26746880
242	2026-08-13T23:27:11,752287851-0700	1786688831746429268	systemd	systemd	1	1148	164	440	1752	27778	510	1044792	79504	76836864	17352127	26746880
242	2026-08-13T23:27:11,752287851-0700	1786688831746429268	enlightenment	enlightenment	258	2648	968	3036	6652	39258	877	1044792	79504	76836864	17352127	26746880
242	2026-08-13T23:27:11,752287851-0700	1786688831746429268	buxton2d_worker	buxton2d_worker	229	1212	32	440	1684	3667	428	1044792	79504	76836864	17352127	26746880
242	2026-08-13T23:27:11,752287851-0700	1786688831746429268	ServiceD	ServiceD	1037	588	2128	3224	5940	21440	547	1044792	79504	76836864	17352127	26746880
243	2026-08-13T23:27:13,754577434-0700	1786688833750438767	AppProcD	AppProcD	424	12652	18640	5140	36432	135967	507	1045424	79504	76836864	17352127	26746880
243	2026-08-13T23:27:13,754577434-0700	1786688833750438767	ServiceE	ServiceE	404	7804	2808	7800	18412	28183	352	1045424	79504	76836864	17352127	26746880
243	2026-08-13T23:27:13,754577434-0700	1786688833750438767	AppProcB	AppProcB	896	6852	11780	6416	25048	113433	1475	1045424	79504	76836864	17352127	26746880
243	2026-08-13T23:27:13,754577434-0700	1786688833750438767	ServiceH	ServiceH	719	3964	4004	3040	11008	21055	0	1045424	79504	76836864	17352127	26746880
243	2026-08-13T23:27:13,754577434-0700	1786688833750438767	cynara	cynara	205	1648	1032	212	2892	22701	842	1045424	79504	76836864	17352127	26746880
243	2026-08-13T23:27:13,754577434-0700	1786688833750438767	AppProcA	AppProcA	2724	1212	3644	3732	8588	37508	79	1045424	79504	76836864	17352127	26746880
243	2026-08-13T23:27:13,754577434-0700	1786688833750438767	systemd	systemd	1	1148	164	440	1752	27778	510	1045424	79504	76836864	17352127	26746880
243	2026-08-13T23:27:13,754577434-0700	1786688833750438767	enlightenment	enlightenment	258	2648	968	3036	6652	39259	877	1045424	79504	76836864	17352127	26746880
243	2026-08-13T23:27:13,754577434-0700	1786688833750438767	buxton2d_worker	buxton2d_worker	229	1212	32	440	1684	3667	428	1045424	79504	76836864	17352127	26746880
243	2026-08-13T23:27:13,754577434-0700	1786688833750438767	ServiceD	ServiceD	1037	588	2128	3224	5940	21440	547	1045424	79504	76836864	17352127	26746880
244	2026-08-13T23:27:15,756702767-0700	1786688835750801267	AppProcD	AppProcD	424	12652	18640	5140	36432	135968	507	1045588	79504	76836864	17352127	26746880
244	2026-08-13T23:27:15,756702767-0700	1786688835750801267	ServiceE	ServiceE	404	7804	2808	7800	18412	28183	352	1045588	79504	76836864	17352127	26746880
244	2026-08-13T23:27:15,756702767-0700	1786688835750801267	AppProcB	AppProcB	896	6852	11780	6416	25048	113473	1475	1045588	79504	76836864	17352127	26746880
244	2026-08-13T23:27:15,756702767-0700	1786688835750801267	ServiceH	ServiceH	719	3964	4004	3040	11008	21055	0	1045588	79504	76836864	17352127	26746880
244	2026-08-13T23:27:15,756702767-0700	1786688835750801267	cynara	cynara	205	1648	1032	212	2892	22701	842	1045588	79504	76836864	17352127	26746880
244	2026-08-13T23:27:15,756702767-0700	1786688835750801267	AppProcA	AppProcA	2724	1212	3644	3732	8588	37508	79	1045588	79504	76836864	17352127	26746880
244	2026-08-13T23:27:15,756702767-0700	1786688835750801267	systemd	systemd	1	1148	164	440	1752	27779	510	1045588	79504	76836864	17352127	26746880
244	2026-08-13T23:27:15,756702767-0700	1786688835750801267	enlightenment	enlightenment	258	2648	968	3036	6652	39259	877	1045588	79504	76836864	17352127	26746880
244	2026-08-13T23:27:15,756702767-0700	1786688835750801267	buxton2d_worker	buxton2d_worker	229	1212	32	440	1684	3667	428	1045588	79504	76836864	17352127	26746880
244	2026-08-13T23:27:15,756702767-0700	1786688835750801267	ServiceD	ServiceD	1037	588	2128	3224	5940	21467	547	1045588	79504	76836864	17352127	26746880
245	2026-08-13T23:27:17,751513600-0700	1786688837746802683	AppProcD	AppProcD	424	12652	18640	5140	36432	136020	507	1046008	79504	76836864	17352127	26746880
245	2026-08-13T23:27:17,751513600-0700	1786688837746802683	ServiceE	ServiceE	404	7804	2808	7800	18412	28183	352	1046008	79504	76836864	17352127	26746880
245	2026-08-13T23:27:17,751513600-0700	1786688837746802683	AppProcB	AppProcB	896	6852	11780	6416	25048	113473	1475	1046008	79504	76836864	17352127	26746880
245	2026-08-13T23:27:17,751513600-0700	1786688837746802683	ServiceH	ServiceH	719	3964	4004	3040	11008	21055	0	1046008	79504	76836864	17352127	26746880
245	2026-08-13T23:27:17,751513600-0700	1786688837746802683	cynara	cynara	205	1648	1032	212	2892	22701	842	1046008	79504	76836864	17352127	26746880
245	2026-08-13T23:27:17,751513600-0700	1786688837746802683	AppProcA	AppProcA	2724	1212	3644	3732	8588	37529	79	1046008	79504	76836864	17352127	26746880
245	2026-08-13T23:27:17,751513600-0700	1786688837746802683	systemd	systemd	1	1148	164	440	1752	27779	510	1046008	79504	76836864	17352127	26746880
245	2026-08-13T23:27:17,751513600-0700	1786688837746802683	enlightenment	enlightenment	258	2648	968	3036	6652	39259	877	1046008	79504	76836864	17352127	26746880
245	2026-08-13T23:27:17,751513600-0700	1786688837746802683	buxton2d_worker	buxton2d_worker	229	1212	32	440	1684	3667	428	1046008	79504	76836864	17352127	26746880
245	2026-08-13T23:27:17,751513600-0700	1786688837746802683	ServiceD	ServiceD	1037	588	2128	3224	5940	21467	547	1046008	79504	76836864	17352127	26746880
246	2026-08-13T23:27:19,754881682-0700	1786688839750075932	AppProcD	AppProcD	424	12652	18640	5140	36432	136020	507	1045096	79504	76836864	17352127	26746880
246	2026-08-13T23:27:19,754881682-0700	1786688839750075932	ServiceE	ServiceE	404	7804	2808	7800	18412	28183	352	1045096	79504	76836864	17352127	26746880
246	2026-08-13T23:27:19,754881682-0700	1786688839750075932	AppProcB	AppProcB	896	6852	11780	6416	25048	113513	1475	1045096	79504	76836864	17352127	26746880
246	2026-08-13T23:27:19,754881682-0700	1786688839750075932	ServiceH	ServiceH	719	3964	4004	3040	11008	21055	0	1045096	79504	76836864	17352127	26746880
246	2026-08-13T23:27:19,754881682-0700	1786688839750075932	cynara	cynara	205	1648	1032	212	2892	22701	842	1045096	79504	76836864	17352127	26746880
246	2026-08-13T23:27:19,754881682-0700	1786688839750075932	AppProcA	AppProcA	2724	1212	3644	3732	8588	37529	79	1045096	79504	76836864	17352127	26746880
246	2026-08-13T23:27:19,754881682-0700	1786688839750075932	systemd	systemd	1	1148	164	440	1752	27779	510	1045096	79504	76836864	17352127	26746880
246	2026-08-13T23:27:19,754881682-0700	1786688839750075932	enlightenment	enlightenment	258	2648	968	3036	6652	39259	877	1045096	79504	76836864	17352127	26746880
246	2026-08-13T23:27:19,754881682-0700	1786688839750075932	buxton2d_worker	buxton2d_worker	229	1212	32	440	1684	3667	428	1045096	79504	76836864	17352127	26746880
246	2026-08-13T23:27:19,754881682-0700	1786688839750075932	ServiceD	ServiceD	1037	588	2128	3224	5940	21467	547	1045096	79504	76836864	17352127	26746880
247	2026-08-13T23:27:21,753145432-0700	1786688841748640099	AppProcD	AppProcD	424	12652	18640	5140	36432	136020	507	1044736	79504	76836864	17352127	26746880
247	2026-08-13T23:27:21,753145432-0700	1786688841748640099	ServiceE	ServiceE	404	7804	2808	7800	18412	28183	352	1044736	79504	76836864	17352127	26746880
247	2026-08-13T23:27:21,753145432-0700	1786688841748640099	AppProcB	AppProcB	896	6852	11780	6416	25048	113513	1475	1044736	79504	76836864	17352127	26746880
247	2026-08-13T23:27:21,753145432-0700	1786688841748640099	ServiceH	ServiceH	719	3964	4004	3040	11008	21055	0	1044736	79504	76836864	17352127	26746880
247	2026-08-13T23:27:21,753145432-0700	1786688841748640099	cynara	cynara	205	1648	1032	212	2892	22701	842	1044736	79504	76836864	17352127	26746880
247	2026-08-13T23:27:21,753145432-0700	1786688841748640099	AppProcA	AppProcA	2724	1212	3644	3732	8588	37550	79	1044736	79504	76836864	17352127	26746880
247	2026-08-13T23:27:21,753145432-0700	1786688841748640099	systemd	systemd	1	1148	164	440	1752	27779	510	1044736	79504	76836864	17352127	26746880
247	2026-08-13T23:27:21,753145432-0700	1786688841748640099	enlightenment	enlightenment	258	2648	968	3036	6652	39259	877	1044736	79504	76836864	17352127	26746880
247	2026-08-13T23:27:21,753145432-0700	1786688841748640099	buxton2d_worker	buxton2d_worker	229	1212	32	440	1684	3667	428	1044736	79504	76836864	17352127	26746880
247	2026-08-13T23:27:21,753145432-0700	1786688841748640099	ServiceD	ServiceD	1037	588	2128	3224	5940	21492	547	1044736	79504	76836864	17352127	26746880
248	2026-08-13T23:27:23,752987182-0700	1786688843748858015	AppProcD	AppProcD	424	12652	18640	5140	36432	136072	507	1044688	79504	76836864	17352127	26746880
248	2026-08-13T23:27:23,752987182-0700	1786688843748858015	ServiceE	ServiceE	404	7804	2808	7800	18412	28183	352	1044688	79504	76836864	17352127	26746880
248	2026-08-13T23:27:23,752987182-0700	1786688843748858015	AppProcB	AppProcB	896	6852	11780	6416	25048	113513	1475	1044688	79504	76836864	17352127	26746880
248	2026-08-13T23:27:23,752987182-0700	1786688843748858015	ServiceH	ServiceH	719	3964	4004	3040	11008	21055	0	1044688	79504	76836864	17352127	26746880
248	2026-08-13T23:27:23,752987182-0700	1786688843748858015	cynara	cynara	205	1648	1032	212	2892	22701	842	1044688	79504	76836864	17352127	26746880
248	2026-08-13T23:27:23,752987182-0700	1786688843748858015	AppProcA	AppProcA	2724	1212	3644	3732	8588	37550	79	1044688	79504	76836864	17352127	26746880
248	2026-08-13T23:27:23,752987182-0700	1786688843748858015	systemd	systemd	1	1148	164	440	1752	27779	510	1044688	79504	76836864	17352127	26746880
248	2026-08-13T23:27:23,752987182-0700	1786688843748858015	enlightenment	enlightenment	258	2648	968	3036	6652	39259	877	1044688	79504	76836864	17352127	26746880
248	2026-08-13T23:27:23,752987182-0700	1786688843748858015	buxton2d_worker	buxton2d_worker	229	1212	32	440	1684	3667	428	1044688	79504	76836864	17352127	26746880
248	2026-08-13T23:27:23,752987182-0700	1786688843748858015	ServiceD	ServiceD	1037	588	2128	3224	5940	21492	547	1044688	79504	76836864	17352127	26746880
249	2026-08-13T23:27:25,756846348-0700	1786688845749808348	AppProcD	AppProcD	424	12652	18640	5140	36432	136072	507	1045084	79504	76836864	17352127	26746880
249	2026-08-13T23:27:25,756846348-0700	1786688845749808348	ServiceE	ServiceE	404	7804	2808	7800	18412	28183	352	1045084	79504	76836864	17352127	26746880
249	2026-08-13T23:27:25,756846348-0700	1786688845749808348	AppProcB	AppProcB	896	6852	11780	6416	25048	113553	1475	1045084	79504	76836864	17352127	26746880
249	2026-08-13T23:27:25,756846348-0700	1786688845749808348	ServiceH	ServiceH	719	3964	4004	3040	11008	21055	0	1045084	79504	76836864	17352127	26746880
249	2026-08-13T23:27:25,756846348-0700	1786688845749808348	cynara	cynara	205	1648	1032	212	2892	22701	842	1045084	79504	76836864	17352127	26746880
249	2026-08-13T23:27:25,756846348-0700	1786688845749808348	AppProcA	AppProcA	2724	1212	3644	3732	8588	37550	79	1045084	79504	76836864	17352127	26746880
249	2026-08-13T23:27:25,756846348-0700	1786688845749808348	systemd	systemd	1	1148	164	440	1752	27780	510	1045084	79504	76836864	17352127	26746880
249	2026-08-13T23:27:25,756846348-0700	1786688845749808348	enlightenment	enlightenment	258	2648	968	3036	6652	39259	877	1045084	79504	76836864	17352127	26746880
249	2026-08-13T23:27:25,756846348-0700	1786688845749808348	buxton2d_worker	buxton2d_worker	229	1212	32	440	1684	3668	428	1045084	79504	76836864	17352127	26746880
249	2026-08-13T23:27:25,756846348-0700	1786688845749808348	ServiceD	ServiceD	1037	588	2128	3224	5940	21517	547	1045084	79504	76836864	17352127	26746880
250	2026-08-13T23:27:27,755465181-0700	1786688847746709847	AppProcD	AppProcD	424	12652	18640	5140	36432	136124	507	1045628	79504	76836864	17352127	26746880
250	2026-08-13T23:27:27,755465181-0700	1786688847746709847	ServiceE	ServiceE	404	7804	2808	7800	18412	28183	352	1045628	79504	76836864	17352127	26746880
250	2026-08-13T23:27:27,755465181-0700	1786688847746709847	AppProcB	AppProcB	896	6852	11780	6416	25048	113553	1475	1045628	79504	76836864	17352127	26746880
250	2026-08-13T23:27:27,755465181-0700	1786688847746709847	ServiceH	ServiceH	719	3964	4004	3040	11008	21055	0	1045628	79504	76836864	17352127	26746880
250	2026-08-13T23:27:27,755465181-0700	1786688847746709847	cynara	cynara	205	1648	1032	212	2892	22701	842	1045628	79504	76836864	17352127	26746880
250	2026-08-13T23:27:27,755465181-0700	1786688847746709847	AppProcA	AppProcA	2724	1212	3644	3732	8588	37571	79	1045628	79504	76836864	17352127	26746880
250	2026-08-13T23:27:27,755465181-0700	1786688847746709847	systemd	systemd	1	1148	164	440	1752	27780	510	1045628	79504	76836864	17352127	26746880
250	2026-08-13T23:27:27,755465181-0700	1786688847746709847	enlightenment	enlightenment	258	2648	968	3036	6652	39259	877	1045628	79504	76836864	17352127	26746880
250	2026-08-13T23:27:27,755465181-0700	1786688847746709847	buxton2d_worker	buxton2d_worker	229	1212	32	440	1684	3668	428	1045628	79504	76836864	17352127	26746880
250	2026-08-13T23:27:27,755465181-0700	1786688847746709847	ServiceD	ServiceD	1037	588	2128	3224	5940	21517	547	1045628	79504	76836864	17352127	26746880
251	2026-08-13T23:27:29,751570180-0700	1786688849747234347	AppProcD	AppProcD	424	12652	18640	5140	36432	136124	507	1044852	79504	76836864	17352127	26746880
251	2026-08-13T23:27:29,751570180-0700	1786688849747234347	ServiceE	ServiceE	404	7804	2808	7800	18412	28183	352	1044852	79504	76836864	17352127	26746880
251	2026-08-13T23:27:29,751570180-0700	1786688849747234347	AppProcB	AppProcB	896	6852	11780	6416	25048	113593	1475	1044852	79504	76836864	17352127	26746880
251	2026-08-13T23:27:29,751570180-0700	1786688849747234347	ServiceH	ServiceH	719	3964	4004	3040	11008	21055	0	1044852	79504	76836864	17352127	26746880
251	2026-08-13T23:27:29,751570180-0700	1786688849747234347	cynara	cynara	205	1648	1032	212	2892	22701	842	1044852	79504	76836864	17352127	26746880
251	2026-08-13T23:27:29,751570180-0700	1786688849747234347	AppProcA	AppProcA	2724	1212	3644	3732	8588	37571	79	1044852	79504	76836864	17352127	26746880
251	2026-08-13T23:27:29,751570180-0700	1786688849747234347	systemd	systemd	1	1148	164	440	1752	27780	510	1044852	79504	76836864	17352127	26746880
251	2026-08-13T23:27:29,751570180-0700	1786688849747234347	enlightenment	enlightenment	258	2648	968	3036	6652	39259	877	1044852	79504	76836864	17352127	26746880
251	2026-08-13T23:27:29,751570180-0700	1786688849747234347	buxton2d_worker	buxton2d_worker	229	1212	32	440	1684	3668	428	1044852	79504	76836864	17352127	26746880
251	2026-08-13T23:27:29,751570180-0700	1786688849747234347	ServiceD	ServiceD	1037	588	2128	3224	5940	21517	547	1044852	79504	76836864	17352127	26746880
252	2026-08-13T23:27:31,759022763-0700	1786688851751866430	AppProcD	AppProcD	424	12652	18640	5140	36432	136124	507	1044492	79504	76836864	17352127	26746880
252	2026-08-13T23:27:31,759022763-0700	1786688851751866430	ServiceE	ServiceE	404	7804	2808	7800	18412	28183	352	1044492	79504	76836864	17352127	26746880
252	2026-08-13T23:27:31,759022763-0700	1786688851751866430	AppProcB	AppProcB	896	6852	11780	6416	25048	113593	1475	1044492	79504	76836864	17352127	26746880
252	2026-08-13T23:27:31,759022763-0700	1786688851751866430	ServiceH	ServiceH	719	3964	4004	3040	11008	21055	0	1044492	79504	76836864	17352127	26746880
252	2026-08-13T23:27:31,759022763-0700	1786688851751866430	cynara	cynara	205	1648	1032	212	2892	22870	842	1044492	79504	76836864	17352127	26746880
252	2026-08-13T23:27:31,759022763-0700	1786688851751866430	AppProcA	AppProcA	2724	1212	3644	3732	8588	37592	79	1044492	79504	76836864	17352127	26746880
252	2026-08-13T23:27:31,759022763-0700	1786688851751866430	systemd	systemd	1	1148	164	440	1752	27780	510	1044492	79504	76836864	17352127	26746880
252	2026-08-13T23:27:31,759022763-0700	1786688851751866430	enlightenment	enlightenment	258	2648	968	3036	6652	39259	877	1044492	79504	76836864	17352127	26746880
252	2026-08-13T23:27:31,759022763-0700	1786688851751866430	buxton2d_worker	buxton2d_worker	229	1212	32	440	1684	3668	428	1044492	79504	76836864	17352127	26746880
252	2026-08-13T23:27:31,759022763-0700	1786688851751866430	ServiceD	ServiceD	1037	588	2128	3224	5940	21544	547	1044492	79504	76836864	17352127	26746880
253	2026-08-13T23:27:33,758170346-0700	1786688853752002346	AppProcD	AppProcD	424	12652	18640	5140	36432	136176	507	1045172	79504	76836864	17352127	26746880
253	2026-08-13T23:27:33,758170346-0700	1786688853752002346	ServiceE	ServiceE	404	7804	2808	7800	18412	28183	352	1045172	79504	76836864	17352127	26746880
253	2026-08-13T23:27:33,758170346-0700	1786688853752002346	AppProcB	AppProcB	896	6852	11780	6416	25048	113593	1475	1045172	79504	76836864	17352127	26746880
253	2026-08-13T23:27:33,758170346-0700	1786688853752002346	ServiceH	ServiceH	719	3964	4004	3040	11008	21055	0	1045172	79504	76836864	17352127	26746880
253	2026-08-13T23:27:33,758170346-0700	1786688853752002346	cynara	cynara	205	1648	1032	212	2892	22870	842	1045172	79504	76836864	17352127	26746880
253	2026-08-13T23:27:33,758170346-0700	1786688853752002346	AppProcA	AppProcA	2724	1212	3644	3732	8588	37593	79	1045172	79504	76836864	17352127	26746880
253	2026-08-13T23:27:33,758170346-0700	1786688853752002346	systemd	systemd	1	1148	164	440	1752	27780	510	1045172	79504	76836864	17352127	26746880
253	2026-08-13T23:27:33,758170346-0700	1786688853752002346	enlightenment	enlightenment	258	2648	968	3036	6652	39259	877	1045172	79504	76836864	17352127	26746880
253	2026-08-13T23:27:33,758170346-0700	1786688853752002346	buxton2d_worker	buxton2d_worker	229	1212	32	440	1684	3668	428	1045172	79504	76836864	17352127	26746880
253	2026-08-13T23:27:33,758170346-0700	1786688853752002346	ServiceD	ServiceD	1037	588	2128	3224	5940	21544	547	1045172	79504	76836864	17352127	26746880
254	2026-08-13T23:27:35,752652679-0700	1786688855746335095	AppProcD	AppProcD	424	12652	18640	5140	36432	136176	507	1044884	79504	76836864	17352127	26746880
254	2026-08-13T23:27:35,752652679-0700	1786688855746335095	ServiceE	ServiceE	404	7804	2808	7800	18412	28183	352	1044884	79504	76836864	17352127	26746880
254	2026-08-13T23:27:35,752652679-0700	1786688855746335095	AppProcB	AppProcB	896	6852	11780	6416	25048	113633	1475	1044884	79504	76836864	17352127	26746880
254	2026-08-13T23:27:35,752652679-0700	1786688855746335095	ServiceH	ServiceH	719	3964	4004	3040	11008	21055	0	1044884	79504	76836864	17352127	26746880
254	2026-08-13T23:27:35,752652679-0700	1786688855746335095	cynara	cynara	205	1648	1032	212	2892	22870	842	1044884	79504	76836864	17352127	26746880
254	2026-08-13T23:27:35,752652679-0700	1786688855746335095	AppProcA	AppProcA	2724	1212	3644	3732	8588	37593	79	1044884	79504	76836864	17352127	26746880
254	2026-08-13T23:27:35,752652679-0700	1786688855746335095	systemd	systemd	1	1148	164	440	1752	27780	510	1044884	79504	76836864	17352127	26746880
254	2026-08-13T23:27:35,752652679-0700	1786688855746335095	enlightenment	enlightenment	258	2648	968	3036	6652	39259	877	1044884	79504	76836864	17352127	26746880
254	2026-08-13T23:27:35,752652679-0700	1786688855746335095	buxton2d_worker	buxton2d_worker	229	1212	32	440	1684	3668	428	1044884	79504	76836864	17352127	26746880
254	2026-08-13T23:27:35,752652679-0700	1786688855746335095	ServiceD	ServiceD	1037	588	2128	3224	5940	21569	547	1044884	79504	76836864	17352127	26746880
255	2026-08-13T23:27:37,751528595-0700	1786688857746004928	AppProcD	AppProcD	424	12652	18640	5140	36432	136228	507	1045128	79504	76836864	17352127	26746880
255	2026-08-13T23:27:37,751528595-0700	1786688857746004928	ServiceE	ServiceE	404	7804	2808	7800	18412	28183	352	1045128	79504	76836864	17352127	26746880
255	2026-08-13T23:27:37,751528595-0700	1786688857746004928	AppProcB	AppProcB	896	6852	11780	6416	25048	113633	1475	1045128	79504	76836864	17352127	26746880
255	2026-08-13T23:27:37,751528595-0700	1786688857746004928	ServiceH	ServiceH	719	3964	4004	3040	11008	21055	0	1045128	79504	76836864	17352127	26746880
255	2026-08-13T23:27:37,751528595-0700	1786688857746004928	cynara	cynara	205	1648	1032	212	2892	22870	842	1045128	79504	76836864	17352127	26746880
255	2026-08-13T23:27:37,751528595-0700	1786688857746004928	AppProcA	AppProcA	2724	1212	3644	3732	8588	37615	79	1045128	79504	76836864	17352127	26746880
255	2026-08-13T23:27:37,751528595-0700	1786688857746004928	systemd	systemd	1	1148	164	440	1752	27780	510	1045128	79504	76836864	17352127	26746880
255	2026-08-13T23:27:37,751528595-0700	1786688857746004928	enlightenment	enlightenment	258	2648	968	3036	6652	39259	877	1045128	79504	76836864	17352127	26746880
255	2026-08-13T23:27:37,751528595-0700	1786688857746004928	buxton2d_worker	buxton2d_worker	229	1212	32	440	1684	3669	428	1045128	79504	76836864	17352127	26746880
255	2026-08-13T23:27:37,751528595-0700	1786688857746004928	ServiceD	ServiceD	1037	588	2128	3224	5940	21569	547	1045128	79504	76836864	17352127	26746880
256	2026-08-13T23:27:39,751981761-0700	1786688859747873678	AppProcD	AppProcD	424	12652	18640	5140	36432	136228	507	1044252	79504	76836864	17352127	26746880
256	2026-08-13T23:27:39,751981761-0700	1786688859747873678	ServiceE	ServiceE	404	7804	2808	7800	18412	28183	352	1044252	79504	76836864	17352127	26746880
256	2026-08-13T23:27:39,751981761-0700	1786688859747873678	AppProcB	AppProcB	896	6852	11780	6416	25048	113673	1475	1044252	79504	76836864	17352127	26746880
256	2026-08-13T23:27:39,751981761-0700	1786688859747873678	ServiceH	ServiceH	719	3964	4004	3040	11008	21055	0	1044252	79504	76836864	17352127	26746880
256	2026-08-13T23:27:39,751981761-0700	1786688859747873678	cynara	cynara	205	1648	1032	212	2892	22870	842	1044252	79504	76836864	17352127	26746880
256	2026-08-13T23:27:39,751981761-0700	1786688859747873678	AppProcA	AppProcA	2724	1212	3644	3732	8588	37615	79	1044252	79504	76836864	17352127	26746880
256	2026-08-13T23:27:39,751981761-0700	1786688859747873678	systemd	systemd	1	1148	164	440	1752	27780	510	1044252	79504	76836864	17352127	26746880
256	2026-08-13T23:27:39,751981761-0700	1786688859747873678	enlightenment	enlightenment	258	2648	968	3036	6652	39259	877	1044252	79504	76836864	17352127	26746880
256	2026-08-13T23:27:39,751981761-0700	1786688859747873678	buxton2d_worker	buxton2d_worker	229	1212	32	440	1684	3669	428	1044252	79504	76836864	17352127	26746880
256	2026-08-13T23:27:39,751981761-0700	1786688859747873678	ServiceD	ServiceD	1037	588	2128	3224	5940	21569	547	1044252	79504	76836864	17352127	26746880
257	2026-08-13T23:27:41,755163844-0700	1786688861748696427	AppProcD	AppProcD	424	12652	18640	5140	36432	136228	507	1044384	79504	76836864	17352127	26746880
257	2026-08-13T23:27:41,755163844-0700	1786688861748696427	ServiceE	ServiceE	404	7804	2808	7800	18412	28183	352	1044384	79504	76836864	17352127	26746880
257	2026-08-13T23:27:41,755163844-0700	1786688861748696427	AppProcB	AppProcB	896	6852	11780	6416	25048	113673	1475	1044384	79504	76836864	17352127	26746880
257	2026-08-13T23:27:41,755163844-0700	1786688861748696427	ServiceH	ServiceH	719	3964	4004	3040	11008	21055	0	1044384	79504	76836864	17352127	26746880
257	2026-08-13T23:27:41,755163844-0700	1786688861748696427	cynara	cynara	205	1648	1032	212	2892	22870	842	1044384	79504	76836864	17352127	26746880
257	2026-08-13T23:27:41,755163844-0700	1786688861748696427	AppProcA	AppProcA	2724	1212	3644	3732	8588	37635	79	1044384	79504	76836864	17352127	26746880
257	2026-08-13T23:27:41,755163844-0700	1786688861748696427	systemd	systemd	1	1148	164	440	1752	27780	510	1044384	79504	76836864	17352127	26746880
257	2026-08-13T23:27:41,755163844-0700	1786688861748696427	enlightenment	enlightenment	258	2648	968	3036	6652	39259	877	1044384	79504	76836864	17352127	26746880
257	2026-08-13T23:27:41,755163844-0700	1786688861748696427	buxton2d_worker	buxton2d_worker	229	1212	32	440	1684	3669	428	1044384	79504	76836864	17352127	26746880
257	2026-08-13T23:27:41,755163844-0700	1786688861748696427	ServiceD	ServiceD	1037	588	2128	3224	5940	21594	547	1044384	79504	76836864	17352127	26746880
258	2026-08-13T23:27:43,754032343-0700	1786688863748163927	AppProcD	AppProcD	424	12652	18640	5140	36432	136280	507	1044504	79504	76836864	17352127	26746880
258	2026-08-13T23:27:43,754032343-0700	1786688863748163927	ServiceE	ServiceE	404	7804	2808	7800	18412	28183	352	1044504	79504	76836864	17352127	26746880
258	2026-08-13T23:27:43,754032343-0700	1786688863748163927	AppProcB	AppProcB	896	6852	11780	6416	25048	113673	1475	1044504	79504	76836864	17352127	26746880
258	2026-08-13T23:27:43,754032343-0700	1786688863748163927	ServiceH	ServiceH	719	3964	4004	3040	11008	21055	0	1044504	79504	76836864	17352127	26746880
258	2026-08-13T23:27:43,754032343-0700	1786688863748163927	cynara	cynara	205	1648	1032	212	2892	22870	842	1044504	79504	76836864	17352127	26746880
258	2026-08-13T23:27:43,754032343-0700	1786688863748163927	AppProcA	AppProcA	2724	1212	3644	3732	8588	37635	79	1044504	79504	76836864	17352127	26746880
258	2026-08-13T23:27:43,754032343-0700	1786688863748163927	systemd	systemd	1	1148	164	440	1752	27780	510	1044504	79504	76836864	17352127	26746880
258	2026-08-13T23:27:43,754032343-0700	1786688863748163927	enlightenment	enlightenment	258	2648	968	3036	6652	39259	877	1044504	79504	76836864	17352127	26746880
258	2026-08-13T23:27:43,754032343-0700	1786688863748163927	buxton2d_worker	buxton2d_worker	229	1212	32	440	1684	3669	428	1044504	79504	76836864	17352127	26746880
258	2026-08-13T23:27:43,754032343-0700	1786688863748163927	ServiceD	ServiceD	1037	588	2128	3224	5940	21594	547	1044504	79504	76836864	17352127	26746880
259	2026-08-13T23:27:45,751802010-0700	1786688865746980676	AppProcD	AppProcD	424	12652	18640	5140	36432	136280	507	1044552	79504	76836864	17352127	26746880
259	2026-08-13T23:27:45,751802010-0700	1786688865746980676	ServiceE	ServiceE	404	7804	2808	7800	18412	28183	352	1044552	79504	76836864	17352127	26746880
259	2026-08-13T23:27:45,751802010-0700	1786688865746980676	AppProcB	AppProcB	896	6852	11780	6416	25048	113713	1475	1044552	79504	76836864	17352127	26746880
259	2026-08-13T23:27:45,751802010-0700	1786688865746980676	ServiceH	ServiceH	719	3964	4004	3040	11008	21055	0	1044552	79504	76836864	17352127	26746880
259	2026-08-13T23:27:45,751802010-0700	1786688865746980676	cynara	cynara	205	1648	1032	212	2892	22870	842	1044552	79504	76836864	17352127	26746880
259	2026-08-13T23:27:45,751802010-0700	1786688865746980676	AppProcA	AppProcA	2724	1212	3644	3732	8588	37635	79	1044552	79504	76836864	17352127	26746880
259	2026-08-13T23:27:45,751802010-0700	1786688865746980676	systemd	systemd	1	1148	164	440	1752	27781	510	1044552	79504	76836864	17352127	26746880
259	2026-08-13T23:27:45,751802010-0700	1786688865746980676	enlightenment	enlightenment	258	2648	968	3036	6652	39259	877	1044552	79504	76836864	17352127	26746880
259	2026-08-13T23:27:45,751802010-0700	1786688865746980676	buxton2d_worker	buxton2d_worker	229	1212	32	440	1684	3670	428	1044552	79504	76836864	17352127	26746880
259	2026-08-13T23:27:45,751802010-0700	1786688865746980676	ServiceD	ServiceD	1037	588	2128	3224	5940	21619	547	1044552	79504	76836864	17352127	26746880
260	2026-08-13T23:27:47,756666509-0700	1786688867750151426	AppProcD	AppProcD	424	12652	18640	5140	36432	136332	507	1044848	79504	76836864	17352127	26746880
260	2026-08-13T23:27:47,756666509-0700	1786688867750151426	ServiceE	ServiceE	404	7804	2808	7800	18412	28183	352	1044848	79504	76836864	17352127	26746880
260	2026-08-13T23:27:47,756666509-0700	1786688867750151426	AppProcB	AppProcB	896	6852	11780	6416	25048	113713	1475	1044848	79504	76836864	17352127	26746880
260	2026-08-13T23:27:47,756666509-0700	1786688867750151426	ServiceH	ServiceH	719	3964	4004	3040	11008	21055	0	1044848	79504	76836864	17352127	26746880
260	2026-08-13T23:27:47,756666509-0700	1786688867750151426	cynara	cynara	205	1648	1032	212	2892	22870	842	1044848	79504	76836864	17352127	26746880
260	2026-08-13T23:27:47,756666509-0700	1786688867750151426	AppProcA	AppProcA	2724	1212	3644	3732	8588	37655	79	1044848	79504	76836864	17352127	26746880
260	2026-08-13T23:27:47,756666509-0700	1786688867750151426	systemd	systemd	1	1148	164	440	1752	27781	510	1044848	79504	76836864	17352127	26746880
260	2026-08-13T23:27:47,756666509-0700	1786688867750151426	enlightenment	enlightenment	258	2648	968	3036	6652	39259	877	1044848	79504	76836864	17352127	26746880
260	2026-08-13T23:27:47,756666509-0700	1786688867750151426	buxton2d_worker	buxton2d_worker	229	1212	32	440	1684	3670	428	1044848	79504	76836864	17352127	26746880
260	2026-08-13T23:27:47,756666509-0700	1786688867750151426	ServiceD	ServiceD	1037	588	2128	3224	5940	21619	547	1044848	79504	76836864	17352127	26746880
261	2026-08-13T23:27:49,752011425-0700	1786688869747637842	AppProcD	AppProcD	424	12652	18640	5140	36432	136332	507	1044596	79504	76836864	17352127	26746880
261	2026-08-13T23:27:49,752011425-0700	1786688869747637842	ServiceE	ServiceE	404	7804	2808	7800	18412	28183	352	1044596	79504	76836864	17352127	26746880
261	2026-08-13T23:27:49,752011425-0700	1786688869747637842	AppProcB	AppProcB	896	6852	11780	6416	25048	113753	1475	1044596	79504	76836864	17352127	26746880
261	2026-08-13T23:27:49,752011425-0700	1786688869747637842	ServiceH	ServiceH	719	3964	4004	3040	11008	21055	0	1044596	79504	76836864	17352127	26746880
261	2026-08-13T23:27:49,752011425-0700	1786688869747637842	cynara	cynara	205	1648	1032	212	2892	22870	842	1044596	79504	76836864	17352127	26746880
261	2026-08-13T23:27:49,752011425-0700	1786688869747637842	AppProcA	AppProcA	2724	1212	3644	3732	8588	37655	79	1044596	79504	76836864	17352127	26746880
261	2026-08-13T23:27:49,752011425-0700	1786688869747637842	systemd	systemd	1	1148	164	440	1752	27781	510	1044596	79504	76836864	17352127	26746880
261	2026-08-13T23:27:49,752011425-0700	1786688869747637842	enlightenment	enlightenment	258	2648	968	3036	6652	39259	877	1044596	79504	76836864	17352127	26746880
261	2026-08-13T23:27:49,752011425-0700	1786688869747637842	buxton2d_worker	buxton2d_worker	229	1212	32	440	1684	3671	428	1044596	79504	76836864	17352127	26746880
261	2026-08-13T23:27:49,752011425-0700	1786688869747637842	ServiceD	ServiceD	1037	588	2128	3224	5940	21619	547	1044596	79504	76836864	17352127	26746880
262	2026-08-13T23:27:51,757421258-0700	1786688871751237842	AppProcD	AppProcD	424	12652	18640	5140	36432	136333	507	1044824	79504	76836864	17352127	26746880
262	2026-08-13T23:27:51,757421258-0700	1786688871751237842	ServiceE	ServiceE	404	7804	2808	7800	18412	28183	352	1044824	79504	76836864	17352127	26746880
262	2026-08-13T23:27:51,757421258-0700	1786688871751237842	AppProcB	AppProcB	896	6852	11780	6416	25048	113753	1475	1044824	79504	76836864	17352127	26746880
262	2026-08-13T23:27:51,757421258-0700	1786688871751237842	ServiceH	ServiceH	719	3964	4004	3040	11008	21055	0	1044824	79504	76836864	17352127	26746880
262	2026-08-13T23:27:51,757421258-0700	1786688871751237842	cynara	cynara	205	1648	1032	212	2892	22870	842	1044824	79504	76836864	17352127	26746880
262	2026-08-13T23:27:51,757421258-0700	1786688871751237842	AppProcA	AppProcA	2724	1212	3644	3732	8588	37676	79	1044824	79504	76836864	17352127	26746880
262	2026-08-13T23:27:51,757421258-0700	1786688871751237842	systemd	systemd	1	1148	164	440	1752	27781	510	1044824	79504	76836864	17352127	26746880
262	2026-08-13T23:27:51,757421258-0700	1786688871751237842	enlightenment	enlightenment	258	2648	968	3036	6652	39259	877	1044824	79504	76836864	17352127	26746880
262	2026-08-13T23:27:51,757421258-0700	1786688871751237842	buxton2d_worker	buxton2d_worker	229	1212	32	440	1684	3671	428	1044824	79504	76836864	17352127	26746880
262	2026-08-13T23:27:51,757421258-0700	1786688871751237842	ServiceD	ServiceD	1037	588	2128	3224	5940	21644	547	1044824	79504	76836864	17352127	26746880
263	2026-08-13T23:27:53,751740841-0700	1786688873746959091	AppProcD	AppProcD	424	12652	18640	5140	36432	136385	507	1044528	79504	76836864	17352127	26746880
263	2026-08-13T23:27:53,751740841-0700	1786688873746959091	ServiceE	ServiceE	404	7804	2808	7800	18412	28183	352	1044528	79504	76836864	17352127	26746880
263	2026-08-13T23:27:53,751740841-0700	1786688873746959091	AppProcB	AppProcB	896	6852	11780	6416	25048	113753	1475	1044528	79504	76836864	17352127	26746880
263	2026-08-13T23:27:53,751740841-0700	1786688873746959091	ServiceH	ServiceH	719	3964	4004	3040	11008	21055	0	1044528	79504	76836864	17352127	26746880
263	2026-08-13T23:27:53,751740841-0700	1786688873746959091	cynara	cynara	205	1648	1032	212	2892	22870	842	1044528	79504	76836864	17352127	26746880
263	2026-08-13T23:27:53,751740841-0700	1786688873746959091	AppProcA	AppProcA	2724	1212	3644	3732	8588	37676	79	1044528	79504	76836864	17352127	26746880
263	2026-08-13T23:27:53,751740841-0700	1786688873746959091	systemd	systemd	1	1148	164	440	1752	27781	510	1044528	79504	76836864	17352127	26746880
263	2026-08-13T23:27:53,751740841-0700	1786688873746959091	enlightenment	enlightenment	258	2648	968	3036	6652	39259	877	1044528	79504	76836864	17352127	26746880
263	2026-08-13T23:27:53,751740841-0700	1786688873746959091	buxton2d_worker	buxton2d_worker	229	1212	32	440	1684	3672	428	1044528	79504	76836864	17352127	26746880
263	2026-08-13T23:27:53,751740841-0700	1786688873746959091	ServiceD	ServiceD	1037	588	2128	3224	5940	21644	547	1044528	79504	76836864	17352127	26746880
264	2026-08-13T23:27:55,758177591-0700	1786688875749856257	AppProcD	AppProcD	424	12652	18640	5140	36432	136385	507	1044740	79504	76836864	17352127	26746880
264	2026-08-13T23:27:55,758177591-0700	1786688875749856257	ServiceE	ServiceE	404	7804	2808	7800	18412	28183	352	1044740	79504	76836864	17352127	26746880
264	2026-08-13T23:27:55,758177591-0700	1786688875749856257	AppProcB	AppProcB	896	6852	11780	6416	25048	113793	1475	1044740	79504	76836864	17352127	26746880
264	2026-08-13T23:27:55,758177591-0700	1786688875749856257	ServiceH	ServiceH	719	3964	4004	3040	11008	21055	0	1044740	79504	76836864	17352127	26746880
264	2026-08-13T23:27:55,758177591-0700	1786688875749856257	cynara	cynara	205	1648	1032	212	2892	22870	842	1044740	79504	76836864	17352127	26746880
264	2026-08-13T23:27:55,758177591-0700	1786688875749856257	AppProcA	AppProcA	2724	1212	3644	3732	8588	37676	79	1044740	79504	76836864	17352127	26746880
264	2026-08-13T23:27:55,758177591-0700	1786688875749856257	systemd	systemd	1	1148	164	440	1752	27782	510	1044740	79504	76836864	17352127	26746880
264	2026-08-13T23:27:55,758177591-0700	1786688875749856257	enlightenment	enlightenment	258	2648	968	3036	6652	39259	877	1044740	79504	76836864	17352127	26746880
264	2026-08-13T23:27:55,758177591-0700	1786688875749856257	buxton2d_worker	buxton2d_worker	229	1212	32	440	1684	3672	428	1044740	79504	76836864	17352127	26746880
264	2026-08-13T23:27:55,758177591-0700	1786688875749856257	ServiceD	ServiceD	1037	588	2128	3224	5940	21669	547	1044740	79504	76836864	17352127	26746880
265	2026-08-13T23:27:57,755624590-0700	1786688877751094757	AppProcD	AppProcD	424	12652	18640	5140	36432	136437	507	1044648	79504	76836864	17352127	26746880
265	2026-08-13T23:27:57,755624590-0700	1786688877751094757	ServiceE	ServiceE	404	7804	2808	7800	18412	28183	352	1044648	79504	76836864	17352127	26746880
265	2026-08-13T23:27:57,755624590-0700	1786688877751094757	AppProcB	AppProcB	896	6852	11780	6416	25048	113793	1475	1044648	79504	76836864	17352127	26746880
265	2026-08-13T23:27:57,755624590-0700	1786688877751094757	ServiceH	ServiceH	719	3964	4004	3040	11008	21055	0	1044648	79504	76836864	17352127	26746880
265	2026-08-13T23:27:57,755624590-0700	1786688877751094757	cynara	cynara	205	1648	1032	212	2892	22870	842	1044648	79504	76836864	17352127	26746880
265	2026-08-13T23:27:57,755624590-0700	1786688877751094757	AppProcA	AppProcA	2724	1212	3644	3732	8588	37698	79	1044648	79504	76836864	17352127	26746880
265	2026-08-13T23:27:57,755624590-0700	1786688877751094757	systemd	systemd	1	1148	164	440	1752	27782	510	1044648	79504	76836864	17352127	26746880
265	2026-08-13T23:27:57,755624590-0700	1786688877751094757	enlightenment	enlightenment	258	2648	968	3036	6652	39259	877	1044648	79504	76836864	17352127	26746880
265	2026-08-13T23:27:57,755624590-0700	1786688877751094757	buxton2d_worker	buxton2d_worker	229	1212	32	440	1684	3672	428	1044648	79504	76836864	17352127	26746880
265	2026-08-13T23:27:57,755624590-0700	1786688877751094757	ServiceD	ServiceD	1037	588	2128	3224	5940	21669	547	1044648	79504	76836864	17352127	26746880
266	2026-08-13T23:27:59,753115923-0700	1786688879748891590	AppProcD	AppProcD	424	12652	18640	5140	36432	136437	507	1044428	79504	76836864	17352127	26746880
266	2026-08-13T23:27:59,753115923-0700	1786688879748891590	ServiceE	ServiceE	404	7804	2808	7800	18412	28183	352	1044428	79504	76836864	17352127	26746880
266	2026-08-13T23:27:59,753115923-0700	1786688879748891590	AppProcB	AppProcB	896	6852	11780	6416	25048	113833	1475	1044428	79504	76836864	17352127	26746880
266	2026-08-13T23:27:59,753115923-0700	1786688879748891590	ServiceH	ServiceH	719	3964	4004	3040	11008	21055	0	1044428	79504	76836864	17352127	26746880
266	2026-08-13T23:27:59,753115923-0700	1786688879748891590	cynara	cynara	205	1648	1032	212	2892	22870	842	1044428	79504	76836864	17352127	26746880
266	2026-08-13T23:27:59,753115923-0700	1786688879748891590	AppProcA	AppProcA	2724	1212	3644	3732	8588	37698	79	1044428	79504	76836864	17352127	26746880
266	2026-08-13T23:27:59,753115923-0700	1786688879748891590	systemd	systemd	1	1148	164	440	1752	27782	510	1044428	79504	76836864	17352127	26746880
266	2026-08-13T23:27:59,753115923-0700	1786688879748891590	enlightenment	enlightenment	258	2648	968	3036	6652	39259	877	1044428	79504	76836864	17352127	26746880
266	2026-08-13T23:27:59,753115923-0700	1786688879748891590	buxton2d_worker	buxton2d_worker	229	1212	32	440	1684	3672	428	1044428	79504	76836864	17352127	26746880
266	2026-08-13T23:27:59,753115923-0700	1786688879748891590	ServiceD	ServiceD	1037	588	2128	3224	5940	21669	547	1044428	79504	76836864	17352127	26746880
267	2026-08-13T23:28:01,758129589-0700	1786688881750977006	AppProcD	AppProcD	424	12652	18640	5140	36432	136437	507	1044520	79504	76836864	17352127	26746880
267	2026-08-13T23:28:01,758129589-0700	1786688881750977006	ServiceE	ServiceE	404	7804	2808	7800	18412	28183	352	1044520	79504	76836864	17352127	26746880
267	2026-08-13T23:28:01,758129589-0700	1786688881750977006	AppProcB	AppProcB	896	6852	11780	6416	25048	113833	1475	1044520	79504	76836864	17352127	26746880
267	2026-08-13T23:28:01,758129589-0700	1786688881750977006	ServiceH	ServiceH	719	3964	4004	3040	11008	21055	0	1044520	79504	76836864	17352127	26746880
267	2026-08-13T23:28:01,758129589-0700	1786688881750977006	cynara	cynara	205	1648	1032	212	2892	22870	842	1044520	79504	76836864	17352127	26746880
267	2026-08-13T23:28:01,758129589-0700	1786688881750977006	AppProcA	AppProcA	2724	1212	3644	3732	8588	37719	79	1044520	79504	76836864	17352127	26746880
267	2026-08-13T23:28:01,758129589-0700	1786688881750977006	systemd	systemd	1	1148	164	440	1752	27782	510	1044520	79504	76836864	17352127	26746880
267	2026-08-13T23:28:01,758129589-0700	1786688881750977006	enlightenment	enlightenment	258	2648	968	3036	6652	39259	877	1044520	79504	76836864	17352127	26746880
267	2026-08-13T23:28:01,758129589-0700	1786688881750977006	buxton2d_worker	buxton2d_worker	229	1212	32	440	1684	3672	428	1044520	79504	76836864	17352127	26746880
267	2026-08-13T23:28:01,758129589-0700	1786688881750977006	ServiceD	ServiceD	1037	588	2128	3224	5940	21694	547	1044520	79504	76836864	17352127	26746880
268	2026-08-13T23:28:03,756185505-0700	1786688883748004589	AppProcD	AppProcD	424	12652	18640	5140	36432	136489	507	1044632	79504	76836864	17352127	26746880
268	2026-08-13T23:28:03,756185505-0700	1786688883748004589	ServiceE	ServiceE	404	7804	2808	7800	18412	28183	352	1044632	79504	76836864	17352127	26746880
268	2026-08-13T23:28:03,756185505-0700	1786688883748004589	AppProcB	AppProcB	896	6852	11780	6416	25048	113833	1475	1044632	79504	76836864	17352127	26746880
268	2026-08-13T23:28:03,756185505-0700	1786688883748004589	ServiceH	ServiceH	719	3964	4004	3040	11008	21055	0	1044632	79504	76836864	17352127	26746880
268	2026-08-13T23:28:03,756185505-0700	1786688883748004589	cynara	cynara	205	1648	1032	212	2892	22870	842	1044632	79504	76836864	17352127	26746880
268	2026-08-13T23:28:03,756185505-0700	1786688883748004589	AppProcA	AppProcA	2724	1212	3644	3732	8588	37719	79	1044632	79504	76836864	17352127	26746880
268	2026-08-13T23:28:03,756185505-0700	1786688883748004589	systemd	systemd	1	1148	164	440	1752	27782	510	1044632	79504	76836864	17352127	26746880
268	2026-08-13T23:28:03,756185505-0700	1786688883748004589	enlightenment	enlightenment	258	2648	968	3036	6652	39259	877	1044632	79504	76836864	17352127	26746880
268	2026-08-13T23:28:03,756185505-0700	1786688883748004589	buxton2d_worker	buxton2d_worker	229	1212	32	440	1684	3672	428	1044632	79504	76836864	17352127	26746880
268	2026-08-13T23:28:03,756185505-0700	1786688883748004589	ServiceD	ServiceD	1037	588	2128	3224	5940	21694	547	1044632	79504	76836864	17352127	26746880
269	2026-08-13T23:28:05,752131671-0700	1786688885745960838	AppProcD	AppProcD	424	12652	18640	5140	36432	136489	507	1044868	79504	76836864	17352127	26746880
269	2026-08-13T23:28:05,752131671-0700	1786688885745960838	ServiceE	ServiceE	404	7804	2808	7800	18412	28183	352	1044868	79504	76836864	17352127	26746880
269	2026-08-13T23:28:05,752131671-0700	1786688885745960838	AppProcB	AppProcB	896	6852	11780	6416	25048	113873	1475	1044868	79504	76836864	17352127	26746880
269	2026-08-13T23:28:05,752131671-0700	1786688885745960838	ServiceH	ServiceH	719	3964	4004	3040	11008	21055	0	1044868	79504	76836864	17352127	26746880
269	2026-08-13T23:28:05,752131671-0700	1786688885745960838	cynara	cynara	205	1648	1032	212	2892	22870	842	1044868	79504	76836864	17352127	26746880
269	2026-08-13T23:28:05,752131671-0700	1786688885745960838	AppProcA	AppProcA	2724	1212	3644	3732	8588	37720	79	1044868	79504	76836864	17352127	26746880
269	2026-08-13T23:28:05,752131671-0700	1786688885745960838	systemd	systemd	1	1148	164	440	1752	27783	510	1044868	79504	76836864	17352127	26746880
269	2026-08-13T23:28:05,752131671-0700	1786688885745960838	enlightenment	enlightenment	258	2648	968	3036	6652	39259	877	1044868	79504	76836864	17352127	26746880
269	2026-08-13T23:28:05,752131671-0700	1786688885745960838	buxton2d_worker	buxton2d_worker	229	1212	32	440	1684	3672	428	1044868	79504	76836864	17352127	26746880
269	2026-08-13T23:28:05,752131671-0700	1786688885745960838	ServiceD	ServiceD	1037	588	2128	3224	5940	21719	547	1044868	79504	76836864	17352127	26746880
270	2026-08-13T23:28:07,753599338-0700	1786688887748567504	AppProcD	AppProcD	424	12652	18640	5140	36432	136541	507	1044800	79504	76836864	17352127	26746880
270	2026-08-13T23:28:07,753599338-0700	1786688887748567504	ServiceE	ServiceE	404	7804	2808	7800	18412	28183	352	1044800	79504	76836864	17352127	26746880
270	2026-08-13T23:28:07,753599338-0700	1786688887748567504	AppProcB	AppProcB	896	6852	11780	6416	25048	113873	1475	1044800	79504	76836864	17352127	26746880
270	2026-08-13T23:28:07,753599338-0700	1786688887748567504	ServiceH	ServiceH	719	3964	4004	3040	11008	21055	0	1044800	79504	76836864	17352127	26746880
270	2026-08-13T23:28:07,753599338-0700	1786688887748567504	cynara	cynara	205	1648	1032	212	2892	22870	842	1044800	79504	76836864	17352127	26746880
270	2026-08-13T23:28:07,753599338-0700	1786688887748567504	AppProcA	AppProcA	2724	1212	3644	3732	8588	37741	79	1044800	79504	76836864	17352127	26746880
270	2026-08-13T23:28:07,753599338-0700	1786688887748567504	systemd	systemd	1	1148	164	440	1752	27783	510	1044800	79504	76836864	17352127	26746880
270	2026-08-13T23:28:07,753599338-0700	1786688887748567504	enlightenment	enlightenment	258	2648	968	3036	6652	39259	877	1044800	79504	76836864	17352127	26746880
270	2026-08-13T23:28:07,753599338-0700	1786688887748567504	buxton2d_worker	buxton2d_worker	229	1212	32	440	1684	3672	428	1044800	79504	76836864	17352127	26746880
270	2026-08-13T23:28:07,753599338-0700	1786688887748567504	ServiceD	ServiceD	1037	588	2128	3224	5940	21719	547	1044800	79504	76836864	17352127	26746880
271	2026-08-13T23:28:09,754393587-0700	1786688889750162587	AppProcD	AppProcD	424	12652	18640	5140	36432	136541	507	1045080	79504	76836864	17352127	26746880
271	2026-08-13T23:28:09,754393587-0700	1786688889750162587	ServiceE	ServiceE	404	7804	2808	7800	18412	28183	352	1045080	79504	76836864	17352127	26746880
271	2026-08-13T23:28:09,754393587-0700	1786688889750162587	AppProcB	AppProcB	896	6852	11780	6416	25048	113913	1475	1045080	79504	76836864	17352127	26746880
271	2026-08-13T23:28:09,754393587-0700	1786688889750162587	ServiceH	ServiceH	719	3964	4004	3040	11008	21055	0	1045080	79504	76836864	17352127	26746880
271	2026-08-13T23:28:09,754393587-0700	1786688889750162587	cynara	cynara	205	1648	1032	212	2892	22870	842	1045080	79504	76836864	17352127	26746880
271	2026-08-13T23:28:09,754393587-0700	1786688889750162587	AppProcA	AppProcA	2724	1212	3644	3732	8588	37741	79	1045080	79504	76836864	17352127	26746880
271	2026-08-13T23:28:09,754393587-0700	1786688889750162587	systemd	systemd	1	1148	164	440	1752	27786	510	1045080	79504	76836864	17352127	26746880
271	2026-08-13T23:28:09,754393587-0700	1786688889750162587	enlightenment	enlightenment	258	2648	968	3036	6652	39259	877	1045080	79504	76836864	17352127	26746880
271	2026-08-13T23:28:09,754393587-0700	1786688889750162587	buxton2d_worker	buxton2d_worker	229	1212	32	440	1684	3672	428	1045080	79504	76836864	17352127	26746880
271	2026-08-13T23:28:09,754393587-0700	1786688889750162587	ServiceD	ServiceD	1037	588	2128	3224	5940	21719	547	1045080	79504	76836864	17352127	26746880
272	2026-08-13T23:28:11,757861837-0700	1786688891749760587	AppProcD	AppProcD	424	12652	18640	5140	36432	136541	507	1045080	79504	76836864	17352127	26746880
272	2026-08-13T23:28:11,757861837-0700	1786688891749760587	ServiceE	ServiceE	404	7804	2808	7800	18412	28183	352	1045080	79504	76836864	17352127	26746880
272	2026-08-13T23:28:11,757861837-0700	1786688891749760587	AppProcB	AppProcB	896	6852	11780	6416	25048	113913	1475	1045080	79504	76836864	17352127	26746880
272	2026-08-13T23:28:11,757861837-0700	1786688891749760587	ServiceH	ServiceH	719	3964	4004	3040	11008	21055	0	1045080	79504	76836864	17352127	26746880
272	2026-08-13T23:28:11,757861837-0700	1786688891749760587	cynara	cynara	205	1648	1032	212	2892	22870	842	1045080	79504	76836864	17352127	26746880
272	2026-08-13T23:28:11,757861837-0700	1786688891749760587	AppProcA	AppProcA	2724	1212	3644	3732	8588	37762	79	1045080	79504	76836864	17352127	26746880
272	2026-08-13T23:28:11,757861837-0700	1786688891749760587	systemd	systemd	1	1148	164	440	1752	27786	510	1045080	79504	76836864	17352127	26746880
272	2026-08-13T23:28:11,757861837-0700	1786688891749760587	enlightenment	enlightenment	258	2648	968	3036	6652	39259	877	1045080	79504	76836864	17352127	26746880
272	2026-08-13T23:28:11,757861837-0700	1786688891749760587	buxton2d_worker	buxton2d_worker	229	1212	32	440	1684	3672	428	1045080	79504	76836864	17352127	26746880
272	2026-08-13T23:28:11,757861837-0700	1786688891749760587	ServiceD	ServiceD	1037	588	2128	3224	5940	21745	547	1045080	79504	76836864	17352127	26746880
273	2026-08-13T23:28:13,753686253-0700	1786688893749341586	AppProcD	AppProcD	424	12652	18640	5140	36432	136593	507	1044764	79504	76836864	17352127	26746880
273	2026-08-13T23:28:13,753686253-0700	1786688893749341586	ServiceE	ServiceE	404	7804	2808	7800	18412	28183	352	1044764	79504	76836864	17352127	26746880
273	2026-08-13T23:28:13,753686253-0700	1786688893749341586	AppProcB	AppProcB	896	6852	11780	6416	25048	113913	1475	1044764	79504	76836864	17352127	26746880
273	2026-08-13T23:28:13,753686253-0700	1786688893749341586	ServiceH	ServiceH	719	3964	4004	3040	11008	21055	0	1044764	79504	76836864	17352127	26746880
273	2026-08-13T23:28:13,753686253-0700	1786688893749341586	cynara	cynara	205	1648	1032	212	2892	22870	842	1044764	79504	76836864	17352127	26746880
273	2026-08-13T23:28:13,753686253-0700	1786688893749341586	AppProcA	AppProcA	2724	1212	3644	3732	8588	37762	79	1044764	79504	76836864	17352127	26746880
273	2026-08-13T23:28:13,753686253-0700	1786688893749341586	systemd	systemd	1	1148	164	440	1752	27786	510	1044764	79504	76836864	17352127	26746880
273	2026-08-13T23:28:13,753686253-0700	1786688893749341586	enlightenment	enlightenment	258	2648	968	3036	6652	39260	877	1044764	79504	76836864	17352127	26746880
273	2026-08-13T23:28:13,753686253-0700	1786688893749341586	buxton2d_worker	buxton2d_worker	229	1212	32	440	1684	3672	428	1044764	79504	76836864	17352127	26746880
273	2026-08-13T23:28:13,753686253-0700	1786688893749341586	ServiceD	ServiceD	1037	588	2128	3224	5940	21745	547	1044764	79504	76836864	17352127	26746880
274	2026-08-13T23:28:15,753176419-0700	1786688895748834419	AppProcD	AppProcD	424	12652	18640	5140	36432	136593	507	1044648	79504	76836864	17352127	26746880
274	2026-08-13T23:28:15,753176419-0700	1786688895748834419	ServiceE	ServiceE	404	7804	2808	7800	18412	28183	352	1044648	79504	76836864	17352127	26746880
274	2026-08-13T23:28:15,753176419-0700	1786688895748834419	AppProcB	AppProcB	896	6852	11780	6416	25048	113953	1475	1044648	79504	76836864	17352127	26746880
274	2026-08-13T23:28:15,753176419-0700	1786688895748834419	ServiceH	ServiceH	719	3964	4004	3040	11008	21055	0	1044648	79504	76836864	17352127	26746880
274	2026-08-13T23:28:15,753176419-0700	1786688895748834419	cynara	cynara	205	1648	1032	212	2892	22870	842	1044648	79504	76836864	17352127	26746880
274	2026-08-13T23:28:15,753176419-0700	1786688895748834419	AppProcA	AppProcA	2724	1212	3644	3732	8588	37762	79	1044648	79504	76836864	17352127	26746880
274	2026-08-13T23:28:15,753176419-0700	1786688895748834419	systemd	systemd	1	1148	164	440	1752	27786	510	1044648	79504	76836864	17352127	26746880
274	2026-08-13T23:28:15,753176419-0700	1786688895748834419	enlightenment	enlightenment	258	2648	968	3036	6652	39260	877	1044648	79504	76836864	17352127	26746880
274	2026-08-13T23:28:15,753176419-0700	1786688895748834419	buxton2d_worker	buxton2d_worker	229	1212	32	440	1684	3672	428	1044648	79504	76836864	17352127	26746880
274	2026-08-13T23:28:15,753176419-0700	1786688895748834419	ServiceD	ServiceD	1037	588	2128	3224	5940	21770	547	1044648	79504	76836864	17352127	26746880
275	2026-08-13T23:28:17,755574002-0700	1786688897749629335	AppProcD	AppProcD	424	12648	18640	5140	36428	136645	507	1044580	79504	76836864	17352127	26746880
275	2026-08-13T23:28:17,755574002-0700	1786688897749629335	ServiceE	ServiceE	404	7804	2808	7800	18412	28183	352	1044580	79504	76836864	17352127	26746880
275	2026-08-13T23:28:17,755574002-0700	1786688897749629335	AppProcB	AppProcB	896	6852	11780	6416	25048	113953	1475	1044580	79504	76836864	17352127	26746880
275	2026-08-13T23:28:17,755574002-0700	1786688897749629335	ServiceH	ServiceH	719	3964	4004	3040	11008	21055	0	1044580	79504	76836864	17352127	26746880
275	2026-08-13T23:28:17,755574002-0700	1786688897749629335	cynara	cynara	205	1648	1032	212	2892	22870	842	1044580	79504	76836864	17352127	26746880
275	2026-08-13T23:28:17,755574002-0700	1786688897749629335	AppProcA	AppProcA	2724	1212	3644	3732	8588	37783	79	1044580	79504	76836864	17352127	26746880
275	2026-08-13T23:28:17,755574002-0700	1786688897749629335	systemd	systemd	1	1148	164	440	1752	27786	510	1044580	79504	76836864	17352127	26746880
275	2026-08-13T23:28:17,755574002-0700	1786688897749629335	enlightenment	enlightenment	258	2624	968	3036	6628	39260	877	1044580	79504	76836864	17352127	26746880
275	2026-08-13T23:28:17,755574002-0700	1786688897749629335	buxton2d_worker	buxton2d_worker	229	1212	32	440	1684	3672	428	1044580	79504	76836864	17352127	26746880
275	2026-08-13T23:28:17,755574002-0700	1786688897749629335	ServiceD	ServiceD	1037	588	2128	3224	5940	21770	547	1044580	79504	76836864	17352127	26746880
276	2026-08-13T23:28:19,752662918-0700	1786688899747580335	AppProcD	AppProcD	424	12648	18640	5140	36428	136645	507	1045304	79504	76836864	17352127	26746880
276	2026-08-13T23:28:19,752662918-0700	1786688899747580335	ServiceE	ServiceE	404	7804	2808	7800	18412	28183	352	1045304	79504	76836864	17352127	26746880
276	2026-08-13T23:28:19,752662918-0700	1786688899747580335	AppProcB	AppProcB	896	6852	11780	6416	25048	113993	1475	1045304	79504	76836864	17352127	26746880
276	2026-08-13T23:28:19,752662918-0700	1786688899747580335	ServiceH	ServiceH	719	3964	4004	3040	11008	21055	0	1045304	79504	76836864	17352127	26746880
276	2026-08-13T23:28:19,752662918-0700	1786688899747580335	cynara	cynara	205	1648	1032	212	2892	22870	842	1045304	79504	76836864	17352127	26746880
276	2026-08-13T23:28:19,752662918-0700	1786688899747580335	AppProcA	AppProcA	2724	1212	3644	3732	8588	37784	79	1045304	79504	76836864	17352127	26746880
276	2026-08-13T23:28:19,752662918-0700	1786688899747580335	systemd	systemd	1	1148	164	440	1752	27786	510	1045304	79504	76836864	17352127	26746880
276	2026-08-13T23:28:19,752662918-0700	1786688899747580335	enlightenment	enlightenment	258	2624	968	3036	6628	39260	877	1045304	79504	76836864	17352127	26746880
276	2026-08-13T23:28:19,752662918-0700	1786688899747580335	buxton2d_worker	buxton2d_worker	229	1212	32	440	1684	3672	428	1045304	79504	76836864	17352127	26746880
276	2026-08-13T23:28:19,752662918-0700	1786688899747580335	ServiceD	ServiceD	1037	588	2128	3224	5940	21770	547	1045304	79504	76836864	17352127	26746880
277	2026-08-13T23:28:21,757304334-0700	1786688901752118501	AppProcD	AppProcD	424	12648	18640	5140	36428	136645	507	1045376	79504	76836864	17352127	26746880
277	2026-08-13T23:28:21,757304334-0700	1786688901752118501	ServiceE	ServiceE	404	7804	2808	7800	18412	28183	352	1045376	79504	76836864	17352127	26746880
277	2026-08-13T23:28:21,757304334-0700	1786688901752118501	AppProcB	AppProcB	896	6852	11780	6416	25048	113993	1475	1045376	79504	76836864	17352127	26746880
277	2026-08-13T23:28:21,757304334-0700	1786688901752118501	ServiceH	ServiceH	719	3964	4004	3040	11008	21055	0	1045376	79504	76836864	17352127	26746880
277	2026-08-13T23:28:21,757304334-0700	1786688901752118501	cynara	cynara	205	1648	1032	212	2892	22870	842	1045376	79504	76836864	17352127	26746880
277	2026-08-13T23:28:21,757304334-0700	1786688901752118501	AppProcA	AppProcA	2724	1212	3644	3732	8588	37805	79	1045376	79504	76836864	17352127	26746880
277	2026-08-13T23:28:21,757304334-0700	1786688901752118501	systemd	systemd	1	1148	164	440	1752	27786	510	1045376	79504	76836864	17352127	26746880
277	2026-08-13T23:28:21,757304334-0700	1786688901752118501	enlightenment	enlightenment	258	2624	968	3036	6628	39260	877	1045376	79504	76836864	17352127	26746880
277	2026-08-13T23:28:21,757304334-0700	1786688901752118501	buxton2d_worker	buxton2d_worker	229	1212	32	440	1684	3672	428	1045376	79504	76836864	17352127	26746880
277	2026-08-13T23:28:21,757304334-0700	1786688901752118501	ServiceD	ServiceD	1037	588	2128	3224	5940	21795	547	1045376	79504	76836864	17352127	26746880
278	2026-08-13T23:28:23,752351834-0700	1786688903748127251	AppProcD	AppProcD	424	12648	18640	5140	36428	136697	507	1044908	79504	76836864	17352127	26746880
278	2026-08-13T23:28:23,752351834-0700	1786688903748127251	ServiceE	ServiceE	404	7804	2808	7800	18412	28183	352	1044908	79504	76836864	17352127	26746880
278	2026-08-13T23:28:23,752351834-0700	1786688903748127251	AppProcB	AppProcB	896	6852	11780	6416	25048	113993	1475	1044908	79504	76836864	17352127	26746880
278	2026-08-13T23:28:23,752351834-0700	1786688903748127251	ServiceH	ServiceH	719	3964	4004	3040	11008	21055	0	1044908	79504	76836864	17352127	26746880
278	2026-08-13T23:28:23,752351834-0700	1786688903748127251	cynara	cynara	205	1648	1032	212	2892	22870	842	1044908	79504	76836864	17352127	26746880
278	2026-08-13T23:28:23,752351834-0700	1786688903748127251	AppProcA	AppProcA	2724	1212	3644	3732	8588	37805	79	1044908	79504	76836864	17352127	26746880
278	2026-08-13T23:28:23,752351834-0700	1786688903748127251	systemd	systemd	1	1148	164	440	1752	27786	510	1044908	79504	76836864	17352127	26746880
278	2026-08-13T23:28:23,752351834-0700	1786688903748127251	enlightenment	enlightenment	258	2624	968	3036	6628	39260	877	1044908	79504	76836864	17352127	26746880
278	2026-08-13T23:28:23,752351834-0700	1786688903748127251	buxton2d_worker	buxton2d_worker	229	1212	32	440	1684	3672	428	1044908	79504	76836864	17352127	26746880
278	2026-08-13T23:28:23,752351834-0700	1786688903748127251	ServiceD	ServiceD	1037	588	2128	3224	5940	21795	547	1044908	79504	76836864	17352127	26746880
279	2026-08-13T23:28:25,750443000-0700	1786688905745990000	AppProcD	AppProcD	424	12648	18640	5140	36428	136697	507	1044664	79504	76836864	17352127	26746880
279	2026-08-13T23:28:25,750443000-0700	1786688905745990000	ServiceE	ServiceE	404	7804	2808	7800	18412	28183	352	1044664	79504	76836864	17352127	26746880
279	2026-08-13T23:28:25,750443000-0700	1786688905745990000	AppProcB	AppProcB	896	6852	11780	6416	25048	114033	1475	1044664	79504	76836864	17352127	26746880
279	2026-08-13T23:28:25,750443000-0700	1786688905745990000	ServiceH	ServiceH	719	3964	4004	3040	11008	21055	0	1044664	79504	76836864	17352127	26746880
279	2026-08-13T23:28:25,750443000-0700	1786688905745990000	cynara	cynara	205	1648	1032	212	2892	22870	842	1044664	79504	76836864	17352127	26746880
279	2026-08-13T23:28:25,750443000-0700	1786688905745990000	AppProcA	AppProcA	2724	1212	3644	3732	8588	37806	79	1044664	79504	76836864	17352127	26746880
279	2026-08-13T23:28:25,750443000-0700	1786688905745990000	systemd	systemd	1	1148	164	440	1752	27786	510	1044664	79504	76836864	17352127	26746880
279	2026-08-13T23:28:25,750443000-0700	1786688905745990000	enlightenment	enlightenment	258	2624	968	3036	6628	39260	877	1044664	79504	76836864	17352127	26746880
279	2026-08-13T23:28:25,750443000-0700	1786688905745990000	buxton2d_worker	buxton2d_worker	229	1212	32	440	1684	3672	428	1044664	79504	76836864	17352127	26746880
279	2026-08-13T23:28:25,750443000-0700	1786688905745990000	ServiceD	ServiceD	1037	588	2128	3224	5940	21820	547	1044664	79504	76836864	17352127	26746880
280	2026-08-13T23:28:27,751451083-0700	1786688907746777500	AppProcD	AppProcD	424	12648	18640	5140	36428	136749	507	1044476	79504	76836864	17352127	26746880
280	2026-08-13T23:28:27,751451083-0700	1786688907746777500	ServiceE	ServiceE	404	7804	2808	7800	18412	28183	352	1044476	79504	76836864	17352127	26746880
280	2026-08-13T23:28:27,751451083-0700	1786688907746777500	AppProcB	AppProcB	896	6852	11780	6416	25048	114033	1475	1044476	79504	76836864	17352127	26746880
280	2026-08-13T23:28:27,751451083-0700	1786688907746777500	ServiceH	ServiceH	719	3964	4004	3040	11008	21055	0	1044476	79504	76836864	17352127	26746880
280	2026-08-13T23:28:27,751451083-0700	1786688907746777500	cynara	cynara	205	1648	1032	212	2892	22870	842	1044476	79504	76836864	17352127	26746880
280	2026-08-13T23:28:27,751451083-0700	1786688907746777500	AppProcA	AppProcA	2724	1212	3644	3732	8588	37826	79	1044476	79504	76836864	17352127	26746880
280	2026-08-13T23:28:27,751451083-0700	1786688907746777500	systemd	systemd	1	1148	164	440	1752	27786	510	1044476	79504	76836864	17352127	26746880
280	2026-08-13T23:28:27,751451083-0700	1786688907746777500	enlightenment	enlightenment	258	2624	968	3036	6628	39260	877	1044476	79504	76836864	17352127	26746880
280	2026-08-13T23:28:27,751451083-0700	1786688907746777500	buxton2d_worker	buxton2d_worker	229	1212	32	440	1684	3673	428	1044476	79504	76836864	17352127	26746880
280	2026-08-13T23:28:27,751451083-0700	1786688907746777500	ServiceD	ServiceD	1037	588	2128	3224	5940	21820	547	1044476	79504	76836864	17352127	26746880
281	2026-08-13T23:28:29,750349166-0700	1786688909745993416	AppProcD	AppProcD	424	12648	18640	5140	36428	136749	507	1044796	79504	76836864	17352127	26746880
281	2026-08-13T23:28:29,750349166-0700	1786688909745993416	ServiceE	ServiceE	404	7804	2808	7800	18412	28183	352	1044796	79504	76836864	17352127	26746880
281	2026-08-13T23:28:29,750349166-0700	1786688909745993416	AppProcB	AppProcB	896	6852	11780	6416	25048	114073	1475	1044796	79504	76836864	17352127	26746880
281	2026-08-13T23:28:29,750349166-0700	1786688909745993416	ServiceH	ServiceH	719	3964	4004	3040	11008	21055	0	1044796	79504	76836864	17352127	26746880
281	2026-08-13T23:28:29,750349166-0700	1786688909745993416	cynara	cynara	205	1648	1032	212	2892	22870	842	1044796	79504	76836864	17352127	26746880
281	2026-08-13T23:28:29,750349166-0700	1786688909745993416	AppProcA	AppProcA	2724	1212	3644	3732	8588	37826	79	1044796	79504	76836864	17352127	26746880
281	2026-08-13T23:28:29,750349166-0700	1786688909745993416	systemd	systemd	1	1148	164	440	1752	27786	510	1044796	79504	76836864	17352127	26746880
281	2026-08-13T23:28:29,750349166-0700	1786688909745993416	enlightenment	enlightenment	258	2624	968	3036	6628	39260	877	1044796	79504	76836864	17352127	26746880
281	2026-08-13T23:28:29,750349166-0700	1786688909745993416	buxton2d_worker	buxton2d_worker	229	1212	32	440	1684	3673	428	1044796	79504	76836864	17352127	26746880
281	2026-08-13T23:28:29,750349166-0700	1786688909745993416	ServiceD	ServiceD	1037	588	2128	3224	5940	21820	547	1044796	79504	76836864	17352127	26746880
282	2026-08-13T23:28:31,756163332-0700	1786688911750115749	AppProcD	AppProcD	424	12648	18640	5140	36428	136749	507	1044704	79504	76836864	17352127	26746880
282	2026-08-13T23:28:31,756163332-0700	1786688911750115749	ServiceE	ServiceE	404	7804	2808	7800	18412	28183	352	1044704	79504	76836864	17352127	26746880
282	2026-08-13T23:28:31,756163332-0700	1786688911750115749	AppProcB	AppProcB	896	6852	11780	6416	25048	114073	1475	1044704	79504	76836864	17352127	26746880
282	2026-08-13T23:28:31,756163332-0700	1786688911750115749	ServiceH	ServiceH	719	3964	4004	3040	11008	21055	0	1044704	79504	76836864	17352127	26746880
282	2026-08-13T23:28:31,756163332-0700	1786688911750115749	cynara	cynara	205	1648	1032	212	2892	23019	842	1044704	79504	76836864	17352127	26746880
282	2026-08-13T23:28:31,756163332-0700	1786688911750115749	AppProcA	AppProcA	2724	1212	3644	3732	8588	37847	79	1044704	79504	76836864	17352127	26746880
282	2026-08-13T23:28:31,756163332-0700	1786688911750115749	systemd	systemd	1	1148	164	440	1752	27786	510	1044704	79504	76836864	17352127	26746880
282	2026-08-13T23:28:31,756163332-0700	1786688911750115749	enlightenment	enlightenment	258	2624	968	3036	6628	39260	877	1044704	79504	76836864	17352127	26746880
282	2026-08-13T23:28:31,756163332-0700	1786688911750115749	buxton2d_worker	buxton2d_worker	229	1212	32	440	1684	3673	428	1044704	79504	76836864	17352127	26746880
282	2026-08-13T23:28:31,756163332-0700	1786688911750115749	ServiceD	ServiceD	1037	588	2128	3224	5940	21845	547	1044704	79504	76836864	17352127	26746880
283	2026-08-13T23:28:33,752566998-0700	1786688913747725998	AppProcD	AppProcD	424	12648	18640	5140	36428	136801	507	1044856	79504	76836864	17352127	26746880
283	2026-08-13T23:28:33,752566998-0700	1786688913747725998	ServiceE	ServiceE	404	7804	2808	7800	18412	28183	352	1044856	79504	76836864	17352127	26746880
283	2026-08-13T23:28:33,752566998-0700	1786688913747725998	AppProcB	AppProcB	896	6852	11780	6416	25048	114073	1475	1044856	79504	76836864	17352127	26746880
283	2026-08-13T23:28:33,752566998-0700	1786688913747725998	ServiceH	ServiceH	719	3964	4004	3040	11008	21055	0	1044856	79504	76836864	17352127	26746880
283	2026-08-13T23:28:33,752566998-0700	1786688913747725998	cynara	cynara	205	1648	1032	212	2892	23019	842	1044856	79504	76836864	17352127	26746880
283	2026-08-13T23:28:33,752566998-0700	1786688913747725998	AppProcA	AppProcA	2724	1212	3644	3732	8588	37847	79	1044856	79504	76836864	17352127	26746880
283	2026-08-13T23:28:33,752566998-0700	1786688913747725998	systemd	systemd	1	1148	164	440	1752	27786	510	1044856	79504	76836864	17352127	26746880
283	2026-08-13T23:28:33,752566998-0700	1786688913747725998	enlightenment	enlightenment	258	2624	968	3036	6628	39260	877	1044856	79504	76836864	17352127	26746880
283	2026-08-13T23:28:33,752566998-0700	1786688913747725998	buxton2d_worker	buxton2d_worker	229	1212	32	440	1684	3673	428	1044856	79504	76836864	17352127	26746880
283	2026-08-13T23:28:33,752566998-0700	1786688913747725998	ServiceD	ServiceD	1037	588	2128	3224	5940	21845	547	1044856	79504	76836864	17352127	26746880
284	2026-08-13T23:28:35,753536664-0700	1786688915749205331	AppProcD	AppProcD	424	12648	18640	5140	36428	136801	507	1044556	79504	76836864	17352127	26746880
284	2026-08-13T23:28:35,753536664-0700	1786688915749205331	ServiceE	ServiceE	404	7804	2808	7800	18412	28183	352	1044556	79504	76836864	17352127	26746880
284	2026-08-13T23:28:35,753536664-0700	1786688915749205331	AppProcB	AppProcB	896	6852	11780	6416	25048	114113	1475	1044556	79504	76836864	17352127	26746880
284	2026-08-13T23:28:35,753536664-0700	1786688915749205331	ServiceH	ServiceH	719	3964	4004	3040	11008	21055	0	1044556	79504	76836864	17352127	26746880
284	2026-08-13T23:28:35,753536664-0700	1786688915749205331	cynara	cynara	205	1648	1032	212	2892	23019	842	1044556	79504	76836864	17352127	26746880
284	2026-08-13T23:28:35,753536664-0700	1786688915749205331	AppProcA	AppProcA	2724	1212	3644	3732	8588	37847	79	1044556	79504	76836864	17352127	26746880
284	2026-08-13T23:28:35,753536664-0700	1786688915749205331	systemd	systemd	1	1148	164	440	1752	27787	510	1044556	79504	76836864	17352127	26746880
284	2026-08-13T23:28:35,753536664-0700	1786688915749205331	enlightenment	enlightenment	258	2624	968	3036	6628	39260	877	1044556	79504	76836864	17352127	26746880
284	2026-08-13T23:28:35,753536664-0700	1786688915749205331	buxton2d_worker	buxton2d_worker	229	1212	32	440	1684	3673	428	1044556	79504	76836864	17352127	26746880
284	2026-08-13T23:28:35,753536664-0700	1786688915749205331	ServiceD	ServiceD	1037	588	2128	3224	5940	21870	547	1044556	79504	76836864	17352127	26746880
285	2026-08-13T23:28:37,753238414-0700	1786688917748677331	AppProcD	AppProcD	424	12648	18640	5140	36428	136853	507	1044648	79504	76836864	17352127	26746880
285	2026-08-13T23:28:37,753238414-0700	1786688917748677331	ServiceE	ServiceE	404	7804	2808	7800	18412	28183	352	1044648	79504	76836864	17352127	26746880
285	2026-08-13T23:28:37,753238414-0700	1786688917748677331	AppProcB	AppProcB	896	6852	11780	6416	25048	114113	1475	1044648	79504	76836864	17352127	26746880
285	2026-08-13T23:28:37,753238414-0700	1786688917748677331	ServiceH	ServiceH	719	3964	4004	3040	11008	21055	0	1044648	79504	76836864	17352127	26746880
285	2026-08-13T23:28:37,753238414-0700	1786688917748677331	cynara	cynara	205	1648	1032	212	2892	23019	842	1044648	79504	76836864	17352127	26746880
285	2026-08-13T23:28:37,753238414-0700	1786688917748677331	AppProcA	AppProcA	2724	1212	3644	3732	8588	37867	79	1044648	79504	76836864	17352127	26746880
285	2026-08-13T23:28:37,753238414-0700	1786688917748677331	systemd	systemd	1	1148	164	440	1752	27787	510	1044648	79504	76836864	17352127	26746880
285	2026-08-13T23:28:37,753238414-0700	1786688917748677331	enlightenment	enlightenment	258	2624	968	3036	6628	39260	877	1044648	79504	76836864	17352127	26746880
285	2026-08-13T23:28:37,753238414-0700	1786688917748677331	buxton2d_worker	buxton2d_worker	229	1212	32	440	1684	3673	428	1044648	79504	76836864	17352127	26746880
285	2026-08-13T23:28:37,753238414-0700	1786688917748677331	ServiceD	ServiceD	1037	588	2128	3224	5940	21870	547	1044648	79504	76836864	17352127	26746880
286	2026-08-13T23:28:39,751459663-0700	1786688919746042913	AppProcD	AppProcD	424	12648	18640	5140	36428	136853	507	1044840	79504	76836864	17352127	26746880
286	2026-08-13T23:28:39,751459663-0700	1786688919746042913	ServiceE	ServiceE	404	7804	2808	7800	18412	28183	352	1044840	79504	76836864	17352127	26746880
286	2026-08-13T23:28:39,751459663-0700	1786688919746042913	AppProcB	AppProcB	896	6852	11780	6416	25048	114153	1475	1044840	79504	76836864	17352127	26746880
286	2026-08-13T23:28:39,751459663-0700	1786688919746042913	ServiceH	ServiceH	719	3964	4004	3040	11008	21055	0	1044840	79504	76836864	17352127	26746880
286	2026-08-13T23:28:39,751459663-0700	1786688919746042913	cynara	cynara	205	1648	1032	212	2892	23019	842	1044840	79504	76836864	17352127	26746880
286	2026-08-13T23:28:39,751459663-0700	1786688919746042913	AppProcA	AppProcA	2724	1212	3644	3732	8588	37867	79	1044840	79504	76836864	17352127	26746880
286	2026-08-13T23:28:39,751459663-0700	1786688919746042913	systemd	systemd	1	1148	164	440	1752	27787	510	1044840	79504	76836864	17352127	26746880
286	2026-08-13T23:28:39,751459663-0700	1786688919746042913	enlightenment	enlightenment	258	2624	968	3036	6628	39260	877	1044840	79504	76836864	17352127	26746880
286	2026-08-13T23:28:39,751459663-0700	1786688919746042913	buxton2d_worker	buxton2d_worker	229	1212	32	440	1684	3673	428	1044840	79504	76836864	17352127	26746880
286	2026-08-13T23:28:39,751459663-0700	1786688919746042913	ServiceD	ServiceD	1037	588	2128	3224	5940	21870	547	1044840	79504	76836864	17352127	26746880
287	2026-08-13T23:28:41,752327080-0700	1786688921748083163	AppProcD	AppProcD	424	12648	18640	5140	36428	136853	507	1044324	79504	76836864	17352127	26746880
287	2026-08-13T23:28:41,752327080-0700	1786688921748083163	ServiceE	ServiceE	404	7804	2808	7800	18412	28183	352	1044324	79504	76836864	17352127	26746880
287	2026-08-13T23:28:41,752327080-0700	1786688921748083163	AppProcB	AppProcB	896	6852	11780	6416	25048	114153	1475	1044324	79504	76836864	17352127	26746880
287	2026-08-13T23:28:41,752327080-0700	1786688921748083163	ServiceH	ServiceH	719	3964	4004	3040	11008	21055	0	1044324	79504	76836864	17352127	26746880
287	2026-08-13T23:28:41,752327080-0700	1786688921748083163	cynara	cynara	205	1648	1032	212	2892	23019	842	1044324	79504	76836864	17352127	26746880
287	2026-08-13T23:28:41,752327080-0700	1786688921748083163	AppProcA	AppProcA	2724	1212	3644	3732	8588	37887	79	1044324	79504	76836864	17352127	26746880
287	2026-08-13T23:28:41,752327080-0700	1786688921748083163	systemd	systemd	1	1148	164	440	1752	27787	510	1044324	79504	76836864	17352127	26746880
287	2026-08-13T23:28:41,752327080-0700	1786688921748083163	enlightenment	enlightenment	258	2624	968	3036	6628	39260	877	1044324	79504	76836864	17352127	26746880
287	2026-08-13T23:28:41,752327080-0700	1786688921748083163	buxton2d_worker	buxton2d_worker	229	1212	32	440	1684	3674	428	1044324	79504	76836864	17352127	26746880
287	2026-08-13T23:28:41,752327080-0700	1786688921748083163	ServiceD	ServiceD	1037	588	2128	3224	5940	21896	547	1044324	79504	76836864	17352127	26746880
288	2026-08-13T23:28:43,758333329-0700	1786688923749643579	AppProcD	AppProcD	424	12648	18640	5140	36428	136905	507	1044772	79504	76836864	17352127	26746880
288	2026-08-13T23:28:43,758333329-0700	1786688923749643579	ServiceE	ServiceE	404	7804	2808	7800	18412	28183	352	1044772	79504	76836864	17352127	26746880
288	2026-08-13T23:28:43,758333329-0700	1786688923749643579	AppProcB	AppProcB	896	6852	11780	6416	25048	114153	1475	1044772	79504	76836864	17352127	26746880
288	2026-08-13T23:28:43,758333329-0700	1786688923749643579	ServiceH	ServiceH	719	3964	4004	3040	11008	21055	0	1044772	79504	76836864	17352127	26746880
288	2026-08-13T23:28:43,758333329-0700	1786688923749643579	cynara	cynara	205	1648	1032	212	2892	23019	842	1044772	79504	76836864	17352127	26746880
288	2026-08-13T23:28:43,758333329-0700	1786688923749643579	AppProcA	AppProcA	2724	1212	3644	3732	8588	37887	79	1044772	79504	76836864	17352127	26746880
288	2026-08-13T23:28:43,758333329-0700	1786688923749643579	systemd	systemd	1	1148	164	440	1752	27787	510	1044772	79504	76836864	17352127	26746880
288	2026-08-13T23:28:43,758333329-0700	1786688923749643579	enlightenment	enlightenment	258	2624	968	3036	6628	39260	877	1044772	79504	76836864	17352127	26746880
288	2026-08-13T23:28:43,758333329-0700	1786688923749643579	buxton2d_worker	buxton2d_worker	229	1212	32	440	1684	3674	428	1044772	79504	76836864	17352127	26746880
288	2026-08-13T23:28:43,758333329-0700	1786688923749643579	ServiceD	ServiceD	1037	588	2128	3224	5940	21896	547	1044772	79504	76836864	17352127	26746880
289	2026-08-13T23:28:45,750921329-0700	1786688925746326912	AppProcD	AppProcD	424	12648	18640	5140	36428	136905	507	1044496	79504	76836864	17352127	26746880
289	2026-08-13T23:28:45,750921329-0700	1786688925746326912	ServiceE	ServiceE	404	7804	2808	7800	18412	28183	352	1044496	79504	76836864	17352127	26746880
289	2026-08-13T23:28:45,750921329-0700	1786688925746326912	AppProcB	AppProcB	896	6852	11780	6416	25048	114193	1475	1044496	79504	76836864	17352127	26746880
289	2026-08-13T23:28:45,750921329-0700	1786688925746326912	ServiceH	ServiceH	719	3964	4004	3040	11008	21055	0	1044496	79504	76836864	17352127	26746880
289	2026-08-13T23:28:45,750921329-0700	1786688925746326912	cynara	cynara	205	1648	1032	212	2892	23019	842	1044496	79504	76836864	17352127	26746880
289	2026-08-13T23:28:45,750921329-0700	1786688925746326912	AppProcA	AppProcA	2724	1212	3644	3732	8588	37887	79	1044496	79504	76836864	17352127	26746880
289	2026-08-13T23:28:45,750921329-0700	1786688925746326912	systemd	systemd	1	1148	164	440	1752	27787	510	1044496	79504	76836864	17352127	26746880
289	2026-08-13T23:28:45,750921329-0700	1786688925746326912	enlightenment	enlightenment	258	2624	968	3036	6628	39260	877	1044496	79504	76836864	17352127	26746880
289	2026-08-13T23:28:45,750921329-0700	1786688925746326912	buxton2d_worker	buxton2d_worker	229	1212	32	440	1684	3674	428	1044496	79504	76836864	17352127	26746880
289	2026-08-13T23:28:45,750921329-0700	1786688925746326912	ServiceD	ServiceD	1037	588	2128	3224	5940	21922	547	1044496	79504	76836864	17352127	26746880
290	2026-08-13T23:28:47,752032411-0700	1786688927747396495	AppProcD	AppProcD	424	12648	18640	5140	36428	136957	507	1045088	79504	76836864	17352127	26746880
290	2026-08-13T23:28:47,752032411-0700	1786688927747396495	ServiceE	ServiceE	404	7804	2808	7800	18412	28183	352	1045088	79504	76836864	17352127	26746880
290	2026-08-13T23:28:47,752032411-0700	1786688927747396495	AppProcB	AppProcB	896	6852	11780	6416	25048	114193	1475	1045088	79504	76836864	17352127	26746880
290	2026-08-13T23:28:47,752032411-0700	1786688927747396495	ServiceH	ServiceH	719	3964	4004	3040	11008	21055	0	1045088	79504	76836864	17352127	26746880
290	2026-08-13T23:28:47,752032411-0700	1786688927747396495	cynara	cynara	205	1648	1032	212	2892	23019	842	1045088	79504	76836864	17352127	26746880
290	2026-08-13T23:28:47,752032411-0700	1786688927747396495	AppProcA	AppProcA	2724	1212	3644	3732	8588	37907	79	1045088	79504	76836864	17352127	26746880
290	2026-08-13T23:28:47,752032411-0700	1786688927747396495	systemd	systemd	1	1148	164	440	1752	27787	510	1045088	79504	76836864	17352127	26746880
290	2026-08-13T23:28:47,752032411-0700	1786688927747396495	enlightenment	enlightenment	258	2624	968	3036	6628	39260	877	1045088	79504	76836864	17352127	26746880
290	2026-08-13T23:28:47,752032411-0700	1786688927747396495	buxton2d_worker	buxton2d_worker	229	1212	32	440	1684	3674	428	1045088	79504	76836864	17352127	26746880
290	2026-08-13T23:28:47,752032411-0700	1786688927747396495	ServiceD	ServiceD	1037	588	2128	3224	5940	21922	547	1045088	79504	76836864	17352127	26746880
291	2026-08-13T23:28:49,751835911-0700	1786688929747670328	AppProcD	AppProcD	424	12648	18636	5140	36424	136957	507	1044964	79504	76836864	17352127	26746880
291	2026-08-13T23:28:49,751835911-0700	1786688929747670328	ServiceE	ServiceE	404	7804	2808	7800	18412	28183	352	1044964	79504	76836864	17352127	26746880
291	2026-08-13T23:28:49,751835911-0700	1786688929747670328	AppProcB	AppProcB	896	6852	11780	6416	25048	114233	1475	1044964	79504	76836864	17352127	26746880
291	2026-08-13T23:28:49,751835911-0700	1786688929747670328	ServiceH	ServiceH	719	3964	4004	3040	11008	21055	0	1044964	79504	76836864	17352127	26746880
291	2026-08-13T23:28:49,751835911-0700	1786688929747670328	cynara	cynara	205	1648	1032	212	2892	23019	842	1044964	79504	76836864	17352127	26746880
291	2026-08-13T23:28:49,751835911-0700	1786688929747670328	AppProcA	AppProcA	2724	1212	3644	3732	8588	37908	79	1044964	79504	76836864	17352127	26746880
291	2026-08-13T23:28:49,751835911-0700	1786688929747670328	systemd	systemd	1	1148	164	440	1752	27787	510	1044964	79504	76836864	17352127	26746880
291	2026-08-13T23:28:49,751835911-0700	1786688929747670328	enlightenment	enlightenment	258	2624	968	3036	6628	39260	877	1044964	79504	76836864	17352127	26746880
291	2026-08-13T23:28:49,751835911-0700	1786688929747670328	buxton2d_worker	buxton2d_worker	229	1212	32	440	1684	3674	428	1044964	79504	76836864	17352127	26746880
291	2026-08-13T23:28:49,751835911-0700	1786688929747670328	ServiceD	ServiceD	1037	588	2128	3224	5940	21922	547	1044964	79504	76836864	17352127	26746880
292	2026-08-13T23:28:51,756346411-0700	1786688931749880994	AppProcD	AppProcD	424	12648	18632	5140	36420	136957	507	1045248	79504	76836864	17352127	26746880
292	2026-08-13T23:28:51,756346411-0700	1786688931749880994	ServiceE	ServiceE	404	7804	2808	7800	18412	28183	352	1045248	79504	76836864	17352127	26746880
292	2026-08-13T23:28:51,756346411-0700	1786688931749880994	AppProcB	AppProcB	896	6852	11780	6416	25048	114233	1475	1045248	79504	76836864	17352127	26746880
292	2026-08-13T23:28:51,756346411-0700	1786688931749880994	ServiceH	ServiceH	719	3964	4004	3040	11008	21055	0	1045248	79504	76836864	17352127	26746880
292	2026-08-13T23:28:51,756346411-0700	1786688931749880994	cynara	cynara	205	1648	1032	212	2892	23019	842	1045248	79504	76836864	17352127	26746880
292	2026-08-13T23:28:51,756346411-0700	1786688931749880994	AppProcA	AppProcA	2724	1212	3644	3732	8588	37928	79	1045248	79504	76836864	17352127	26746880
292	2026-08-13T23:28:51,756346411-0700	1786688931749880994	systemd	systemd	1	1148	164	440	1752	27787	510	1045248	79504	76836864	17352127	26746880
292	2026-08-13T23:28:51,756346411-0700	1786688931749880994	enlightenment	enlightenment	258	2624	968	3036	6628	39260	877	1045248	79504	76836864	17352127	26746880
292	2026-08-13T23:28:51,756346411-0700	1786688931749880994	buxton2d_worker	buxton2d_worker	229	1212	32	440	1684	3674	428	1045248	79504	76836864	17352127	26746880
292	2026-08-13T23:28:51,756346411-0700	1786688931749880994	ServiceD	ServiceD	1037	588	2128	3224	5940	21947	547	1045248	79504	76836864	17352127	26746880
293	2026-08-13T23:28:53,755183160-0700	1786688933750157743	AppProcD	AppProcD	424	12648	18596	5140	36384	137009	507	1044888	79504	76836864	17352127	26746880
293	2026-08-13T23:28:53,755183160-0700	1786688933750157743	ServiceE	ServiceE	404	7804	2808	7800	18412	28183	352	1044888	79504	76836864	17352127	26746880
293	2026-08-13T23:28:53,755183160-0700	1786688933750157743	AppProcB	AppProcB	896	6852	11780	6416	25048	114233	1475	1044888	79504	76836864	17352127	26746880
293	2026-08-13T23:28:53,755183160-0700	1786688933750157743	ServiceH	ServiceH	719	3964	4004	3040	11008	21055	0	1044888	79504	76836864	17352127	26746880
293	2026-08-13T23:28:53,755183160-0700	1786688933750157743	cynara	cynara	205	1648	1032	212	2892	23019	842	1044888	79504	76836864	17352127	26746880
293	2026-08-13T23:28:53,755183160-0700	1786688933750157743	AppProcA	AppProcA	2724	1212	3644	3732	8588	37929	79	1044888	79504	76836864	17352127	26746880
293	2026-08-13T23:28:53,755183160-0700	1786688933750157743	systemd	systemd	1	1148	164	440	1752	27787	510	1044888	79504	76836864	17352127	26746880
293	2026-08-13T23:28:53,755183160-0700	1786688933750157743	enlightenment	enlightenment	258	2624	968	3036	6628	39260	877	1044888	79504	76836864	17352127	26746880
293	2026-08-13T23:28:53,755183160-0700	1786688933750157743	buxton2d_worker	buxton2d_worker	229	1212	32	440	1684	3674	428	1044888	79504	76836864	17352127	26746880
293	2026-08-13T23:28:53,755183160-0700	1786688933750157743	ServiceD	ServiceD	1037	588	2128	3224	5940	21947	547	1044888	79504	76836864	17352127	26746880
294	2026-08-13T23:28:55,751474493-0700	1786688935746809993	AppProcD	AppProcD	424	12648	18556	5140	36344	137009	507	1045196	79504	76836864	17352127	26746880
294	2026-08-13T23:28:55,751474493-0700	1786688935746809993	ServiceE	ServiceE	404	7804	2808	7800	18412	28183	352	1045196	79504	76836864	17352127	26746880
294	2026-08-13T23:28:55,751474493-0700	1786688935746809993	AppProcB	AppProcB	896	6852	11780	6416	25048	114273	1475	1045196	79504	76836864	17352127	26746880
294	2026-08-13T23:28:55,751474493-0700	1786688935746809993	ServiceH	ServiceH	719	3964	4004	3040	11008	21055	0	1045196	79504	76836864	17352127	26746880
294	2026-08-13T23:28:55,751474493-0700	1786688935746809993	cynara	cynara	205	1648	1032	212	2892	23019	842	1045196	79504	76836864	17352127	26746880
294	2026-08-13T23:28:55,751474493-0700	1786688935746809993	AppProcA	AppProcA	2724	1212	3644	3732	8588	37929	79	1045196	79504	76836864	17352127	26746880
294	2026-08-13T23:28:55,751474493-0700	1786688935746809993	systemd	systemd	1	1148	164	440	1752	27788	510	1045196	79504	76836864	17352127	26746880
294	2026-08-13T23:28:55,751474493-0700	1786688935746809993	enlightenment	enlightenment	258	2624	968	3036	6628	39260	877	1045196	79504	76836864	17352127	26746880
294	2026-08-13T23:28:55,751474493-0700	1786688935746809993	buxton2d_worker	buxton2d_worker	229	1212	32	440	1684	3674	428	1045196	79504	76836864	17352127	26746880
294	2026-08-13T23:28:55,751474493-0700	1786688935746809993	ServiceD	ServiceD	1037	588	2128	3224	5940	21972	547	1045196	79504	76836864	17352127	26746880
295	2026-08-13T23:28:57,755527992-0700	1786688937749353242	AppProcD	AppProcD	424	12648	18552	5140	36340	137061	507	1045172	79504	76836864	17352127	26746880
295	2026-08-13T23:28:57,755527992-0700	1786688937749353242	ServiceE	ServiceE	404	7804	2808	7800	18412	28183	352	1045172	79504	76836864	17352127	26746880
295	2026-08-13T23:28:57,755527992-0700	1786688937749353242	AppProcB	AppProcB	896	6852	11780	6416	25048	114273	1475	1045172	79504	76836864	17352127	26746880
295	2026-08-13T23:28:57,755527992-0700	1786688937749353242	ServiceH	ServiceH	719	3964	4004	3040	11008	21055	0	1045172	79504	76836864	17352127	26746880
295	2026-08-13T23:28:57,755527992-0700	1786688937749353242	cynara	cynara	205	1648	1032	212	2892	23019	842	1045172	79504	76836864	17352127	26746880
295	2026-08-13T23:28:57,755527992-0700	1786688937749353242	AppProcA	AppProcA	2724	1212	3644	3732	8588	37949	79	1045172	79504	76836864	17352127	26746880
295	2026-08-13T23:28:57,755527992-0700	1786688937749353242	systemd	systemd	1	1148	164	440	1752	27788	510	1045172	79504	76836864	17352127	26746880
295	2026-08-13T23:28:57,755527992-0700	1786688937749353242	enlightenment	enlightenment	258	2624	968	3036	6628	39260	877	1045172	79504	76836864	17352127	26746880
295	2026-08-13T23:28:57,755527992-0700	1786688937749353242	buxton2d_worker	buxton2d_worker	229	1212	32	440	1684	3675	428	1045172	79504	76836864	17352127	26746880
295	2026-08-13T23:28:57,755527992-0700	1786688937749353242	ServiceD	ServiceD	1037	588	2128	3224	5940	21972	547	1045172	79504	76836864	17352127	26746880
296	2026-08-13T23:28:59,750552159-0700	1786688939746411992	AppProcD	AppProcD	424	12648	18552	5140	36340	137061	507	1044864	79504	76836864	17352127	26746880
296	2026-08-13T23:28:59,750552159-0700	1786688939746411992	ServiceE	ServiceE	404	7804	2808	7800	18412	28183	352	1044864	79504	76836864	17352127	26746880
296	2026-08-13T23:28:59,750552159-0700	1786688939746411992	AppProcB	AppProcB	896	6852	11780	6416	25048	114313	1475	1044864	79504	76836864	17352127	26746880
296	2026-08-13T23:28:59,750552159-0700	1786688939746411992	ServiceH	ServiceH	719	3964	4004	3040	11008	21055	0	1044864	79504	76836864	17352127	26746880
296	2026-08-13T23:28:59,750552159-0700	1786688939746411992	cynara	cynara	205	1648	1032	212	2892	23019	842	1044864	79504	76836864	17352127	26746880
296	2026-08-13T23:28:59,750552159-0700	1786688939746411992	AppProcA	AppProcA	2724	1212	3644	3732	8588	37949	79	1044864	79504	76836864	17352127	26746880
296	2026-08-13T23:28:59,750552159-0700	1786688939746411992	systemd	systemd	1	1148	164	440	1752	27788	510	1044864	79504	76836864	17352127	26746880
296	2026-08-13T23:28:59,750552159-0700	1786688939746411992	enlightenment	enlightenment	258	2624	968	3036	6628	39260	877	1044864	79504	76836864	17352127	26746880
296	2026-08-13T23:28:59,750552159-0700	1786688939746411992	buxton2d_worker	buxton2d_worker	229	1212	32	440	1684	3675	428	1044864	79504	76836864	17352127	26746880
296	2026-08-13T23:28:59,750552159-0700	1786688939746411992	ServiceD	ServiceD	1037	588	2128	3224	5940	21972	547	1044864	79504	76836864	17352127	26746880
297	2026-08-13T23:29:01,751138908-0700	1786688941746803075	AppProcD	AppProcD	424	12648	18552	5140	36340	137061	507	1044624	79504	76836864	17352127	26746880
297	2026-08-13T23:29:01,751138908-0700	1786688941746803075	ServiceE	ServiceE	404	7804	2808	7800	18412	28183	352	1044624	79504	76836864	17352127	26746880
297	2026-08-13T23:29:01,751138908-0700	1786688941746803075	AppProcB	AppProcB	896	6852	11780	6416	25048	114313	1475	1044624	79504	76836864	17352127	26746880
297	2026-08-13T23:29:01,751138908-0700	1786688941746803075	ServiceH	ServiceH	719	3964	4004	3040	11008	21055	0	1044624	79504	76836864	17352127	26746880
297	2026-08-13T23:29:01,751138908-0700	1786688941746803075	cynara	cynara	205	1648	1032	212	2892	23019	842	1044624	79504	76836864	17352127	26746880
297	2026-08-13T23:29:01,751138908-0700	1786688941746803075	AppProcA	AppProcA	2724	1212	3644	3732	8588	37971	79	1044624	79504	76836864	17352127	26746880
297	2026-08-13T23:29:01,751138908-0700	1786688941746803075	systemd	systemd	1	1148	164	440	1752	27788	510	1044624	79504	76836864	17352127	26746880
297	2026-08-13T23:29:01,751138908-0700	1786688941746803075	enlightenment	enlightenment	258	2624	968	3036	6628	39260	877	1044624	79504	76836864	17352127	26746880
297	2026-08-13T23:29:01,751138908-0700	1786688941746803075	buxton2d_worker	buxton2d_worker	229	1212	32	440	1684	3675	428	1044624	79504	76836864	17352127	26746880
297	2026-08-13T23:29:01,751138908-0700	1786688941746803075	ServiceD	ServiceD	1037	588	2128	3224	5940	21997	547	1044624	79504	76836864	17352127	26746880
298	2026-08-13T23:29:03,752142824-0700	1786688943747916908	AppProcD	AppProcD	424	12648	18552	5140	36340	137113	507	1044988	79504	76836864	17352127	26746880
298	2026-08-13T23:29:03,752142824-0700	1786688943747916908	ServiceE	ServiceE	404	7804	2808	7800	18412	28183	352	1044988	79504	76836864	17352127	26746880
298	2026-08-13T23:29:03,752142824-0700	1786688943747916908	AppProcB	AppProcB	896	6852	11780	6416	25048	114313	1475	1044988	79504	76836864	17352127	26746880
298	2026-08-13T23:29:03,752142824-0700	1786688943747916908	ServiceH	ServiceH	719	3964	4004	3040	11008	21055	0	1044988	79504	76836864	17352127	26746880
298	2026-08-13T23:29:03,752142824-0700	1786688943747916908	cynara	cynara	205	1648	1032	212	2892	23019	842	1044988	79504	76836864	17352127	26746880
298	2026-08-13T23:29:03,752142824-0700	1786688943747916908	AppProcA	AppProcA	2724	1212	3644	3732	8588	37971	79	1044988	79504	76836864	17352127	26746880
298	2026-08-13T23:29:03,752142824-0700	1786688943747916908	systemd	systemd	1	1148	164	440	1752	27788	510	1044988	79504	76836864	17352127	26746880
298	2026-08-13T23:29:03,752142824-0700	1786688943747916908	enlightenment	enlightenment	258	2624	968	3036	6628	39260	877	1044988	79504	76836864	17352127	26746880
298	2026-08-13T23:29:03,752142824-0700	1786688943747916908	buxton2d_worker	buxton2d_worker	229	1212	32	440	1684	3676	428	1044988	79504	76836864	17352127	26746880
298	2026-08-13T23:29:03,752142824-0700	1786688943747916908	ServiceD	ServiceD	1037	588	2128	3224	5940	21997	547	1044988	79504	76836864	17352127	26746880
299	2026-08-13T23:29:05,752092074-0700	1786688945747868324	AppProcD	AppProcD	424	12648	18552	5140	36340	137113	507	1045264	79504	76836864	17352127	26746880
299	2026-08-13T23:29:05,752092074-0700	1786688945747868324	ServiceE	ServiceE	404	7804	2808	7800	18412	28183	352	1045264	79504	76836864	17352127	26746880
299	2026-08-13T23:29:05,752092074-0700	1786688945747868324	AppProcB	AppProcB	896	6852	11780	6416	25048	114353	1475	1045264	79504	76836864	17352127	26746880
299	2026-08-13T23:29:05,752092074-0700	1786688945747868324	ServiceH	ServiceH	719	3964	4004	3040	11008	21055	0	1045264	79504	76836864	17352127	26746880
299	2026-08-13T23:29:05,752092074-0700	1786688945747868324	cynara	cynara	205	1648	1032	212	2892	23019	842	1045264	79504	76836864	17352127	26746880
299	2026-08-13T23:29:05,752092074-0700	1786688945747868324	AppProcA	AppProcA	2724	1212	3644	3732	8588	37971	79	1045264	79504	76836864	17352127	26746880
299	2026-08-13T23:29:05,752092074-0700	1786688945747868324	systemd	systemd	1	1148	164	440	1752	27789	510	1045264	79504	76836864	17352127	26746880
299	2026-08-13T23:29:05,752092074-0700	1786688945747868324	enlightenment	enlightenment	258	2624	968	3036	6628	39260	877	1045264	79504	76836864	17352127	26746880
299	2026-08-13T23:29:05,752092074-0700	1786688945747868324	buxton2d_worker	buxton2d_worker	229	1212	32	440	1684	3676	428	1045264	79504	76836864	17352127	26746880
299	2026-08-13T23:29:05,752092074-0700	1786688945747868324	ServiceD	ServiceD	1037	588	2128	3224	5940	22023	547	1045264	79504	76836864	17352127	26746880
