id	group	profile	arm	rep	cycle	pid	starttime	rss_pre_kib	rss_post_kib	rss_drop_kib	rss_drop_mib	rss_drop_mb	rss_drop_pct	heap_pre_kib	heap_post_kib	heap_drop_kib	heap_drop_mib	heap_drop_mb	heap_drop_pct	other_kib_pre	other_kib_post	total_pd_kib_pre	total_pd_kib_post	MemAvailable_pre	MemAvailable_post	MemFree_pre	MemFree_post	Cached_pre	Cached_post	memps_heap_pdata_kib_pre	memps_heap_pdata_kib_post	memps_all_pdata_kib_pre	memps_all_pdata_kib_post	memavailable_delta_kib	memavailable_delta_mib	memavailable_delta_mb	capture_minflt	capture_majflt	pre_capture_ms	post_capture_ms	trim_elapsed_ms	next_cycle_minflt	next_cycle_majflt	business_elapsed_ms	released_payload_bytes	idle_120s_minflt	idle_120s_majflt	memavailable_net_kib	memavailable_net_mib	memavailable_net_mb
G1_none_r1	G1	mixed	none	1	1	21543	94776575	13328	13328	0	0.000000	0.000000	0.000000	11500	11500	0	0.000000	0.000000	0.000000	1092	1092	12628	12628	6711344	6711000	6402496	6402152	1026980	1026980	48	48	12628	12628	-344	-0.335938	-0.352256	0	0	39.268278	39.275389	0.000000	327	0	NA	5742256	NA	NA	NA	NA	NA
G1_none_r1	G1	mixed	none	1	2	21543	94776575	14648	14648	0	0.000000	0.000000	0.000000	12820	12820	0	0.000000	0.000000	0.000000	1092	1092	13948	13948	6748828	6749196	6439684	6440052	986180	986180	48	48	13948	13948	368	0.359375	0.376832	0	0	39.424852	39.740296	0.000000	NA	NA	NA	6566672	NA	NA	NA	NA	NA
G1_trim_r1	G1	mixed	trim	1	1	28086	94786469	13328	7904	5424	5.296875	5.554176	40.696279	11500	7012	4488	4.382812	4.595712	39.026087	1092	156	12628	7204	6721552	6721036	6411448	6410932	1015060	1015060	48	48	12628	7204	-516	-0.503906	-0.528384	2	0	39.617815	39.563629	1.237575	1678	0	NA	5742256	NA	NA	-172	-0.167969	-0.176128
G1_trim_r1	G1	mixed	trim	1	2	28086	94786469	14632	8352	6280	6.132812	6.430720	42.919628	12804	7480	5324	5.199219	5.451776	41.580756	1092	136	13932	7652	6756680	6756224	6446280	6445824	988540	988540	48	48	13932	7652	-456	-0.445312	-0.466944	2	0	40.950796	40.007852	1.329370	NA	NA	NA	6566672	NA	NA	-824	-0.804688	-0.843776
G2_none_r1	G2	medium-only	none	1	1	2465	94796370	13468	13468	0	0.000000	0.000000	0.000000	11632	11632	0	0.000000	0.000000	0.000000	1100	1100	12768	12768	6792204	6792132	6481048	6480976	948696	948696	48	48	12768	12768	-72	-0.070312	-0.073728	0	0	40.300740	40.840037	0.000000	92	0	NA	6288384	NA	NA	NA	NA	NA
G2_none_r1	G2	medium-only	none	1	2	2465	94796370	13844	13844	0	0.000000	0.000000	0.000000	12008	12008	0	0.000000	0.000000	0.000000	1100	1100	13144	13144	6754160	6754060	6442696	6442596	989220	989220	48	48	13144	13144	-100	-0.097656	-0.102400	0	0	40.603148	40.136166	0.000000	NA	NA	NA	6293504	NA	NA	NA	NA	NA
G2_trim_r1	G2	medium-only	trim	1	1	9013	94806265	13468	7364	6104	5.960938	6.250496	45.322245	10608	6492	4116	4.019531	4.214784	38.800905	2124	136	12768	6664	6717696	6717620	6405440	6405364	1019916	1019916	48	48	12768	6664	-76	-0.074219	-0.077824	2	0	40.033500	39.752852	1.241074	1557	0	NA	6288384	NA	NA	-4	-0.003906	-0.004096
G2_trim_r1	G2	medium-only	trim	1	2	9013	94806265	13608	7480	6128	5.984375	6.275072	45.032334	10852	6608	4244	4.144531	4.345856	39.107999	2020	136	12908	6780	6758836	6764268	6446252	6451684	980360	980360	48	48	12908	6780	5432	5.304688	5.562368	2	0	40.181166	39.831722	1.526259	NA	NA	NA	6293504	NA	NA	5532	5.402344	5.664768
G1_trim_r2	G1	mixed	trim	2	1	15572	94816154	13328	7904	5424	5.296875	5.554176	40.696279	11500	7012	4488	4.382812	4.595712	39.026087	1092	156	12628	7204	6719348	6724680	6405992	6411324	1015200	1015200	48	48	12628	7204	5332	5.207031	5.459968	2	0	39.813389	39.717370	1.458574	1678	0	NA	5742256	NA	NA	4916	4.800781	5.033984
G1_trim_r2	G1	mixed	trim	2	2	15572	94816154	14632	8352	6280	6.132812	6.430720	42.919628	12804	7480	5324	5.199219	5.451776	41.580756	1092	136	13932	7652	6748944	6756440	6435284	6442780	991648	991648	48	48	13932	7652	7496	7.320312	7.675904	2	0	40.468074	39.836018	1.769481	NA	NA	NA	6566672	NA	NA	7152	6.984375	7.323648
G1_none_r2	G1	mixed	none	2	1	22128	94826045	13328	13328	0	0.000000	0.000000	0.000000	11500	11500	0	0.000000	0.000000	0.000000	1092	1092	12628	12628	6792540	6792956	6478116	6478532	954896	954896	48	48	12628	12628	416	0.406250	0.425984	0	0	39.956851	40.111074	0.000000	327	0	NA	5742256	NA	NA	NA	NA	NA
G1_none_r2	G1	mixed	none	2	2	22128	94826045	14648	14648	0	0.000000	0.000000	0.000000	12820	12820	0	0.000000	0.000000	0.000000	1092	1092	13948	13948	6743296	6743640	6428552	6428896	992340	992340	48	48	13948	13948	344	0.335938	0.352256	0	0	40.327500	40.097574	0.000000	NA	NA	NA	6566672	NA	NA	NA	NA	NA
G2_trim_r2	G2	medium-only	trim	2	1	28680	94835939	13468	7364	6104	5.960938	6.250496	45.322245	11632	6516	5116	4.996094	5.238784	43.982118	1100	112	12768	6664	6714288	6719276	6398752	6403740	1034448	1034448	48	48	12768	6664	4988	4.871094	5.107712	2	0	39.970370	40.613889	1.478167	1557	0	NA	6288384	NA	NA	5432	5.304688	5.562368
G2_trim_r2	G2	medium-only	trim	2	2	28680	94835939	13608	7480	6128	5.984375	6.275072	45.032334	11876	6632	5244	5.121094	5.369856	44.156282	996	112	12908	6780	6755564	6755736	6439712	6439884	993376	993376	48	48	12908	6780	172	0.167969	0.176128	2	0	39.884870	39.396037	1.215889	NA	NA	NA	6293504	NA	NA	616	0.601562	0.630784
G2_none_r2	G2	medium-only	none	2	1	3069	94845843	13468	13468	0	0.000000	0.000000	0.000000	11632	11632	0	0.000000	0.000000	0.000000	1100	1100	12768	12768	6700708	6700264	6384076	6383632	1019440	1019440	48	48	12768	12768	-444	-0.433594	-0.454656	0	0	40.203944	40.126833	0.000000	92	0	NA	6288384	NA	NA	NA	NA	NA
G2_none_r2	G2	medium-only	none	2	2	3069	94845843	13844	13844	0	0.000000	0.000000	0.000000	12008	12008	0	0.000000	0.000000	0.000000	1100	1100	13144	13144	6775384	6774940	6458436	6457992	971256	971256	48	48	13144	13144	-444	-0.433594	-0.454656	0	0	40.358240	40.590111	0.000000	NA	NA	NA	6293504	NA	NA	NA	NA	NA
G1_none_r3	G1	mixed	none	3	1	9616	94855743	13328	13328	0	0.000000	0.000000	0.000000	11500	11500	0	0.000000	0.000000	0.000000	1092	1092	12628	12628	6708868	6719764	6391132	6402028	1019368	1006640	48	48	12628	12628	10896	10.640625	11.157504	0	0	39.945444	52.466537	0.000000	327	0	NA	5742256	NA	NA	NA	NA	NA
G1_none_r3	G1	mixed	none	3	2	9616	94855743	14648	14648	0	0.000000	0.000000	0.000000	12820	12820	0	0.000000	0.000000	0.000000	1092	1092	13948	13948	6746556	6746384	6428500	6428328	1004312	1004312	48	48	13948	13948	-172	-0.167969	-0.176128	0	0	40.102611	40.230426	0.000000	NA	NA	NA	6566672	NA	NA	NA	NA	NA
G1_trim_r3	G1	mixed	trim	3	1	16181	94865640	13328	7904	5424	5.296875	5.554176	40.696279	11500	7012	4488	4.382812	4.595712	39.026087	1092	156	12628	7204	6764852	6771044	6446032	6452224	987692	987692	48	48	12628	7204	6192	6.046875	6.340608	2	0	39.985518	40.108500	1.465556	1678	0	NA	5742256	NA	NA	-4704	-4.593750	-4.816896
G1_trim_r3	G1	mixed	trim	3	2	16181	94865640	14632	8352	6280	6.132812	6.430720	42.919628	12804	7480	5324	5.199219	5.451776	41.580756	1092	136	13932	7652	6741756	6747408	6422616	6428268	996500	996500	48	48	13932	7652	5652	5.519531	5.787648	2	0	44.480334	39.833315	1.598814	NA	NA	NA	6566672	NA	NA	5824	5.687500	5.963776
G2_none_r3	G2	medium-only	none	3	1	22735	94875533	13468	13468	0	0.000000	0.000000	0.000000	10608	10608	0	0.000000	0.000000	0.000000	2124	2124	12768	12768	6742756	6742928	6422860	6423032	1006064	1006064	48	48	12768	12768	172	0.167969	0.176128	0	0	41.024981	40.065759	0.000000	92	0	NA	6288384	NA	NA	NA	NA	NA
G2_none_r3	G2	medium-only	none	3	2	22735	94875533	13844	13844	0	0.000000	0.000000	0.000000	10984	10984	0	0.000000	0.000000	0.000000	2124	2124	13144	13144	6762104	6762080	6441880	6441856	984724	984724	48	48	13144	13144	-24	-0.023438	-0.024576	0	0	40.753704	40.155000	0.000000	NA	NA	NA	6293504	NA	NA	NA	NA	NA
G2_trim_r3	G2	medium-only	trim	3	1	29293	94885425	13468	7364	6104	5.960938	6.250496	45.322245	11632	6516	5116	4.996094	5.238784	43.982118	1100	112	12768	6664	6738984	6747484	6418004	6426504	1012016	1012016	48	48	12768	6664	8500	8.300781	8.704000	2	0	40.160722	39.689167	1.603389	1557	0	NA	6288384	NA	NA	8328	8.132812	8.527872
G2_trim_r3	G2	medium-only	trim	3	2	29293	94885425	13608	7480	6128	5.984375	6.275072	45.032334	11876	6632	5244	5.121094	5.369856	44.156282	996	112	12908	6780	6769616	6775612	6448300	6454296	986620	986620	48	48	12908	6780	5996	5.855469	6.139904	2	0	40.186945	39.840889	1.474722	NA	NA	NA	6293504	NA	NA	6020	5.878906	6.164480
G3_none_r1	G3	gst	none	1	1	3665	94895322	8876	8876	0	0.000000	0.000000	0.000000	2564	2564	0	0.000000	0.000000	0.000000	1300	1300	4372	4372	6798872	6798968	6476800	6476896	962140	962140	1120	1120	4372	4372	96	0.093750	0.098304	0	0	45.266149	45.359018	0.000000	176	0	20020.007766	NA	NA	NA	NA	NA	NA
G3_none_r1	G3	gst	none	1	2	3665	94895322	9196	9196	0	0.000000	0.000000	0.000000	2824	2824	0	0.000000	0.000000	0.000000	1360	1360	4692	4692	6746396	6746284	6424072	6423960	1008864	1008864	1124	1124	4692	4692	-112	-0.109375	-0.114688	0	0	45.840926	44.873222	0.000000	101	0	20008.930840	NA	NA	NA	NA	NA	NA
G3_none_r1	G3	gst	none	1	3	3665	94895322	9432	9432	0	0.000000	0.000000	0.000000	3060	3060	0	0.000000	0.000000	0.000000	1360	1360	4928	4928	6728404	6728404	6405808	6405808	1028496	1028496	1124	1124	4928	4928	0	0.000000	0.000000	0	0	44.859426	45.257074	0.000000	103	0	20007.697581	NA	NA	NA	NA	NA	NA
G3_none_r1	G3	gst	none	1	4	3665	94895322	9436	9436	0	0.000000	0.000000	0.000000	3064	3064	0	0.000000	0.000000	0.000000	1360	1360	4932	4932	6787760	6788104	6464916	6465260	960820	960820	1124	1124	4932	4932	344	0.335938	0.352256	0	0	44.962907	45.040537	0.000000	44	0	20006.926395	NA	NA	NA	NA	NA	NA
G3_none_r1	G3	gst	none	1	5	3665	94895322	9436	9436	0	0.000000	0.000000	0.000000	3064	3064	0	0.000000	0.000000	0.000000	1360	1360	4932	4932	6761724	6762200	6438644	6439120	1000232	1000232	1124	1124	4932	4932	476	0.464844	0.487424	0	0	45.175852	45.325037	0.000000	103	0	20006.305044	NA	NA	NA	NA	NA	NA
G3_none_r1	G3	gst	none	1	6	3665	94895322	9436	9436	0	0.000000	0.000000	0.000000	3064	3064	0	0.000000	0.000000	0.000000	1360	1360	4932	4932	6760032	6759648	6436676	6436292	1000836	1000836	1124	1124	4932	4932	-384	-0.375000	-0.393216	0	0	44.807277	48.998074	0.000000	46	0	20007.444284	NA	NA	NA	NA	NA	NA
G3_none_r1	G3	gst	none	1	7	3665	94895322	9496	9496	0	0.000000	0.000000	0.000000	3064	3064	0	0.000000	0.000000	0.000000	1420	1420	4992	4992	6823340	6859864	6499736	6536260	935200	902176	1124	1124	4992	4992	36524	35.667969	37.400576	0	0	47.503537	48.192704	0.000000	93	0	20008.075322	NA	NA	NA	NA	NA	NA
G3_none_r1	G3	gst	none	1	8	3665	94895322	9504	9504	0	0.000000	0.000000	0.000000	3064	3064	0	0.000000	0.000000	0.000000	1428	1428	5000	5000	6767372	6767432	6443512	6443572	988328	988328	1124	1124	5000	5000	60	0.058594	0.061440	0	0	45.095555	45.400111	0.000000	32	0	20006.891988	NA	NA	NA	NA	NA	NA
G3_none_r1	G3	gst	none	1	9	3665	94895322	9508	9508	0	0.000000	0.000000	0.000000	3068	3068	0	0.000000	0.000000	0.000000	1428	1428	5004	5004	6730512	6730780	6406392	6406660	1026416	1026416	1128	1128	5004	5004	268	0.261719	0.274432	0	0	45.159389	45.804871	0.000000	91	0	20006.801544	NA	NA	NA	NA	NA	NA
G3_none_r1	G3	gst	none	1	10	3665	94895322	9508	9508	0	0.000000	0.000000	0.000000	3068	3068	0	0.000000	0.000000	0.000000	1428	1428	5004	5004	6725504	6725792	6401144	6401376	1029012	1029060	1128	1128	5004	5004	288	0.281250	0.294912	0	0	45.185537	45.196556	0.000000	31	0	20007.184469	NA	NA	NA	NA	NA	NA
G3_none_r1	G3	gst	none	1	11	3665	94895322	9504	9504	0	0.000000	0.000000	0.000000	3068	3068	0	0.000000	0.000000	0.000000	1424	1424	5000	5000	6769372	6769728	6444748	6445096	990080	990088	1128	1128	5000	5000	356	0.347656	0.364544	0	0	44.941055	45.224500	0.000000	94	0	20006.357785	NA	NA	NA	NA	NA	NA
G3_none_r1	G3	gst	none	1	12	3665	94895322	9504	9504	0	0.000000	0.000000	0.000000	3068	3068	0	0.000000	0.000000	0.000000	1424	1424	5000	5000	6778680	6778408	6453804	6453532	985864	985864	1128	1128	5000	5000	-272	-0.265625	-0.278528	0	0	48.761963	46.167407	0.000000	31	0	20006.851062	NA	NA	NA	NA	NA	NA
G3_none_r1	G3	gst	none	1	13	3665	94895322	9504	9504	0	0.000000	0.000000	0.000000	3068	3068	0	0.000000	0.000000	0.000000	1424	1424	5000	5000	6728636	6729152	6403508	6404024	1030888	1030888	1128	1128	5000	5000	516	0.503906	0.528384	0	0	45.073741	44.686352	0.000000	94	0	20007.171877	NA	NA	NA	NA	NA	NA
G3_none_r1	G3	gst	none	1	14	3665	94895322	9504	9504	0	0.000000	0.000000	0.000000	3068	3068	0	0.000000	0.000000	0.000000	1424	1424	5000	5000	6799812	6799468	6474424	6474080	962160	962160	1128	1128	5000	5000	-344	-0.335938	-0.352256	0	0	44.681667	45.206963	0.000000	93	0	20007.144636	NA	NA	NA	NA	NA	NA
G3_none_r1	G3	gst	none	1	15	3665	94895322	9504	9504	0	0.000000	0.000000	0.000000	3068	3068	0	0.000000	0.000000	0.000000	1424	1424	5000	5000	6763064	6762976	6437424	6437336	1002632	1002632	1128	1128	5000	5000	-88	-0.085938	-0.090112	0	0	45.303463	45.022278	0.000000	81	0	20006.959655	NA	NA	NA	NA	NA	NA
G3_none_r1	G3	gst	none	1	16	3665	94895322	9432	9432	0	0.000000	0.000000	0.000000	3056	3056	0	0.000000	0.000000	0.000000	1364	1364	4928	4928	6758572	6759344	6432664	6433380	1012552	1012608	1128	1128	4928	4928	772	0.753906	0.790528	0	0	46.158204	55.721537	0.000000	42	0	20014.595691	NA	NA	NA	NA	NA	NA
G3_none_r1	G3	gst	none	1	17	3665	94895322	9432	9432	0	0.000000	0.000000	0.000000	3056	3056	0	0.000000	0.000000	0.000000	1364	1364	4928	4928	6792200	6792028	6466052	6465880	977888	977888	1128	1128	4928	4928	-172	-0.167969	-0.176128	0	0	44.830352	49.913408	0.000000	107	0	20007.734007	NA	NA	NA	NA	NA	NA
G3_none_r1	G3	gst	none	1	18	3665	94895322	9500	9500	0	0.000000	0.000000	0.000000	3056	3056	0	0.000000	0.000000	0.000000	1432	1432	4996	4996	6783744	6783696	6457336	6457288	980172	980172	1128	1128	4996	4996	-48	-0.046875	-0.049152	0	0	45.288259	45.519148	0.000000	29	0	20008.282488	NA	NA	NA	NA	NA	NA
G3_none_r1	G3	gst	none	1	19	3665	94895322	9432	9432	0	0.000000	0.000000	0.000000	3056	3056	0	0.000000	0.000000	0.000000	1364	1364	4928	4928	6685136	6685332	6358444	6358640	1067688	1067688	1128	1128	4928	4928	196	0.191406	0.200704	0	0	45.244019	45.270648	0.000000	107	0	20006.553025	NA	NA	NA	NA	NA	NA
G3_none_r1	G3	gst	none	1	20	3665	94895322	9432	9432	0	0.000000	0.000000	0.000000	3056	3056	0	0.000000	0.000000	0.000000	1364	1364	4928	4928	6787584	6787412	6460660	6460488	975056	975056	1128	1128	4928	4928	-172	-0.167969	-0.176128	0	0	45.134611	45.219574	0.000000	48	0	20006.703692	NA	NA	NA	NA	NA	NA
G3_none_r1	G3	gst	none	1	21	3665	94895322	9432	9432	0	0.000000	0.000000	0.000000	3056	3056	0	0.000000	0.000000	0.000000	1364	1364	4928	4928	6771708	6771632	6444536	6444424	980888	980916	1128	1128	4928	4928	-76	-0.074219	-0.077824	0	0	45.222648	45.141611	0.000000	109	0	20006.529322	NA	NA	NA	NA	NA	NA
G3_none_r1	G3	gst	none	1	22	3665	94895322	9432	9432	0	0.000000	0.000000	0.000000	3056	3056	0	0.000000	0.000000	0.000000	1364	1364	4928	4928	6721212	6721384	6393756	6393928	1043788	1043788	1128	1128	4928	4928	172	0.167969	0.176128	0	0	45.737834	44.705055	0.000000	49	0	20007.599488	NA	NA	NA	NA	NA	NA
G3_none_r1	G3	gst	none	1	23	3665	94895322	9440	9440	0	0.000000	0.000000	0.000000	3056	3056	0	0.000000	0.000000	0.000000	1372	1372	4936	4936	6806768	6806324	6479060	6478616	949736	949736	1128	1128	4936	4936	-444	-0.433594	-0.454656	0	0	45.449722	59.842074	0.000000	115	0	20006.725155	NA	NA	NA	NA	NA	NA
G3_none_r1	G3	gst	none	1	24	3665	94895322	9480	9480	0	0.000000	0.000000	0.000000	3056	3056	0	0.000000	0.000000	0.000000	1412	1412	4976	4976	6827480	6825760	6499520	6497800	944520	947616	1128	1128	4976	4976	-1720	-1.679688	-1.761280	0	0	51.797426	50.164296	0.000000	45	0	20010.982914	NA	NA	NA	NA	NA	NA
G3_none_r1	G3	gst	none	1	25	3665	94895322	9480	9480	0	0.000000	0.000000	0.000000	3056	3056	0	0.000000	0.000000	0.000000	1412	1412	4976	4976	6799368	6799368	6471160	6471160	964808	964808	1128	1128	4976	4976	0	0.000000	0.000000	0	0	45.010982	44.769204	0.000000	111	0	20006.704711	NA	NA	NA	NA	NA	NA
G3_none_r1	G3	gst	none	1	26	3665	94895322	9480	9480	0	0.000000	0.000000	0.000000	3056	3056	0	0.000000	0.000000	0.000000	1412	1412	4976	4976	6749816	6749472	6421348	6421004	1005272	1005272	1128	1128	4976	4976	-344	-0.335938	-0.352256	0	0	44.869204	45.273648	0.000000	46	0	20006.937285	NA	NA	NA	NA	NA	NA
G3_none_r1	G3	gst	none	1	27	3665	94895322	9480	9480	0	0.000000	0.000000	0.000000	3056	3056	0	0.000000	0.000000	0.000000	1412	1412	4976	4976	6747768	6747456	6419052	6418644	1005868	1005944	1128	1128	4976	4976	-312	-0.304688	-0.319488	0	0	45.461574	44.821370	0.000000	172	0	20006.578562	NA	NA	NA	NA	NA	NA
G3_none_r1	G3	gst	none	1	28	3665	94895322	9496	9496	0	0.000000	0.000000	0.000000	3056	3056	0	0.000000	0.000000	0.000000	1428	1428	4992	4992	6790932	6790932	6461952	6461952	966560	966560	1128	1128	4992	4992	0	0.000000	0.000000	0	0	44.767297	44.696722	0.000000	103	0	20007.707414	NA	NA	NA	NA	NA	NA
G3_none_r1	G3	gst	none	1	29	3665	94895322	9504	9504	0	0.000000	0.000000	0.000000	3056	3056	0	0.000000	0.000000	0.000000	1436	1436	5000	5000	6746640	6746640	6417416	6417416	1005984	1005984	1128	1128	5000	5000	0	0.000000	0.000000	0	0	45.137815	45.471408	0.000000	87	0	20007.846748	NA	NA	NA	NA	NA	NA
G3_none_r1	G3	gst	none	1	30	3665	94895322	9480	9480	0	0.000000	0.000000	0.000000	3056	3056	0	0.000000	0.000000	0.000000	1412	1412	4976	4976	6749124	6749076	6419640	6419592	1006576	1006576	1128	1128	4976	4976	-48	-0.046875	-0.049152	0	0	44.588185	45.357278	0.000000	35	0	20007.092451	NA	NA	NA	NA	NA	NA
G3_none_r1	G3	gst	none	1	31	3665	94895322	9476	9476	0	0.000000	0.000000	0.000000	3056	3056	0	0.000000	0.000000	0.000000	1408	1408	4972	4972	6792452	6793116	6462700	6463364	966244	966244	1128	1128	4972	4972	664	0.648438	0.679936	0	0	44.870704	45.589352	0.000000	107	0	20007.992451	NA	NA	NA	NA	NA	NA
G3_none_r1	G3	gst	none	1	32	3665	94895322	9536	9536	0	0.000000	0.000000	0.000000	3056	3056	0	0.000000	0.000000	0.000000	1468	1468	5032	5032	6761036	6761036	6431032	6431032	1006712	1006712	1128	1128	5032	5032	0	0.000000	0.000000	0	0	45.243444	44.958796	0.000000	99	0	20007.256118	NA	NA	NA	NA	NA	NA
G3_none_r1	G3	gst	none	1	33	3665	94895322	9472	9472	0	0.000000	0.000000	0.000000	3056	3056	0	0.000000	0.000000	0.000000	1404	1404	4968	4968	6760828	6761224	6430580	6430928	1007004	1007080	1128	1128	4968	4968	396	0.386719	0.405504	0	0	54.963000	44.730686	0.000000	161	0	20011.893248	NA	NA	NA	NA	NA	NA
G3_none_r1	G3	gst	none	1	34	3665	94895322	9488	9488	0	0.000000	0.000000	0.000000	3072	3072	0	0.000000	0.000000	0.000000	1404	1404	4984	4984	6818212	6818212	6487704	6487704	952368	952368	1128	1128	4984	4984	0	0.000000	0.000000	0	0	44.945963	49.543055	0.000000	98	0	20007.742155	NA	NA	NA	NA	NA	NA
G3_none_r1	G3	gst	none	1	35	3665	94895322	9496	9496	0	0.000000	0.000000	0.000000	3072	3072	0	0.000000	0.000000	0.000000	1412	1412	4992	4992	6774420	6774076	6443656	6443312	998928	998928	1128	1128	4992	4992	-344	-0.335938	-0.352256	0	0	45.214648	45.587371	0.000000	154	0	20007.383710	NA	NA	NA	NA	NA	NA
G3_none_r1	G3	gst	none	1	36	3665	94895322	9488	9488	0	0.000000	0.000000	0.000000	3072	3072	0	0.000000	0.000000	0.000000	1404	1404	4984	4984	6719752	6720172	6388736	6389156	1050716	1050716	1128	1128	4984	4984	420	0.410156	0.430080	0	0	44.936611	44.850315	0.000000	99	0	20007.519377	NA	NA	NA	NA	NA	NA
G3_none_r1	G3	gst	none	1	37	3665	94895322	9488	9488	0	0.000000	0.000000	0.000000	3072	3072	0	0.000000	0.000000	0.000000	1404	1404	4984	4984	6719432	6719432	6388148	6388148	1044680	1044680	1128	1128	4984	4984	0	0.000000	0.000000	0	0	44.978111	45.377370	0.000000	155	0	20007.011877	NA	NA	NA	NA	NA	NA
G3_none_r1	G3	gst	none	1	38	3665	94895322	9488	9488	0	0.000000	0.000000	0.000000	3072	3072	0	0.000000	0.000000	0.000000	1404	1404	4984	4984	6725720	6725820	6394164	6394208	1040332	1040388	1128	1128	4984	4984	100	0.097656	0.102400	0	0	46.343315	44.974093	0.000000	99	0	20008.067211	NA	NA	NA	NA	NA	NA
G3_none_r1	G3	gst	none	1	39	3665	94895322	9488	9488	0	0.000000	0.000000	0.000000	3072	3072	0	0.000000	0.000000	0.000000	1404	1404	4984	4984	6719692	6719988	6387900	6388196	1035556	1035556	1128	1128	4984	4984	296	0.289062	0.303104	0	0	45.129111	44.919444	0.000000	90	0	20007.038507	NA	NA	NA	NA	NA	NA
G3_none_r1	G3	gst	none	1	40	3665	94895322	9472	9472	0	0.000000	0.000000	0.000000	3056	3056	0	0.000000	0.000000	0.000000	1404	1404	4968	4968	6761612	6760984	6429580	6428952	1008976	1008976	1128	1128	4968	4968	-628	-0.613281	-0.643072	0	0	48.244741	46.355703	0.000000	100	0	20006.666414	NA	NA	NA	NA	NA	NA
G3_none_r1	G3	gst	none	1	41	3665	94895322	9852	9852	0	0.000000	0.000000	0.000000	3056	3056	0	0.000000	0.000000	0.000000	1784	1784	5348	5348	6818200	6786280	6485900	6453980	948176	980512	1128	1128	5348	5348	-31920	-31.171875	-32.686080	0	0	49.267704	52.872315	0.000000	72	0	20027.695470	NA	NA	NA	NA	NA	NA
G3_none_r1	G3	gst	none	1	42	3665	94895322	9864	9864	0	0.000000	0.000000	0.000000	3056	3056	0	0.000000	0.000000	0.000000	1796	1796	5360	5360	6800224	6800076	6467676	6467528	972044	972044	1128	1128	5360	5360	-148	-0.144531	-0.151552	0	0	44.948759	44.911204	0.000000	5	0	20007.345358	NA	NA	NA	NA	NA	NA
G3_none_r1	G3	gst	none	1	43	3665	94895322	9864	9864	0	0.000000	0.000000	0.000000	3056	3056	0	0.000000	0.000000	0.000000	1796	1796	5360	5360	6775008	6774888	6442204	6442068	993452	993468	1128	1128	5360	5360	-120	-0.117188	-0.122880	0	0	44.911407	45.384852	0.000000	65	0	20006.963025	NA	NA	NA	NA	NA	NA
G3_none_r1	G3	gst	none	1	44	3665	94895322	9864	9864	0	0.000000	0.000000	0.000000	3056	3056	0	0.000000	0.000000	0.000000	1796	1796	5360	5360	6763956	6764168	6430896	6431108	997640	997640	1128	1128	5360	5360	212	0.207031	0.217088	0	0	44.762333	47.454111	0.000000	5	0	20007.878506	NA	NA	NA	NA	NA	NA
G3_none_r1	G3	gst	none	1	45	3665	94895322	9864	9864	0	0.000000	0.000000	0.000000	3056	3056	0	0.000000	0.000000	0.000000	1796	1796	5360	5360	6737080	6736424	6403776	6403120	1022204	1022204	1128	1128	5360	5360	-656	-0.640625	-0.671744	0	0	47.297593	46.885778	0.000000	65	0	20006.593618	NA	NA	NA	NA	NA	NA
G3_none_r1	G3	gst	none	1	46	3665	94895322	9864	9864	0	0.000000	0.000000	0.000000	3056	3056	0	0.000000	0.000000	0.000000	1796	1796	5360	5360	6761436	6761608	6427852	6428024	994016	994016	1128	1128	5360	5360	172	0.167969	0.176128	0	0	45.788703	45.118685	0.000000	5	0	20007.664932	NA	NA	NA	NA	NA	NA
G3_none_r1	G3	gst	none	1	47	3665	94895322	9864	9864	0	0.000000	0.000000	0.000000	3056	3056	0	0.000000	0.000000	0.000000	1796	1796	5360	5360	6735888	6735716	6402048	6401876	1039040	1039040	1128	1128	5360	5360	-172	-0.167969	-0.176128	0	0	45.369204	49.736185	0.000000	65	0	20006.944433	NA	NA	NA	NA	NA	NA
G3_none_r1	G3	gst	none	1	48	3665	94895322	9864	9864	0	0.000000	0.000000	0.000000	3056	3056	0	0.000000	0.000000	0.000000	1796	1796	5360	5360	6800468	6800640	6466384	6466556	970312	970312	1128	1128	5360	5360	172	0.167969	0.176128	0	0	45.289371	44.839389	0.000000	5	0	20006.803395	NA	NA	NA	NA	NA	NA
G3_none_r1	G3	gst	none	1	49	3665	94895322	9864	9864	0	0.000000	0.000000	0.000000	3056	3056	0	0.000000	0.000000	0.000000	1796	1796	5360	5360	6737552	6738388	6403188	6403980	1031840	1031884	1128	1128	5360	5360	836	0.816406	0.856064	0	0	45.028130	45.215870	0.000000	65	0	20006.573562	NA	NA	NA	NA	NA	NA
G3_none_r1	G3	gst	none	1	50	3665	94895322	9864	9864	0	0.000000	0.000000	0.000000	3056	3056	0	0.000000	0.000000	0.000000	1796	1796	5360	5360	6771320	6771392	6436696	6436768	997608	997608	1128	1128	5360	5360	72	0.070312	0.073728	0	0	56.163203	45.100759	0.000000	5	0	20007.473914	NA	NA	NA	NA	NA	NA
G3_none_r1	G3	gst	none	1	51	3665	94895322	9864	9864	0	0.000000	0.000000	0.000000	3056	3056	0	0.000000	0.000000	0.000000	1796	1796	5360	5360	6759664	6759244	6424804	6424384	1013984	1013984	1128	1128	5360	5360	-420	-0.410156	-0.430080	0	0	49.304833	46.307611	0.000000	NA	NA	20006.499692	NA	NA	NA	NA	NA	NA
G3_trim_r1	G3	gst	trim	1	1	13300	95005183	8872	7008	1864	1.820312	1.908736	21.009919	2556	1236	1320	1.289062	1.351680	51.643192	1304	760	4368	2504	6749860	6751856	6414152	6416080	1012080	1012144	1120	1116	4368	2504	1996	1.949219	2.043904	0	0	45.030666	45.083463	0.688297	530	0	20030.315636	NA	NA	NA	1900	1.855469	1.945600
G3_trim_r1	G3	gst	trim	1	2	13300	95005183	8744	7368	1376	1.343750	1.409024	15.736505	2400	1532	868	0.847656	0.888832	36.166667	1332	824	4240	2864	6768572	6768744	6432580	6432752	1012676	1012676	1124	1120	4240	2864	172	0.167969	0.176128	0	0	44.814185	44.927944	0.683870	482	0	20012.318710	NA	NA	NA	284	0.277344	0.290816
G3_trim_r1	G3	gst	trim	1	3	13300	95005183	9180	7604	1576	1.539062	1.613824	17.167756	2776	1752	1024	1.000000	1.048576	36.887608	1392	840	4676	3100	6802228	6805176	6465984	6468932	972332	972332	1124	1120	4676	3100	2948	2.878906	3.018752	0	0	45.735648	44.966111	0.789796	455	0	20010.091822	NA	NA	NA	2948	2.878906	3.018752
G3_trim_r1	G3	gst	trim	1	4	13300	95005183	9068	7648	1420	1.386719	1.454080	15.659462	2656	1764	892	0.871094	0.913408	33.584337	1400	872	4564	3144	6765400	6766320	6428908	6429828	1012800	1012800	1124	1120	4564	3144	920	0.898438	0.942080	0	0	44.818240	44.889814	0.671703	439	0	20009.793489	NA	NA	NA	576	0.562500	0.589824
G3_trim_r1	G3	gst	trim	1	5	13300	95005183	9284	7684	1600	1.562500	1.638400	17.233951	2840	1764	1076	1.050781	1.101824	37.887324	1432	908	4780	3180	6815776	6816980	6479032	6480236	958212	958212	1124	1120	4780	3180	1204	1.175781	1.232896	0	0	45.096500	45.421741	0.730333	456	0	20011.306247	NA	NA	NA	728	0.710938	0.745472
G3_trim_r1	G3	gst	trim	1	6	13300	95005183	9132	7692	1440	1.406250	1.474560	15.768725	2660	1760	900	0.878906	0.921600	33.834586	1460	920	4628	3188	6762732	6765264	6425732	6428220	1004768	1004804	1124	1120	4628	3188	2532	2.472656	2.592768	0	0	45.558945	45.027815	0.744204	434	0	20009.955025	NA	NA	NA	2916	2.847656	2.985984
G3_trim_r1	G3	gst	trim	1	7	13300	95005183	9304	7692	1612	1.574219	1.650688	17.325881	2836	1756	1080	1.054688	1.105920	38.081805	1456	924	4800	3188	6711908	6712080	6374636	6374808	1056564	1056564	1124	1120	4800	3188	172	0.167969	0.176128	0	0	45.150129	44.651037	0.637741	450	0	20010.716229	NA	NA	NA	-36352	-35.500000	-37.224448
G3_trim_r1	G3	gst	trim	1	8	13300	95005183	9132	7704	1428	1.394531	1.462272	15.637319	2656	1768	888	0.867188	0.909312	33.433735	1464	924	4628	3200	6753276	6754136	6415740	6416600	1014112	1014112	1124	1120	4628	3200	860	0.839844	0.880640	0	0	45.088333	47.245092	0.664444	432	0	20009.267377	NA	NA	NA	800	0.781250	0.819200
G3_trim_r1	G3	gst	trim	1	9	13300	95005183	9304	7712	1592	1.554688	1.630208	17.110920	2828	1760	1068	1.042969	1.093632	37.765205	1464	940	4800	3208	6758476	6758276	6420700	6420500	1014432	1014432	1124	1120	4800	3208	-200	-0.195312	-0.204800	0	0	44.971093	44.844334	0.658537	446	0	20008.809228	NA	NA	NA	-468	-0.457031	-0.479232
G3_trim_r1	G3	gst	trim	1	10	13300	95005183	9336	7580	1756	1.714844	1.798144	18.808912	2864	1628	1236	1.207031	1.265664	43.156425	1460	940	4832	3076	6805168	6807576	6467128	6469536	974008	974008	1124	1120	4832	3076	2408	2.351562	2.465792	0	0	44.961648	44.800556	0.839259	466	0	20008.999080	NA	NA	NA	2120	2.070312	2.170880
G3_trim_r1	G3	gst	trim	1	11	13300	95005183	9312	7684	1628	1.589844	1.667072	17.482818	2832	1740	1092	1.066406	1.118208	38.559322	1468	932	4808	3180	6746736	6746664	6408448	6408376	1014472	1014472	1124	1120	4808	3180	-72	-0.070312	-0.073728	0	0	45.341259	50.389722	0.677334	457	0	20008.838303	NA	NA	NA	-428	-0.417969	-0.438272
G3_trim_r1	G3	gst	trim	1	12	13300	95005183	9132	7704	1428	1.394531	1.462272	15.637319	2656	1760	896	0.875000	0.917504	33.734940	1464	932	4628	3200	6762048	6763020	6423504	6424436	1015056	1015096	1124	1120	4628	3200	972	0.949219	0.995328	0	0	45.855296	45.174092	0.784759	435	0	20010.735173	NA	NA	NA	1244	1.214844	1.273856
G3_trim_r1	G3	gst	trim	1	13	13300	95005183	9316	7704	1612	1.574219	1.650688	17.303564	2840	1760	1080	1.054688	1.105920	38.028169	1464	932	4812	3200	6801212	6801212	6462412	6462412	974720	974720	1124	1120	4812	3200	0	0.000000	0.000000	0	0	45.092759	45.104593	0.651223	455	0	20010.131803	NA	NA	NA	-516	-0.503906	-0.528384
G3_trim_r1	G3	gst	trim	1	14	13300	95005183	9132	7700	1432	1.398438	1.466368	15.681121	2660	1756	904	0.882812	0.925696	33.984962	1460	932	4628	3196	6755336	6755680	6416292	6416636	1015184	1015184	1124	1120	4628	3196	344	0.335938	0.352256	0	0	45.020426	45.081555	0.623204	441	0	20013.129543	NA	NA	NA	688	0.671875	0.704512
G3_trim_r1	G3	gst	trim	1	15	13300	95005183	9104	7676	1428	1.394531	1.462272	15.685413	2848	1744	1104	1.078125	1.130496	38.764045	1244	920	4600	3172	6760676	6760896	6421372	6421592	1015776	1015776	1124	1120	4600	3172	220	0.214844	0.225280	0	0	44.958278	45.168556	0.663222	468	0	20008.353377	NA	NA	NA	308	0.300781	0.315392
G3_trim_r1	G3	gst	trim	1	16	13300	95005183	8952	7728	1224	1.195312	1.253376	13.672922	2672	1784	888	0.867188	0.909312	33.233533	1268	932	4448	3224	6799852	6799508	6460280	6459936	975436	975436	1124	1120	4448	3224	-344	-0.335938	-0.352256	0	0	44.746926	45.151759	0.633019	458	0	20010.492099	NA	NA	NA	-1116	-1.089844	-1.142784
G3_trim_r1	G3	gst	trim	1	17	13300	95005183	9212	7720	1492	1.457031	1.527808	16.196266	2868	1772	1096	1.070312	1.122304	38.214784	1332	936	4708	3216	6797888	6801208	6458048	6461312	979276	978984	1124	1120	4708	3216	3320	3.242188	3.399680	0	0	50.551148	45.935389	1.376555	465	0	20014.834821	NA	NA	NA	3492	3.410156	3.575808
G3_trim_r1	G3	gst	trim	1	18	13300	95005183	9044	7796	1248	1.218750	1.277952	13.799204	2676	1784	892	0.871094	0.913408	33.333333	1356	1000	4540	3292	6753760	6753660	6413648	6413548	1016164	1016164	1124	1120	4540	3292	-100	-0.097656	-0.102400	0	0	44.852037	45.252130	0.597111	440	0	20008.344673	NA	NA	NA	-52	-0.050781	-0.053248
G3_trim_r1	G3	gst	trim	1	19	13300	95005183	9208	7716	1492	1.457031	1.527808	16.203301	2864	1764	1100	1.074219	1.126400	38.407821	1332	940	4704	3212	6812736	6814972	6472372	6474608	961576	961576	1124	1120	4704	3212	2236	2.183594	2.289664	0	0	44.777981	46.684685	0.767852	474	0	20009.241100	NA	NA	NA	2040	1.992188	2.088960
G3_trim_r1	G3	gst	trim	1	20	13300	95005183	9016	7724	1292	1.261719	1.323008	14.330080	2680	1776	904	0.882812	0.925696	33.731343	1324	936	4512	3220	6770812	6770640	6430200	6430028	1008144	1008144	1124	1120	4512	3220	-172	-0.167969	-0.176128	0	0	45.864093	44.556815	0.567981	459	0	20008.366192	NA	NA	NA	0	0.000000	0.000000
G3_trim_r1	G3	gst	trim	1	21	13300	95005183	9204	7736	1468	1.433594	1.503232	15.949587	2864	1784	1080	1.054688	1.105920	37.709497	1328	940	4700	3232	6731612	6731564	6390724	6390676	1044060	1044060	1124	1120	4700	3232	-48	-0.046875	-0.049152	0	0	44.967204	44.784241	0.616815	471	0	20009.070637	NA	NA	NA	28	0.027344	0.028672
G3_trim_r1	G3	gst	trim	1	22	13300	95005183	9024	7736	1288	1.257812	1.318912	14.273050	2684	1776	908	0.886719	0.929792	33.830104	1328	948	4520	3232	6756096	6756076	6414964	6414860	1017476	1017552	1124	1120	4520	3232	-20	-0.019531	-0.020480	0	0	45.483889	51.060148	0.558277	456	0	20008.903895	NA	NA	NA	-192	-0.187500	-0.196608
G3_trim_r1	G3	gst	trim	1	23	13300	95005183	9204	7740	1464	1.429688	1.499136	15.906128	2864	1784	1080	1.054688	1.105920	37.709497	1328	944	4700	3236	6798104	6797500	6456716	6456060	977136	977188	1124	1120	4700	3236	-604	-0.589844	-0.618496	0	0	45.119333	49.379111	0.632222	470	0	20008.729543	NA	NA	NA	-160	-0.156250	-0.163840
G3_trim_r1	G3	gst	trim	1	24	13300	95005183	9024	7732	1292	1.261719	1.323008	14.317376	2684	1780	904	0.882812	0.925696	33.681073	1328	940	4520	3228	6758536	6758436	6416904	6416804	1017600	1017600	1124	1120	4520	3228	-100	-0.097656	-0.102400	0	0	44.942908	44.821500	0.595907	455	0	20009.155081	NA	NA	NA	1620	1.582031	1.658880
G3_trim_r1	G3	gst	trim	1	25	13300	95005183	9204	7720	1484	1.449219	1.519616	16.123425	2864	1768	1096	1.070312	1.122304	38.268156	1328	940	4700	3216	6760196	6768156	6418300	6426260	1018192	969172	1124	1120	4700	3216	7960	7.773438	8.151040	0	0	46.392445	48.302407	0.625870	472	0	20008.956359	NA	NA	NA	7960	7.773438	8.151040
G3_trim_r1	G3	gst	trim	1	26	13300	95005183	9020	7720	1300	1.269531	1.331200	14.412417	2676	1776	900	0.878906	0.921600	33.632287	1332	932	4516	3216	6754084	6753984	6411928	6411828	1018432	1018432	1124	1120	4516	3216	-100	-0.097656	-0.102400	0	0	45.254148	44.526222	0.617204	460	0	20009.889340	NA	NA	NA	244	0.238281	0.249856
G3_trim_r1	G3	gst	trim	1	27	13300	95005183	9204	7732	1472	1.437500	1.507328	15.993047	2864	1776	1088	1.062500	1.114112	37.988827	1328	944	4700	3228	6789480	6788840	6447052	6446412	981188	981188	1124	1120	4700	3228	-640	-0.625000	-0.655360	0	0	44.639630	44.986500	0.624815	470	0	20008.639655	NA	NA	NA	-328	-0.320312	-0.335872
G3_trim_r1	G3	gst	trim	1	28	13300	95005183	9084	7808	1276	1.246094	1.306624	14.046675	2680	1784	896	0.875000	0.917504	33.432836	1392	1012	4580	3304	6774888	6775188	6432220	6432460	1002684	1002744	1124	1120	4580	3304	300	0.292969	0.307200	0	0	51.998834	44.924425	0.596389	438	0	20008.730580	NA	NA	NA	300	0.292969	0.307200
G3_trim_r1	G3	gst	trim	1	29	13300	95005183	9212	7720	1492	1.457031	1.527808	16.196266	2868	1768	1100	1.074219	1.126400	38.354254	1332	940	4708	3216	6766412	6767788	6423492	6424868	1007040	1007040	1124	1120	4708	3216	1376	1.343750	1.409024	0	0	44.762222	44.872685	0.768556	473	0	20009.155081	NA	NA	NA	1376	1.343750	1.409024
G3_trim_r1	G3	gst	trim	1	30	13300	95005183	9016	7732	1284	1.253906	1.314816	14.241349	2676	1776	900	0.878906	0.921600	33.632287	1328	944	4512	3228	6765940	6767316	6422764	6424140	1006244	1006244	1124	1120	4512	3228	1376	1.343750	1.409024	0	0	45.055760	45.844611	0.659815	454	0	20009.241081	NA	NA	NA	1424	1.390625	1.458176
G3_trim_r1	G3	gst	trim	1	31	13300	95005183	9192	7752	1440	1.406250	1.474560	15.665796	2848	1780	1068	1.042969	1.093632	37.500000	1332	960	4688	3248	6772180	6772648	6428748	6429216	1005784	1005784	1124	1120	4688	3248	468	0.457031	0.479232	0	0	44.853204	44.719518	0.618611	465	0	20009.203822	NA	NA	NA	-196	-0.191406	-0.200704
G3_trim_r1	G3	gst	trim	1	32	13300	95005183	9012	7740	1272	1.242188	1.302528	14.114514	2672	1776	896	0.875000	0.917504	33.532934	1328	952	4508	3236	6750952	6750460	6407256	6406764	1022256	1022256	1124	1120	4508	3236	-492	-0.480469	-0.503808	0	0	44.517982	44.501426	0.626260	453	0	20008.555432	NA	NA	NA	-492	-0.480469	-0.503808
G3_trim_r1	G3	gst	trim	1	33	13300	95005183	9196	7712	1484	1.449219	1.519616	16.137451	2856	1756	1100	1.074219	1.126400	38.515406	1328	944	4692	3208	6801364	6802224	6457420	6458280	979536	979536	1124	1120	4692	3208	860	0.839844	0.880640	0	0	45.125112	49.434833	0.680815	473	0	20009.553821	NA	NA	NA	464	0.453125	0.475136
G3_trim_r1	G3	gst	trim	1	34	13300	95005183	9016	7720	1296	1.265625	1.327104	14.374445	2672	1772	900	0.878906	0.921600	33.682635	1332	936	4512	3216	6803232	6804064	6458984	6459800	983244	983176	1124	1120	4512	3216	832	0.812500	0.851968	0	0	46.222907	48.153129	0.716704	460	0	20018.325636	NA	NA	NA	832	0.812500	0.851968
G3_trim_r1	G3	gst	trim	1	35	13300	95005183	9204	7724	1480	1.445312	1.515520	16.079965	2864	1768	1096	1.070312	1.122304	38.268156	1328	944	4700	3220	6728064	6729096	6383592	6384624	1044436	1044436	1124	1120	4700	3220	1032	1.007812	1.056768	0	0	44.869907	45.459759	0.654648	476	0	20009.021637	NA	NA	NA	1376	1.343750	1.409024
G3_trim_r1	G3	gst	trim	1	36	13300	95005183	9020	7724	1296	1.265625	1.327104	14.368071	2676	1772	904	0.882812	0.925696	33.781764	1332	940	4516	3220	6730304	6731852	6385580	6387128	1048068	1048068	1124	1120	4516	3220	1548	1.511719	1.585152	0	0	44.771074	44.862537	0.618630	458	0	20009.329192	NA	NA	NA	1128	1.101562	1.155072
G3_trim_r1	G3	gst	trim	1	37	13300	95005183	9208	7736	1472	1.437500	1.507328	15.986099	2868	1780	1088	1.062500	1.114112	37.935844	1328	944	4704	3232	6771924	6771580	6426940	6426596	1013428	1013428	1124	1120	4704	3232	-344	-0.335938	-0.352256	0	0	44.806148	44.853259	0.666370	467	0	20010.096951	NA	NA	NA	-344	-0.335938	-0.352256
G3_trim_r1	G3	gst	trim	1	38	13300	95005183	9016	7720	1296	1.265625	1.327104	14.374445	2672	1772	900	0.878906	0.921600	33.682635	1332	936	4512	3216	6758564	6758120	6413320	6412876	1020960	1020960	1124	1120	4512	3216	-444	-0.433594	-0.454656	0	0	44.621019	44.967555	0.574297	461	0	20013.355358	NA	NA	NA	-544	-0.531250	-0.557056
G3_trim_r1	G3	gst	trim	1	39	13300	95005183	9208	7724	1484	1.449219	1.519616	16.116421	2864	1776	1088	1.062500	1.114112	37.988827	1332	936	4704	3220	6754400	6754688	6408912	6409188	1021556	1021568	1124	1120	4704	3220	288	0.281250	0.294912	0	0	51.695055	44.651222	0.601130	472	0	20008.360506	NA	NA	NA	-8	-0.007812	-0.008192
G3_trim_r1	G3	gst	trim	1	40	13300	95005183	9016	7760	1256	1.226562	1.286144	13.930790	2676	1788	888	0.867188	0.909312	33.183857	1328	960	4512	3256	6802072	6804136	6456312	6458376	981220	981220	1124	1120	4512	3256	2064	2.015625	2.113536	0	0	45.911278	44.745500	0.704333	453	0	20011.267877	NA	NA	NA	2692	2.628906	2.756608
G3_trim_r1	G3	gst	trim	1	41	13300	95005183	9204	7736	1468	1.433594	1.503232	15.949587	2864	1776	1088	1.062500	1.114112	37.988827	1328	948	4700	3232	6763320	6764400	6417308	6418388	1021684	1021684	1124	1120	4700	3232	1080	1.054688	1.105920	0	0	44.941111	45.161537	0.646833	439	0	20008.194377	NA	NA	NA	33000	32.226562	33.792000
G3_trim_r1	G3	gst	trim	1	42	13300	95005183	9140	7760	1380	1.347656	1.413120	15.098468	2676	1784	892	0.871094	0.913408	33.333333	1452	964	4636	3256	6781296	6778432	6435032	6432168	996820	1000432	1124	1120	4636	3256	-2864	-2.796875	-2.932736	0	0	47.691185	62.901648	0.688777	420	0	20009.468377	NA	NA	NA	-2716	-2.652344	-2.781184
G3_trim_r1	G3	gst	trim	1	43	13300	95005183	9332	7756	1576	1.539062	1.613824	16.888127	2864	1776	1088	1.062500	1.114112	37.988827	1456	968	4828	3252	6756492	6757696	6409980	6411184	1022516	1022516	1124	1120	4828	3252	1204	1.175781	1.232896	0	0	45.516463	44.941408	0.716129	439	0	20009.421433	NA	NA	NA	1324	1.292969	1.355776
G3_trim_r1	G3	gst	trim	1	44	13300	95005183	9140	7764	1376	1.343750	1.409024	15.054705	2676	1776	900	0.878906	0.921600	33.632287	1452	976	4636	3260	6790488	6791768	6443708	6444952	982184	982220	1124	1120	4636	3260	1280	1.250000	1.310720	0	0	45.506908	48.193944	0.674222	423	0	20008.442821	NA	NA	NA	1068	1.042969	1.093632
G3_trim_r1	G3	gst	trim	1	45	13300	95005183	9332	7768	1564	1.527344	1.601536	16.759537	2864	1772	1092	1.066406	1.118208	38.128492	1456	984	4828	3264	6747940	6749048	6400912	6402004	1022652	1022668	1124	1120	4828	3264	1108	1.082031	1.134592	0	0	45.206611	45.362445	0.650334	434	0	20008.494358	NA	NA	NA	1764	1.722656	1.806336
G3_trim_r1	G3	gst	trim	1	46	13300	95005183	9244	7612	1632	1.593750	1.671168	17.654695	2660	1768	892	0.871094	0.913408	33.533835	1572	832	4740	3108	6751408	6751492	6404112	6404196	1023240	1023240	1124	1120	4740	3108	84	0.082031	0.086016	0	0	45.709389	44.872981	0.651167	459	0	20008.341673	NA	NA	NA	-88	-0.085938	-0.090112
G3_trim_r1	G3	gst	trim	1	47	13300	95005183	9428	7672	1756	1.714844	1.798144	18.625371	2784	1768	1016	0.992188	1.040384	36.494253	1632	892	4924	3168	6789588	6789588	6442036	6442036	982908	982908	1124	1120	4924	3168	0	0.000000	0.000000	0	0	45.477260	45.325407	0.678833	478	0	20012.900284	NA	NA	NA	172	0.167969	0.176128
G3_trim_r1	G3	gst	trim	1	48	13300	95005183	9324	7684	1640	1.601562	1.679360	17.589018	2664	1788	876	0.855469	0.897024	32.882883	1648	884	4820	3180	6758184	6758416	6410392	6410624	1023364	1023364	1124	1120	4820	3180	232	0.226562	0.237568	0	0	47.992611	45.496834	0.703314	451	0	20010.785877	NA	NA	NA	60	0.058594	0.061440
G3_trim_r1	G3	gst	trim	1	49	13300	95005183	9468	7680	1788	1.746094	1.830912	18.884664	2772	1780	992	0.968750	1.015808	35.786436	1684	888	4964	3176	6756208	6756208	6408144	6408144	1023948	1023948	1124	1120	4964	3176	0	0.000000	0.000000	0	0	45.205352	45.671962	0.673296	485	0	20008.775766	NA	NA	NA	-836	-0.816406	-0.856064
G3_trim_r1	G3	gst	trim	1	50	13300	95005183	9344	7700	1644	1.605469	1.683456	17.594178	2644	1788	856	0.835938	0.876544	32.375189	1688	900	4840	3196	6793704	6796188	6445380	6447844	983636	983656	1124	1120	4840	3196	2484	2.425781	2.543616	0	0	45.733518	45.290815	0.732389	452	0	20010.488432	NA	NA	NA	2412	2.355469	2.469888
G3_trim_r1	G3	gst	trim	1	51	13300	95005183	9488	7724	1764	1.722656	1.806336	18.591906	2792	1772	1020	0.996094	1.044480	36.532951	1684	940	4984	3220	6794876	6795736	6446304	6447164	987032	987032	1124	1120	4984	3220	860	0.839844	0.880640	0	0	45.072519	44.961315	0.835407	NA	NA	20012.786914	NA	NA	NA	1280	1.250000	1.310720
G3_trim_r2	G3	gst	trim	2	1	22993	95115072	8880	7024	1856	1.812500	1.900544	20.900901	2564	1244	1320	1.289062	1.351680	51.482059	1304	768	4376	2520	6815456	6815448	6466020	6465996	973760	973692	1120	1116	4376	2520	-8	-0.007812	-0.008192	0	0	47.809203	44.751871	1.097408	531	0	20039.499636	NA	NA	NA	-72	-0.070312	-0.073728
G3_trim_r2	G3	gst	trim	2	2	22993	95115072	8756	7368	1388	1.355469	1.421312	15.851987	2404	1520	884	0.863281	0.905216	36.772047	1340	836	4252	2864	6775716	6776404	6425980	6426668	1012404	1012404	1124	1120	4252	2864	688	0.671875	0.704512	0	0	44.674500	44.665204	0.630722	501	0	20010.902766	NA	NA	NA	1132	1.105469	1.159168
G3_trim_r2	G3	gst	trim	2	3	22993	95115072	9184	7608	1576	1.539062	1.613824	17.160279	2824	1744	1080	1.054688	1.105920	38.243626	1348	852	4680	3104	6769352	6769008	6419408	6419064	1009356	1009356	1124	1120	4680	3104	-344	-0.335938	-0.352256	0	0	45.317574	44.991556	0.587277	453	0	20010.762248	NA	NA	NA	-688	-0.671875	-0.704512
G3_trim_r2	G3	gst	trim	2	4	22993	95115072	9000	7668	1332	1.300781	1.363968	14.800000	2656	1752	904	0.882812	0.925696	34.036145	1332	904	4496	3164	6771028	6770856	6420824	6420652	1013692	1013692	1124	1120	4496	3164	-172	-0.167969	-0.176128	0	0	44.760723	45.168297	0.583204	452	0	20009.679433	NA	NA	NA	-344	-0.335938	-0.352256
G3_trim_r2	G3	gst	trim	2	5	22993	95115072	9296	7696	1600	1.562500	1.638400	17.211704	2888	1752	1136	1.109375	1.163264	39.335180	1396	932	4792	3192	6770708	6772084	6420236	6421612	1015980	1015980	1124	1120	4792	3192	1376	1.343750	1.409024	0	0	45.493482	44.705093	0.691055	443	0	20010.124562	NA	NA	NA	932	0.910156	0.954368
G3_trim_r2	G3	gst	trim	2	6	22993	95115072	9032	7684	1348	1.316406	1.380352	14.924712	2648	1756	892	0.871094	0.913408	33.685801	1372	916	4528	3180	6771284	6772032	6420548	6421296	1010252	1010252	1124	1120	4528	3180	748	0.730469	0.765952	0	0	50.317333	45.328149	0.613408	450	0	20008.635229	NA	NA	NA	888	0.867188	0.909312
G3_trim_r2	G3	gst	trim	2	7	22993	95115072	9296	7676	1620	1.582031	1.658880	17.426850	2888	1744	1144	1.117188	1.171456	39.612188	1396	920	4792	3172	6704112	6705028	6353112	6353968	1066700	1066756	1124	1120	4792	3172	916	0.894531	0.937984	0	0	45.236592	44.595444	0.612370	456	0	20009.885655	NA	NA	NA	1088	1.062500	1.114112
G3_trim_r2	G3	gst	trim	2	8	22993	95115072	9056	7696	1360	1.328125	1.392640	15.017668	2636	1752	884	0.863281	0.905216	33.535660	1408	932	4552	3192	6771728	6772932	6420472	6421676	1015016	1015016	1124	1120	4552	3192	1204	1.175781	1.232896	0	0	44.969370	44.813963	0.630574	447	0	20009.488100	NA	NA	NA	616	0.601562	0.630784
G3_trim_r2	G3	gst	trim	2	9	22993	95115072	9296	7688	1608	1.570312	1.646592	17.297762	2900	1744	1156	1.128906	1.183744	39.862069	1384	932	4792	3184	6751456	6795488	6399952	6443984	1029216	984668	1124	1120	4792	3184	44032	43.000000	45.088768	0	0	45.496000	48.163203	0.695408	448	0	20008.704340	NA	NA	NA	44304	43.265625	45.367296
G3_trim_r2	G3	gst	trim	2	10	22993	95115072	9116	7680	1436	1.402344	1.470464	15.752523	2652	1748	904	0.882812	0.925696	34.087481	1452	920	4612	3176	6767048	6768032	6415288	6416272	1011216	1011216	1124	1120	4612	3176	984	0.960938	1.007616	0	0	44.884426	44.978870	0.669408	456	0	20009.369025	NA	NA	NA	1084	1.058594	1.110016
G3_trim_r2	G3	gst	trim	2	11	22993	95115072	9364	7696	1668	1.628906	1.708032	17.812900	2884	1744	1140	1.113281	1.167360	39.528433	1468	940	4860	3192	6759636	6759980	6407624	6407968	1030060	1030060	1124	1120	4860	3192	344	0.335938	0.352256	0	0	44.770315	50.759204	0.663037	453	0	20010.183284	NA	NA	NA	444	0.433594	0.454656
G3_trim_r2	G3	gst	trim	2	12	22993	95115072	9124	7716	1408	1.375000	1.441792	15.431828	2636	1752	884	0.863281	0.905216	33.535660	1476	952	4620	3212	6759216	6759388	6406968	6407140	1020268	1020268	1124	1120	4620	3212	172	0.167969	0.176128	0	0	45.192519	45.157463	0.588982	441	0	20011.026210	NA	NA	NA	-128	-0.125000	-0.131072
G3_trim_r2	G3	gst	trim	2	13	22993	95115072	9360	7696	1664	1.625000	1.703936	17.777778	2896	1744	1152	1.125000	1.179648	39.779006	1452	940	4856	3192	6714684	6717408	6362144	6364860	1070856	1070864	1124	1120	4856	3192	2724	2.660156	2.789376	0	0	45.414241	44.850426	0.777518	442	0	20009.041452	NA	NA	NA	2552	2.492188	2.613248
G3_trim_r2	G3	gst	trim	2	14	22993	95115072	9108	7692	1416	1.382812	1.449984	15.546772	2644	1744	900	0.878906	0.921600	34.039334	1452	936	4604	3188	6755256	6755328	6402476	6402548	1028392	1028392	1124	1120	4604	3188	72	0.070312	0.073728	0	0	44.891518	45.212407	0.657852	449	0	20010.326414	NA	NA	NA	244	0.238281	0.249856
G3_trim_r2	G3	gst	trim	2	15	22993	95115072	9360	7684	1676	1.636719	1.716224	17.905983	2900	1740	1160	1.132812	1.187840	40.000000	1448	932	4856	3180	6787196	6786984	6434172	6433960	988052	988052	1124	1120	4856	3180	-212	-0.207031	-0.217088	0	0	45.357629	44.924500	0.707167	451	0	20009.207506	NA	NA	NA	-704	-0.687500	-0.720896
G3_trim_r2	G3	gst	trim	2	16	22993	95115072	9128	7692	1436	1.402344	1.470464	15.731814	2648	1744	904	0.882812	0.925696	34.138973	1468	936	4624	3188	6741480	6741480	6388172	6388172	1049584	1049584	1124	1120	4624	3188	0	0.000000	0.000000	0	0	44.867148	44.929777	0.582574	450	0	20009.143228	NA	NA	NA	-344	-0.335938	-0.352256
G3_trim_r2	G3	gst	trim	2	17	22993	95115072	9372	7688	1684	1.644531	1.724416	17.968417	2896	1736	1160	1.132812	1.187840	40.055249	1464	940	4868	3184	6775748	6777124	6422188	6423564	1016836	1016836	1124	1120	4868	3184	1376	1.343750	1.409024	0	0	45.555574	47.734648	0.746778	453	0	20009.150488	NA	NA	NA	1612	1.574219	1.650688
G3_trim_r2	G3	gst	trim	2	18	22993	95115072	9140	7724	1416	1.382812	1.449984	15.492341	2652	1748	904	0.882812	0.925696	34.087481	1476	964	4636	3220	6759080	6759008	6405252	6405124	1029736	1029776	1124	1120	4636	3220	-72	-0.070312	-0.073728	0	0	53.954407	46.281537	0.949759	441	0	20010.842229	NA	NA	NA	312	0.304688	0.319488
G3_trim_r2	G3	gst	trim	2	19	22993	95115072	9364	7716	1648	1.609375	1.687552	17.599317	2888	1748	1140	1.113281	1.167360	39.473684	1464	956	4860	3212	6801968	6803072	6447908	6449012	992112	992112	1124	1120	4860	3212	1104	1.078125	1.130496	0	0	45.413408	45.556093	0.756760	442	0	20009.094228	NA	NA	NA	1448	1.414062	1.482752
G3_trim_r2	G3	gst	trim	2	20	22993	95115072	9100	7728	1372	1.339844	1.404928	15.076923	2632	1752	880	0.859375	0.901120	33.434650	1456	964	4596	3224	6772932	6772932	6418604	6418604	1013612	1013612	1124	1120	4596	3224	0	0.000000	0.000000	0	0	46.209870	45.115352	0.601444	444	0	20008.571358	NA	NA	NA	-344	-0.335938	-0.352256
G3_trim_r2	G3	gst	trim	2	21	22993	95115072	9372	7708	1664	1.625000	1.703936	17.755015	2888	1752	1136	1.109375	1.163264	39.335180	1472	944	4868	3204	6810220	6811276	6455640	6456696	980360	980360	1124	1120	4868	3204	1056	1.031250	1.081344	0	0	45.052074	45.118500	0.689037	449	0	20008.686840	NA	NA	NA	1340	1.308594	1.372160
G3_trim_r2	G3	gst	trim	2	22	22993	95115072	9132	7708	1424	1.390625	1.458176	15.593517	2652	1748	904	0.882812	0.925696	34.087481	1468	948	4628	3204	6743224	6743972	6388392	6389140	1044404	1044404	1124	1120	4628	3204	748	0.730469	0.765952	0	0	45.030092	50.655278	0.666593	448	0	20009.444766	NA	NA	NA	404	0.394531	0.413696
G3_trim_r2	G3	gst	trim	2	23	22993	95115072	9364	7720	1644	1.605469	1.683456	17.556600	2880	1752	1128	1.101562	1.155072	39.166667	1472	956	4860	3216	6776028	6776112	6420916	6420940	1015204	1015264	1124	1120	4860	3216	84	0.082031	0.086016	0	0	45.764519	44.767445	0.638204	448	0	20008.957321	NA	NA	NA	872	0.851562	0.892928
G3_trim_r2	G3	gst	trim	2	24	22993	95115072	9124	7724	1400	1.367188	1.433600	15.344147	2632	1756	876	0.855469	0.897024	33.282675	1480	956	4620	3220	6731012	6731356	6375664	6376008	1059184	1059184	1124	1120	4620	3220	344	0.335938	0.352256	0	0	45.402426	45.199149	0.615259	449	0	20012.480025	NA	NA	NA	-1116	-1.089844	-1.142784
G3_trim_r2	G3	gst	trim	2	25	22993	95115072	9384	7720	1664	1.625000	1.703936	17.732310	2896	1744	1152	1.125000	1.179648	39.779006	1476	964	4880	3216	6788164	6790056	6432548	6434440	990464	990464	1124	1120	4880	3216	1892	1.847656	1.937408	0	0	47.596945	45.617666	0.869760	442	0	20008.986618	NA	NA	NA	1572	1.535156	1.609728
G3_trim_r2	G3	gst	trim	2	26	22993	95115072	9112	7712	1400	1.367188	1.433600	15.364355	2648	1756	892	0.871094	0.913408	33.685801	1452	944	4608	3208	6840488	6838496	6484628	6482636	952492	955588	1124	1120	4608	3208	-1992	-1.945312	-2.039808	0	0	47.251019	60.512574	0.650740	448	0	20008.927840	NA	NA	NA	-1820	-1.777344	-1.863680
G3_trim_r2	G3	gst	trim	2	27	22993	95115072	9380	7696	1684	1.644531	1.724416	17.953092	2892	1740	1152	1.125000	1.179648	39.834025	1476	944	4876	3192	6760712	6760540	6404592	6404420	1031172	1031172	1124	1120	4876	3192	-172	-0.167969	-0.176128	0	0	44.862871	46.346259	0.688074	451	0	20010.999525	NA	NA	NA	24056	23.492188	24.633344
G3_trim_r2	G3	gst	trim	2	28	22993	95115072	9120	7712	1408	1.375000	1.441792	15.438596	2636	1748	888	0.867188	0.909312	33.687405	1472	952	4616	3208	6763704	6764336	6407344	6407928	1031752	1031792	1124	1120	4616	3208	632	0.617188	0.647168	0	0	44.806130	45.322519	0.576889	447	0	20011.629636	NA	NA	NA	828	0.808594	0.847872
G3_trim_r2	G3	gst	trim	2	29	22993	95115072	9372	7712	1660	1.621094	1.699840	17.712335	2888	1748	1140	1.113281	1.167360	39.473684	1472	952	4868	3208	6782572	6783776	6425932	6427136	991436	991436	1124	1120	4868	3208	1204	1.175781	1.232896	0	0	44.784963	45.517629	0.755389	446	0	20008.562747	NA	NA	NA	484	0.472656	0.495616
G3_trim_r2	G3	gst	trim	2	30	22993	95115072	9124	7728	1396	1.363281	1.429504	15.300307	2652	1748	904	0.882812	0.925696	34.087481	1460	968	4620	3224	6761976	6763352	6405104	6406480	1031880	1031880	1124	1120	4620	3224	1376	1.343750	1.409024	0	0	45.092945	44.838796	0.653278	411	0	20008.605377	NA	NA	NA	1032	1.007812	1.056768
G3_trim_r2	G3	gst	trim	2	31	22993	95115072	9240	7716	1524	1.488281	1.560576	16.493506	2752	1752	1000	0.976562	1.024000	36.337209	1476	952	4736	3212	6758372	6758372	6401236	6401236	1032472	1032472	1124	1120	4736	3212	0	0.000000	0.000000	0	0	45.491389	45.149056	0.614351	450	0	20008.385822	NA	NA	NA	-344	-0.335938	-0.352256
G3_trim_r2	G3	gst	trim	2	32	22993	95115072	9132	7728	1404	1.371094	1.437696	15.374507	2648	1752	896	0.875000	0.917504	33.836858	1472	964	4628	3224	6801812	6803876	6444424	6446488	995220	995220	1124	1120	4628	3224	2064	2.015625	2.113536	0	0	45.251537	45.161889	0.696537	433	0	20010.003414	NA	NA	NA	2136	2.085938	2.187264
G3_trim_r2	G3	gst	trim	2	33	22993	95115072	9332	7716	1616	1.578125	1.654784	17.316760	2848	1748	1100	1.074219	1.126400	38.623596	1472	956	4828	3212	6732296	6734804	6374648	6377156	1057820	1057820	1124	1120	4828	3212	2508	2.449219	2.568192	0	0	45.933444	49.953352	0.785222	445	0	20008.909173	NA	NA	NA	2164	2.113281	2.215936
G3_trim_r2	G3	gst	trim	2	34	22993	95115072	9128	7712	1416	1.382812	1.449984	15.512708	2660	1744	916	0.894531	0.937984	34.436090	1456	956	4624	3208	6719996	6720484	6362088	6362488	1060424	1060504	1124	1120	4624	3208	488	0.476562	0.499712	0	0	44.866463	45.422648	0.594574	456	0	20010.231025	NA	NA	NA	404	0.394531	0.413696
G3_trim_r2	G3	gst	trim	2	35	22993	95115072	9400	7704	1696	1.656250	1.736704	18.042553	2916	1744	1172	1.144531	1.200128	40.192044	1472	948	4896	3200	6759716	6761264	6401544	6403092	1033516	1033516	1124	1120	4896	3200	1548	1.511719	1.585152	0	0	54.832963	44.725889	0.639333	450	0	20016.272729	NA	NA	NA	1536	1.500000	1.572864
G3_trim_r2	G3	gst	trim	2	36	22993	95115072	9120	7732	1388	1.355469	1.421312	15.219298	2636	1756	880	0.859375	0.901120	33.383915	1472	964	4616	3228	6798456	6798284	6440040	6439868	993100	993100	1124	1120	4616	3228	-172	-0.167969	-0.176128	0	0	44.980741	44.944481	0.600112	444	0	20009.630673	NA	NA	NA	-172	-0.167969	-0.176128
G3_trim_r2	G3	gst	trim	2	37	22993	95115072	9376	7736	1640	1.601562	1.679360	17.491468	2892	1756	1136	1.109375	1.163264	39.280775	1472	968	4872	3232	6752264	6755016	6393592	6396344	1033560	1033560	1124	1120	4872	3232	2752	2.687500	2.818048	0	0	44.987778	44.941111	0.848055	438	0	20008.553544	NA	NA	NA	2188	2.136719	2.240512
G3_trim_r2	G3	gst	trim	2	38	22993	95115072	9116	7728	1388	1.355469	1.421312	15.225976	2652	1756	896	0.875000	0.917504	33.785822	1452	960	4612	3224	6755208	6756928	6396284	6398004	1034156	1034156	1124	1120	4612	3224	1720	1.679688	1.761280	0	0	45.184463	45.251240	0.798296	423	0	20008.489470	NA	NA	NA	2016	1.968750	2.064384
G3_trim_r2	G3	gst	trim	2	39	22993	95115072	9288	7732	1556	1.519531	1.593344	16.752799	2804	1756	1048	1.023438	1.073152	37.375178	1472	964	4784	3228	6791208	6793344	6432024	6434160	993812	993812	1124	1120	4784	3228	2136	2.085938	2.187264	0	0	46.065388	45.240871	0.761945	446	0	20008.917655	NA	NA	NA	1752	1.710938	1.794048
G3_trim_r2	G3	gst	trim	2	40	22993	95115072	9128	7720	1408	1.375000	1.441792	15.425066	2640	1744	896	0.875000	0.917504	33.939394	1476	964	4624	3216	6748540	6749884	6389100	6390404	1034280	1034320	1124	1120	4624	3216	1344	1.312500	1.376256	0	0	44.867537	45.135333	0.697908	446	0	20008.816432	NA	NA	NA	1172	1.144531	1.200128
G3_trim_r2	G3	gst	trim	2	41	22993	95115072	9376	7712	1664	1.625000	1.703936	17.747440	2888	1744	1144	1.117188	1.171456	39.612188	1476	956	4872	3208	6801860	6804416	6442172	6444728	979688	979688	1124	1120	4872	3208	2556	2.496094	2.617344	0	0	45.893889	45.022000	0.777000	450	0	20008.682043	NA	NA	NA	2556	2.496094	2.617344
G3_trim_r2	G3	gst	trim	2	42	22993	95115072	9140	7732	1408	1.375000	1.441792	15.404814	2652	1756	896	0.875000	0.917504	33.785822	1476	964	4636	3228	6770940	6772192	6411004	6412256	1021952	1021952	1124	1120	4636	3228	1252	1.222656	1.282048	0	0	45.029463	45.062241	0.676111	423	0	20008.385063	NA	NA	NA	984	0.960938	1.007616
G3_trim_r2	G3	gst	trim	2	43	22993	95115072	9288	7716	1572	1.535156	1.609728	16.925065	2804	1748	1056	1.031250	1.081344	37.660485	1472	956	4784	3212	6785940	6784368	6425736	6424164	1012368	1016152	1124	1120	4784	3212	-1572	-1.535156	-1.609728	0	0	64.219149	47.289907	0.767482	449	0	20009.220044	NA	NA	NA	-1572	-1.535156	-1.609728
G3_trim_r2	G3	gst	trim	2	44	22993	95115072	9124	7716	1408	1.375000	1.441792	15.431828	2636	1752	884	0.863281	0.905216	33.535660	1476	952	4620	3212	6775244	6776088	6414792	6415636	1021732	1021732	1124	1120	4620	3212	844	0.824219	0.864256	0	0	45.132537	49.269870	0.632240	427	0	20009.171062	NA	NA	NA	4556	4.449219	4.665344
G3_trim_r2	G3	gst	trim	2	45	22993	95115072	9296	7708	1588	1.550781	1.626112	17.082616	2812	1748	1064	1.039062	1.089536	37.837838	1472	948	4792	3204	6816308	6816896	6455572	6456112	984068	984116	1124	1120	4792	3204	588	0.574219	0.602112	0	0	45.090425	44.836000	0.649611	453	0	20008.877377	NA	NA	NA	508	0.496094	0.520192
G3_trim_r2	G3	gst	trim	2	46	22993	95115072	9144	7720	1424	1.390625	1.458176	15.573053	2656	1756	900	0.878906	0.921600	33.885542	1476	952	4640	3216	6759208	6760816	6398220	6399828	1022928	1022928	1124	1120	4640	3216	1608	1.570312	1.646592	0	0	45.232574	45.113759	0.637185	447	0	20009.085673	NA	NA	NA	2052	2.003906	2.101248
G3_trim_r2	G3	gst	trim	2	47	22993	95115072	9372	7692	1680	1.640625	1.720320	17.925736	2888	1744	1144	1.117188	1.171456	39.612188	1472	936	4868	3188	6695924	6696096	6334640	6334812	1099624	1099624	1124	1120	4868	3188	172	0.167969	0.176128	0	0	45.253037	45.117389	0.743259	451	0	20009.125914	NA	NA	NA	-344	-0.335938	-0.352256
G3_trim_r2	G3	gst	trim	2	48	22993	95115072	8928	7692	1236	1.207031	1.265664	13.844086	2636	1764	872	0.851562	0.892928	33.080425	1280	916	4424	3188	6743164	6743116	6381628	6381580	1044916	1044916	1124	1120	4424	3188	-48	-0.046875	-0.049152	0	0	45.536666	44.918408	0.582815	450	0	20008.964321	NA	NA	NA	100	0.097656	0.102400
G3_trim_r2	G3	gst	trim	2	49	22993	95115072	9168	7728	1440	1.406250	1.474560	15.706806	2836	1768	1068	1.042969	1.093632	37.658674	1320	948	4664	3224	6760392	6761664	6398628	6399900	1027936	1027936	1124	1120	4664	3224	1272	1.242188	1.302528	0	0	45.104130	50.446723	0.697963	466	0	20008.899469	NA	NA	NA	952	0.929688	0.974848
G3_trim_r2	G3	gst	trim	2	50	22993	95115072	9004	7732	1272	1.242188	1.302528	14.127055	2640	1768	872	0.851562	0.892928	33.030303	1352	952	4500	3228	6721376	6723072	6359320	6360948	1061328	1061396	1124	1120	4500	3228	1696	1.656250	1.736704	0	0	46.040185	47.870074	0.516871	467	0	20010.937025	NA	NA	NA	2112	2.062500	2.162688
G3_trim_r2	G3	gst	trim	2	51	22993	95115072	9256	7720	1536	1.500000	1.572864	16.594641	2884	1760	1124	1.097656	1.150976	38.973648	1360	948	4752	3216	6773280	6773624	6411000	6411344	1024980	1024980	1124	1120	4752	3216	344	0.335938	0.352256	0	0	44.996148	45.914556	0.597371	NA	NA	20009.347358	NA	NA	NA	228	0.222656	0.233472
G3_none_r2	G3	gst	none	2	1	32641	95224983	8880	8880	0	0.000000	0.000000	0.000000	2564	2564	0	0.000000	0.000000	0.000000	1304	1304	4376	4376	6758396	6758460	6395232	6395232	1040132	1040196	1120	1120	4376	4376	64	0.062500	0.065536	0	0	45.825630	45.284388	0.000000	171	0	20022.882043	NA	NA	NA	NA	NA	NA
G3_none_r2	G3	gst	none	2	2	32641	95224983	9184	9184	0	0.000000	0.000000	0.000000	2820	2820	0	0.000000	0.000000	0.000000	1352	1352	4680	4680	6748988	6748544	6385572	6385128	1038012	1038012	1124	1124	4680	4680	-444	-0.433594	-0.454656	0	0	52.411574	45.617777	0.000000	72	0	20008.433155	NA	NA	NA	NA	NA	NA
G3_none_r2	G3	gst	none	2	3	32641	95224983	9312	9312	0	0.000000	0.000000	0.000000	2948	2948	0	0.000000	0.000000	0.000000	1352	1352	4808	4808	6758632	6758976	6394960	6395304	1038596	1038596	1124	1124	4808	4808	344	0.335938	0.352256	0	0	44.881704	46.418130	0.000000	120	0	20009.914951	NA	NA	NA	NA	NA	NA
G3_none_r2	G3	gst	none	2	4	32641	95224983	9432	9432	0	0.000000	0.000000	0.000000	2952	2952	0	0.000000	0.000000	0.000000	1468	1468	4928	4928	6794008	6794180	6430080	6430252	999304	999304	1124	1124	4928	4928	172	0.167969	0.176128	0	0	44.912667	44.992871	0.000000	92	0	20008.126932	NA	NA	NA	NA	NA	NA
G3_none_r2	G3	gst	none	2	5	32641	95224983	9428	9428	0	0.000000	0.000000	0.000000	2952	2952	0	0.000000	0.000000	0.000000	1464	1464	4924	4924	6741952	6742396	6377768	6378212	1038728	1038728	1124	1124	4924	4924	444	0.433594	0.454656	0	0	45.059519	47.067056	0.000000	86	0	20012.752414	NA	NA	NA	NA	NA	NA
G3_none_r2	G3	gst	none	2	6	32641	95224983	9428	9428	0	0.000000	0.000000	0.000000	2952	2952	0	0.000000	0.000000	0.000000	1464	1464	4924	4924	6802996	6802856	6438548	6438368	984152	984192	1124	1124	4924	4924	-140	-0.136719	-0.143360	0	0	45.184704	45.466167	0.000000	21	0	20010.220784	NA	NA	NA	NA	NA	NA
G3_none_r2	G3	gst	none	2	7	32641	95224983	9428	9428	0	0.000000	0.000000	0.000000	2952	2952	0	0.000000	0.000000	0.000000	1464	1464	4924	4924	6772244	6772072	6407528	6407356	1026416	1026416	1124	1124	4924	4924	-172	-0.167969	-0.176128	0	0	44.982426	45.014389	0.000000	90	0	20007.200062	NA	NA	NA	NA	NA	NA
G3_none_r2	G3	gst	none	2	8	32641	95224983	9448	9448	0	0.000000	0.000000	0.000000	2952	2952	0	0.000000	0.000000	0.000000	1484	1484	4944	4944	6780340	6780928	6415376	6415964	1023408	1023408	1124	1124	4944	4944	588	0.574219	0.602112	0	0	44.773352	45.029982	0.000000	40	0	20006.922192	NA	NA	NA	NA	NA	NA
G3_none_r2	G3	gst	none	2	9	32641	95224983	9496	9496	0	0.000000	0.000000	0.000000	3004	3004	0	0.000000	0.000000	0.000000	1480	1480	4992	4992	6714088	6713816	6348860	6348588	1068424	1068424	1128	1128	4992	4992	-272	-0.265625	-0.278528	0	0	44.980852	45.525185	0.000000	150	0	20007.110192	NA	NA	NA	NA	NA	NA
G3_none_r2	G3	gst	none	2	10	32641	95224983	9492	9492	0	0.000000	0.000000	0.000000	3000	3000	0	0.000000	0.000000	0.000000	1480	1480	4988	4988	6763048	6762948	6397560	6397460	1031612	1034364	1128	1128	4988	4988	-100	-0.097656	-0.102400	0	0	52.276648	51.046407	0.000000	84	0	20019.978470	NA	NA	NA	NA	NA	NA
G3_none_r2	G3	gst	none	2	11	32641	95224983	9460	9460	0	0.000000	0.000000	0.000000	3000	3000	0	0.000000	0.000000	0.000000	1448	1448	4956	4956	6792408	6792308	6426668	6426568	1004060	1004060	1128	1128	4956	4956	-100	-0.097656	-0.102400	0	0	46.011481	46.916389	0.000000	147	0	20007.935025	NA	NA	NA	NA	NA	NA
G3_none_r2	G3	gst	none	2	12	32641	95224983	9460	9460	0	0.000000	0.000000	0.000000	3000	3000	0	0.000000	0.000000	0.000000	1448	1448	4956	4956	6769488	6769788	6403484	6403716	1024540	1024600	1128	1128	4956	4956	300	0.292969	0.307200	0	0	45.368296	45.620426	0.000000	84	0	20007.320377	NA	NA	NA	NA	NA	NA
G3_none_r2	G3	gst	none	2	13	32641	95224983	9460	9460	0	0.000000	0.000000	0.000000	3000	3000	0	0.000000	0.000000	0.000000	1448	1448	4956	4956	6810764	6810936	6444496	6444668	988220	988220	1128	1128	4956	4956	172	0.167969	0.176128	0	0	45.222630	45.228648	0.000000	147	0	20007.952043	NA	NA	NA	NA	NA	NA
G3_none_r2	G3	gst	none	2	14	32641	95224983	9460	9460	0	0.000000	0.000000	0.000000	3000	3000	0	0.000000	0.000000	0.000000	1448	1448	4956	4956	6767064	6766892	6400540	6400368	1032396	1032396	1128	1128	4956	4956	-172	-0.167969	-0.176128	0	0	45.025982	44.752130	0.000000	84	0	20008.241229	NA	NA	NA	NA	NA	NA
G3_none_r2	G3	gst	none	2	15	32641	95224983	9460	9460	0	0.000000	0.000000	0.000000	3000	3000	0	0.000000	0.000000	0.000000	1448	1448	4956	4956	6708568	6709060	6341780	6342272	1084192	1084192	1128	1128	4956	4956	492	0.480469	0.503808	0	0	45.063722	45.246703	0.000000	144	0	20007.122192	NA	NA	NA	NA	NA	NA
G3_none_r2	G3	gst	none	2	16	32641	95224983	9460	9460	0	0.000000	0.000000	0.000000	3000	3000	0	0.000000	0.000000	0.000000	1448	1448	4956	4956	6746576	6746920	6379532	6379876	1041728	1041728	1128	1128	4956	4956	344	0.335938	0.352256	0	0	44.687148	44.954945	0.000000	84	0	20007.215025	NA	NA	NA	NA	NA	NA
G3_none_r2	G3	gst	none	2	17	32641	95224983	9460	9460	0	0.000000	0.000000	0.000000	3000	3000	0	0.000000	0.000000	0.000000	1448	1448	4956	4956	6793552	6793316	6426252	6426004	1001392	1001404	1128	1128	4956	4956	-236	-0.230469	-0.241664	0	0	51.867796	46.141926	0.000000	144	0	20006.932951	NA	NA	NA	NA	NA	NA
G3_none_r2	G3	gst	none	2	18	32641	95224983	9460	9460	0	0.000000	0.000000	0.000000	3000	3000	0	0.000000	0.000000	0.000000	1448	1448	4956	4956	6757596	6757212	6390048	6389664	1041860	1041860	1128	1128	4956	4956	-384	-0.375000	-0.393216	0	0	44.936426	45.036148	0.000000	84	0	20008.057099	NA	NA	NA	NA	NA	NA
G3_none_r2	G3	gst	none	2	19	32641	95224983	9460	9460	0	0.000000	0.000000	0.000000	3000	3000	0	0.000000	0.000000	0.000000	1448	1448	4956	4956	6753576	6753232	6385780	6385436	1042092	1042092	1128	1128	4956	4956	-344	-0.335938	-0.352256	0	0	44.793093	45.035667	0.000000	144	0	20007.123266	NA	NA	NA	NA	NA	NA
G3_none_r2	G3	gst	none	2	20	32641	95224983	9460	9460	0	0.000000	0.000000	0.000000	3000	3000	0	0.000000	0.000000	0.000000	1448	1448	4956	4956	6747308	6747652	6379232	6379576	1040656	1040656	1128	1128	4956	4956	344	0.335938	0.352256	0	0	44.984018	44.842889	0.000000	84	0	20008.083766	NA	NA	NA	NA	NA	NA
G3_none_r2	G3	gst	none	2	21	32641	95224983	9460	9460	0	0.000000	0.000000	0.000000	3000	3000	0	0.000000	0.000000	0.000000	1448	1448	4956	4956	6789120	6788836	6420804	6420520	1002368	1002368	1128	1128	4956	4956	-284	-0.277344	-0.290816	0	0	44.960167	45.383944	0.000000	144	0	20007.400562	NA	NA	NA	NA	NA	NA
G3_none_r2	G3	gst	none	2	22	32641	95224983	9460	9460	0	0.000000	0.000000	0.000000	3000	3000	0	0.000000	0.000000	0.000000	1448	1448	4956	4956	6751256	6751600	6382672	6383016	1042832	1042832	1128	1128	4956	4956	344	0.335938	0.352256	0	0	45.175759	45.466778	0.000000	84	0	20008.832044	NA	NA	NA	NA	NA	NA
G3_none_r2	G3	gst	none	2	23	32641	95224983	9460	9460	0	0.000000	0.000000	0.000000	3000	3000	0	0.000000	0.000000	0.000000	1448	1448	4956	4956	6758120	6757332	6389284	6388496	1043412	1043412	1128	1128	4956	4956	-788	-0.769531	-0.806912	0	0	44.997186	49.610463	0.000000	144	0	20007.428692	NA	NA	NA	NA	NA	NA
G3_none_r2	G3	gst	none	2	24	32641	95224983	9520	9520	0	0.000000	0.000000	0.000000	3000	3000	0	0.000000	0.000000	0.000000	1508	1508	5016	5016	6792560	6794020	6423480	6424904	1006164	1006192	1128	1128	5016	5016	1460	1.425781	1.495040	0	0	45.357241	45.193204	0.000000	75	0	20007.417933	NA	NA	NA	NA	NA	NA
G3_none_r2	G3	gst	none	2	25	32641	95224983	9520	9520	0	0.000000	0.000000	0.000000	3000	3000	0	0.000000	0.000000	0.000000	1508	1508	5016	5016	6761152	6761472	6391808	6392128	1027660	1027660	1128	1128	5016	5016	320	0.312500	0.327680	0	0	45.762037	45.476982	0.000000	132	0	20009.011006	NA	NA	NA	NA	NA	NA
G3_none_r2	G3	gst	none	2	26	32641	95224983	9460	9460	0	0.000000	0.000000	0.000000	3000	3000	0	0.000000	0.000000	0.000000	1448	1448	4956	4956	6707392	6707220	6337776	6337604	1087180	1087180	1128	1128	4956	4956	-172	-0.167969	-0.176128	0	0	45.102296	47.659408	0.000000	87	0	20007.702099	NA	NA	NA	NA	NA	NA
G3_none_r2	G3	gst	none	2	27	32641	95224983	9460	9460	0	0.000000	0.000000	0.000000	3000	3000	0	0.000000	0.000000	0.000000	1448	1448	4956	4956	6791320	6767092	6421456	6397228	1009032	1026060	1128	1128	4956	4956	-24228	-23.660156	-24.809472	0	0	65.267333	46.436500	0.000000	144	0	20007.134988	NA	NA	NA	NA	NA	NA
G3_none_r2	G3	gst	none	2	28	32641	95224983	9460	9460	0	0.000000	0.000000	0.000000	3000	3000	0	0.000000	0.000000	0.000000	1448	1448	4956	4956	6769508	6769312	6399400	6399204	1032648	1032648	1128	1128	4956	4956	-196	-0.191406	-0.200704	0	0	44.971222	47.320130	0.000000	39	0	20008.173969	NA	NA	NA	NA	NA	NA
G3_none_r2	G3	gst	none	2	29	32641	95224983	9460	9460	0	0.000000	0.000000	0.000000	3000	3000	0	0.000000	0.000000	0.000000	1448	1448	4956	4956	6762616	6763336	6392240	6392928	1028448	1028480	1128	1128	4956	4956	720	0.703125	0.737280	0	0	46.007130	45.139055	0.000000	104	0	20007.963969	NA	NA	NA	NA	NA	NA
G3_none_r2	G3	gst	none	2	30	32641	95224983	9460	9460	0	0.000000	0.000000	0.000000	3000	3000	0	0.000000	0.000000	0.000000	1448	1448	4956	4956	6729512	6729856	6358896	6359240	1073476	1073476	1128	1128	4956	4956	344	0.335938	0.352256	0	0	45.069963	45.813926	0.000000	31	0	20007.527877	NA	NA	NA	NA	NA	NA
G3_none_r2	G3	gst	none	2	31	32641	95224983	9460	9460	0	0.000000	0.000000	0.000000	3000	3000	0	0.000000	0.000000	0.000000	1448	1448	4956	4956	6769048	6769392	6406348	6406692	1025184	1025184	1128	1128	4956	4956	344	0.335938	0.352256	0	0	45.132444	45.199148	0.000000	87	0	20007.725544	NA	NA	NA	NA	NA	NA
G3_none_r2	G3	gst	none	2	32	32641	95224983	9400	9400	0	0.000000	0.000000	0.000000	3000	3000	0	0.000000	0.000000	0.000000	1388	1388	4896	4896	6771376	6771304	6408420	6408348	1020976	1020976	1128	1128	4896	4896	-72	-0.070312	-0.073728	0	0	44.899667	45.283074	0.000000	45	0	20009.487340	NA	NA	NA	NA	NA	NA
G3_none_r2	G3	gst	none	2	33	32641	95224983	9400	9400	0	0.000000	0.000000	0.000000	3000	3000	0	0.000000	0.000000	0.000000	1388	1388	4896	4896	6764816	6765160	6401608	6401952	1025324	1025324	1128	1128	4896	4896	344	0.335938	0.352256	0	0	44.825389	45.335704	0.000000	123	0	20006.719988	NA	NA	NA	NA	NA	NA
G3_none_r2	G3	gst	none	2	34	32641	95224983	9616	9616	0	0.000000	0.000000	0.000000	3216	3216	0	0.000000	0.000000	0.000000	1388	1388	5112	5112	6785780	6785864	6422308	6422340	1000364	1000416	1128	1128	5112	5112	84	0.082031	0.086016	0	0	45.306908	44.881666	0.000000	66	0	20011.458932	NA	NA	NA	NA	NA	NA
G3_none_r2	G3	gst	none	2	35	32641	95224983	9400	9400	0	0.000000	0.000000	0.000000	3000	3000	0	0.000000	0.000000	0.000000	1388	1388	4896	4896	6772496	6772508	6408788	6408788	1019812	1019824	1128	1128	4896	4896	12	0.011719	0.012288	0	0	44.956148	45.022352	0.000000	109	0	20006.795155	NA	NA	NA	NA	NA	NA
G3_none_r2	G3	gst	none	2	36	32641	95224983	9400	9400	0	0.000000	0.000000	0.000000	3000	3000	0	0.000000	0.000000	0.000000	1388	1388	4896	4896	6724168	6724168	6360208	6360208	1065236	1065236	1128	1128	4896	4896	0	0.000000	0.000000	0	0	44.988629	44.940185	0.000000	93	0	20007.533432	NA	NA	NA	NA	NA	NA
G3_none_r2	G3	gst	none	2	37	32641	95224983	9740	9740	0	0.000000	0.000000	0.000000	2992	2992	0	0.000000	0.000000	0.000000	1736	1736	5236	5236	6739148	6739712	6374940	6375504	1040936	1040936	1128	1128	5236	5236	564	0.550781	0.577536	0	0	45.125111	44.955408	0.000000	76	0	20006.753840	NA	NA	NA	NA	NA	NA
G3_none_r2	G3	gst	none	2	38	32641	95224983	9768	9768	0	0.000000	0.000000	0.000000	2992	2992	0	0.000000	0.000000	0.000000	1764	1764	5264	5264	6759028	6758732	6394560	6394264	1031164	1031164	1128	1128	5264	5264	-296	-0.289062	-0.303104	0	0	44.680074	44.769612	0.000000	5	0	20007.152580	NA	NA	NA	NA	NA	NA
G3_none_r2	G3	gst	none	2	39	32641	95224983	9768	9768	0	0.000000	0.000000	0.000000	2992	2992	0	0.000000	0.000000	0.000000	1764	1764	5264	5264	6673668	6674052	6308908	6309228	1102360	1102416	1128	1128	5264	5264	384	0.375000	0.393216	0	0	45.370370	49.405370	0.000000	69	0	20006.906877	NA	NA	NA	NA	NA	NA
G3_none_r2	G3	gst	none	2	40	32641	95224983	9768	9768	0	0.000000	0.000000	0.000000	2992	2992	0	0.000000	0.000000	0.000000	1764	1764	5264	5264	6747568	6747740	6382548	6382720	1046636	1046636	1128	1128	5264	5264	172	0.167969	0.176128	0	0	44.977760	45.282241	0.000000	5	0	20007.869321	NA	NA	NA	NA	NA	NA
G3_none_r2	G3	gst	none	2	41	32641	95224983	9768	9768	0	0.000000	0.000000	0.000000	2992	2992	0	0.000000	0.000000	0.000000	1764	1764	5264	5264	6732012	6732012	6366752	6366752	1057904	1057904	1128	1128	5264	5264	0	0.000000	0.000000	0	0	46.171259	45.586666	0.000000	65	0	20008.305025	NA	NA	NA	NA	NA	NA
G3_none_r2	G3	gst	none	2	42	32641	95224983	9768	9768	0	0.000000	0.000000	0.000000	2992	2992	0	0.000000	0.000000	0.000000	1764	1764	5264	5264	6723252	6723520	6357752	6358020	1066588	1066588	1128	1128	5264	5264	268	0.261719	0.274432	0	0	44.718204	45.139907	0.000000	5	0	20007.327154	NA	NA	NA	NA	NA	NA
G3_none_r2	G3	gst	none	2	43	32641	95224983	9768	9768	0	0.000000	0.000000	0.000000	2992	2992	0	0.000000	0.000000	0.000000	1764	1764	5264	5264	6745040	6745040	6379304	6379304	1042368	1042368	1128	1128	5264	5264	0	0.000000	0.000000	0	0	45.088777	44.840166	0.000000	69	0	20007.021636	NA	NA	NA	NA	NA	NA
G3_none_r2	G3	gst	none	2	44	32641	95224983	9768	9768	0	0.000000	0.000000	0.000000	2992	2992	0	0.000000	0.000000	0.000000	1764	1764	5264	5264	6772044	6768332	6406044	6402332	1024856	1026404	1128	1128	5264	5264	-3712	-3.625000	-3.801088	0	0	62.648908	48.163204	0.000000	5	0	20009.365525	NA	NA	NA	NA	NA	NA
G3_none_r2	G3	gst	none	2	45	32641	95224983	9768	9768	0	0.000000	0.000000	0.000000	2992	2992	0	0.000000	0.000000	0.000000	1764	1764	5264	5264	6792572	6792652	6426320	6426344	999908	999956	1128	1128	5264	5264	80	0.078125	0.081920	0	0	53.780667	45.490537	0.000000	69	0	20006.693821	NA	NA	NA	NA	NA	NA
G3_none_r2	G3	gst	none	2	46	32641	95224983	9768	9768	0	0.000000	0.000000	0.000000	2992	2992	0	0.000000	0.000000	0.000000	1764	1764	5264	5264	6715948	6715504	6349420	6348964	1075392	1075404	1128	1128	5264	5264	-444	-0.433594	-0.454656	0	0	45.108945	45.207259	0.000000	5	0	20007.331525	NA	NA	NA	NA	NA	NA
G3_none_r2	G3	gst	none	2	47	32641	95224983	9768	9768	0	0.000000	0.000000	0.000000	2992	2992	0	0.000000	0.000000	0.000000	1764	1764	5264	5264	6742988	6743504	6376196	6376712	1040972	1040972	1128	1128	5264	5264	516	0.503906	0.528384	0	0	44.918167	45.236370	0.000000	69	0	20011.149507	NA	NA	NA	NA	NA	NA
G3_none_r2	G3	gst	none	2	48	32641	95224983	9768	9768	0	0.000000	0.000000	0.000000	2992	2992	0	0.000000	0.000000	0.000000	1764	1764	5264	5264	6790900	6790752	6423872	6423724	1003716	1003716	1128	1128	5264	5264	-148	-0.144531	-0.151552	0	0	44.841000	44.969407	0.000000	5	0	20006.861655	NA	NA	NA	NA	NA	NA
G3_none_r2	G3	gst	none	2	49	32641	95224983	9768	9768	0	0.000000	0.000000	0.000000	2992	2992	0	0.000000	0.000000	0.000000	1764	1764	5264	5264	6772100	6772420	6404808	6405128	1025212	1025212	1128	1128	5264	5264	320	0.312500	0.327680	0	0	44.926537	45.136204	0.000000	69	0	20006.570729	NA	NA	NA	NA	NA	NA
G3_none_r2	G3	gst	none	2	50	32641	95224983	9768	9768	0	0.000000	0.000000	0.000000	2992	2992	0	0.000000	0.000000	0.000000	1764	1764	5264	5264	6748256	6747840	6380708	6380292	1044068	1044068	1128	1128	5264	5264	-416	-0.406250	-0.425984	0	0	45.416352	49.913685	0.000000	5	0	20009.048914	NA	NA	NA	NA	NA	NA
G3_none_r2	G3	gst	none	2	51	32641	95224983	9768	9768	0	0.000000	0.000000	0.000000	2992	2992	0	0.000000	0.000000	0.000000	1764	1764	5264	5264	6765312	6765428	6397520	6397556	1029984	1030052	1128	1128	5264	5264	116	0.113281	0.118784	0	0	45.196000	48.809203	0.000000	NA	NA	20014.251007	NA	NA	NA	NA	NA	NA
G3_none_r3	G3	gst	none	3	1	10109	95334908	8880	8880	0	0.000000	0.000000	0.000000	2564	2564	0	0.000000	0.000000	0.000000	1304	1304	4376	4376	6765304	6765476	6396652	6396824	1028080	1028080	1120	1120	4376	4376	172	0.167969	0.176128	0	0	45.094037	44.762722	0.000000	170	0	20025.520525	NA	NA	NA	NA	NA	NA
G3_none_r3	G3	gst	none	3	2	10109	95334908	9180	9180	0	0.000000	0.000000	0.000000	2824	2824	0	0.000000	0.000000	0.000000	1344	1344	4676	4676	6769040	6796904	6400124	6427988	1029660	1006268	1124	1124	4676	4676	27864	27.210938	28.532736	0	0	45.051555	48.971870	0.000000	83	0	20009.875711	NA	NA	NA	NA	NA	NA
G3_none_r3	G3	gst	none	3	3	10109	95334908	9356	9356	0	0.000000	0.000000	0.000000	2992	2992	0	0.000000	0.000000	0.000000	1352	1352	4852	4852	6784744	6784744	6415576	6415576	1005744	1005744	1124	1124	4852	4852	0	0.000000	0.000000	0	0	45.093444	45.240223	0.000000	103	0	20009.191599	NA	NA	NA	NA	NA	NA
G3_none_r3	G3	gst	none	3	4	10109	95334908	9360	9360	0	0.000000	0.000000	0.000000	2996	2996	0	0.000000	0.000000	0.000000	1352	1352	4856	4856	6727512	6727684	6358088	6358260	1068344	1068344	1124	1124	4856	4856	172	0.167969	0.176128	0	0	44.902778	45.311000	0.000000	56	0	20009.299488	NA	NA	NA	NA	NA	NA
G3_none_r3	G3	gst	none	3	5	10109	95334908	9416	9416	0	0.000000	0.000000	0.000000	2996	2996	0	0.000000	0.000000	0.000000	1408	1408	4912	4912	6733924	6734964	6364244	6365244	1070940	1070972	1124	1124	4912	4912	1040	1.015625	1.064960	0	0	45.686407	45.453297	0.000000	167	0	20010.540895	NA	NA	NA	NA	NA	NA
G3_none_r3	G3	gst	none	3	6	10109	95334908	9816	9816	0	0.000000	0.000000	0.000000	2996	2996	0	0.000000	0.000000	0.000000	1808	1808	5312	5312	6786292	6786292	6416344	6416344	1003384	1003384	1124	1124	5312	5312	0	0.000000	0.000000	0	0	57.484278	45.079630	0.000000	6	0	20013.191896	NA	NA	NA	NA	NA	NA
G3_none_r3	G3	gst	none	3	7	10109	95334908	9820	9820	0	0.000000	0.000000	0.000000	2996	2996	0	0.000000	0.000000	0.000000	1812	1812	5316	5316	6758188	6758016	6387984	6387812	1043860	1043860	1124	1124	5316	5316	-172	-0.167969	-0.176128	0	0	44.732796	45.769203	0.000000	68	0	20006.668951	NA	NA	NA	NA	NA	NA
G3_none_r3	G3	gst	none	3	8	10109	95334908	9828	9828	0	0.000000	0.000000	0.000000	2996	2996	0	0.000000	0.000000	0.000000	1820	1820	5324	5324	6759584	6759904	6389124	6389444	1044448	1044448	1124	1124	5324	5324	320	0.312500	0.327680	0	0	45.317870	45.573037	0.000000	6	0	20008.216896	NA	NA	NA	NA	NA	NA
G3_none_r3	G3	gst	none	3	9	10109	95334908	9832	9832	0	0.000000	0.000000	0.000000	3000	3000	0	0.000000	0.000000	0.000000	1820	1820	5328	5328	6795148	6795148	6424432	6424432	1004116	1004116	1128	1128	5328	5328	0	0.000000	0.000000	0	0	44.942388	46.001704	0.000000	66	0	20007.617747	NA	NA	NA	NA	NA	NA
G3_none_r3	G3	gst	none	3	10	10109	95334908	9832	9832	0	0.000000	0.000000	0.000000	3000	3000	0	0.000000	0.000000	0.000000	1820	1820	5328	5328	6751364	6751708	6380392	6380736	1044580	1044580	1128	1128	5328	5328	344	0.335938	0.352256	0	0	45.080944	45.222278	0.000000	5	0	20007.816451	NA	NA	NA	NA	NA	NA
G3_none_r3	G3	gst	none	3	11	10109	95334908	9832	9832	0	0.000000	0.000000	0.000000	3000	3000	0	0.000000	0.000000	0.000000	1820	1820	5328	5328	6761716	6761836	6390504	6390596	1045160	1044836	1128	1128	5328	5328	120	0.117188	0.122880	0	0	55.495315	49.890945	0.000000	66	0	20010.551562	NA	NA	NA	NA	NA	NA
G3_none_r3	G3	gst	none	3	12	10109	95334908	9832	9832	0	0.000000	0.000000	0.000000	3000	3000	0	0.000000	0.000000	0.000000	1820	1820	5328	5328	6799112	6799776	6427632	6428296	990232	990232	1128	1128	5328	5328	664	0.648438	0.679936	0	0	46.262704	46.193444	0.000000	5	0	20007.554544	NA	NA	NA	NA	NA	NA
G3_none_r3	G3	gst	none	3	13	10109	95334908	9832	9832	0	0.000000	0.000000	0.000000	3000	3000	0	0.000000	0.000000	0.000000	1820	1820	5328	5328	6765092	6765092	6393360	6393360	1032500	1032500	1128	1128	5328	5328	0	0.000000	0.000000	0	0	45.186074	45.189648	0.000000	66	0	20006.610432	NA	NA	NA	NA	NA	NA
G3_none_r3	G3	gst	none	3	14	10109	95334908	9832	9832	0	0.000000	0.000000	0.000000	3000	3000	0	0.000000	0.000000	0.000000	1820	1820	5328	5328	6776124	6776552	6404136	6404564	1032024	1032024	1128	1128	5328	5328	428	0.417969	0.438272	0	0	45.182426	44.780555	0.000000	26	0	20007.134711	NA	NA	NA	NA	NA	NA
G3_none_r3	G3	gst	none	3	15	10109	95334908	9428	9428	0	0.000000	0.000000	0.000000	3000	3000	0	0.000000	0.000000	0.000000	1416	1416	4924	4924	6805872	6805872	6433628	6433628	996408	996408	1128	1128	4924	4924	0	0.000000	0.000000	0	0	44.728537	44.643667	0.000000	95	0	20007.217063	NA	NA	NA	NA	NA	NA
G3_none_r3	G3	gst	none	3	16	10109	95334908	9428	9428	0	0.000000	0.000000	0.000000	3000	3000	0	0.000000	0.000000	0.000000	1416	1416	4924	4924	6770392	6769952	6397884	6397444	1033224	1033224	1128	1128	4924	4924	-440	-0.429688	-0.450560	0	0	44.785055	45.367037	0.000000	40	0	20006.727358	NA	NA	NA	NA	NA	NA
G3_none_r3	G3	gst	none	3	17	10109	95334908	9428	9428	0	0.000000	0.000000	0.000000	3000	3000	0	0.000000	0.000000	0.000000	1416	1416	4924	4924	6766280	6766008	6393532	6393260	1032744	1032744	1128	1128	4924	4924	-272	-0.265625	-0.278528	0	0	44.830889	53.510092	0.000000	136	0	20006.703710	NA	NA	NA	NA	NA	NA
G3_none_r3	G3	gst	none	3	18	10109	95334908	9444	9444	0	0.000000	0.000000	0.000000	3000	3000	0	0.000000	0.000000	0.000000	1432	1432	4940	4940	6758968	6759212	6385972	6386216	1049216	1049216	1128	1128	4940	4940	244	0.238281	0.249856	0	0	44.843148	45.223592	0.000000	44	0	20007.763525	NA	NA	NA	NA	NA	NA
G3_none_r3	G3	gst	none	3	19	10109	95334908	9440	9440	0	0.000000	0.000000	0.000000	2996	2996	0	0.000000	0.000000	0.000000	1432	1432	4936	4936	6797084	6788580	6423788	6415272	1010196	1016064	1128	1128	4936	4936	-8504	-8.304688	-8.708096	0	0	47.341685	61.947018	0.000000	109	0	20007.161377	NA	NA	NA	NA	NA	NA
G3_none_r3	G3	gst	none	3	20	10109	95334908	9500	9500	0	0.000000	0.000000	0.000000	2996	2996	0	0.000000	0.000000	0.000000	1492	1492	4996	4996	6800864	6801108	6427308	6427552	1009912	1009912	1128	1128	4996	4996	244	0.238281	0.249856	0	0	44.920074	45.422537	0.000000	29	0	20007.995600	NA	NA	NA	NA	NA	NA
G3_none_r3	G3	gst	none	3	21	10109	95334908	9500	9500	0	0.000000	0.000000	0.000000	2996	2996	0	0.000000	0.000000	0.000000	1492	1492	4996	4996	6770880	6770512	6397048	6396624	1031332	1031388	1128	1128	4996	4996	-368	-0.359375	-0.376832	0	0	44.881352	45.382203	0.000000	95	0	20008.148173	NA	NA	NA	NA	NA	NA
G3_none_r3	G3	gst	none	3	22	10109	95334908	9500	9500	0	0.000000	0.000000	0.000000	2996	2996	0	0.000000	0.000000	0.000000	1492	1492	4996	4996	6813472	6813128	6439376	6439032	995016	995016	1128	1128	4996	4996	-344	-0.335938	-0.352256	0	0	47.784130	46.752981	0.000000	33	0	20006.842951	NA	NA	NA	NA	NA	NA
G3_none_r3	G3	gst	none	3	23	10109	95334908	9500	9500	0	0.000000	0.000000	0.000000	2996	2996	0	0.000000	0.000000	0.000000	1492	1492	4996	4996	6763296	6763688	6388940	6389332	1034896	1034896	1128	1128	4996	4996	392	0.382812	0.401408	0	0	45.321518	44.824148	0.000000	94	0	20006.647803	NA	NA	NA	NA	NA	NA
G3_none_r3	G3	gst	none	3	24	10109	95334908	9500	9500	0	0.000000	0.000000	0.000000	2996	2996	0	0.000000	0.000000	0.000000	1492	1492	4996	4996	6777504	6777292	6402880	6402668	1031884	1031884	1128	1128	4996	4996	-212	-0.207031	-0.217088	0	0	45.070259	45.140426	0.000000	31	0	20007.007377	NA	NA	NA	NA	NA	NA
G3_none_r3	G3	gst	none	3	25	10109	95334908	9496	9496	0	0.000000	0.000000	0.000000	2996	2996	0	0.000000	0.000000	0.000000	1488	1488	4992	4992	6720452	6720452	6345540	6345540	1076920	1076920	1128	1128	4992	4992	0	0.000000	0.000000	0	0	45.671593	44.884518	0.000000	134	0	20007.218358	NA	NA	NA	NA	NA	NA
G3_none_r3	G3	gst	none	3	26	10109	95334908	9440	9440	0	0.000000	0.000000	0.000000	2996	2996	0	0.000000	0.000000	0.000000	1432	1432	4936	4936	6801544	6801308	6426364	6426084	1008192	1008220	1128	1128	4936	4936	-236	-0.230469	-0.241664	0	0	44.752796	45.148148	0.000000	46	0	20007.052303	NA	NA	NA	NA	NA	NA
G3_none_r3	G3	gst	none	3	27	10109	95334908	9440	9440	0	0.000000	0.000000	0.000000	2996	2996	0	0.000000	0.000000	0.000000	1432	1432	4936	4936	6755024	6755404	6379564	6379944	1048656	1048656	1128	1128	4936	4936	380	0.371094	0.389120	0	0	45.101500	50.059315	0.000000	111	0	20006.554506	NA	NA	NA	NA	NA	NA
G3_none_r3	G3	gst	none	3	28	10109	95334908	9440	9440	0	0.000000	0.000000	0.000000	2996	2996	0	0.000000	0.000000	0.000000	1432	1432	4936	4936	6745772	6746116	6370044	6370388	1048972	1048972	1128	1128	4936	4936	344	0.335938	0.352256	0	0	44.774259	45.259204	0.000000	114	0	20008.465136	NA	NA	NA	NA	NA	NA
G3_none_r3	G3	gst	none	3	29	10109	95334908	9500	9500	0	0.000000	0.000000	0.000000	3056	3056	0	0.000000	0.000000	0.000000	1432	1432	4996	4996	6760172	6760344	6384188	6384360	1049480	1049480	1128	1128	4996	4996	172	0.167969	0.176128	0	0	44.742518	45.021945	0.000000	159	0	20007.332192	NA	NA	NA	NA	NA	NA
G3_none_r3	G3	gst	none	3	30	10109	95334908	9516	9516	0	0.000000	0.000000	0.000000	3072	3072	0	0.000000	0.000000	0.000000	1432	1432	5012	5012	6793336	6792720	6417084	6416468	1009148	1009148	1128	1128	5012	5012	-616	-0.601562	-0.630784	0	0	44.545037	44.760481	0.000000	97	0	20007.484043	NA	NA	NA	NA	NA	NA
G3_none_r3	G3	gst	none	3	31	10109	95334908	9516	9516	0	0.000000	0.000000	0.000000	3072	3072	0	0.000000	0.000000	0.000000	1432	1432	5012	5012	6747392	6747292	6370856	6370756	1049616	1049616	1128	1128	5012	5012	-100	-0.097656	-0.102400	0	0	44.997963	45.463685	0.000000	155	0	20008.432766	NA	NA	NA	NA	NA	NA
G3_none_r3	G3	gst	none	3	32	10109	95334908	9516	9516	0	0.000000	0.000000	0.000000	3072	3072	0	0.000000	0.000000	0.000000	1432	1432	5012	5012	6756096	6755552	6379308	6378716	1050200	1050248	1128	1128	5012	5012	-544	-0.531250	-0.557056	0	0	49.441463	46.126444	0.000000	94	0	20007.860396	NA	NA	NA	NA	NA	NA
G3_none_r3	G3	gst	none	3	33	10109	95334908	9516	9516	0	0.000000	0.000000	0.000000	3072	3072	0	0.000000	0.000000	0.000000	1432	1432	5012	5012	6787376	6787548	6410296	6410468	1009864	1009864	1128	1128	5012	5012	172	0.167969	0.176128	0	0	51.625037	45.248945	0.000000	156	0	20007.397933	NA	NA	NA	NA	NA	NA
G3_none_r3	G3	gst	none	3	34	10109	95334908	9736	9736	0	0.000000	0.000000	0.000000	3292	3292	0	0.000000	0.000000	0.000000	1432	1432	5232	5232	6766996	6766996	6389672	6389672	1032948	1032948	1128	1128	5232	5232	0	0.000000	0.000000	0	0	45.256148	44.984815	0.000000	94	0	20007.370248	NA	NA	NA	NA	NA	NA
G3_none_r3	G3	gst	none	3	35	10109	95334908	9516	9516	0	0.000000	0.000000	0.000000	3072	3072	0	0.000000	0.000000	0.000000	1432	1432	5012	5012	6748816	6748644	6371188	6371016	1042864	1042864	1128	1128	5012	5012	-172	-0.167969	-0.176128	0	0	44.980815	45.272463	0.000000	156	0	20007.005562	NA	NA	NA	NA	NA	NA
G3_none_r3	G3	gst	none	3	36	10109	95334908	9516	9516	0	0.000000	0.000000	0.000000	3072	3072	0	0.000000	0.000000	0.000000	1432	1432	5012	5012	6788448	6780536	6410452	6402540	1011404	1021208	1128	1128	5012	5012	-7912	-7.726562	-8.101888	0	0	53.191759	47.337963	0.000000	96	0	20008.628488	NA	NA	NA	NA	NA	NA
G3_none_r3	G3	gst	none	3	37	10109	95334908	9516	9516	0	0.000000	0.000000	0.000000	3072	3072	0	0.000000	0.000000	0.000000	1432	1432	5012	5012	6766260	6765648	6388076	6387464	1027944	1027944	1128	1128	5012	5012	-612	-0.597656	-0.626688	0	0	44.821981	45.296055	0.000000	157	0	20006.809655	NA	NA	NA	NA	NA	NA
G3_none_r3	G3	gst	none	3	38	10109	95334908	9516	9516	0	0.000000	0.000000	0.000000	3072	3072	0	0.000000	0.000000	0.000000	1432	1432	5012	5012	6742656	6742884	6364188	6364392	1051280	1051304	1128	1128	5012	5012	228	0.222656	0.233472	0	0	44.876889	45.718537	0.000000	96	0	20007.905747	NA	NA	NA	NA	NA	NA
G3_none_r3	G3	gst	none	3	39	10109	95334908	9516	9516	0	0.000000	0.000000	0.000000	3072	3072	0	0.000000	0.000000	0.000000	1432	1432	5012	5012	6743588	6743612	6364856	6364880	1051880	1051880	1128	1128	5012	5012	24	0.023438	0.024576	0	0	45.011260	45.005093	0.000000	98	0	20015.901321	NA	NA	NA	NA	NA	NA
G3_none_r3	G3	gst	none	3	40	10109	95334908	9516	9516	0	0.000000	0.000000	0.000000	3072	3072	0	0.000000	0.000000	0.000000	1432	1432	5012	5012	6788476	6788720	6409452	6409696	1014628	1014628	1128	1128	5012	5012	244	0.238281	0.249856	0	0	44.651445	45.181870	0.000000	33	0	20007.010006	NA	NA	NA	NA	NA	NA
G3_none_r3	G3	gst	none	3	41	10109	95334908	9512	9512	0	0.000000	0.000000	0.000000	3068	3068	0	0.000000	0.000000	0.000000	1432	1432	5008	5008	6773556	6774144	6394292	6394880	1036116	1036116	1128	1128	5008	5008	588	0.574219	0.602112	0	0	44.721778	45.080852	0.000000	103	0	20006.466377	NA	NA	NA	NA	NA	NA
G3_none_r3	G3	gst	none	3	42	10109	95334908	9732	9732	0	0.000000	0.000000	0.000000	3288	3288	0	0.000000	0.000000	0.000000	1432	1432	5228	5228	6807904	6807904	6428376	6428376	1000832	1000832	1128	1128	5228	5228	0	0.000000	0.000000	0	0	44.865722	44.976926	0.000000	44	0	20007.209377	NA	NA	NA	NA	NA	NA
G3_none_r3	G3	gst	none	3	43	10109	95334908	9512	9512	0	0.000000	0.000000	0.000000	3068	3068	0	0.000000	0.000000	0.000000	1432	1432	5008	5008	6762288	6762160	6382484	6382312	1043972	1044000	1128	1128	5008	5008	-128	-0.125000	-0.131072	0	0	44.778408	45.118926	0.000000	105	0	20007.124026	NA	NA	NA	NA	NA	NA
G3_none_r3	G3	gst	none	3	44	10109	95334908	9512	9512	0	0.000000	0.000000	0.000000	3068	3068	0	0.000000	0.000000	0.000000	1432	1432	5008	5008	6701016	6701360	6320864	6321208	1107164	1107164	1128	1128	5008	5008	344	0.335938	0.352256	0	0	44.695833	49.929741	0.000000	45	0	20007.356025	NA	NA	NA	NA	NA	NA
G3_none_r3	G3	gst	none	3	45	10109	95334908	9512	9512	0	0.000000	0.000000	0.000000	3068	3068	0	0.000000	0.000000	0.000000	1432	1432	5008	5008	6791088	6791408	6410732	6411052	1021036	1021036	1128	1128	5008	5008	320	0.312500	0.327680	0	0	44.999629	45.355296	0.000000	157	0	20008.688543	NA	NA	NA	NA	NA	NA
G3_none_r3	G3	gst	none	3	46	10109	95334908	9868	9868	0	0.000000	0.000000	0.000000	3064	3064	0	0.000000	0.000000	0.000000	1792	1792	5364	5364	6726272	6726468	6345624	6345820	1079892	1079892	1128	1128	5364	5364	196	0.191406	0.200704	0	0	44.833889	45.871370	0.000000	7	0	20008.065858	NA	NA	NA	NA	NA	NA
G3_none_r3	G3	gst	none	3	47	10109	95334908	9868	9868	0	0.000000	0.000000	0.000000	3056	3056	0	0.000000	0.000000	0.000000	1800	1800	5364	5364	6764680	6764608	6383768	6383696	1040448	1040448	1128	1128	5364	5364	-72	-0.070312	-0.073728	0	0	45.511945	45.561056	0.000000	71	0	20006.943154	NA	NA	NA	NA	NA	NA
G3_none_r3	G3	gst	none	3	48	10109	95334908	9872	9872	0	0.000000	0.000000	0.000000	3056	3056	0	0.000000	0.000000	0.000000	1804	1804	5368	5368	6742652	6742632	6361416	6361372	1053688	1053712	1128	1128	5368	5368	-20	-0.019531	-0.020480	0	0	44.599352	45.140352	0.000000	5	0	20006.982433	NA	NA	NA	NA	NA	NA
G3_none_r3	G3	gst	none	3	49	10109	95334908	9872	9872	0	0.000000	0.000000	0.000000	3056	3056	0	0.000000	0.000000	0.000000	1804	1804	5368	5368	6800532	6800260	6419048	6418776	999108	999108	1128	1128	5368	5368	-272	-0.265625	-0.278528	0	0	45.008667	48.052852	0.000000	66	0	20006.439488	NA	NA	NA	NA	NA	NA
G3_none_r3	G3	gst	none	3	50	10109	95334908	10092	10092	0	0.000000	0.000000	0.000000	3276	3276	0	0.000000	0.000000	0.000000	1804	1804	5588	5588	6762264	6762460	6380512	6380708	1041368	1041368	1128	1128	5588	5588	196	0.191406	0.200704	0	0	45.338722	45.205574	0.000000	5	0	20009.804581	NA	NA	NA	NA	NA	NA
G3_none_r3	G3	gst	none	3	51	10109	95334908	9872	9872	0	0.000000	0.000000	0.000000	3056	3056	0	0.000000	0.000000	0.000000	1804	1804	5368	5368	6774160	6774308	6392128	6392276	1040896	1040896	1128	1128	5368	5368	148	0.144531	0.151552	0	0	45.866482	45.507981	0.000000	NA	NA	20013.411673	NA	NA	NA	NA	NA	NA
G3_trim_r3	G3	gst	trim	3	1	19790	95444799	8896	7024	1872	1.828125	1.916928	21.043165	2564	1240	1324	1.292969	1.355776	51.638066	1320	772	4392	2520	6772248	6775232	6389336	6392320	1042436	1042436	1120	1116	4392	2520	2984	2.914062	3.055616	0	0	45.701093	44.684926	0.843612	537	0	20018.184229	NA	NA	NA	2812	2.746094	2.879488
G3_trim_r3	G3	gst	trim	3	2	19790	95444799	8804	7392	1412	1.378906	1.445888	16.038164	2416	1544	872	0.851562	0.892928	36.092715	1376	836	4300	2888	6765692	6765692	6382492	6382492	1039432	1039432	1124	1120	4300	2888	0	0.000000	0.000000	0	0	44.940704	44.762463	0.598389	481	0	20012.548655	NA	NA	NA	-27864	-27.210938	-28.532736
G3_trim_r3	G3	gst	trim	3	3	19790	95444799	9176	7680	1496	1.460938	1.531904	16.303400	2792	1756	1036	1.011719	1.060864	37.106017	1372	912	4672	3176	6745508	6733712	6362040	6350244	1052808	1066396	1124	1120	4672	3176	-11796	-11.519531	-12.079104	0	0	47.338278	65.206667	0.928463	451	0	20019.066192	NA	NA	NA	-11796	-11.519531	-12.079104
G3_trim_r3	G3	gst	trim	3	4	19790	95444799	9328	7572	1756	1.714844	1.798144	18.825043	2880	1648	1232	1.203125	1.261568	42.777778	1436	912	4824	3068	6708884	6708712	6325116	6324944	1093852	1093852	1124	1120	4824	3068	-172	-0.167969	-0.176128	0	0	44.769111	45.911185	0.662259	460	0	20008.222136	NA	NA	NA	-344	-0.335938	-0.352256
G3_trim_r3	G3	gst	trim	3	5	19790	95444799	9272	7664	1608	1.570312	1.646592	17.342537	2824	1740	1084	1.058594	1.110016	38.385269	1436	912	4768	3160	6767248	6767528	6383216	6383472	1040760	1040784	1124	1120	4768	3160	280	0.273438	0.286720	0	0	44.925426	45.882277	0.581852	455	0	20009.962285	NA	NA	NA	-760	-0.742188	-0.778240
G3_trim_r3	G3	gst	trim	3	6	19790	95444799	9104	7696	1408	1.375000	1.441792	15.465729	2656	1768	888	0.867188	0.909312	33.433735	1436	916	4600	3192	6743136	6743652	6358832	6359348	1067832	1067832	1124	1120	4600	3192	516	0.503906	0.528384	0	0	50.461426	44.870388	0.685371	442	0	20009.290322	NA	NA	NA	516	0.503906	0.528384
G3_trim_r3	G3	gst	trim	3	7	19790	95444799	9316	7696	1620	1.582031	1.658880	17.389438	2868	1768	1100	1.074219	1.126400	38.354254	1436	916	4812	3192	6730352	6730936	6345744	6346328	1086640	1086640	1124	1120	4812	3192	584	0.570312	0.598016	0	0	45.223741	45.218240	0.744667	446	0	20010.525303	NA	NA	NA	756	0.738281	0.774144
G3_trim_r3	G3	gst	trim	3	8	19790	95444799	9104	7720	1384	1.351562	1.417216	15.202109	2652	1776	876	0.855469	0.897024	33.031674	1440	932	4600	3216	6765532	6765432	6380644	6380544	1045328	1045328	1124	1120	4600	3216	-100	-0.097656	-0.102400	0	0	51.741611	44.862926	0.637667	416	0	20009.666877	NA	NA	NA	-420	-0.410156	-0.430080
G3_trim_r3	G3	gst	trim	3	9	19790	95444799	9232	7696	1536	1.500000	1.572864	16.637782	2780	1752	1028	1.003906	1.052672	36.978417	1440	932	4728	3192	6749140	6749508	6363992	6364360	1059536	1059536	1124	1120	4728	3192	368	0.359375	0.376832	0	0	44.723592	45.184278	0.648611	448	0	20009.834747	NA	NA	NA	368	0.359375	0.376832
G3_trim_r3	G3	gst	trim	3	10	19790	95444799	9320	7572	1748	1.707031	1.789952	18.755365	2864	1640	1224	1.195312	1.253376	42.737430	1444	920	4816	3068	6803412	6803308	6417996	6417892	1002580	1002580	1124	1120	4816	3068	-104	-0.101562	-0.106496	0	0	45.019630	45.362833	0.671297	474	0	20012.102044	NA	NA	NA	-448	-0.437500	-0.458752
G3_trim_r3	G3	gst	trim	3	11	19790	95444799	9328	7692	1636	1.597656	1.675264	17.538593	2872	1744	1128	1.101562	1.155072	39.275766	1444	936	4824	3188	6762976	6763268	6377300	6377520	1049140	1049196	1124	1120	4824	3188	292	0.285156	0.299008	0	0	45.069926	48.028482	0.696537	437	0	20008.756691	NA	NA	NA	172	0.167969	0.176128
G3_trim_r3	G3	gst	trim	3	12	19790	95444799	9268	7588	1680	1.640625	1.720320	18.126888	2868	1644	1224	1.195312	1.253376	42.677824	1388	932	4764	3084	6757472	6759216	6371488	6373232	1045172	1045172	1124	1120	4764	3084	1744	1.703125	1.785856	0	0	45.139389	45.978778	0.700926	478	0	20015.847359	NA	NA	NA	1080	1.054688	1.105920
G3_trim_r3	G3	gst	trim	3	13	19790	95444799	9472	7608	1864	1.820312	1.908736	19.679054	2840	1744	1096	1.070312	1.122304	38.591549	1620	852	4968	3104	6771808	6771880	6385584	6385656	1044612	1044612	1124	1120	4968	3104	72	0.070312	0.073728	0	0	44.889093	45.063426	0.720944	485	0	20008.566673	NA	NA	NA	72	0.070312	0.073728
G3_trim_r3	G3	gst	trim	3	14	19790	95444799	9180	7604	1576	1.539062	1.613824	17.167756	2864	1636	1228	1.199219	1.257472	42.877095	1304	956	4676	3100	6803900	6804268	6417400	6417768	1006948	1006948	1124	1120	4676	3100	368	0.359375	0.376832	0	0	44.808056	44.843945	0.619093	458	0	20010.464303	NA	NA	NA	-60	-0.058594	-0.061440
G3_trim_r3	G3	gst	trim	3	15	19790	95444799	9364	7680	1684	1.644531	1.724416	17.983768	2844	1748	1096	1.070312	1.122304	38.537271	1508	920	4860	3176	6765796	6765364	6379020	6378588	1050096	1050096	1124	1120	4860	3176	-432	-0.421875	-0.442368	0	0	45.420019	44.804481	0.642111	438	0	20008.734303	NA	NA	NA	-432	-0.421875	-0.442368
G3_trim_r3	G3	gst	trim	3	16	19790	95444799	9100	7692	1408	1.375000	1.441792	15.472527	2644	1784	860	0.839844	0.880640	32.526475	1444	896	4596	3188	6721764	6722968	6334704	6335908	1083476	1083476	1124	1120	4596	3188	1204	1.175781	1.232896	0	0	44.956574	45.477722	0.740722	409	0	20008.937433	NA	NA	NA	1644	1.605469	1.683456
G3_trim_r3	G3	gst	trim	3	17	19790	95444799	9212	7696	1516	1.480469	1.552384	16.456795	2752	1780	972	0.949219	0.995328	35.319767	1448	904	4708	3192	6739932	6740300	6352564	6352908	1081228	1081252	1124	1120	4708	3192	368	0.359375	0.376832	0	0	44.895556	49.043204	0.592167	445	0	20018.035433	NA	NA	NA	640	0.625000	0.655360
G3_trim_r3	G3	gst	trim	3	18	19790	95444799	9088	7688	1400	1.367188	1.433600	15.404930	2632	1772	860	0.839844	0.880640	32.674772	1444	904	4584	3184	6745108	6747428	6357512	6359832	1058556	1058556	1124	1120	4584	3184	2320	2.265625	2.375680	0	0	44.789833	45.139277	0.820759	447	0	20009.649340	NA	NA	NA	2076	2.027344	2.125824
G3_trim_r3	G3	gst	trim	3	19	19790	95444799	9348	7684	1664	1.625000	1.703936	17.800599	2888	1772	1116	1.089844	1.142784	38.642659	1448	900	4844	3180	6733868	6733252	6346000	6345384	1067860	1067860	1124	1120	4844	3180	-616	-0.601562	-0.630784	0	0	44.667537	44.888871	0.649963	448	0	20009.025025	NA	NA	NA	7888	7.703125	8.077312
G3_trim_r3	G3	gst	trim	3	20	19790	95444799	9096	7688	1408	1.375000	1.441792	15.479332	2640	1768	872	0.851562	0.892928	33.030303	1444	908	4592	3184	6788320	6758564	6400184	6370428	1028644	1059948	1124	1120	4592	3184	-29756	-29.058594	-30.470144	0	0	50.619389	56.717907	0.765556	449	0	20010.082729	NA	NA	NA	-30000	-29.296875	-30.720000
G3_trim_r3	G3	gst	trim	3	21	19790	95444799	9344	7684	1660	1.621094	1.699840	17.765411	2888	1776	1112	1.085938	1.138688	38.504155	1444	896	4840	3180	6809704	6809776	6421288	6421360	1010656	1010656	1124	1120	4840	3180	72	0.070312	0.073728	0	0	45.083444	44.799297	0.646574	450	0	20009.254729	NA	NA	NA	440	0.429688	0.450560
G3_trim_r3	G3	gst	trim	3	22	19790	95444799	9104	7692	1412	1.378906	1.445888	15.509666	2648	1776	872	0.851562	0.892928	32.930514	1444	904	4600	3188	6765472	6766192	6376796	6377464	1047464	1047516	1124	1120	4600	3188	720	0.703125	0.737280	0	0	45.085871	45.310444	0.603000	450	0	20008.601803	NA	NA	NA	1064	1.039062	1.089536
G3_trim_r3	G3	gst	trim	3	23	19790	95444799	9352	7676	1676	1.636719	1.716224	17.921300	2896	1764	1132	1.105469	1.159168	39.088398	1444	900	4848	3172	6774076	6774076	6393288	6393288	1038816	1038816	1124	1120	4848	3172	0	0.000000	0.000000	0	0	52.684278	45.516815	0.622685	451	0	20008.955988	NA	NA	NA	-392	-0.382812	-0.401408
G3_trim_r3	G3	gst	trim	3	24	19790	95444799	9104	7680	1424	1.390625	1.458176	15.641476	2648	1772	876	0.855469	0.897024	33.081571	1444	896	4600	3176	6810092	6812500	6429044	6431452	1000124	1000124	1124	1120	4600	3176	2408	2.351562	2.465792	0	0	44.849074	45.260056	0.694388	463	0	20008.543803	NA	NA	NA	2620	2.558594	2.682880
G3_trim_r3	G3	gst	trim	3	25	19790	95444799	9140	7696	1444	1.410156	1.478656	15.798687	2888	1768	1120	1.093750	1.146880	38.781163	1240	916	4636	3192	6765588	6765316	6384256	6383984	1040012	1040012	1124	1120	4636	3192	-272	-0.265625	-0.278528	0	0	45.131722	45.190314	0.594241	457	0	20009.439062	NA	NA	NA	-272	-0.265625	-0.278528
G3_trim_r3	G3	gst	trim	3	26	19790	95444799	9104	7604	1500	1.464844	1.536000	16.476274	2864	1644	1220	1.191406	1.249280	42.597765	1228	948	4600	3100	6767692	6767936	6386120	6386364	1036992	1036992	1124	1120	4600	3100	244	0.238281	0.249856	0	0	44.882482	45.009722	0.647093	483	0	20011.085803	NA	NA	NA	480	0.468750	0.491520
G3_trim_r3	G3	gst	trim	3	27	19790	95444799	9160	7716	1444	1.410156	1.478656	15.764192	2872	1752	1120	1.093750	1.146880	38.997214	1276	952	4656	3212	6774972	6775928	6393124	6394080	1041340	1041340	1124	1120	4656	3212	956	0.933594	0.978944	0	0	45.473203	44.655426	0.683555	461	0	20009.114137	NA	NA	NA	576	0.562500	0.589824
G3_trim_r3	G3	gst	trim	3	28	19790	95444799	9164	7620	1544	1.507812	1.581056	16.848538	2868	1656	1212	1.183594	1.241088	42.259414	1284	952	4660	3116	6790016	6790156	6407864	6408004	1013324	1013324	1124	1120	4660	3116	140	0.136719	0.143360	0	0	46.750389	47.057833	0.913074	494	0	20009.249617	NA	NA	NA	-204	-0.199219	-0.208896
G3_trim_r3	G3	gst	trim	3	29	19790	95444799	9216	7724	1492	1.457031	1.527808	16.189236	2876	1756	1120	1.093750	1.146880	38.942976	1328	956	4712	3220	6797852	6800260	6415452	6417860	1016696	1016696	1124	1120	4712	3220	2408	2.351562	2.465792	0	0	45.193334	45.466297	0.774834	460	0	20009.481655	NA	NA	NA	2236	2.183594	2.289664
G3_trim_r3	G3	gst	trim	3	30	19790	95444799	8944	7756	1188	1.160156	1.216512	13.282648	2644	1784	860	0.839844	0.880640	32.526475	1288	960	4440	3252	6768860	6770236	6386208	6387584	1038104	1038104	1124	1120	4440	3252	1376	1.343750	1.409024	0	0	44.692518	45.794426	0.656797	453	0	20008.759081	NA	NA	NA	1992	1.945312	2.039808
G3_trim_r3	G3	gst	trim	3	31	19790	95444799	9180	7752	1428	1.394531	1.462272	15.555556	2868	1772	1096	1.070312	1.122304	38.214784	1300	968	4676	3248	6754724	6756004	6371792	6373072	1056956	1056956	1124	1120	4676	3248	1280	1.250000	1.310720	0	0	45.237796	45.046926	0.611760	457	0	20009.092563	NA	NA	NA	1380	1.347656	1.413120
G3_trim_r3	G3	gst	trim	3	32	19790	95444799	8952	7748	1204	1.175781	1.232896	13.449508	2644	1776	868	0.847656	0.888832	32.829047	1296	960	4448	3244	6789056	6789056	6405836	6405836	1017336	1017336	1124	1120	4448	3244	0	0.000000	0.000000	0	0	44.961278	45.303315	0.530166	468	0	20010.548506	NA	NA	NA	544	0.531250	0.557056
G3_trim_r3	G3	gst	trim	3	33	19790	95444799	9240	7740	1500	1.464844	1.536000	16.233766	2896	1772	1124	1.097656	1.150976	38.812155	1332	956	4736	3236	6760280	6760476	6376784	6376980	1038868	1038868	1124	1120	4736	3236	196	0.191406	0.200704	0	0	44.874222	53.870537	0.608759	454	0	20008.755210	NA	NA	NA	24	0.023438	0.024576
G3_trim_r3	G3	gst	trim	3	34	19790	95444799	8944	7740	1204	1.175781	1.232896	13.461538	2640	1768	872	0.851562	0.892928	33.030303	1292	960	4440	3236	6752148	6752320	6368412	6368584	1057684	1057684	1124	1120	4440	3236	172	0.167969	0.176128	0	0	44.855963	44.792426	0.601852	463	0	20012.425192	NA	NA	NA	172	0.167969	0.176128
G3_trim_r3	G3	gst	trim	3	35	19790	95444799	9220	7748	1472	1.437500	1.507328	15.965293	2888	1768	1120	1.093750	1.146880	38.781163	1320	968	4716	3244	6765168	6765168	6381160	6381160	1047896	1047896	1124	1120	4716	3244	0	0.000000	0.000000	0	0	45.231315	45.236575	0.601759	466	0	20009.282840	NA	NA	NA	172	0.167969	0.176128
G3_trim_r3	G3	gst	trim	3	36	19790	95444799	8992	7740	1252	1.222656	1.282048	13.923488	2648	1768	880	0.859375	0.901120	33.232628	1332	960	4488	3236	6704436	6706328	6320144	6322036	1098484	1098484	1124	1120	4488	3236	1892	1.847656	1.937408	0	0	44.977482	44.951370	0.636314	441	0	20008.754544	NA	NA	NA	9804	9.574219	10.039296
G3_trim_r3	G3	gst	trim	3	37	19790	95444799	9124	7756	1368	1.335938	1.400832	14.993424	2780	1776	1004	0.980469	1.028096	36.115108	1332	968	4620	3252	6764420	6759852	6379836	6375268	1049624	1054096	1124	1120	4620	3252	-4568	-4.460938	-4.677632	0	0	54.557611	48.371648	0.972963	467	0	20009.938933	NA	NA	NA	-3956	-3.863281	-4.050944
G3_trim_r3	G3	gst	trim	3	38	19790	95444799	9212	7632	1580	1.542969	1.617920	17.151541	2864	1648	1216	1.187500	1.245184	42.458101	1336	972	4708	3128	6753428	6755880	6368576	6370980	1056264	1056312	1124	1120	4708	3128	2452	2.394531	2.510848	0	0	44.934278	44.743926	0.797722	443	0	20012.832970	NA	NA	NA	2224	2.171875	2.277376
G3_trim_r3	G3	gst	trim	3	39	19790	95444799	9320	7668	1652	1.613281	1.691648	17.725322	2860	1736	1124	1.097656	1.150976	39.300699	1448	920	4816	3164	6794312	6795516	6409204	6410408	1015936	1015936	1124	1120	4816	3164	1204	1.175781	1.232896	0	0	47.634704	45.126407	0.697482	446	0	20008.747710	NA	NA	NA	1180	1.152344	1.208320
G3_trim_r3	G3	gst	trim	3	40	19790	95444799	9104	7716	1388	1.355469	1.421312	15.246046	2648	1768	880	0.859375	0.901120	33.232628	1444	936	4600	3212	6754392	6754280	6369020	6368908	1056396	1056396	1124	1120	4600	3212	-112	-0.109375	-0.114688	0	0	44.672963	46.237778	0.558630	408	0	20009.581914	NA	NA	NA	-356	-0.347656	-0.364544
G3_trim_r3	G3	gst	trim	3	41	19790	95444799	9212	7716	1496	1.460938	1.531904	16.239687	2780	1768	1012	0.988281	1.036288	36.402878	1420	936	4708	3212	6749328	6749844	6363672	6364188	1056988	1056988	1124	1120	4708	3212	516	0.503906	0.528384	0	0	44.696352	45.237018	0.619760	437	0	20008.951543	NA	NA	NA	-72	-0.070312	-0.073728
G3_trim_r3	G3	gst	trim	3	42	19790	95444799	9084	7716	1368	1.335938	1.400832	15.059445	2652	1768	884	0.863281	0.905216	33.333333	1420	936	4580	3212	6794608	6794804	6408696	6408892	1016656	1016656	1124	1120	4580	3212	196	0.191406	0.200704	0	0	44.934944	45.147926	0.591982	442	0	20008.871507	NA	NA	NA	196	0.191406	0.200704
G3_trim_r3	G3	gst	trim	3	43	19790	95444799	9344	7716	1628	1.589844	1.667072	17.422945	2892	1764	1128	1.101562	1.155072	39.004149	1440	940	4840	3212	6755432	6755308	6369236	6369112	1057116	1057116	1124	1120	4840	3212	-124	-0.121094	-0.126976	0	0	45.018982	44.820500	0.869519	439	0	20010.658673	NA	NA	NA	4	0.003906	0.004096
G3_trim_r3	G3	gst	trim	3	44	19790	95444799	9084	7708	1376	1.343750	1.409024	15.147512	2648	1764	884	0.863281	0.905216	33.383686	1424	932	4580	3204	6752752	6755344	6366316	6368896	1057704	1057716	1124	1120	4580	3204	2592	2.531250	2.654208	0	0	45.157389	48.312759	0.822685	446	0	20008.398692	NA	NA	NA	2248	2.195312	2.301952
G3_trim_r3	G3	gst	trim	3	45	19790	95444799	9348	7720	1628	1.589844	1.667072	17.415490	2896	1764	1132	1.105469	1.159168	39.088398	1440	944	4844	3216	6791632	6793032	6404932	6406332	1018400	1018400	1124	1120	4844	3216	1400	1.367188	1.433600	0	0	45.117630	45.033278	0.684982	443	0	20008.840506	NA	NA	NA	1080	1.054688	1.105920
G3_trim_r3	G3	gst	trim	3	46	19790	95444799	9100	7732	1368	1.335938	1.400832	15.032967	2644	1772	872	0.851562	0.892928	32.980333	1444	948	4596	3228	6797508	6798712	6410520	6411724	1018640	1018640	1124	1120	4596	3228	1204	1.175781	1.232896	0	0	44.987240	44.893482	0.596223	413	0	20008.440155	NA	NA	NA	1008	0.984375	1.032192
G3_trim_r3	G3	gst	trim	3	47	19790	95444799	9232	7736	1496	1.460938	1.531904	16.204506	2776	1768	1008	0.984375	1.032192	36.311239	1444	956	4728	3232	6719100	6719272	6331824	6331996	1079128	1079128	1124	1120	4728	3232	172	0.167969	0.176128	0	0	45.511092	45.702759	0.586463	439	0	20008.565766	NA	NA	NA	244	0.238281	0.249856
G3_trim_r3	G3	gst	trim	3	48	19790	95444799	9100	7736	1364	1.332031	1.396736	14.989011	2648	1768	880	0.859375	0.901120	33.232628	1440	956	4596	3232	6737088	6738892	6349556	6351360	1067152	1067152	1124	1120	4596	3232	1804	1.761719	1.847296	0	0	44.837723	44.848130	0.694686	411	0	20009.284340	NA	NA	NA	1824	1.781250	1.867776
G3_trim_r3	G3	gst	trim	3	49	19790	95444799	9232	7752	1480	1.445312	1.515520	16.031196	2780	1776	1004	0.980469	1.028096	36.115108	1440	964	4728	3248	6774060	6776864	6386248	6388972	1041964	1042028	1124	1120	4728	3248	2804	2.738281	2.871296	0	0	45.607425	44.971834	0.772759	434	0	20008.630729	NA	NA	NA	3076	3.003906	3.149824
G3_trim_r3	G3	gst	trim	3	50	19790	95444799	9316	7624	1692	1.652344	1.732608	18.162301	2860	1648	1212	1.183594	1.241088	42.377622	1444	964	4812	3120	6754328	6757276	6366220	6369168	1058796	1058796	1124	1120	4812	3120	2948	2.878906	3.018752	0	0	49.827055	45.534963	0.810870	458	0	20008.892173	NA	NA	NA	2752	2.687500	2.818048
G3_trim_r3	G3	gst	trim	3	51	19790	95444799	9304	7704	1600	1.562500	1.638400	17.196905	2848	1744	1104	1.078125	1.130496	38.764045	1444	948	4800	3200	6804140	6807236	6415800	6418896	1004208	1004208	1124	1120	4800	3200	3096	3.023438	3.170304	0	0	45.079444	44.932962	0.757222	NA	NA	20009.335580	NA	NA	NA	2948	2.878906	3.018752
