sample	stage	timestamp	epoch_ns	target	comm	pid	glibc_heap_pd_kb	other_anon_pd_kb	file_backed_pd_kb	total_pd_kb	minflt	majflt	MemAvailable_kb	zram_used_kb	zram_orig_bytes	zram_compr_bytes	zram_mem_used_bytes
0	P0	2026-08-14T01:55:48,028254644-0700	1786697748021889644	ServiceA	ServiceA	3953	3464	4300	2656	10420	415778	167	780220	92940	88961024	23939502	32374784
0	P0	2026-08-14T01:55:48,028254644-0700	1786697748021889644	ServiceB	ServiceB	692	3940	4444	2176	10560	32259	414	780220	92940	88961024	23939502	32374784
0	P0	2026-08-14T01:55:48,028254644-0700	1786697748021889644	ChannelLoader	ServiceH	3740	13252	25724	4324	43300	150613	103	780220	92940	88961024	23939502	32374784
0	P0	2026-08-14T01:55:48,028254644-0700	1786697748021889644	WebRuntime	ServiceE	545	8772	2120	7800	18692	28406	342	780220	92940	88961024	23939502	32374784
1	P0	2026-08-14T01:55:49,013308811-0700	1786697749004236644	ServiceA	ServiceA	3953	3464	4300	2656	10420	415778	167	779864	92940	88961024	23939502	32374784
1	P0	2026-08-14T01:55:49,013308811-0700	1786697749004236644	ServiceB	ServiceB	692	3940	4444	2176	10560	32259	414	779864	92940	88961024	23939502	32374784
1	P0	2026-08-14T01:55:49,013308811-0700	1786697749004236644	ChannelLoader	ServiceH	3740	13252	25724	4324	43300	150613	103	779864	92940	88961024	23939502	32374784
1	P0	2026-08-14T01:55:49,013308811-0700	1786697749004236644	WebRuntime	ServiceE	545	8772	2120	7800	18692	28406	342	779864	92940	88961024	23939502	32374784
2	P0	2026-08-14T01:55:50,013050811-0700	1786697750006321727	ServiceA	ServiceA	3953	3464	4300	2656	10420	415778	167	779220	92940	88961024	23939502	32374784
2	P0	2026-08-14T01:55:50,013050811-0700	1786697750006321727	ServiceB	ServiceB	692	3940	4444	2176	10560	32259	414	779220	92940	88961024	23939502	32374784
2	P0	2026-08-14T01:55:50,013050811-0700	1786697750006321727	ChannelLoader	ServiceH	3740	13252	25724	4324	43300	150613	103	779220	92940	88961024	23939502	32374784
2	P0	2026-08-14T01:55:50,013050811-0700	1786697750006321727	WebRuntime	ServiceE	545	8772	2120	7800	18692	28406	342	779220	92940	88961024	23939502	32374784
3	P0	2026-08-14T01:55:51,014255644-0700	1786697751007293810	ServiceA	ServiceA	3953	3464	4300	2656	10420	415778	167	781884	92940	88961024	23939502	32374784
3	P0	2026-08-14T01:55:51,014255644-0700	1786697751007293810	ServiceB	ServiceB	692	3940	4444	2176	10560	32259	414	781884	92940	88961024	23939502	32374784
3	P0	2026-08-14T01:55:51,014255644-0700	1786697751007293810	ChannelLoader	ServiceH	3740	13252	25724	4324	43300	150655	103	781884	92940	88961024	23939502	32374784
3	P0	2026-08-14T01:55:51,014255644-0700	1786697751007293810	WebRuntime	ServiceE	545	8772	2120	7800	18692	28406	342	781884	92940	88961024	23939502	32374784
4	P0	2026-08-14T01:55:52,014439143-0700	1786697752007842560	ServiceA	ServiceA	3953	3464	4300	2656	10420	415778	167	780768	92940	88961024	23939502	32374784
4	P0	2026-08-14T01:55:52,014439143-0700	1786697752007842560	ServiceB	ServiceB	692	3940	4444	2176	10560	32259	414	780768	92940	88961024	23939502	32374784
4	P0	2026-08-14T01:55:52,014439143-0700	1786697752007842560	ChannelLoader	ServiceH	3740	13252	25724	4324	43300	150655	103	780768	92940	88961024	23939502	32374784
4	P0	2026-08-14T01:55:52,014439143-0700	1786697752007842560	WebRuntime	ServiceE	545	8772	2120	7800	18692	28406	342	780768	92940	88961024	23939502	32374784
5	P0	2026-08-14T01:55:53,012769476-0700	1786697753007365726	ServiceA	ServiceA	3953	3464	4300	2656	10420	415778	167	780456	92940	88961024	23939502	32374784
5	P0	2026-08-14T01:55:53,012769476-0700	1786697753007365726	ServiceB	ServiceB	692	3940	4444	2176	10560	32259	414	780456	92940	88961024	23939502	32374784
5	P0	2026-08-14T01:55:53,012769476-0700	1786697753007365726	ChannelLoader	ServiceH	3740	13252	25724	4324	43300	150655	103	780456	92940	88961024	23939502	32374784
5	P0	2026-08-14T01:55:53,012769476-0700	1786697753007365726	WebRuntime	ServiceE	545	8772	2120	7800	18692	28406	342	780456	92940	88961024	23939502	32374784
6	P0	2026-08-14T01:55:54,017928726-0700	1786697754008327143	ServiceA	ServiceA	3953	3464	4300	2656	10420	415778	167	781476	92940	88961024	23939502	32374784
6	P0	2026-08-14T01:55:54,017928726-0700	1786697754008327143	ServiceB	ServiceB	692	3940	4444	2176	10560	32259	414	781476	92940	88961024	23939502	32374784
6	P0	2026-08-14T01:55:54,017928726-0700	1786697754008327143	ChannelLoader	ServiceH	3740	13252	25724	4324	43300	150655	103	781476	92940	88961024	23939502	32374784
6	P0	2026-08-14T01:55:54,017928726-0700	1786697754008327143	WebRuntime	ServiceE	545	8772	2120	7800	18692	28406	342	781476	92940	88961024	23939502	32374784
7	P0	2026-08-14T01:55:55,025293309-0700	1786697755018745476	ServiceA	ServiceA	3953	3464	4300	2656	10420	415778	167	780472	92940	88961024	23939502	32374784
7	P0	2026-08-14T01:55:55,025293309-0700	1786697755018745476	ServiceB	ServiceB	692	3940	4444	2176	10560	32259	414	780472	92940	88961024	23939502	32374784
7	P0	2026-08-14T01:55:55,025293309-0700	1786697755018745476	ChannelLoader	ServiceH	3740	13252	25724	4324	43300	150655	103	780472	92940	88961024	23939502	32374784
7	P0	2026-08-14T01:55:55,025293309-0700	1786697755018745476	WebRuntime	ServiceE	545	8772	2120	7800	18692	28406	342	780472	92940	88961024	23939502	32374784
8	P0	2026-08-14T01:55:56,009228809-0700	1786697756003119059	ServiceA	ServiceA	3953	3464	4300	2656	10420	415778	167	779900	92940	88961024	23939502	32374784
8	P0	2026-08-14T01:55:56,009228809-0700	1786697756003119059	ServiceB	ServiceB	692	3940	4444	2176	10560	32259	414	779900	92940	88961024	23939502	32374784
8	P0	2026-08-14T01:55:56,009228809-0700	1786697756003119059	ChannelLoader	ServiceH	3740	13252	25724	4324	43300	150697	103	779900	92940	88961024	23939502	32374784
8	P0	2026-08-14T01:55:56,009228809-0700	1786697756003119059	WebRuntime	ServiceE	545	8772	2120	7800	18692	28406	342	779900	92940	88961024	23939502	32374784
9	P0	2026-08-14T01:55:57,010309642-0700	1786697757005082226	ServiceA	ServiceA	3953	3464	4300	2656	10420	415778	167	779288	92940	88961024	23939502	32374784
9	P0	2026-08-14T01:55:57,010309642-0700	1786697757005082226	ServiceB	ServiceB	692	3940	4444	2176	10560	32259	414	779288	92940	88961024	23939502	32374784
9	P0	2026-08-14T01:55:57,010309642-0700	1786697757005082226	ChannelLoader	ServiceH	3740	13252	25724	4324	43300	150697	103	779288	92940	88961024	23939502	32374784
9	P0	2026-08-14T01:55:57,010309642-0700	1786697757005082226	WebRuntime	ServiceE	545	8772	2120	7800	18692	28406	342	779288	92940	88961024	23939502	32374784
10	P0	2026-08-14T01:55:58,017861059-0700	1786697758009298225	ServiceA	ServiceA	3953	3464	4300	2656	10420	415778	167	779952	92940	88961024	23939502	32374784
10	P0	2026-08-14T01:55:58,017861059-0700	1786697758009298225	ServiceB	ServiceB	692	3940	4444	2176	10560	32259	414	779952	92940	88961024	23939502	32374784
10	P0	2026-08-14T01:55:58,017861059-0700	1786697758009298225	ChannelLoader	ServiceH	3740	13252	25724	4324	43300	150697	103	779952	92940	88961024	23939502	32374784
10	P0	2026-08-14T01:55:58,017861059-0700	1786697758009298225	WebRuntime	ServiceE	545	8772	2120	7800	18692	28406	342	779952	92940	88961024	23939502	32374784
11	P0	2026-08-14T01:55:59,010136058-0700	1786697759004909558	ServiceA	ServiceA	3953	3464	4300	2656	10420	415778	167	779680	92940	88961024	23939502	32374784
11	P0	2026-08-14T01:55:59,010136058-0700	1786697759004909558	ServiceB	ServiceB	692	3940	4444	2176	10560	32259	414	779680	92940	88961024	23939502	32374784
11	P0	2026-08-14T01:55:59,010136058-0700	1786697759004909558	ChannelLoader	ServiceH	3740	13252	25724	4324	43300	150697	103	779680	92940	88961024	23939502	32374784
11	P0	2026-08-14T01:55:59,010136058-0700	1786697759004909558	WebRuntime	ServiceE	545	8772	2120	7800	18692	28406	342	779680	92940	88961024	23939502	32374784
12	P0	2026-08-14T01:56:00,008978725-0700	1786697760000686975	ServiceA	ServiceA	3953	3464	4300	2656	10420	415778	167	780292	92940	88961024	23939502	32374784
12	P0	2026-08-14T01:56:00,008978725-0700	1786697760000686975	ServiceB	ServiceB	692	3940	4444	2176	10560	32259	414	780292	92940	88961024	23939502	32374784
12	P0	2026-08-14T01:56:00,008978725-0700	1786697760000686975	ChannelLoader	ServiceH	3740	13252	25724	4324	43300	150697	103	780292	92940	88961024	23939502	32374784
12	P0	2026-08-14T01:56:00,008978725-0700	1786697760000686975	WebRuntime	ServiceE	545	8772	2120	7800	18692	28406	342	780292	92940	88961024	23939502	32374784
13	P0	2026-08-14T01:56:01,017219725-0700	1786697761005567225	ServiceA	ServiceA	3953	3464	4300	2656	10420	415778	167	779916	92940	88961024	23939502	32374784
13	P0	2026-08-14T01:56:01,017219725-0700	1786697761005567225	ServiceB	ServiceB	692	3940	4444	2176	10560	32259	414	779916	92940	88961024	23939502	32374784
13	P0	2026-08-14T01:56:01,017219725-0700	1786697761005567225	ChannelLoader	ServiceH	3740	13252	25724	4324	43300	150737	103	779916	92940	88961024	23939502	32374784
13	P0	2026-08-14T01:56:01,017219725-0700	1786697761005567225	WebRuntime	ServiceE	545	8772	2120	7800	18692	28406	342	779916	92940	88961024	23939502	32374784
14	P0	2026-08-14T01:56:02,010532558-0700	1786697762004317558	ServiceA	ServiceA	3953	3464	4300	2656	10420	415778	167	780540	92940	88961024	23939502	32374784
14	P0	2026-08-14T01:56:02,010532558-0700	1786697762004317558	ServiceB	ServiceB	692	3940	4444	2176	10560	32259	414	780540	92940	88961024	23939502	32374784
14	P0	2026-08-14T01:56:02,010532558-0700	1786697762004317558	ChannelLoader	ServiceH	3740	13252	25724	4324	43300	150737	103	780540	92940	88961024	23939502	32374784
14	P0	2026-08-14T01:56:02,010532558-0700	1786697762004317558	WebRuntime	ServiceE	545	8772	2120	7800	18692	28406	342	780540	92940	88961024	23939502	32374784
15	P0	2026-08-14T01:56:03,021638557-0700	1786697763007738057	ServiceA	ServiceA	3953	3464	4300	2656	10420	415778	167	779852	92940	88961024	23939502	32374784
15	P0	2026-08-14T01:56:03,021638557-0700	1786697763007738057	ServiceB	ServiceB	692	3940	4444	2176	10560	32259	414	779852	92940	88961024	23939502	32374784
15	P0	2026-08-14T01:56:03,021638557-0700	1786697763007738057	ChannelLoader	ServiceH	3740	13252	25724	4324	43300	150737	103	779852	92940	88961024	23939502	32374784
15	P0	2026-08-14T01:56:03,021638557-0700	1786697763007738057	WebRuntime	ServiceE	545	8772	2120	7800	18692	28406	342	779852	92940	88961024	23939502	32374784
16	P0	2026-08-14T01:56:04,013141141-0700	1786697764008166391	ServiceA	ServiceA	3953	3464	4300	2656	10420	415778	167	780328	92940	88961024	23939502	32374784
16	P0	2026-08-14T01:56:04,013141141-0700	1786697764008166391	ServiceB	ServiceB	692	3940	4444	2176	10560	32259	414	780328	92940	88961024	23939502	32374784
16	P0	2026-08-14T01:56:04,013141141-0700	1786697764008166391	ChannelLoader	ServiceH	3740	13252	25724	4324	43300	150737	103	780328	92940	88961024	23939502	32374784
16	P0	2026-08-14T01:56:04,013141141-0700	1786697764008166391	WebRuntime	ServiceE	545	8772	2120	7800	18692	28406	342	780328	92940	88961024	23939502	32374784
17	P0	2026-08-14T01:56:05,022426890-0700	1786697765012249890	ServiceA	ServiceA	3953	3464	4300	2656	10420	415778	167	780192	92940	88961024	23939502	32374784
17	P0	2026-08-14T01:56:05,022426890-0700	1786697765012249890	ServiceB	ServiceB	692	3940	4444	2176	10560	32259	414	780192	92940	88961024	23939502	32374784
17	P0	2026-08-14T01:56:05,022426890-0700	1786697765012249890	ChannelLoader	ServiceH	3740	13252	25724	4324	43300	150737	103	780192	92940	88961024	23939502	32374784
17	P0	2026-08-14T01:56:05,022426890-0700	1786697765012249890	WebRuntime	ServiceE	545	8772	2120	7800	18692	28406	342	780192	92940	88961024	23939502	32374784
18	P0	2026-08-14T01:56:06,026625223-0700	1786697766016350890	ServiceA	ServiceA	3953	3464	4300	2656	10420	415778	167	780088	92940	88961024	23939502	32374784
18	P0	2026-08-14T01:56:06,026625223-0700	1786697766016350890	ServiceB	ServiceB	692	3940	4444	2176	10560	32262	414	780088	92940	88961024	23939502	32374784
18	P0	2026-08-14T01:56:06,026625223-0700	1786697766016350890	ChannelLoader	ServiceH	3740	13252	25724	4324	43300	150777	103	780088	92940	88961024	23939502	32374784
18	P0	2026-08-14T01:56:06,026625223-0700	1786697766016350890	WebRuntime	ServiceE	545	8772	2120	7800	18692	28406	342	780088	92940	88961024	23939502	32374784
19	P0	2026-08-14T01:56:07,008269806-0700	1786697767003814556	ServiceA	ServiceA	3953	3464	4300	2656	10420	415778	167	780600	92940	88961024	23939502	32374784
19	P0	2026-08-14T01:56:07,008269806-0700	1786697767003814556	ServiceB	ServiceB	692	3940	4444	2176	10560	32262	414	780600	92940	88961024	23939502	32374784
19	P0	2026-08-14T01:56:07,008269806-0700	1786697767003814556	ChannelLoader	ServiceH	3740	13252	25724	4324	43300	150777	103	780600	92940	88961024	23939502	32374784
19	P0	2026-08-14T01:56:07,008269806-0700	1786697767003814556	WebRuntime	ServiceE	545	8772	2120	7800	18692	28406	342	780600	92940	88961024	23939502	32374784
20	P0	2026-08-14T01:56:08,013287973-0700	1786697768006080723	ServiceA	ServiceA	3953	3464	4300	2656	10420	415778	167	779728	92940	88961024	23939502	32374784
20	P0	2026-08-14T01:56:08,013287973-0700	1786697768006080723	ServiceB	ServiceB	692	3940	4444	2176	10560	32262	414	779728	92940	88961024	23939502	32374784
20	P0	2026-08-14T01:56:08,013287973-0700	1786697768006080723	ChannelLoader	ServiceH	3740	13252	25724	4324	43300	150777	103	779728	92940	88961024	23939502	32374784
20	P0	2026-08-14T01:56:08,013287973-0700	1786697768006080723	WebRuntime	ServiceE	545	8772	2120	7800	18692	28406	342	779728	92940	88961024	23939502	32374784
21	P0	2026-08-14T01:56:09,011380973-0700	1786697769006205056	ServiceA	ServiceA	3953	3464	4300	2656	10420	415778	167	779700	92940	88961024	23939502	32374784
21	P0	2026-08-14T01:56:09,011380973-0700	1786697769006205056	ServiceB	ServiceB	692	3940	4444	2176	10560	32262	414	779700	92940	88961024	23939502	32374784
21	P0	2026-08-14T01:56:09,011380973-0700	1786697769006205056	ChannelLoader	ServiceH	3740	13252	25724	4324	43300	150777	103	779700	92940	88961024	23939502	32374784
21	P0	2026-08-14T01:56:09,011380973-0700	1786697769006205056	WebRuntime	ServiceE	545	8772	2120	7800	18692	28406	342	779700	92940	88961024	23939502	32374784
22	P0	2026-08-14T01:56:10,016483472-0700	1786697770008350222	ServiceA	ServiceA	3953	3464	4300	2656	10420	415778	167	779244	92940	88961024	23939502	32374784
22	P0	2026-08-14T01:56:10,016483472-0700	1786697770008350222	ServiceB	ServiceB	692	3940	4444	2176	10560	32262	414	779244	92940	88961024	23939502	32374784
22	P0	2026-08-14T01:56:10,016483472-0700	1786697770008350222	ChannelLoader	ServiceH	3740	13252	25724	4324	43300	150777	103	779244	92940	88961024	23939502	32374784
22	P0	2026-08-14T01:56:10,016483472-0700	1786697770008350222	WebRuntime	ServiceE	545	8772	2120	7800	18692	28406	342	779244	92940	88961024	23939502	32374784
23	P0	2026-08-14T01:56:11,019482222-0700	1786697771005507639	ServiceA	ServiceA	3953	3464	4300	2656	10420	415778	167	779376	92940	88961024	23939502	32374784
23	P0	2026-08-14T01:56:11,019482222-0700	1786697771005507639	ServiceB	ServiceB	692	3940	4444	2176	10560	32262	414	779376	92940	88961024	23939502	32374784
23	P0	2026-08-14T01:56:11,019482222-0700	1786697771005507639	ChannelLoader	ServiceH	3740	13252	25724	4324	43300	150817	103	779376	92940	88961024	23939502	32374784
23	P0	2026-08-14T01:56:11,019482222-0700	1786697771005507639	WebRuntime	ServiceE	545	8772	2120	7800	18692	28406	342	779376	92940	88961024	23939502	32374784
24	P0	2026-08-14T01:56:12,015184139-0700	1786697772009320472	ServiceA	ServiceA	3953	3464	4300	2656	10420	415778	167	779936	92940	88961024	23939502	32374784
24	P0	2026-08-14T01:56:12,015184139-0700	1786697772009320472	ServiceB	ServiceB	692	3940	4444	2176	10560	32262	414	779936	92940	88961024	23939502	32374784
24	P0	2026-08-14T01:56:12,015184139-0700	1786697772009320472	ChannelLoader	ServiceH	3740	13252	25724	4324	43300	150817	103	779936	92940	88961024	23939502	32374784
24	P0	2026-08-14T01:56:12,015184139-0700	1786697772009320472	WebRuntime	ServiceE	545	8772	2120	7800	18692	28406	342	779936	92940	88961024	23939502	32374784
25	P0	2026-08-14T01:56:13,009503305-0700	1786697773004724972	ServiceA	ServiceA	3953	3464	4300	2656	10420	415778	167	779448	92940	88961024	23939502	32374784
25	P0	2026-08-14T01:56:13,009503305-0700	1786697773004724972	ServiceB	ServiceB	692	3940	4444	2176	10560	32262	414	779448	92940	88961024	23939502	32374784
25	P0	2026-08-14T01:56:13,009503305-0700	1786697773004724972	ChannelLoader	ServiceH	3740	13252	25724	4324	43300	150817	103	779448	92940	88961024	23939502	32374784
25	P0	2026-08-14T01:56:13,009503305-0700	1786697773004724972	WebRuntime	ServiceE	545	8772	2120	7800	18692	28406	342	779448	92940	88961024	23939502	32374784
26	P0	2026-08-14T01:56:14,012279555-0700	1786697774005221138	ServiceA	ServiceA	3953	3464	4300	2656	10420	415778	167	779864	92940	88961024	23939502	32374784
26	P0	2026-08-14T01:56:14,012279555-0700	1786697774005221138	ServiceB	ServiceB	692	3940	4444	2176	10560	32262	414	779864	92940	88961024	23939502	32374784
26	P0	2026-08-14T01:56:14,012279555-0700	1786697774005221138	ChannelLoader	ServiceH	3740	13252	25724	4324	43300	150817	103	779864	92940	88961024	23939502	32374784
26	P0	2026-08-14T01:56:14,012279555-0700	1786697774005221138	WebRuntime	ServiceE	545	8772	2120	7800	18692	28406	342	779864	92940	88961024	23939502	32374784
27	P0	2026-08-14T01:56:15,013886555-0700	1786697775006981221	ServiceA	ServiceA	3953	3464	4300	2656	10420	415778	167	779448	92940	88961024	23939502	32374784
27	P0	2026-08-14T01:56:15,013886555-0700	1786697775006981221	ServiceB	ServiceB	692	3940	4444	2176	10560	32262	414	779448	92940	88961024	23939502	32374784
27	P0	2026-08-14T01:56:15,013886555-0700	1786697775006981221	ChannelLoader	ServiceH	3740	13252	25724	4324	43300	150817	103	779448	92940	88961024	23939502	32374784
27	P0	2026-08-14T01:56:15,013886555-0700	1786697775006981221	WebRuntime	ServiceE	545	8772	2120	7800	18692	28406	342	779448	92940	88961024	23939502	32374784
28	P0	2026-08-14T01:56:16,009965054-0700	1786697776005555471	ServiceA	ServiceA	3953	3464	4300	2656	10420	415778	167	779924	92940	88961024	23939502	32374784
28	P0	2026-08-14T01:56:16,009965054-0700	1786697776005555471	ServiceB	ServiceB	692	3940	4444	2176	10560	32262	414	779924	92940	88961024	23939502	32374784
28	P0	2026-08-14T01:56:16,009965054-0700	1786697776005555471	ChannelLoader	ServiceH	3740	13252	25724	4324	43300	150857	103	779924	92940	88961024	23939502	32374784
28	P0	2026-08-14T01:56:16,009965054-0700	1786697776005555471	WebRuntime	ServiceE	545	8772	2120	7800	18692	28406	342	779924	92940	88961024	23939502	32374784
29	P0	2026-08-14T01:56:17,013892387-0700	1786697777004625387	ServiceA	ServiceA	3953	3464	4300	2656	10420	415778	167	779996	92940	88961024	23939502	32374784
29	P0	2026-08-14T01:56:17,013892387-0700	1786697777004625387	ServiceB	ServiceB	692	3940	4444	2176	10560	32262	414	779996	92940	88961024	23939502	32374784
29	P0	2026-08-14T01:56:17,013892387-0700	1786697777004625387	ChannelLoader	ServiceH	3740	13252	25724	4324	43300	150857	103	779996	92940	88961024	23939502	32374784
29	P0	2026-08-14T01:56:17,013892387-0700	1786697777004625387	WebRuntime	ServiceE	545	8772	2120	7800	18692	28406	342	779996	92940	88961024	23939502	32374784
30	P0	2026-08-14T01:56:18,015623887-0700	1786697778004984554	ServiceA	ServiceA	3953	3464	4300	2656	10420	415778	167	779312	92940	88961024	23939502	32374784
30	P0	2026-08-14T01:56:18,015623887-0700	1786697778004984554	ServiceB	ServiceB	692	3940	4444	2176	10560	32262	414	779312	92940	88961024	23939502	32374784
30	P0	2026-08-14T01:56:18,015623887-0700	1786697778004984554	ChannelLoader	ServiceH	3740	13252	25724	4324	43300	150857	103	779312	92940	88961024	23939502	32374784
30	P0	2026-08-14T01:56:18,015623887-0700	1786697778004984554	WebRuntime	ServiceE	545	8772	2120	7800	18692	28406	342	779312	92940	88961024	23939502	32374784
31	P0	2026-08-14T01:56:19,023957054-0700	1786697779016376304	ServiceA	ServiceA	3953	3464	4300	2656	10420	415778	167	779860	92940	88961024	23939502	32374784
31	P0	2026-08-14T01:56:19,023957054-0700	1786697779016376304	ServiceB	ServiceB	692	3940	4444	2176	10560	32262	414	779860	92940	88961024	23939502	32374784
31	P0	2026-08-14T01:56:19,023957054-0700	1786697779016376304	ChannelLoader	ServiceH	3740	13252	25724	4324	43300	150857	103	779860	92940	88961024	23939502	32374784
31	P0	2026-08-14T01:56:19,023957054-0700	1786697779016376304	WebRuntime	ServiceE	545	8772	2120	7800	18692	28406	342	779860	92940	88961024	23939502	32374784
32	P0	2026-08-14T01:56:20,016947720-0700	1786697780005297220	ServiceA	ServiceA	3953	3464	4300	2656	10420	415778	167	779720	92940	88961024	23939502	32374784
32	P0	2026-08-14T01:56:20,016947720-0700	1786697780005297220	ServiceB	ServiceB	692	3940	4444	2176	10560	32262	414	779720	92940	88961024	23939502	32374784
32	P0	2026-08-14T01:56:20,016947720-0700	1786697780005297220	ChannelLoader	ServiceH	3740	13252	25724	4324	43300	150857	103	779720	92940	88961024	23939502	32374784
32	P0	2026-08-14T01:56:20,016947720-0700	1786697780005297220	WebRuntime	ServiceE	545	8772	2120	7800	18692	28406	342	779720	92940	88961024	23939502	32374784
33	P0	2026-08-14T01:56:21,012577886-0700	1786697781004742303	ServiceA	ServiceA	3953	3464	4300	2656	10420	415778	167	778932	92940	88961024	23939502	32374784
33	P0	2026-08-14T01:56:21,012577886-0700	1786697781004742303	ServiceB	ServiceB	692	3940	4444	2176	10560	32262	414	778932	92940	88961024	23939502	32374784
33	P0	2026-08-14T01:56:21,012577886-0700	1786697781004742303	ChannelLoader	ServiceH	3740	13252	25724	4324	43300	150897	103	778932	92940	88961024	23939502	32374784
33	P0	2026-08-14T01:56:21,012577886-0700	1786697781004742303	WebRuntime	ServiceE	545	8772	2120	7800	18692	28406	342	778932	92940	88961024	23939502	32374784
34	P0	2026-08-14T01:56:22,019766220-0700	1786697782008615720	ServiceA	ServiceA	3953	3464	4300	2656	10420	415778	167	779676	92940	88961024	23939502	32374784
34	P0	2026-08-14T01:56:22,019766220-0700	1786697782008615720	ServiceB	ServiceB	692	3940	4444	2176	10560	32262	414	779676	92940	88961024	23939502	32374784
34	P0	2026-08-14T01:56:22,019766220-0700	1786697782008615720	ChannelLoader	ServiceH	3740	13252	25724	4324	43300	150897	103	779676	92940	88961024	23939502	32374784
34	P0	2026-08-14T01:56:22,019766220-0700	1786697782008615720	WebRuntime	ServiceE	545	8772	2120	7800	18692	28406	342	779676	92940	88961024	23939502	32374784
35	P0	2026-08-14T01:56:23,008263303-0700	1786697783003918803	ServiceA	ServiceA	3953	3464	4300	2656	10420	415778	167	779932	92940	88961024	23939502	32374784
35	P0	2026-08-14T01:56:23,008263303-0700	1786697783003918803	ServiceB	ServiceB	692	3940	4444	2176	10560	32262	414	779932	92940	88961024	23939502	32374784
35	P0	2026-08-14T01:56:23,008263303-0700	1786697783003918803	ChannelLoader	ServiceH	3740	13252	25724	4324	43300	150897	103	779932	92940	88961024	23939502	32374784
35	P0	2026-08-14T01:56:23,008263303-0700	1786697783003918803	WebRuntime	ServiceE	545	8772	2120	7800	18692	28406	342	779932	92940	88961024	23939502	32374784
36	P0	2026-08-14T01:56:24,018304802-0700	1786697784009060052	ServiceA	ServiceA	3953	3464	4300	2656	10420	415778	167	780980	92940	88961024	23939502	32374784
36	P0	2026-08-14T01:56:24,018304802-0700	1786697784009060052	ServiceB	ServiceB	692	3940	4444	2176	10560	32262	414	780980	92940	88961024	23939502	32374784
36	P0	2026-08-14T01:56:24,018304802-0700	1786697784009060052	ChannelLoader	ServiceH	3740	13252	25724	4324	43300	150897	103	780980	92940	88961024	23939502	32374784
36	P0	2026-08-14T01:56:24,018304802-0700	1786697784009060052	WebRuntime	ServiceE	545	8772	2120	7800	18692	28406	342	780980	92940	88961024	23939502	32374784
37	P0	2026-08-14T01:56:25,011239719-0700	1786697785005309219	ServiceA	ServiceA	3953	3464	4300	2656	10420	415778	167	781040	92940	88961024	23939502	32374784
37	P0	2026-08-14T01:56:25,011239719-0700	1786697785005309219	ServiceB	ServiceB	692	3940	4444	2176	10560	32262	414	781040	92940	88961024	23939502	32374784
37	P0	2026-08-14T01:56:25,011239719-0700	1786697785005309219	ChannelLoader	ServiceH	3740	13252	25724	4324	43300	150897	103	781040	92940	88961024	23939502	32374784
37	P0	2026-08-14T01:56:25,011239719-0700	1786697785005309219	WebRuntime	ServiceE	545	8772	2120	7800	18692	28406	342	781040	92940	88961024	23939502	32374784
38	P0	2026-08-14T01:56:26,010043385-0700	1786697786003123469	ServiceA	ServiceA	3953	3464	4300	2656	10420	415778	167	780720	92940	88961024	23939502	32374784
38	P0	2026-08-14T01:56:26,010043385-0700	1786697786003123469	ServiceB	ServiceB	692	3940	4444	2176	10560	32262	414	780720	92940	88961024	23939502	32374784
38	P0	2026-08-14T01:56:26,010043385-0700	1786697786003123469	ChannelLoader	ServiceH	3740	13252	25724	4324	43300	150937	103	780720	92940	88961024	23939502	32374784
38	P0	2026-08-14T01:56:26,010043385-0700	1786697786003123469	WebRuntime	ServiceE	545	8772	2120	7800	18692	28406	342	780720	92940	88961024	23939502	32374784
39	P0	2026-08-14T01:56:27,014678468-0700	1786697787007492718	ServiceA	ServiceA	3953	3464	4300	2656	10420	415778	167	780172	92940	88961024	23939502	32374784
39	P0	2026-08-14T01:56:27,014678468-0700	1786697787007492718	ServiceB	ServiceB	692	3940	4444	2176	10560	32262	414	780172	92940	88961024	23939502	32374784
39	P0	2026-08-14T01:56:27,014678468-0700	1786697787007492718	ChannelLoader	ServiceH	3740	13252	25724	4324	43300	150937	103	780172	92940	88961024	23939502	32374784
39	P0	2026-08-14T01:56:27,014678468-0700	1786697787007492718	WebRuntime	ServiceE	545	8772	2120	7800	18692	28406	342	780172	92940	88961024	23939502	32374784
40	P0	2026-08-14T01:56:28,015527468-0700	1786697788008938551	ServiceA	ServiceA	3953	3464	4300	2656	10420	415778	167	780092	92940	88961024	23939502	32374784
40	P0	2026-08-14T01:56:28,015527468-0700	1786697788008938551	ServiceB	ServiceB	692	3940	4444	2176	10560	32262	414	780092	92940	88961024	23939502	32374784
40	P0	2026-08-14T01:56:28,015527468-0700	1786697788008938551	ChannelLoader	ServiceH	3740	13252	25724	4324	43300	150937	103	780092	92940	88961024	23939502	32374784
40	P0	2026-08-14T01:56:28,015527468-0700	1786697788008938551	WebRuntime	ServiceE	545	8772	2120	7800	18692	28406	342	780092	92940	88961024	23939502	32374784
41	P0	2026-08-14T01:56:29,010104801-0700	1786697789001273885	ServiceA	ServiceA	3953	3464	4300	2656	10420	415778	167	779876	92940	88961024	23939502	32374784
41	P0	2026-08-14T01:56:29,010104801-0700	1786697789001273885	ServiceB	ServiceB	692	3940	4444	2176	10560	32262	414	779876	92940	88961024	23939502	32374784
41	P0	2026-08-14T01:56:29,010104801-0700	1786697789001273885	ChannelLoader	ServiceH	3740	13252	25724	4324	43300	150937	103	779876	92940	88961024	23939502	32374784
41	P0	2026-08-14T01:56:29,010104801-0700	1786697789001273885	WebRuntime	ServiceE	545	8772	2120	7800	18692	28406	342	779876	92940	88961024	23939502	32374784
42	P0	2026-08-14T01:56:30,009158468-0700	1786697790001556134	ServiceA	ServiceA	3953	3464	4300	2656	10420	415778	167	779272	92940	88961024	23939502	32374784
42	P0	2026-08-14T01:56:30,009158468-0700	1786697790001556134	ServiceB	ServiceB	692	3940	4444	2176	10560	32262	414	779272	92940	88961024	23939502	32374784
42	P0	2026-08-14T01:56:30,009158468-0700	1786697790001556134	ChannelLoader	ServiceH	3740	13252	25724	4324	43300	150937	103	779272	92940	88961024	23939502	32374784
42	P0	2026-08-14T01:56:30,009158468-0700	1786697790001556134	WebRuntime	ServiceE	545	8772	2120	7800	18692	28406	342	779272	92940	88961024	23939502	32374784
43	P0	2026-08-14T01:56:31,015247884-0700	1786697791006406551	ServiceA	ServiceA	3953	3464	4300	2656	10420	415778	167	780432	92940	88961024	23939502	32374784
43	P0	2026-08-14T01:56:31,015247884-0700	1786697791006406551	ServiceB	ServiceB	692	3940	4444	2176	10560	32262	414	780432	92940	88961024	23939502	32374784
43	P0	2026-08-14T01:56:31,015247884-0700	1786697791006406551	ChannelLoader	ServiceH	3740	13252	25724	4324	43300	150977	103	780432	92940	88961024	23939502	32374784
43	P0	2026-08-14T01:56:31,015247884-0700	1786697791006406551	WebRuntime	ServiceE	545	8772	2120	7800	18692	28406	342	780432	92940	88961024	23939502	32374784
44	P0	2026-08-14T01:56:32,017169301-0700	1786697792008874384	ServiceA	ServiceA	3953	3464	4300	2656	10420	415778	167	780440	92940	88961024	23939502	32374784
44	P0	2026-08-14T01:56:32,017169301-0700	1786697792008874384	ServiceB	ServiceB	692	3940	4444	2176	10560	32262	414	780440	92940	88961024	23939502	32374784
44	P0	2026-08-14T01:56:32,017169301-0700	1786697792008874384	ChannelLoader	ServiceH	3740	13252	25724	4324	43300	150977	103	780440	92940	88961024	23939502	32374784
44	P0	2026-08-14T01:56:32,017169301-0700	1786697792008874384	WebRuntime	ServiceE	545	8772	2120	7800	18692	28406	342	780440	92940	88961024	23939502	32374784
45	P0	2026-08-14T01:56:33,010934550-0700	1786697793006517050	ServiceA	ServiceA	3953	3464	4300	2656	10420	415778	167	780028	92940	88961024	23939502	32374784
45	P0	2026-08-14T01:56:33,010934550-0700	1786697793006517050	ServiceB	ServiceB	692	3940	4444	2176	10560	32262	414	780028	92940	88961024	23939502	32374784
45	P0	2026-08-14T01:56:33,010934550-0700	1786697793006517050	ChannelLoader	ServiceH	3740	13252	25724	4324	43300	150977	103	780028	92940	88961024	23939502	32374784
45	P0	2026-08-14T01:56:33,010934550-0700	1786697793006517050	WebRuntime	ServiceE	545	8772	2120	7800	18692	28406	342	780028	92940	88961024	23939502	32374784
46	P0	2026-08-14T01:56:34,009696133-0700	1786697794003712217	ServiceA	ServiceA	3953	3464	4300	2656	10420	415778	167	780168	92940	88961024	23939502	32374784
46	P0	2026-08-14T01:56:34,009696133-0700	1786697794003712217	ServiceB	ServiceB	692	3940	4444	2176	10560	32262	414	780168	92940	88961024	23939502	32374784
46	P0	2026-08-14T01:56:34,009696133-0700	1786697794003712217	ChannelLoader	ServiceH	3740	13252	25724	4324	43300	150977	103	780168	92940	88961024	23939502	32374784
46	P0	2026-08-14T01:56:34,009696133-0700	1786697794003712217	WebRuntime	ServiceE	545	8772	2120	7800	18692	28406	342	780168	92940	88961024	23939502	32374784
47	P0	2026-08-14T01:56:35,015237883-0700	1786697795007479466	ServiceA	ServiceA	3953	3464	4300	2656	10420	415778	167	779728	92940	88961024	23939502	32374784
47	P0	2026-08-14T01:56:35,015237883-0700	1786697795007479466	ServiceB	ServiceB	692	3940	4444	2176	10560	32262	414	779728	92940	88961024	23939502	32374784
47	P0	2026-08-14T01:56:35,015237883-0700	1786697795007479466	ChannelLoader	ServiceH	3740	13252	25724	4324	43300	150977	103	779728	92940	88961024	23939502	32374784
47	P0	2026-08-14T01:56:35,015237883-0700	1786697795007479466	WebRuntime	ServiceE	545	8772	2120	7800	18692	28406	342	779728	92940	88961024	23939502	32374784
48	P0	2026-08-14T01:56:36,010655716-0700	1786697796005875133	ServiceA	ServiceA	3953	3464	4300	2656	10420	415778	167	778904	92940	88961024	23939502	32374784
48	P0	2026-08-14T01:56:36,010655716-0700	1786697796005875133	ServiceB	ServiceB	692	3940	4440	2176	10556	32262	414	778904	92940	88961024	23939502	32374784
48	P0	2026-08-14T01:56:36,010655716-0700	1786697796005875133	ChannelLoader	ServiceH	3740	13252	25724	4324	43300	151017	103	778904	92940	88961024	23939502	32374784
48	P0	2026-08-14T01:56:36,010655716-0700	1786697796005875133	WebRuntime	ServiceE	545	8772	2120	7800	18692	28406	342	778904	92940	88961024	23939502	32374784
49	P0	2026-08-14T01:56:37,015127383-0700	1786697797007698716	ServiceA	ServiceA	3953	3464	4300	2656	10420	415778	167	778680	92940	88961024	23939502	32374784
49	P0	2026-08-14T01:56:37,015127383-0700	1786697797007698716	ServiceB	ServiceB	692	3940	4440	2176	10556	32262	414	778680	92940	88961024	23939502	32374784
49	P0	2026-08-14T01:56:37,015127383-0700	1786697797007698716	ChannelLoader	ServiceH	3740	13252	25724	4324	43300	151017	103	778680	92940	88961024	23939502	32374784
49	P0	2026-08-14T01:56:37,015127383-0700	1786697797007698716	WebRuntime	ServiceE	545	8772	2120	7800	18692	28406	342	778680	92940	88961024	23939502	32374784
50	P0	2026-08-14T01:56:38,010867216-0700	1786697798005938216	ServiceA	ServiceA	3953	3464	4300	2656	10420	415778	167	779360	92940	88961024	23939502	32374784
50	P0	2026-08-14T01:56:38,010867216-0700	1786697798005938216	ServiceB	ServiceB	692	3940	4440	2176	10556	32262	414	779360	92940	88961024	23939502	32374784
50	P0	2026-08-14T01:56:38,010867216-0700	1786697798005938216	ChannelLoader	ServiceH	3740	13252	25724	4324	43300	151017	103	779360	92940	88961024	23939502	32374784
50	P0	2026-08-14T01:56:38,010867216-0700	1786697798005938216	WebRuntime	ServiceE	545	8772	2120	7800	18692	28406	342	779360	92940	88961024	23939502	32374784
51	P0	2026-08-14T01:56:39,008034882-0700	1786697799002697382	ServiceA	ServiceA	3953	3464	4300	2656	10420	415778	167	778496	92940	88961024	23939502	32374784
51	P0	2026-08-14T01:56:39,008034882-0700	1786697799002697382	ServiceB	ServiceB	692	3940	4440	2176	10556	32262	414	778496	92940	88961024	23939502	32374784
51	P0	2026-08-14T01:56:39,008034882-0700	1786697799002697382	ChannelLoader	ServiceH	3740	13252	25724	4324	43300	151017	103	778496	92940	88961024	23939502	32374784
51	P0	2026-08-14T01:56:39,008034882-0700	1786697799002697382	WebRuntime	ServiceE	545	8772	2120	7800	18692	28406	342	778496	92940	88961024	23939502	32374784
52	P0	2026-08-14T01:56:40,019998049-0700	1786697800008538382	ServiceA	ServiceA	3953	3464	4300	2656	10420	415778	167	778996	92940	88961024	23939502	32374784
52	P0	2026-08-14T01:56:40,019998049-0700	1786697800008538382	ServiceB	ServiceB	692	3940	4440	2176	10556	32262	414	778996	92940	88961024	23939502	32374784
52	P0	2026-08-14T01:56:40,019998049-0700	1786697800008538382	ChannelLoader	ServiceH	3740	13252	25724	4324	43300	151057	103	778996	92940	88961024	23939502	32374784
52	P0	2026-08-14T01:56:40,019998049-0700	1786697800008538382	WebRuntime	ServiceE	545	8772	2120	7800	18692	28406	342	778996	92940	88961024	23939502	32374784
53	P0	2026-08-14T01:56:41,008603632-0700	1786697801002168882	ServiceA	ServiceA	3953	3464	4300	2656	10420	415778	167	779432	92940	88961024	23939502	32374784
53	P0	2026-08-14T01:56:41,008603632-0700	1786697801002168882	ServiceB	ServiceB	692	3940	4440	2176	10556	32262	414	779432	92940	88961024	23939502	32374784
53	P0	2026-08-14T01:56:41,008603632-0700	1786697801002168882	ChannelLoader	ServiceH	3740	13252	25724	4324	43300	151057	103	779432	92940	88961024	23939502	32374784
53	P0	2026-08-14T01:56:41,008603632-0700	1786697801002168882	WebRuntime	ServiceE	545	8772	2120	7800	18692	28406	342	779432	92940	88961024	23939502	32374784
54	P0	2026-08-14T01:56:42,010721465-0700	1786697802002451048	ServiceA	ServiceA	3953	3464	4300	2656	10420	415778	167	779452	92940	88961024	23939502	32374784
54	P0	2026-08-14T01:56:42,010721465-0700	1786697802002451048	ServiceB	ServiceB	692	3940	4440	2176	10556	32262	414	779452	92940	88961024	23939502	32374784
54	P0	2026-08-14T01:56:42,010721465-0700	1786697802002451048	ChannelLoader	ServiceH	3740	13252	25724	4324	43300	151057	103	779452	92940	88961024	23939502	32374784
54	P0	2026-08-14T01:56:42,010721465-0700	1786697802002451048	WebRuntime	ServiceE	545	8772	2120	7800	18692	28406	342	779452	92940	88961024	23939502	32374784
55	P0	2026-08-14T01:56:43,009613381-0700	1786697803004266965	ServiceA	ServiceA	3953	3464	4300	2656	10420	415778	167	779064	92940	88961024	23939502	32374784
55	P0	2026-08-14T01:56:43,009613381-0700	1786697803004266965	ServiceB	ServiceB	692	3940	4440	2176	10556	32262	414	779064	92940	88961024	23939502	32374784
55	P0	2026-08-14T01:56:43,009613381-0700	1786697803004266965	ChannelLoader	ServiceH	3740	13252	25724	4324	43300	151057	103	779064	92940	88961024	23939502	32374784
55	P0	2026-08-14T01:56:43,009613381-0700	1786697803004266965	WebRuntime	ServiceE	545	8772	2120	7800	18692	28406	342	779064	92940	88961024	23939502	32374784
56	P0	2026-08-14T01:56:44,008844964-0700	1786697804001251631	ServiceA	ServiceA	3953	3464	4300	2656	10420	415778	167	780032	92940	88961024	23939502	32374784
56	P0	2026-08-14T01:56:44,008844964-0700	1786697804001251631	ServiceB	ServiceB	692	3940	4440	2176	10556	32262	414	780032	92940	88961024	23939502	32374784
56	P0	2026-08-14T01:56:44,008844964-0700	1786697804001251631	ChannelLoader	ServiceH	3740	13252	25724	4324	43300	151057	103	780032	92940	88961024	23939502	32374784
56	P0	2026-08-14T01:56:44,008844964-0700	1786697804001251631	WebRuntime	ServiceE	545	8772	2120	7800	18692	28406	342	780032	92940	88961024	23939502	32374784
57	P0	2026-08-14T01:56:45,010156297-0700	1786697805004763797	ServiceA	ServiceA	3953	3464	4300	2656	10420	415778	167	779292	92940	88961024	23939502	32374784
57	P0	2026-08-14T01:56:45,010156297-0700	1786697805004763797	ServiceB	ServiceB	692	3940	4440	2176	10556	32262	414	779292	92940	88961024	23939502	32374784
57	P0	2026-08-14T01:56:45,010156297-0700	1786697805004763797	ChannelLoader	ServiceH	3740	13252	25724	4324	43300	151057	103	779292	92940	88961024	23939502	32374784
57	P0	2026-08-14T01:56:45,010156297-0700	1786697805004763797	WebRuntime	ServiceE	545	8772	2120	7800	18692	28406	342	779292	92940	88961024	23939502	32374784
58	P0	2026-08-14T01:56:46,015488214-0700	1786697806010259214	ServiceA	ServiceA	3953	3464	4300	2656	10420	415778	167	779524	92940	88961024	23939502	32374784
58	P0	2026-08-14T01:56:46,015488214-0700	1786697806010259214	ServiceB	ServiceB	692	3940	4440	2176	10556	32262	414	779524	92940	88961024	23939502	32374784
58	P0	2026-08-14T01:56:46,015488214-0700	1786697806010259214	ChannelLoader	ServiceH	3740	13252	25724	4324	43300	151097	103	779524	92940	88961024	23939502	32374784
58	P0	2026-08-14T01:56:46,015488214-0700	1786697806010259214	WebRuntime	ServiceE	545	8772	2120	7800	18692	28406	342	779524	92940	88961024	23939502	32374784
59	P0	2026-08-14T01:56:47,013745130-0700	1786697807007312964	ServiceA	ServiceA	3953	3464	4300	2656	10420	415778	167	779060	92940	88961024	23939502	32374784
59	P0	2026-08-14T01:56:47,013745130-0700	1786697807007312964	ServiceB	ServiceB	692	3940	4440	2176	10556	32262	414	779060	92940	88961024	23939502	32374784
59	P0	2026-08-14T01:56:47,013745130-0700	1786697807007312964	ChannelLoader	ServiceH	3740	13252	25724	4324	43300	151097	103	779060	92940	88961024	23939502	32374784
59	P0	2026-08-14T01:56:47,013745130-0700	1786697807007312964	WebRuntime	ServiceE	545	8772	2120	7800	18692	28406	342	779060	92940	88961024	23939502	32374784
60	R1	2026-08-14T01:56:48,017055463-0700	1786697808012004797	ServiceA	ServiceA	3953	3452	4300	2656	10408	415778	167	779292	92940	88961024	23939502	32374784
60	R1	2026-08-14T01:56:48,017055463-0700	1786697808012004797	ServiceB	ServiceB	692	3936	4396	2176	10508	32263	414	779292	92940	88961024	23939502	32374784
60	R1	2026-08-14T01:56:48,017055463-0700	1786697808012004797	ChannelLoader	ServiceH	3740	13292	25732	4324	43348	151451	103	779292	92940	88961024	23939502	32374784
60	R1	2026-08-14T01:56:48,017055463-0700	1786697808012004797	WebRuntime	ServiceE	545	8772	2120	7800	18692	28406	342	779292	92940	88961024	23939502	32374784
61	R1	2026-08-14T01:56:49,403182963-0700	1786697809392729213	ServiceA	ServiceA	3953	4336	4364	2656	11356	415817	167	775676	92940	88961024	23939502	32374784
61	R1	2026-08-14T01:56:49,403182963-0700	1786697809392729213	ServiceB	ServiceB	692	3928	4396	2176	10500	32298	414	775676	92940	88961024	23939502	32374784
61	R1	2026-08-14T01:56:49,403182963-0700	1786697809392729213	ChannelLoader	ServiceH	3740	13456	24836	4324	42616	152275	103	775676	92940	88961024	23939502	32374784
61	R1	2026-08-14T01:56:49,403182963-0700	1786697809392729213	WebRuntime	ServiceE	545	8772	2120	7800	18692	28406	342	775676	92940	88961024	23939502	32374784
62	R1	2026-08-14T01:56:50,942794296-0700	1786697810916116629	ServiceA	ServiceA	3953	6192	6720	2684	15596	416804	167	773200	92940	88961024	23939502	32374784
62	R1	2026-08-14T01:56:50,942794296-0700	1786697810916116629	ServiceB	ServiceB	692	3928	4396	2176	10500	32298	414	773200	92940	88961024	23939502	32374784
62	R1	2026-08-14T01:56:50,942794296-0700	1786697810916116629	ChannelLoader	ServiceH	3740	13772	25812	4324	43908	153039	103	773200	92940	88961024	23939502	32374784
62	R1	2026-08-14T01:56:50,942794296-0700	1786697810916116629	WebRuntime	ServiceE	545	8772	2120	7800	18692	28406	342	773200	92940	88961024	23939502	32374784
63	R1	2026-08-14T01:56:54,334992462-0700	1786697814225556879	ServiceA	ServiceA	3953	13272	6552	2684	22508	426430	167	755688	92940	88961024	23939502	32374784
63	R1	2026-08-14T01:56:54,334992462-0700	1786697814225556879	ServiceB	ServiceB	692	3984	4396	2176	10556	32308	414	755688	92940	88961024	23939502	32374784
63	R1	2026-08-14T01:56:54,334992462-0700	1786697814225556879	ChannelLoader	ServiceH	3740	13772	25812	4324	43908	153131	103	755688	92940	88961024	23939502	32374784
63	R1	2026-08-14T01:56:54,334992462-0700	1786697814225556879	WebRuntime	ServiceE	545	8772	2120	7800	18692	28406	342	755688	92940	88961024	23939502	32374784
64	R1	2026-08-14T01:56:59,671004044-0700	1786697819655123377	ServiceA	ServiceA	3953	3512	4460	2656	10628	427309	167	780988	92940	88961024	23939502	32374784
64	R1	2026-08-14T01:56:59,671004044-0700	1786697819655123377	ServiceB	ServiceB	692	3928	4396	2176	10500	32476	414	780988	92940	88961024	23939502	32374784
64	R1	2026-08-14T01:56:59,671004044-0700	1786697819655123377	ChannelLoader	ServiceH	3740	13772	25812	4324	43908	153135	103	780988	92940	88961024	23939502	32374784
64	R1	2026-08-14T01:56:59,671004044-0700	1786697819655123377	WebRuntime	ServiceE	545	8772	2120	7800	18692	28406	342	780988	92940	88961024	23939502	32374784
65	R1	2026-08-14T01:57:01,657578710-0700	1786697821647349293	ServiceA	ServiceA	3953	3512	4460	2656	10628	427309	167	781584	92940	88961024	23939502	32374784
65	R1	2026-08-14T01:57:01,657578710-0700	1786697821647349293	ServiceB	ServiceB	692	3928	4396	2176	10500	32476	414	781584	92940	88961024	23939502	32374784
65	R1	2026-08-14T01:57:01,657578710-0700	1786697821647349293	ChannelLoader	ServiceH	3740	13772	25812	4324	43908	153177	103	781584	92940	88961024	23939502	32374784
65	R1	2026-08-14T01:57:01,657578710-0700	1786697821647349293	WebRuntime	ServiceE	545	8772	2120	7800	18692	28406	342	781584	92940	88961024	23939502	32374784
66	R1	2026-08-14T01:57:03,581614460-0700	1786697823551792126	ServiceA	ServiceA	3953	3512	4460	2656	10628	427309	167	781932	92940	88961024	23939502	32374784
66	R1	2026-08-14T01:57:03,581614460-0700	1786697823551792126	ServiceB	ServiceB	692	3928	4396	2176	10500	32476	414	781932	92940	88961024	23939502	32374784
66	R1	2026-08-14T01:57:03,581614460-0700	1786697823551792126	ChannelLoader	ServiceH	3740	13772	25812	4324	43908	153177	103	781932	92940	88961024	23939502	32374784
66	R1	2026-08-14T01:57:03,581614460-0700	1786697823551792126	WebRuntime	ServiceE	545	8772	2120	7800	18692	28406	342	781932	92940	88961024	23939502	32374784
67	R1	2026-08-14T01:57:05,476086543-0700	1786697825455139376	ServiceA	ServiceA	3953	3512	4460	2656	10628	427309	167	783652	92940	88961024	23939502	32374784
67	R1	2026-08-14T01:57:05,476086543-0700	1786697825455139376	ServiceB	ServiceB	692	3884	4372	2176	10432	32480	414	783652	92940	88961024	23939502	32374784
67	R1	2026-08-14T01:57:05,476086543-0700	1786697825455139376	ChannelLoader	ServiceH	3740	13772	25772	4324	43868	153219	103	783652	92940	88961024	23939502	32374784
67	R1	2026-08-14T01:57:05,476086543-0700	1786697825455139376	WebRuntime	ServiceE	545	8772	2120	7800	18692	28406	342	783652	92940	88961024	23939502	32374784
68	R1	2026-08-14T01:57:07,592622625-0700	1786697827570214125	ServiceA	ServiceA	3953	3512	4460	2656	10628	427309	167	783092	92940	88961024	23939502	32374784
68	R1	2026-08-14T01:57:07,592622625-0700	1786697827570214125	ServiceB	ServiceB	692	3884	4372	2176	10432	32480	414	783092	92940	88961024	23939502	32374784
68	R1	2026-08-14T01:57:07,592622625-0700	1786697827570214125	ChannelLoader	ServiceH	3740	13772	25680	4324	43776	153225	103	783092	92940	88961024	23939502	32374784
68	R1	2026-08-14T01:57:07,592622625-0700	1786697827570214125	WebRuntime	ServiceE	545	8772	2120	7800	18692	28406	342	783092	92940	88961024	23939502	32374784
69	R1	2026-08-14T01:57:09,782742625-0700	1786697829760833458	ServiceA	ServiceA	3953	3512	4460	2656	10628	427309	167	783280	92940	88961024	23939502	32374784
69	R1	2026-08-14T01:57:09,782742625-0700	1786697829760833458	ServiceB	ServiceB	692	3884	4372	2176	10432	32480	414	783280	92940	88961024	23939502	32374784
69	R1	2026-08-14T01:57:09,782742625-0700	1786697829760833458	ChannelLoader	ServiceH	3740	13356	25788	4324	43468	155219	103	783280	92940	88961024	23939502	32374784
69	R1	2026-08-14T01:57:09,782742625-0700	1786697829760833458	WebRuntime	ServiceE	545	8772	2120	7800	18692	28406	342	783280	92940	88961024	23939502	32374784
70	R1	2026-08-14T01:57:10,969866625-0700	1786697830956612541	ServiceA	ServiceA	3953	3512	4460	2656	10628	427309	167	784532	92940	88961024	23939502	32374784
70	R1	2026-08-14T01:57:10,969866625-0700	1786697830956612541	ServiceB	ServiceB	692	3884	4372	2176	10432	32480	414	784532	92940	88961024	23939502	32374784
70	R1	2026-08-14T01:57:10,969866625-0700	1786697830956612541	ChannelLoader	ServiceH	3740	13356	25788	4324	43468	155624	103	784532	92940	88961024	23939502	32374784
70	R1	2026-08-14T01:57:10,969866625-0700	1786697830956612541	WebRuntime	ServiceE	545	8772	2120	7800	18692	28406	342	784532	92940	88961024	23939502	32374784
71	R1	2026-08-14T01:57:11,801011208-0700	1786697831794013374	ServiceA	ServiceA	3953	3512	4460	2656	10628	427309	167	783788	92940	88961024	23939502	32374784
71	R1	2026-08-14T01:57:11,801011208-0700	1786697831794013374	ServiceB	ServiceB	692	3884	4372	2176	10432	32480	414	783788	92940	88961024	23939502	32374784
71	R1	2026-08-14T01:57:11,801011208-0700	1786697831794013374	ChannelLoader	ServiceH	3740	13352	25788	4324	43464	155625	103	783788	92940	88961024	23939502	32374784
71	R1	2026-08-14T01:57:11,801011208-0700	1786697831794013374	WebRuntime	ServiceE	545	8772	2120	7800	18692	28406	342	783788	92940	88961024	23939502	32374784
72	R1	2026-08-14T01:57:12,607208541-0700	1786697832600615208	ServiceA	ServiceA	3953	3512	4460	2656	10628	427309	167	783768	92940	88961024	23939502	32374784
72	R1	2026-08-14T01:57:12,607208541-0700	1786697832600615208	ServiceB	ServiceB	692	3884	4372	2176	10432	32480	414	783768	92940	88961024	23939502	32374784
72	R1	2026-08-14T01:57:12,607208541-0700	1786697832600615208	ChannelLoader	ServiceH	3740	13352	25788	4324	43464	155632	103	783768	92940	88961024	23939502	32374784
72	R1	2026-08-14T01:57:12,607208541-0700	1786697832600615208	WebRuntime	ServiceE	545	8772	2120	7800	18692	28406	342	783768	92940	88961024	23939502	32374784
73	R1	2026-08-14T01:57:14,728115040-0700	1786697834712431040	ServiceA	ServiceA	3953	3480	4440	2656	10576	427309	167	767564	92940	88961024	23939502	32374784
73	R1	2026-08-14T01:57:14,728115040-0700	1786697834712431040	ServiceB	ServiceB	692	3884	4376	2176	10436	32486	414	767564	92940	88961024	23939502	32374784
73	R1	2026-08-14T01:57:14,728115040-0700	1786697834712431040	ChannelLoader	ServiceH	3740	13352	25788	4324	43464	155632	103	767564	92940	88961024	23939502	32374784
73	R1	2026-08-14T01:57:14,728115040-0700	1786697834712431040	WebRuntime	ServiceE	545	8772	2120	7800	18692	28406	342	767564	92940	88961024	23939502	32374784
74	R1	2026-08-14T01:57:15,621078540-0700	1786697835614800623	ServiceA	ServiceA	3953	3480	4440	2656	10576	427309	167	765792	92940	88961024	23939502	32374784
74	R1	2026-08-14T01:57:15,621078540-0700	1786697835614800623	ServiceB	ServiceB	692	3884	4376	2176	10436	32486	414	765792	92940	88961024	23939502	32374784
74	R1	2026-08-14T01:57:15,621078540-0700	1786697835614800623	ChannelLoader	ServiceH	3740	13352	25788	4324	43464	155674	103	765792	92940	88961024	23939502	32374784
74	R1	2026-08-14T01:57:15,621078540-0700	1786697835614800623	WebRuntime	ServiceE	545	8772	2120	7800	18692	28406	342	765792	92940	88961024	23939502	32374784
75	R1	2026-08-14T01:57:16,411875957-0700	1786697836402969040	ServiceA	ServiceA	3953	3480	4440	2656	10576	427309	167	765600	92940	88961024	23939502	32374784
75	R1	2026-08-14T01:57:16,411875957-0700	1786697836402969040	ServiceB	ServiceB	692	3884	4376	2176	10436	32486	414	765600	92940	88961024	23939502	32374784
75	R1	2026-08-14T01:57:16,411875957-0700	1786697836402969040	ChannelLoader	ServiceH	3740	13352	25788	4324	43464	155674	103	765600	92940	88961024	23939502	32374784
75	R1	2026-08-14T01:57:16,411875957-0700	1786697836402969040	WebRuntime	ServiceE	545	8772	2120	7800	18692	28406	342	765600	92940	88961024	23939502	32374784
76	R1	2026-08-14T01:57:17,180074540-0700	1786697837172851456	ServiceA	ServiceA	3953	3480	4440	2656	10576	427309	167	766316	92940	88961024	23939502	32374784
76	R1	2026-08-14T01:57:17,180074540-0700	1786697837172851456	ServiceB	ServiceB	692	3884	4372	2176	10432	32486	414	766316	92940	88961024	23939502	32374784
76	R1	2026-08-14T01:57:17,180074540-0700	1786697837172851456	ChannelLoader	ServiceH	3740	13352	25788	4324	43464	155674	103	766316	92940	88961024	23939502	32374784
76	R1	2026-08-14T01:57:17,180074540-0700	1786697837172851456	WebRuntime	ServiceE	545	8772	2120	7800	18692	28406	342	766316	92940	88961024	23939502	32374784
77	R1	2026-08-14T01:57:18,279886706-0700	1786697838270846456	ServiceA	ServiceA	3953	3476	4440	2656	10572	427309	167	788384	92940	88961024	23939502	32374784
77	R1	2026-08-14T01:57:18,279886706-0700	1786697838270846456	ServiceB	ServiceB	692	3884	4372	2176	10432	32486	414	788384	92940	88961024	23939502	32374784
77	R1	2026-08-14T01:57:18,279886706-0700	1786697838270846456	ChannelLoader	ServiceH	3740	13352	25788	4324	43464	155674	103	788384	92940	88961024	23939502	32374784
77	R1	2026-08-14T01:57:18,279886706-0700	1786697838270846456	WebRuntime	ServiceE	545	8772	2120	7800	18692	28406	342	788384	92940	88961024	23939502	32374784
78	R1	2026-08-14T01:57:19,362004623-0700	1786697839349616706	ServiceA	ServiceA	3953	3476	4440	2656	10572	427309	167	783824	92940	88961024	23939502	32374784
78	R1	2026-08-14T01:57:19,362004623-0700	1786697839349616706	ServiceB	ServiceB	692	3884	4372	2176	10432	32486	414	783824	92940	88961024	23939502	32374784
78	R1	2026-08-14T01:57:19,362004623-0700	1786697839349616706	ChannelLoader	ServiceH	3740	13352	25788	4324	43464	155674	103	783824	92940	88961024	23939502	32374784
78	R1	2026-08-14T01:57:19,362004623-0700	1786697839349616706	WebRuntime	ServiceE	545	8772	2120	7800	18692	28406	342	783824	92940	88961024	23939502	32374784
79	R1	2026-08-14T01:57:20,462707539-0700	1786697840452200289	ServiceA	ServiceA	3953	3476	4440	2656	10572	427309	167	781992	92940	88961024	23939502	32374784
79	R1	2026-08-14T01:57:20,462707539-0700	1786697840452200289	ServiceB	ServiceB	692	3884	4372	2176	10432	32486	414	781992	92940	88961024	23939502	32374784
79	R1	2026-08-14T01:57:20,462707539-0700	1786697840452200289	ChannelLoader	ServiceH	3740	13352	25788	4324	43464	155716	103	781992	92940	88961024	23939502	32374784
79	R1	2026-08-14T01:57:20,462707539-0700	1786697840452200289	WebRuntime	ServiceE	545	8772	2120	7800	18692	28406	342	781992	92940	88961024	23939502	32374784
80	R1	2026-08-14T01:57:21,430816205-0700	1786697841422971455	ServiceA	ServiceA	3953	3476	4440	2656	10572	427309	167	780792	92940	88961024	23939502	32374784
80	R1	2026-08-14T01:57:21,430816205-0700	1786697841422971455	ServiceB	ServiceB	692	3884	4372	2176	10432	32486	414	780792	92940	88961024	23939502	32374784
80	R1	2026-08-14T01:57:21,430816205-0700	1786697841422971455	ChannelLoader	ServiceH	3740	13352	25788	4324	43464	155716	103	780792	92940	88961024	23939502	32374784
80	R1	2026-08-14T01:57:21,430816205-0700	1786697841422971455	WebRuntime	ServiceE	545	8772	2120	7800	18692	28406	342	780792	92940	88961024	23939502	32374784
81	R1	2026-08-14T01:57:22,353943789-0700	1786697842347947539	ServiceA	ServiceA	3953	3476	4440	2656	10572	427309	167	779960	92940	88961024	23939502	32374784
81	R1	2026-08-14T01:57:22,353943789-0700	1786697842347947539	ServiceB	ServiceB	692	3884	4372	2176	10432	32486	414	779960	92940	88961024	23939502	32374784
81	R1	2026-08-14T01:57:22,353943789-0700	1786697842347947539	ChannelLoader	ServiceH	3740	13352	25788	4324	43464	155716	103	779960	92940	88961024	23939502	32374784
81	R1	2026-08-14T01:57:22,353943789-0700	1786697842347947539	WebRuntime	ServiceE	545	8772	2120	7800	18692	28406	342	779960	92940	88961024	23939502	32374784
82	R1	2026-08-14T01:57:23,164968788-0700	1786697843160601955	ServiceA	ServiceA	3953	3476	4440	2656	10572	427309	167	781152	92940	88961024	23939502	32374784
82	R1	2026-08-14T01:57:23,164968788-0700	1786697843160601955	ServiceB	ServiceB	692	3884	4372	2176	10432	32486	414	781152	92940	88961024	23939502	32374784
82	R1	2026-08-14T01:57:23,164968788-0700	1786697843160601955	ChannelLoader	ServiceH	3740	13352	25788	4324	43464	155716	103	781152	92940	88961024	23939502	32374784
82	R1	2026-08-14T01:57:23,164968788-0700	1786697843160601955	WebRuntime	ServiceE	545	8772	2120	7800	18692	28406	342	781152	92940	88961024	23939502	32374784
83	R1	2026-08-14T01:57:23,944581955-0700	1786697843931483205	ServiceA	ServiceA	3953	3476	4440	2656	10572	427309	167	781504	92940	88961024	23939502	32374784
83	R1	2026-08-14T01:57:23,944581955-0700	1786697843931483205	ServiceB	ServiceB	692	3884	4372	2176	10432	32486	414	781504	92940	88961024	23939502	32374784
83	R1	2026-08-14T01:57:23,944581955-0700	1786697843931483205	ChannelLoader	ServiceH	3740	13352	25788	4324	43464	155716	103	781504	92940	88961024	23939502	32374784
83	R1	2026-08-14T01:57:23,944581955-0700	1786697843931483205	WebRuntime	ServiceE	545	8772	2120	7800	18692	28406	342	781504	92940	88961024	23939502	32374784
84	R1	2026-08-14T01:57:24,728864871-0700	1786697844722432621	ServiceA	ServiceA	3953	3476	4440	2656	10572	427309	167	781856	92940	88961024	23939502	32374784
84	R1	2026-08-14T01:57:24,728864871-0700	1786697844722432621	ServiceB	ServiceB	692	3884	4372	2176	10432	32486	414	781856	92940	88961024	23939502	32374784
84	R1	2026-08-14T01:57:24,728864871-0700	1786697844722432621	ChannelLoader	ServiceH	3740	13352	25788	4324	43464	155716	103	781856	92940	88961024	23939502	32374784
84	R1	2026-08-14T01:57:24,728864871-0700	1786697844722432621	WebRuntime	ServiceE	545	8772	2120	7800	18692	28406	342	781856	92940	88961024	23939502	32374784
85	R1	2026-08-14T01:57:25,426895371-0700	1786697845420202788	ServiceA	ServiceA	3953	3476	4440	2656	10572	427309	167	781920	92940	88961024	23939502	32374784
85	R1	2026-08-14T01:57:25,426895371-0700	1786697845420202788	ServiceB	ServiceB	692	3884	4372	2176	10432	32486	414	781920	92940	88961024	23939502	32374784
85	R1	2026-08-14T01:57:25,426895371-0700	1786697845420202788	ChannelLoader	ServiceH	3740	13352	25788	4324	43464	155758	103	781920	92940	88961024	23939502	32374784
85	R1	2026-08-14T01:57:25,426895371-0700	1786697845420202788	WebRuntime	ServiceE	545	8772	2120	7800	18692	28406	342	781920	92940	88961024	23939502	32374784
86	R1	2026-08-14T01:57:26,170380788-0700	1786697846163191704	ServiceA	ServiceA	3953	3476	4440	2656	10572	427309	167	782596	92940	88961024	23939502	32374784
86	R1	2026-08-14T01:57:26,170380788-0700	1786697846163191704	ServiceB	ServiceB	692	3884	4372	2176	10432	32486	414	782596	92940	88961024	23939502	32374784
86	R1	2026-08-14T01:57:26,170380788-0700	1786697846163191704	ChannelLoader	ServiceH	3740	13352	25788	4324	43464	155758	103	782596	92940	88961024	23939502	32374784
86	R1	2026-08-14T01:57:26,170380788-0700	1786697846163191704	WebRuntime	ServiceE	545	8772	2120	7800	18692	28406	342	782596	92940	88961024	23939502	32374784
87	R1	2026-08-14T01:57:26,864130954-0700	1786697846856526204	ServiceA	ServiceA	3953	3476	4440	2656	10572	427309	167	783160	92940	88961024	23939502	32374784
87	R1	2026-08-14T01:57:26,864130954-0700	1786697846856526204	ServiceB	ServiceB	692	3884	4372	2176	10432	32486	414	783160	92940	88961024	23939502	32374784
87	R1	2026-08-14T01:57:26,864130954-0700	1786697846856526204	ChannelLoader	ServiceH	3740	13352	25788	4324	43464	155758	103	783160	92940	88961024	23939502	32374784
87	R1	2026-08-14T01:57:26,864130954-0700	1786697846856526204	WebRuntime	ServiceE	545	8772	2120	7800	18692	28406	342	783160	92940	88961024	23939502	32374784
88	R1	2026-08-14T01:57:27,559760537-0700	1786697847554642371	ServiceA	ServiceA	3953	3476	4440	2656	10572	427309	167	783172	92940	88961024	23939502	32374784
88	R1	2026-08-14T01:57:27,559760537-0700	1786697847554642371	ServiceB	ServiceB	692	3884	4372	2176	10432	32486	414	783172	92940	88961024	23939502	32374784
88	R1	2026-08-14T01:57:27,559760537-0700	1786697847554642371	ChannelLoader	ServiceH	3740	13352	25788	4324	43464	155758	103	783172	92940	88961024	23939502	32374784
88	R1	2026-08-14T01:57:27,559760537-0700	1786697847554642371	WebRuntime	ServiceE	545	8772	2120	7800	18692	28406	342	783172	92940	88961024	23939502	32374784
89	R1	2026-08-14T01:57:28,325253620-0700	1786697848319063370	ServiceA	ServiceA	3953	3476	4440	2656	10572	427309	167	782648	92940	88961024	23939502	32374784
89	R1	2026-08-14T01:57:28,325253620-0700	1786697848319063370	ServiceB	ServiceB	692	3884	4372	2176	10432	32486	414	782648	92940	88961024	23939502	32374784
89	R1	2026-08-14T01:57:28,325253620-0700	1786697848319063370	ChannelLoader	ServiceH	3740	13352	25788	4324	43464	155758	103	782648	92940	88961024	23939502	32374784
89	R1	2026-08-14T01:57:28,325253620-0700	1786697848319063370	WebRuntime	ServiceE	545	8772	2120	7800	18692	28406	342	782648	92940	88961024	23939502	32374784
90	R1	2026-08-14T01:57:29,045536870-0700	1786697849040970537	ServiceA	ServiceA	3953	3476	4440	2656	10572	427309	167	783488	92940	88961024	23939502	32374784
90	R1	2026-08-14T01:57:29,045536870-0700	1786697849040970537	ServiceB	ServiceB	692	3884	4372	2176	10432	32486	414	783488	92940	88961024	23939502	32374784
90	R1	2026-08-14T01:57:29,045536870-0700	1786697849040970537	ChannelLoader	ServiceH	3740	13352	25788	4324	43464	155758	103	783488	92940	88961024	23939502	32374784
90	R1	2026-08-14T01:57:29,045536870-0700	1786697849040970537	WebRuntime	ServiceE	545	8772	2120	7800	18692	28406	342	783488	92940	88961024	23939502	32374784
91	R1	2026-08-14T01:57:29,916291120-0700	1786697849911884453	ServiceA	ServiceA	3953	3476	4440	2656	10572	427309	167	778936	92940	88961024	23939502	32374784
91	R1	2026-08-14T01:57:29,916291120-0700	1786697849911884453	ServiceB	ServiceB	692	3884	4372	2176	10432	32486	414	778936	92940	88961024	23939502	32374784
91	R1	2026-08-14T01:57:29,916291120-0700	1786697849911884453	ChannelLoader	ServiceH	3740	13352	25788	4324	43464	155758	103	778936	92940	88961024	23939502	32374784
91	R1	2026-08-14T01:57:29,916291120-0700	1786697849911884453	WebRuntime	ServiceE	545	8772	2120	7800	18692	28406	342	778936	92940	88961024	23939502	32374784
92	R1	2026-08-14T01:57:30,663934537-0700	1786697850658598287	ServiceA	ServiceA	3953	3476	4440	2656	10572	427309	167	779568	92940	88961024	23939502	32374784
92	R1	2026-08-14T01:57:30,663934537-0700	1786697850658598287	ServiceB	ServiceB	692	3884	4372	2176	10432	32486	414	779568	92940	88961024	23939502	32374784
92	R1	2026-08-14T01:57:30,663934537-0700	1786697850658598287	ChannelLoader	ServiceH	3740	13352	25788	4324	43464	155800	103	779568	92940	88961024	23939502	32374784
92	R1	2026-08-14T01:57:30,663934537-0700	1786697850658598287	WebRuntime	ServiceE	545	8772	2120	7800	18692	28406	342	779568	92940	88961024	23939502	32374784
93	R1	2026-08-14T01:57:31,379169953-0700	1786697851374606203	ServiceA	ServiceA	3953	3476	4440	2656	10572	427309	167	779520	92940	88961024	23939502	32374784
93	R1	2026-08-14T01:57:31,379169953-0700	1786697851374606203	ServiceB	ServiceB	692	3884	4372	2176	10432	32486	414	779520	92940	88961024	23939502	32374784
93	R1	2026-08-14T01:57:31,379169953-0700	1786697851374606203	ChannelLoader	ServiceH	3740	13352	25788	4324	43464	155800	103	779520	92940	88961024	23939502	32374784
93	R1	2026-08-14T01:57:31,379169953-0700	1786697851374606203	WebRuntime	ServiceE	545	8772	2120	7800	18692	28406	342	779520	92940	88961024	23939502	32374784
94	R1	2026-08-14T01:57:32,082689370-0700	1786697852074490286	ServiceA	ServiceA	3953	3476	4440	2656	10572	427309	167	779976	92940	88961024	23939502	32374784
94	R1	2026-08-14T01:57:32,082689370-0700	1786697852074490286	ServiceB	ServiceB	692	3884	4372	2176	10432	32486	414	779976	92940	88961024	23939502	32374784
94	R1	2026-08-14T01:57:32,082689370-0700	1786697852074490286	ChannelLoader	ServiceH	3740	13352	25788	4324	43464	155800	103	779976	92940	88961024	23939502	32374784
94	R1	2026-08-14T01:57:32,082689370-0700	1786697852074490286	WebRuntime	ServiceE	545	8772	2120	7800	18692	28406	342	779976	92940	88961024	23939502	32374784
95	R1	2026-08-14T01:57:32,808618369-0700	1786697852799322953	ServiceA	ServiceA	3953	3476	4440	2656	10572	427309	167	779056	92940	88961024	23939502	32374784
95	R1	2026-08-14T01:57:32,808618369-0700	1786697852799322953	ServiceB	ServiceB	692	3884	4372	2176	10432	32486	414	779056	92940	88961024	23939502	32374784
95	R1	2026-08-14T01:57:32,808618369-0700	1786697852799322953	ChannelLoader	ServiceH	3740	13352	25784	4324	43460	155800	103	779056	92940	88961024	23939502	32374784
95	R1	2026-08-14T01:57:32,808618369-0700	1786697852799322953	WebRuntime	ServiceE	545	8772	2120	7800	18692	28406	342	779056	92940	88961024	23939502	32374784
96	R1	2026-08-14T01:57:33,496881203-0700	1786697853489986119	ServiceA	ServiceA	3953	3476	4440	2656	10572	427309	167	779860	92940	88961024	23939502	32374784
96	R1	2026-08-14T01:57:33,496881203-0700	1786697853489986119	ServiceB	ServiceB	692	3884	4372	2176	10432	32486	414	779860	92940	88961024	23939502	32374784
96	R1	2026-08-14T01:57:33,496881203-0700	1786697853489986119	ChannelLoader	ServiceH	3740	13352	25784	4324	43460	155800	103	779860	92940	88961024	23939502	32374784
96	R1	2026-08-14T01:57:33,496881203-0700	1786697853489986119	WebRuntime	ServiceE	545	8772	2120	7800	18692	28406	342	779860	92940	88961024	23939502	32374784
97	R1	2026-08-14T01:57:34,178096202-0700	1786697854171320452	ServiceA	ServiceA	3953	3476	4440	2656	10572	427309	167	780824	92940	88961024	23939502	32374784
97	R1	2026-08-14T01:57:34,178096202-0700	1786697854171320452	ServiceB	ServiceB	692	3884	4372	2176	10432	32486	414	780824	92940	88961024	23939502	32374784
97	R1	2026-08-14T01:57:34,178096202-0700	1786697854171320452	ChannelLoader	ServiceH	3740	13352	25784	4324	43460	155800	103	780824	92940	88961024	23939502	32374784
97	R1	2026-08-14T01:57:34,178096202-0700	1786697854171320452	WebRuntime	ServiceE	545	8772	2120	7800	18692	28406	342	780824	92940	88961024	23939502	32374784
98	R1	2026-08-14T01:57:34,843840369-0700	1786697854832377702	ServiceA	ServiceA	3953	3476	4440	2656	10572	427309	167	780976	92940	88961024	23939502	32374784
98	R1	2026-08-14T01:57:34,843840369-0700	1786697854832377702	ServiceB	ServiceB	692	3884	4372	2176	10432	32486	414	780976	92940	88961024	23939502	32374784
98	R1	2026-08-14T01:57:34,843840369-0700	1786697854832377702	ChannelLoader	ServiceH	3740	13352	25784	4324	43460	155800	103	780976	92940	88961024	23939502	32374784
98	R1	2026-08-14T01:57:34,843840369-0700	1786697854832377702	WebRuntime	ServiceE	545	8772	2120	7800	18692	28406	342	780976	92940	88961024	23939502	32374784
99	R1	2026-08-14T01:57:35,543905619-0700	1786697855536167119	ServiceA	ServiceA	3953	3476	4440	2656	10572	427309	167	782032	92940	88961024	23939502	32374784
99	R1	2026-08-14T01:57:35,543905619-0700	1786697855536167119	ServiceB	ServiceB	692	3884	4372	2176	10432	32486	414	782032	92940	88961024	23939502	32374784
99	R1	2026-08-14T01:57:35,543905619-0700	1786697855536167119	ChannelLoader	ServiceH	3740	13352	25784	4324	43460	155840	103	782032	92940	88961024	23939502	32374784
99	R1	2026-08-14T01:57:35,543905619-0700	1786697855536167119	WebRuntime	ServiceE	545	8772	2120	7800	18692	28406	342	782032	92940	88961024	23939502	32374784
100	R1	2026-08-14T01:57:36,210326202-0700	1786697856203444285	ServiceA	ServiceA	3953	3476	4440	2656	10572	427309	167	782164	92940	88961024	23939502	32374784
100	R1	2026-08-14T01:57:36,210326202-0700	1786697856203444285	ServiceB	ServiceB	692	3884	4372	2176	10432	32486	414	782164	92940	88961024	23939502	32374784
100	R1	2026-08-14T01:57:36,210326202-0700	1786697856203444285	ChannelLoader	ServiceH	3740	13352	25784	4324	43460	155840	103	782164	92940	88961024	23939502	32374784
100	R1	2026-08-14T01:57:36,210326202-0700	1786697856203444285	WebRuntime	ServiceE	545	8772	2120	7800	18692	28406	342	782164	92940	88961024	23939502	32374784
101	R1	2026-08-14T01:57:36,866070868-0700	1786697856861275285	ServiceA	ServiceA	3953	3476	4440	2656	10572	427309	167	782296	92940	88961024	23939502	32374784
101	R1	2026-08-14T01:57:36,866070868-0700	1786697856861275285	ServiceB	ServiceB	692	3884	4372	2176	10432	32486	414	782296	92940	88961024	23939502	32374784
101	R1	2026-08-14T01:57:36,866070868-0700	1786697856861275285	ChannelLoader	ServiceH	3740	13352	25784	4324	43460	155840	103	782296	92940	88961024	23939502	32374784
101	R1	2026-08-14T01:57:36,866070868-0700	1786697856861275285	WebRuntime	ServiceE	545	8772	2120	7800	18692	28406	342	782296	92940	88961024	23939502	32374784
102	R1	2026-08-14T01:57:37,582901785-0700	1786697857577665702	ServiceA	ServiceA	3953	3476	4440	2656	10572	427309	167	781936	92940	88961024	23939502	32374784
102	R1	2026-08-14T01:57:37,582901785-0700	1786697857577665702	ServiceB	ServiceB	692	3884	4372	2176	10432	32486	414	781936	92940	88961024	23939502	32374784
102	R1	2026-08-14T01:57:37,582901785-0700	1786697857577665702	ChannelLoader	ServiceH	3740	13352	25784	4324	43460	155840	103	781936	92940	88961024	23939502	32374784
102	R1	2026-08-14T01:57:37,582901785-0700	1786697857577665702	WebRuntime	ServiceE	545	8772	2120	7800	18692	28406	342	781936	92940	88961024	23939502	32374784
103	R1	2026-08-14T01:57:38,313618535-0700	1786697858306978785	ServiceA	ServiceA	3953	3476	4440	2656	10572	427309	167	781976	92940	88961024	23939502	32374784
103	R1	2026-08-14T01:57:38,313618535-0700	1786697858306978785	ServiceB	ServiceB	692	3884	4372	2176	10432	32486	414	781976	92940	88961024	23939502	32374784
103	R1	2026-08-14T01:57:38,313618535-0700	1786697858306978785	ChannelLoader	ServiceH	3740	13352	25784	4324	43460	155840	103	781976	92940	88961024	23939502	32374784
103	R1	2026-08-14T01:57:38,313618535-0700	1786697858306978785	WebRuntime	ServiceE	545	8772	2120	7800	18692	28406	342	781976	92940	88961024	23939502	32374784
104	R1	2026-08-14T01:57:38,992938285-0700	1786697858987871868	ServiceA	ServiceA	3953	3476	4440	2656	10572	427309	167	782364	92940	88961024	23939502	32374784
104	R1	2026-08-14T01:57:38,992938285-0700	1786697858987871868	ServiceB	ServiceB	692	3884	4372	2176	10432	32486	414	782364	92940	88961024	23939502	32374784
104	R1	2026-08-14T01:57:38,992938285-0700	1786697858987871868	ChannelLoader	ServiceH	3740	13352	25784	4324	43460	155840	103	782364	92940	88961024	23939502	32374784
104	R1	2026-08-14T01:57:38,992938285-0700	1786697858987871868	WebRuntime	ServiceE	545	8772	2120	7800	18692	28406	342	782364	92940	88961024	23939502	32374784
105	R1	2026-08-14T01:57:39,744946201-0700	1786697859738773034	ServiceA	ServiceA	3953	3476	4440	2656	10572	427309	167	779732	92940	88961024	23939502	32374784
105	R1	2026-08-14T01:57:39,744946201-0700	1786697859738773034	ServiceB	ServiceB	692	3884	4372	2176	10432	32486	414	779732	92940	88961024	23939502	32374784
105	R1	2026-08-14T01:57:39,744946201-0700	1786697859738773034	ChannelLoader	ServiceH	3740	13352	25784	4324	43460	155840	103	779732	92940	88961024	23939502	32374784
105	R1	2026-08-14T01:57:39,744946201-0700	1786697859738773034	WebRuntime	ServiceE	545	8772	2120	7800	18692	28406	342	779732	92940	88961024	23939502	32374784
106	R1	2026-08-14T01:57:40,502088784-0700	1786697860495785784	ServiceA	ServiceA	3953	3476	4440	2656	10572	427309	167	779516	92940	88961024	23939502	32374784
106	R1	2026-08-14T01:57:40,502088784-0700	1786697860495785784	ServiceB	ServiceB	692	3884	4372	2176	10432	32486	414	779516	92940	88961024	23939502	32374784
106	R1	2026-08-14T01:57:40,502088784-0700	1786697860495785784	ChannelLoader	ServiceH	3740	13352	25784	4324	43460	155880	103	779516	92940	88961024	23939502	32374784
106	R1	2026-08-14T01:57:40,502088784-0700	1786697860495785784	WebRuntime	ServiceE	545	8772	2120	7800	18692	28406	342	779516	92940	88961024	23939502	32374784
107	R1	2026-08-14T01:57:41,170083617-0700	1786697861162943117	ServiceA	ServiceA	3953	3476	4440	2656	10572	427309	167	780136	92940	88961024	23939502	32374784
107	R1	2026-08-14T01:57:41,170083617-0700	1786697861162943117	ServiceB	ServiceB	692	3884	4372	2176	10432	32486	414	780136	92940	88961024	23939502	32374784
107	R1	2026-08-14T01:57:41,170083617-0700	1786697861162943117	ChannelLoader	ServiceH	3740	13352	25784	4324	43460	155880	103	780136	92940	88961024	23939502	32374784
107	R1	2026-08-14T01:57:41,170083617-0700	1786697861162943117	WebRuntime	ServiceE	545	8772	2120	7800	18692	28406	342	780136	92940	88961024	23939502	32374784
108	R1	2026-08-14T01:57:41,880305617-0700	1786697861874719201	ServiceA	ServiceA	3953	3476	4440	2656	10572	427309	167	780068	92940	88961024	23939502	32374784
108	R1	2026-08-14T01:57:41,880305617-0700	1786697861874719201	ServiceB	ServiceB	692	3884	4372	2176	10432	32486	414	780068	92940	88961024	23939502	32374784
108	R1	2026-08-14T01:57:41,880305617-0700	1786697861874719201	ChannelLoader	ServiceH	3740	13352	25784	4324	43460	155880	103	780068	92940	88961024	23939502	32374784
108	R1	2026-08-14T01:57:41,880305617-0700	1786697861874719201	WebRuntime	ServiceE	545	8772	2120	7800	18692	28406	342	780068	92940	88961024	23939502	32374784
109	R1	2026-08-14T01:57:42,588178284-0700	1786697862580178617	ServiceA	ServiceA	3953	3476	4440	2656	10572	427309	167	780896	92940	88961024	23939502	32374784
109	R1	2026-08-14T01:57:42,588178284-0700	1786697862580178617	ServiceB	ServiceB	692	3884	4372	2176	10432	32486	414	780896	92940	88961024	23939502	32374784
109	R1	2026-08-14T01:57:42,588178284-0700	1786697862580178617	ChannelLoader	ServiceH	3740	13352	25784	4324	43460	155880	103	780896	92940	88961024	23939502	32374784
109	R1	2026-08-14T01:57:42,588178284-0700	1786697862580178617	WebRuntime	ServiceE	545	8772	2120	7800	18692	28406	342	780896	92940	88961024	23939502	32374784
110	R1	2026-08-14T01:57:43,345958784-0700	1786697863335561950	ServiceA	ServiceA	3953	3476	4440	2656	10572	427309	167	781292	92940	88961024	23939502	32374784
110	R1	2026-08-14T01:57:43,345958784-0700	1786697863335561950	ServiceB	ServiceB	692	3884	4372	2176	10432	32486	414	781292	92940	88961024	23939502	32374784
110	R1	2026-08-14T01:57:43,345958784-0700	1786697863335561950	ChannelLoader	ServiceH	3740	13352	25784	4324	43460	155880	103	781292	92940	88961024	23939502	32374784
110	R1	2026-08-14T01:57:43,345958784-0700	1786697863335561950	WebRuntime	ServiceE	545	8772	2120	7800	18692	28406	342	781292	92940	88961024	23939502	32374784
111	R1	2026-08-14T01:57:44,014196700-0700	1786697864009047867	ServiceA	ServiceA	3953	3476	4440	2656	10572	427309	167	780876	92940	88961024	23939502	32374784
111	R1	2026-08-14T01:57:44,014196700-0700	1786697864009047867	ServiceB	ServiceB	692	3884	4372	2176	10432	32486	414	780876	92940	88961024	23939502	32374784
111	R1	2026-08-14T01:57:44,014196700-0700	1786697864009047867	ChannelLoader	ServiceH	3740	13352	25784	4324	43460	155880	103	780876	92940	88961024	23939502	32374784
111	R1	2026-08-14T01:57:44,014196700-0700	1786697864009047867	WebRuntime	ServiceE	545	8772	2120	7800	18692	28406	342	780876	92940	88961024	23939502	32374784
112	R1	2026-08-14T01:57:44,710605783-0700	1786697864703043867	ServiceA	ServiceA	3953	3476	4440	2656	10572	427309	167	781816	92940	88961024	23939502	32374784
112	R1	2026-08-14T01:57:44,710605783-0700	1786697864703043867	ServiceB	ServiceB	692	3884	4372	2176	10432	32486	414	781816	92940	88961024	23939502	32374784
112	R1	2026-08-14T01:57:44,710605783-0700	1786697864703043867	ChannelLoader	ServiceH	3740	13352	25784	4324	43460	155880	103	781816	92940	88961024	23939502	32374784
112	R1	2026-08-14T01:57:44,710605783-0700	1786697864703043867	WebRuntime	ServiceE	545	8772	2120	7800	18692	28406	342	781816	92940	88961024	23939502	32374784
113	R1	2026-08-14T01:57:45,400248866-0700	1786697865395817950	ServiceA	ServiceA	3953	3476	4440	2656	10572	427309	167	781364	92940	88961024	23939502	32374784
113	R1	2026-08-14T01:57:45,400248866-0700	1786697865395817950	ServiceB	ServiceB	692	3884	4372	2176	10432	32486	414	781364	92940	88961024	23939502	32374784
113	R1	2026-08-14T01:57:45,400248866-0700	1786697865395817950	ChannelLoader	ServiceH	3740	13352	25784	4324	43460	155920	103	781364	92940	88961024	23939502	32374784
113	R1	2026-08-14T01:57:45,400248866-0700	1786697865395817950	WebRuntime	ServiceE	545	8772	2120	7800	18692	28406	342	781364	92940	88961024	23939502	32374784
114	R1	2026-08-14T01:57:46,142782866-0700	1786697866135219033	ServiceA	ServiceA	3953	3476	4440	2656	10572	427309	167	781692	92940	88961024	23939502	32374784
114	R1	2026-08-14T01:57:46,142782866-0700	1786697866135219033	ServiceB	ServiceB	692	3884	4372	2176	10432	32486	414	781692	92940	88961024	23939502	32374784
114	R1	2026-08-14T01:57:46,142782866-0700	1786697866135219033	ChannelLoader	ServiceH	3740	13352	25784	4324	43460	155920	103	781692	92940	88961024	23939502	32374784
114	R1	2026-08-14T01:57:46,142782866-0700	1786697866135219033	WebRuntime	ServiceE	545	8772	2120	7800	18692	28406	342	781692	92940	88961024	23939502	32374784
115	R1	2026-08-14T01:57:46,815808699-0700	1786697866811508449	ServiceA	ServiceA	3953	3476	4440	2656	10572	427309	167	781776	92940	88961024	23939502	32374784
115	R1	2026-08-14T01:57:46,815808699-0700	1786697866811508449	ServiceB	ServiceB	692	3884	4372	2176	10432	32486	414	781776	92940	88961024	23939502	32374784
115	R1	2026-08-14T01:57:46,815808699-0700	1786697866811508449	ChannelLoader	ServiceH	3740	13352	25784	4324	43460	155920	103	781776	92940	88961024	23939502	32374784
115	R1	2026-08-14T01:57:46,815808699-0700	1786697866811508449	WebRuntime	ServiceE	545	8772	2120	7800	18692	28406	342	781776	92940	88961024	23939502	32374784
116	R1	2026-08-14T01:57:47,540234033-0700	1786697867531715533	ServiceA	ServiceA	3953	3476	4440	2656	10572	427309	167	783032	92940	88961024	23939502	32374784
116	R1	2026-08-14T01:57:47,540234033-0700	1786697867531715533	ServiceB	ServiceB	692	3884	4372	2176	10432	32486	414	783032	92940	88961024	23939502	32374784
116	R1	2026-08-14T01:57:47,540234033-0700	1786697867531715533	ChannelLoader	ServiceH	3740	13364	25784	4324	43472	155920	103	783032	92940	88961024	23939502	32374784
116	R1	2026-08-14T01:57:47,540234033-0700	1786697867531715533	WebRuntime	ServiceE	545	8772	2120	7800	18692	28406	342	783032	92940	88961024	23939502	32374784
117	R1	2026-08-14T01:57:48,923416699-0700	1786697868915265949	ServiceA	ServiceA	3953	3800	4716	2656	11172	427406	167	753060	92940	88961024	23939502	32374784
117	R1	2026-08-14T01:57:48,923416699-0700	1786697868915265949	ServiceB	ServiceB	692	3884	4372	2176	10432	32486	414	753060	92940	88961024	23939502	32374784
117	R1	2026-08-14T01:57:48,923416699-0700	1786697868915265949	ChannelLoader	ServiceH	3740	13552	25572	4324	43448	156125	103	753060	92940	88961024	23939502	32374784
117	R1	2026-08-14T01:57:48,923416699-0700	1786697868915265949	WebRuntime	ServiceE	545	8772	2120	7800	18692	28406	342	753060	92940	88961024	23939502	32374784
118	R1	2026-08-14T01:57:50,414906198-0700	1786697870407050782	ServiceA	ServiceA	3953	5112	5512	2656	13280	428030	167	752568	92940	88961024	23939502	32374784
118	R1	2026-08-14T01:57:50,414906198-0700	1786697870407050782	ServiceB	ServiceB	692	3884	4372	2176	10432	32486	414	752568	92940	88961024	23939502	32374784
118	R1	2026-08-14T01:57:50,414906198-0700	1786697870407050782	ChannelLoader	ServiceH	3740	14052	26080	4324	44456	157384	103	752568	92940	88961024	23939502	32374784
118	R1	2026-08-14T01:57:50,414906198-0700	1786697870407050782	WebRuntime	ServiceE	545	8772	2120	7800	18692	28406	342	752568	92940	88961024	23939502	32374784
119	R1	2026-08-14T01:57:52,849193365-0700	1786697872482216865	ServiceA	ServiceA	3953	10068	9472	2684	22224	436745	167	753236	92940	88961024	23939502	32374784
119	R1	2026-08-14T01:57:52,849193365-0700	1786697872482216865	ServiceB	ServiceB	692	3884	4372	2176	10432	32486	414	753236	92940	88961024	23939502	32374784
119	R1	2026-08-14T01:57:52,849193365-0700	1786697872482216865	ChannelLoader	ServiceH	3740	13872	26088	4324	44284	157606	103	753236	92940	88961024	23939502	32374784
119	R1	2026-08-14T01:57:52,849193365-0700	1786697872482216865	WebRuntime	ServiceE	545	8772	2120	7800	18692	28406	342	753236	92940	88961024	23939502	32374784
120	R2	2026-08-14T01:57:58,646438197-0700	1786697878559299363	ServiceA	ServiceA	3953	3844	4520	2656	11020	439913	167	752056	92940	88961024	23939502	32374784
120	R2	2026-08-14T01:57:58,646438197-0700	1786697878559299363	ServiceB	ServiceB	692	3892	4448	2176	10516	32583	414	752056	92940	88961024	23939502	32374784
120	R2	2026-08-14T01:57:58,646438197-0700	1786697878559299363	ChannelLoader	ServiceH	3740	13872	26088	4324	44284	157660	103	752056	92940	88961024	23939502	32374784
120	R2	2026-08-14T01:57:58,646438197-0700	1786697878559299363	WebRuntime	ServiceE	545	8772	2120	7800	18692	28406	342	752056	92940	88961024	23939502	32374784
121	R2	2026-08-14T01:58:01,848927112-0700	1786697881795981112	ServiceA	ServiceA	3953	3844	4520	2656	11020	439913	167	766352	92940	88961024	23939502	32374784
121	R2	2026-08-14T01:58:01,848927112-0700	1786697881795981112	ServiceB	ServiceB	692	3892	4448	2176	10516	32605	414	766352	92940	88961024	23939502	32374784
121	R2	2026-08-14T01:58:01,848927112-0700	1786697881795981112	ChannelLoader	ServiceH	3740	13872	26088	4324	44284	157702	103	766352	92940	88961024	23939502	32374784
121	R2	2026-08-14T01:58:01,848927112-0700	1786697881795981112	WebRuntime	ServiceE	545	8772	2120	7800	18692	28406	342	766352	92940	88961024	23939502	32374784
122	R2	2026-08-14T01:58:03,897753695-0700	1786697883881287695	ServiceA	ServiceA	3953	3844	4520	2656	11020	439913	167	770528	92940	88961024	23939502	32374784
122	R2	2026-08-14T01:58:03,897753695-0700	1786697883881287695	ServiceB	ServiceB	692	3892	4440	2176	10508	32610	414	770528	92940	88961024	23939502	32374784
122	R2	2026-08-14T01:58:03,897753695-0700	1786697883881287695	ChannelLoader	ServiceH	3740	13872	26088	4324	44284	157702	103	770528	92940	88961024	23939502	32374784
122	R2	2026-08-14T01:58:03,897753695-0700	1786697883881287695	WebRuntime	ServiceE	545	8772	2120	7800	18692	28406	342	770528	92940	88961024	23939502	32374784
123	R2	2026-08-14T01:58:05,987534278-0700	1786697885976218028	ServiceA	ServiceA	3953	3844	4520	2656	11020	439913	167	771336	92940	88961024	23939502	32374784
123	R2	2026-08-14T01:58:05,987534278-0700	1786697885976218028	ServiceB	ServiceB	692	3892	4456	2176	10524	32640	414	771336	92940	88961024	23939502	32374784
123	R2	2026-08-14T01:58:05,987534278-0700	1786697885976218028	ChannelLoader	ServiceH	3740	13872	26088	4324	44284	157744	103	771336	92940	88961024	23939502	32374784
123	R2	2026-08-14T01:58:05,987534278-0700	1786697885976218028	WebRuntime	ServiceE	545	8772	2120	7800	18692	28406	342	771336	92940	88961024	23939502	32374784
124	R2	2026-08-14T01:58:08,358887694-0700	1786697888327407194	ServiceA	ServiceA	3953	3844	4520	2656	11020	439913	167	774296	92940	88961024	23939502	32374784
124	R2	2026-08-14T01:58:08,358887694-0700	1786697888327407194	ServiceB	ServiceB	692	3892	4448	2176	10516	32702	414	774296	92940	88961024	23939502	32374784
124	R2	2026-08-14T01:58:08,358887694-0700	1786697888327407194	ChannelLoader	ServiceH	3740	13880	26092	4324	44296	157748	103	774296	92940	88961024	23939502	32374784
124	R2	2026-08-14T01:58:08,358887694-0700	1786697888327407194	WebRuntime	ServiceE	545	8772	2120	7800	18692	28406	342	774296	92940	88961024	23939502	32374784
125	R2	2026-08-14T01:58:10,548108944-0700	1786697890533117110	ServiceA	ServiceA	3953	3844	4520	2656	11020	439913	167	772776	92940	88961024	23939502	32374784
125	R2	2026-08-14T01:58:10,548108944-0700	1786697890533117110	ServiceB	ServiceB	692	3896	4460	2176	10532	32711	414	772776	92940	88961024	23939502	32374784
125	R2	2026-08-14T01:58:10,548108944-0700	1786697890533117110	ChannelLoader	ServiceH	3740	13464	26376	4324	44164	160129	103	772776	92940	88961024	23939502	32374784
125	R2	2026-08-14T01:58:10,548108944-0700	1786697890533117110	WebRuntime	ServiceE	545	8772	2120	7800	18692	28406	342	772776	92940	88961024	23939502	32374784
126	R2	2026-08-14T01:58:11,426989110-0700	1786697891421257860	ServiceA	ServiceA	3953	3844	4520	2656	11020	439913	167	773668	92940	88961024	23939502	32374784
126	R2	2026-08-14T01:58:11,426989110-0700	1786697891421257860	ServiceB	ServiceB	692	3896	4444	2176	10516	32716	414	773668	92940	88961024	23939502	32374784
126	R2	2026-08-14T01:58:11,426989110-0700	1786697891421257860	ChannelLoader	ServiceH	3740	13464	26376	4324	44164	160129	103	773668	92940	88961024	23939502	32374784
126	R2	2026-08-14T01:58:11,426989110-0700	1786697891421257860	WebRuntime	ServiceE	545	8772	2120	7800	18692	28406	342	773668	92940	88961024	23939502	32374784
127	R2	2026-08-14T01:58:12,182706193-0700	1786697892177798443	ServiceA	ServiceA	3953	3844	4520	2656	11020	439913	167	774996	92940	88961024	23939502	32374784
127	R2	2026-08-14T01:58:12,182706193-0700	1786697892177798443	ServiceB	ServiceB	692	3896	4444	2176	10516	32716	414	774996	92940	88961024	23939502	32374784
127	R2	2026-08-14T01:58:12,182706193-0700	1786697892177798443	ChannelLoader	ServiceH	3740	13464	26376	4324	44164	160136	103	774996	92940	88961024	23939502	32374784
127	R2	2026-08-14T01:58:12,182706193-0700	1786697892177798443	WebRuntime	ServiceE	545	8772	2120	7800	18692	28406	342	774996	92940	88961024	23939502	32374784
128	R2	2026-08-14T01:58:12,946717610-0700	1786697892940067943	ServiceA	ServiceA	3953	3852	4468	2656	10976	439943	167	775560	92940	88961024	23939502	32374784
128	R2	2026-08-14T01:58:12,946717610-0700	1786697892940067943	ServiceB	ServiceB	692	3896	4440	2176	10512	32752	414	775560	92940	88961024	23939502	32374784
128	R2	2026-08-14T01:58:12,946717610-0700	1786697892940067943	ChannelLoader	ServiceH	3740	13464	26376	4324	44164	160136	103	775560	92940	88961024	23939502	32374784
128	R2	2026-08-14T01:58:12,946717610-0700	1786697892940067943	WebRuntime	ServiceE	545	8772	2120	7800	18692	28406	342	775560	92940	88961024	23939502	32374784
129	R2	2026-08-14T01:58:15,148099859-0700	1786697895137040609	ServiceA	ServiceA	3953	3852	4468	2656	10976	439943	167	749712	92940	88961024	23939502	32374784
129	R2	2026-08-14T01:58:15,148099859-0700	1786697895137040609	ServiceB	ServiceB	692	3896	4440	2176	10512	32756	414	749712	92940	88961024	23939502	32374784
129	R2	2026-08-14T01:58:15,148099859-0700	1786697895137040609	ChannelLoader	ServiceH	3740	13464	26376	4324	44164	160190	103	749712	92940	88961024	23939502	32374784
129	R2	2026-08-14T01:58:15,148099859-0700	1786697895137040609	WebRuntime	ServiceE	545	8772	2120	7800	18692	28406	342	749712	92940	88961024	23939502	32374784
130	R2	2026-08-14T01:58:16,160709276-0700	1786697896149799442	ServiceA	ServiceA	3953	3852	4468	2656	10976	439943	167	750324	92940	88961024	23939502	32374784
130	R2	2026-08-14T01:58:16,160709276-0700	1786697896149799442	ServiceB	ServiceB	692	3896	4464	2176	10536	32767	414	750324	92940	88961024	23939502	32374784
130	R2	2026-08-14T01:58:16,160709276-0700	1786697896149799442	ChannelLoader	ServiceH	3740	13464	26376	4324	44164	160190	103	750324	92940	88961024	23939502	32374784
130	R2	2026-08-14T01:58:16,160709276-0700	1786697896149799442	WebRuntime	ServiceE	545	8772	2120	7800	18692	28406	342	750324	92940	88961024	23939502	32374784
131	R2	2026-08-14T01:58:17,001564525-0700	1786697896989761192	ServiceA	ServiceA	3953	3852	4468	2656	10976	439943	167	750184	92940	88961024	23939502	32374784
131	R2	2026-08-14T01:58:17,001564525-0700	1786697896989761192	ServiceB	ServiceB	692	3892	4468	2176	10536	32832	414	750184	92940	88961024	23939502	32374784
131	R2	2026-08-14T01:58:17,001564525-0700	1786697896989761192	ChannelLoader	ServiceH	3740	13464	26376	4324	44164	160190	103	750184	92940	88961024	23939502	32374784
131	R2	2026-08-14T01:58:17,001564525-0700	1786697896989761192	WebRuntime	ServiceE	545	8772	2120	7800	18692	28406	342	750184	92940	88961024	23939502	32374784
132	R2	2026-08-14T01:58:18,229004109-0700	1786697898222289275	ServiceA	ServiceA	3953	3824	4468	2656	10948	439943	167	774876	92940	88961024	23939502	32374784
132	R2	2026-08-14T01:58:18,229004109-0700	1786697898222289275	ServiceB	ServiceB	692	3892	4464	2176	10532	32840	414	774876	92940	88961024	23939502	32374784
132	R2	2026-08-14T01:58:18,229004109-0700	1786697898222289275	ChannelLoader	ServiceH	3740	13464	26376	4324	44164	160191	103	774876	92940	88961024	23939502	32374784
132	R2	2026-08-14T01:58:18,229004109-0700	1786697898222289275	WebRuntime	ServiceE	545	8772	2120	7800	18692	28406	342	774876	92940	88961024	23939502	32374784
133	R2	2026-08-14T01:58:19,247531942-0700	1786697899240961275	ServiceA	ServiceA	3953	3824	4468	2656	10948	439969	167	772292	92940	88961024	23939502	32374784
133	R2	2026-08-14T01:58:19,247531942-0700	1786697899240961275	ServiceB	ServiceB	692	3892	4464	2176	10532	32845	414	772292	92940	88961024	23939502	32374784
133	R2	2026-08-14T01:58:19,247531942-0700	1786697899240961275	ChannelLoader	ServiceH	3740	13464	26376	4324	44164	160191	103	772292	92940	88961024	23939502	32374784
133	R2	2026-08-14T01:58:19,247531942-0700	1786697899240961275	WebRuntime	ServiceE	545	8772	2120	7800	18692	28406	342	772292	92940	88961024	23939502	32374784
134	R2	2026-08-14T01:58:20,414590441-0700	1786697900409141275	ServiceA	ServiceA	3953	3824	4468	2656	10948	439969	167	770512	92940	88961024	23939502	32374784
134	R2	2026-08-14T01:58:20,414590441-0700	1786697900409141275	ServiceB	ServiceB	692	3892	4464	2176	10532	32845	414	770512	92940	88961024	23939502	32374784
134	R2	2026-08-14T01:58:20,414590441-0700	1786697900409141275	ChannelLoader	ServiceH	3740	13464	26376	4324	44164	160234	103	770512	92940	88961024	23939502	32374784
134	R2	2026-08-14T01:58:20,414590441-0700	1786697900409141275	WebRuntime	ServiceE	545	8772	2120	7800	18692	28406	342	770512	92940	88961024	23939502	32374784
135	R2	2026-08-14T01:58:21,418702441-0700	1786697901411770774	ServiceA	ServiceA	3953	3824	4468	2656	10948	439969	167	770776	92940	88961024	23939502	32374784
135	R2	2026-08-14T01:58:21,418702441-0700	1786697901411770774	ServiceB	ServiceB	692	3892	4464	2176	10532	32845	414	770776	92940	88961024	23939502	32374784
135	R2	2026-08-14T01:58:21,418702441-0700	1786697901411770774	ChannelLoader	ServiceH	3740	13464	26376	4324	44164	160234	103	770776	92940	88961024	23939502	32374784
135	R2	2026-08-14T01:58:21,418702441-0700	1786697901411770774	WebRuntime	ServiceE	545	8772	2120	7800	18692	28406	342	770776	92940	88961024	23939502	32374784
136	R2	2026-08-14T01:58:22,367096024-0700	1786697902359325441	ServiceA	ServiceA	3953	3824	4468	2656	10948	439969	167	771408	92940	88961024	23939502	32374784
136	R2	2026-08-14T01:58:22,367096024-0700	1786697902359325441	ServiceB	ServiceB	692	3892	4464	2176	10532	32845	414	771408	92940	88961024	23939502	32374784
136	R2	2026-08-14T01:58:22,367096024-0700	1786697902359325441	ChannelLoader	ServiceH	3740	13464	26376	4324	44164	160234	103	771408	92940	88961024	23939502	32374784
136	R2	2026-08-14T01:58:22,367096024-0700	1786697902359325441	WebRuntime	ServiceE	545	8772	2120	7800	18692	28406	342	771408	92940	88961024	23939502	32374784
137	R2	2026-08-14T01:58:23,116307274-0700	1786697903111298774	ServiceA	ServiceA	3953	3824	4468	2656	10948	439969	167	772172	92940	88961024	23939502	32374784
137	R2	2026-08-14T01:58:23,116307274-0700	1786697903111298774	ServiceB	ServiceB	692	3892	4464	2176	10532	32845	414	772172	92940	88961024	23939502	32374784
137	R2	2026-08-14T01:58:23,116307274-0700	1786697903111298774	ChannelLoader	ServiceH	3740	13464	26376	4324	44164	160234	103	772172	92940	88961024	23939502	32374784
137	R2	2026-08-14T01:58:23,116307274-0700	1786697903111298774	WebRuntime	ServiceE	545	8772	2120	7800	18692	28406	342	772172	92940	88961024	23939502	32374784
138	R2	2026-08-14T01:58:23,823666941-0700	1786697903816455524	ServiceA	ServiceA	3953	3824	4468	2656	10948	439969	167	772548	92940	88961024	23939502	32374784
138	R2	2026-08-14T01:58:23,823666941-0700	1786697903816455524	ServiceB	ServiceB	692	3892	4464	2176	10532	32845	414	772548	92940	88961024	23939502	32374784
138	R2	2026-08-14T01:58:23,823666941-0700	1786697903816455524	ChannelLoader	ServiceH	3740	13464	26376	4324	44164	160234	103	772548	92940	88961024	23939502	32374784
138	R2	2026-08-14T01:58:23,823666941-0700	1786697903816455524	WebRuntime	ServiceE	545	8772	2120	7800	18692	28406	342	772548	92940	88961024	23939502	32374784
139	R2	2026-08-14T01:58:24,553634357-0700	1786697904544898357	ServiceA	ServiceA	3953	3824	4468	2656	10948	439969	167	771568	92940	88961024	23939502	32374784
139	R2	2026-08-14T01:58:24,553634357-0700	1786697904544898357	ServiceB	ServiceB	692	3892	4464	2176	10532	32845	414	771568	92940	88961024	23939502	32374784
139	R2	2026-08-14T01:58:24,553634357-0700	1786697904544898357	ChannelLoader	ServiceH	3740	13464	26376	4324	44164	160234	103	771568	92940	88961024	23939502	32374784
139	R2	2026-08-14T01:58:24,553634357-0700	1786697904544898357	WebRuntime	ServiceE	545	8772	2120	7800	18692	28406	342	771568	92940	88961024	23939502	32374784
140	R2	2026-08-14T01:58:25,313121857-0700	1786697905296673024	ServiceA	ServiceA	3953	3824	4468	2656	10948	439969	167	772904	92940	88961024	23939502	32374784
140	R2	2026-08-14T01:58:25,313121857-0700	1786697905296673024	ServiceB	ServiceB	692	3892	4464	2176	10532	32845	414	772904	92940	88961024	23939502	32374784
140	R2	2026-08-14T01:58:25,313121857-0700	1786697905296673024	ChannelLoader	ServiceH	3740	13464	26376	4324	44164	160277	103	772904	92940	88961024	23939502	32374784
140	R2	2026-08-14T01:58:25,313121857-0700	1786697905296673024	WebRuntime	ServiceE	545	8772	2120	7800	18692	28406	342	772904	92940	88961024	23939502	32374784
141	R2	2026-08-14T01:58:26,202785607-0700	1786697906196540023	ServiceA	ServiceA	3953	3824	4468	2656	10948	439969	167	773792	92940	88961024	23939502	32374784
141	R2	2026-08-14T01:58:26,202785607-0700	1786697906196540023	ServiceB	ServiceB	692	3892	4464	2176	10532	32845	414	773792	92940	88961024	23939502	32374784
141	R2	2026-08-14T01:58:26,202785607-0700	1786697906196540023	ChannelLoader	ServiceH	3740	13464	26376	4324	44164	160277	103	773792	92940	88961024	23939502	32374784
141	R2	2026-08-14T01:58:26,202785607-0700	1786697906196540023	WebRuntime	ServiceE	545	8772	2120	7800	18692	28406	342	773792	92940	88961024	23939502	32374784
142	R2	2026-08-14T01:58:26,998323690-0700	1786697906991613523	ServiceA	ServiceA	3953	3824	4468	2656	10948	439969	167	777224	92940	88961024	23939502	32374784
142	R2	2026-08-14T01:58:26,998323690-0700	1786697906991613523	ServiceB	ServiceB	692	3892	4464	2176	10532	32845	414	777224	92940	88961024	23939502	32374784
142	R2	2026-08-14T01:58:26,998323690-0700	1786697906991613523	ChannelLoader	ServiceH	3740	13464	26376	4324	44164	160277	103	777224	92940	88961024	23939502	32374784
142	R2	2026-08-14T01:58:26,998323690-0700	1786697906991613523	WebRuntime	ServiceE	545	8772	2120	7800	18692	28406	342	777224	92940	88961024	23939502	32374784
143	R2	2026-08-14T01:58:27,689075523-0700	1786697907682299523	ServiceA	ServiceA	3953	3824	4468	2656	10948	439969	167	777132	92940	88961024	23939502	32374784
143	R2	2026-08-14T01:58:27,689075523-0700	1786697907682299523	ServiceB	ServiceB	692	3892	4464	2176	10532	32845	414	777132	92940	88961024	23939502	32374784
143	R2	2026-08-14T01:58:27,689075523-0700	1786697907682299523	ChannelLoader	ServiceH	3740	13464	26376	4324	44164	160277	103	777132	92940	88961024	23939502	32374784
143	R2	2026-08-14T01:58:27,689075523-0700	1786697907682299523	WebRuntime	ServiceE	545	8772	2120	7800	18692	28406	342	777132	92940	88961024	23939502	32374784
144	R2	2026-08-14T01:58:28,486236856-0700	1786697908480851439	ServiceA	ServiceA	3953	3824	4468	2656	10948	439969	167	778360	92940	88961024	23939502	32374784
144	R2	2026-08-14T01:58:28,486236856-0700	1786697908480851439	ServiceB	ServiceB	692	3892	4464	2176	10532	32845	414	778360	92940	88961024	23939502	32374784
144	R2	2026-08-14T01:58:28,486236856-0700	1786697908480851439	ChannelLoader	ServiceH	3740	13464	26376	4324	44164	160279	103	778360	92940	88961024	23939502	32374784
144	R2	2026-08-14T01:58:28,486236856-0700	1786697908480851439	WebRuntime	ServiceE	545	8772	2120	7800	18692	28406	342	778360	92940	88961024	23939502	32374784
145	R2	2026-08-14T01:58:29,180074689-0700	1786697909175414939	ServiceA	ServiceA	3953	3824	4468	2656	10948	439969	167	779280	92940	88961024	23939502	32374784
145	R2	2026-08-14T01:58:29,180074689-0700	1786697909175414939	ServiceB	ServiceB	692	3892	4464	2176	10532	32845	414	779280	92940	88961024	23939502	32374784
145	R2	2026-08-14T01:58:29,180074689-0700	1786697909175414939	ChannelLoader	ServiceH	3740	13464	26376	4324	44164	160279	103	779280	92940	88961024	23939502	32374784
145	R2	2026-08-14T01:58:29,180074689-0700	1786697909175414939	WebRuntime	ServiceE	545	8772	2120	7800	18692	28406	342	779280	92940	88961024	23939502	32374784
146	R2	2026-08-14T01:58:29,915339272-0700	1786697909909096772	ServiceA	ServiceA	3953	3824	4468	2656	10948	439969	167	781564	92940	88961024	23939502	32374784
146	R2	2026-08-14T01:58:29,915339272-0700	1786697909909096772	ServiceB	ServiceB	692	3892	4464	2176	10532	32845	414	781564	92940	88961024	23939502	32374784
146	R2	2026-08-14T01:58:29,915339272-0700	1786697909909096772	ChannelLoader	ServiceH	3740	13464	26376	4324	44164	160279	103	781564	92940	88961024	23939502	32374784
146	R2	2026-08-14T01:58:29,915339272-0700	1786697909909096772	WebRuntime	ServiceE	545	8772	2120	7800	18692	28406	342	781564	92940	88961024	23939502	32374784
147	R2	2026-08-14T01:58:30,654118689-0700	1786697910646341189	ServiceA	ServiceA	3953	3824	4468	2656	10948	439969	167	781388	92940	88961024	23939502	32374784
147	R2	2026-08-14T01:58:30,654118689-0700	1786697910646341189	ServiceB	ServiceB	692	3892	4464	2176	10532	32845	414	781388	92940	88961024	23939502	32374784
147	R2	2026-08-14T01:58:30,654118689-0700	1786697910646341189	ChannelLoader	ServiceH	3740	13464	26376	4324	44164	160321	103	781388	92940	88961024	23939502	32374784
147	R2	2026-08-14T01:58:30,654118689-0700	1786697910646341189	WebRuntime	ServiceE	545	8772	2120	7800	18692	28406	342	781388	92940	88961024	23939502	32374784
148	R2	2026-08-14T01:58:31,351122355-0700	1786697911344814272	ServiceA	ServiceA	3953	3824	4468	2656	10948	439969	167	780240	92940	88961024	23939502	32374784
148	R2	2026-08-14T01:58:31,351122355-0700	1786697911344814272	ServiceB	ServiceB	692	3892	4464	2176	10532	32845	414	780240	92940	88961024	23939502	32374784
148	R2	2026-08-14T01:58:31,351122355-0700	1786697911344814272	ChannelLoader	ServiceH	3740	13464	26376	4324	44164	160321	103	780240	92940	88961024	23939502	32374784
148	R2	2026-08-14T01:58:31,351122355-0700	1786697911344814272	WebRuntime	ServiceE	545	8772	2120	7800	18692	28406	342	780240	92940	88961024	23939502	32374784
149	R2	2026-08-14T01:58:32,079440855-0700	1786697912072808105	ServiceA	ServiceA	3953	3824	4468	2656	10948	439969	167	783144	92940	88961024	23939502	32374784
149	R2	2026-08-14T01:58:32,079440855-0700	1786697912072808105	ServiceB	ServiceB	692	3892	4464	2176	10532	32845	414	783144	92940	88961024	23939502	32374784
149	R2	2026-08-14T01:58:32,079440855-0700	1786697912072808105	ChannelLoader	ServiceH	3740	13464	26376	4324	44164	160321	103	783144	92940	88961024	23939502	32374784
149	R2	2026-08-14T01:58:32,079440855-0700	1786697912072808105	WebRuntime	ServiceE	545	8772	2120	7800	18692	28406	342	783144	92940	88961024	23939502	32374784
150	R2	2026-08-14T01:58:32,770621105-0700	1786697912764863522	ServiceA	ServiceA	3953	3824	4468	2656	10948	439969	167	782596	92940	88961024	23939502	32374784
150	R2	2026-08-14T01:58:32,770621105-0700	1786697912764863522	ServiceB	ServiceB	692	3892	4464	2176	10532	32845	414	782596	92940	88961024	23939502	32374784
150	R2	2026-08-14T01:58:32,770621105-0700	1786697912764863522	ChannelLoader	ServiceH	3740	13464	26376	4324	44164	160321	103	782596	92940	88961024	23939502	32374784
150	R2	2026-08-14T01:58:32,770621105-0700	1786697912764863522	WebRuntime	ServiceE	545	8772	2120	7800	18692	28406	342	782596	92940	88961024	23939502	32374784
151	R2	2026-08-14T01:58:33,445923855-0700	1786697913441096355	ServiceA	ServiceA	3953	3824	4468	2656	10948	439969	167	782228	92940	88961024	23939502	32374784
151	R2	2026-08-14T01:58:33,445923855-0700	1786697913441096355	ServiceB	ServiceB	692	3892	4464	2176	10532	32845	414	782228	92940	88961024	23939502	32374784
151	R2	2026-08-14T01:58:33,445923855-0700	1786697913441096355	ChannelLoader	ServiceH	3740	13464	26376	4324	44164	160321	103	782228	92940	88961024	23939502	32374784
151	R2	2026-08-14T01:58:33,445923855-0700	1786697913441096355	WebRuntime	ServiceE	545	8772	2120	7800	18692	28406	342	782228	92940	88961024	23939502	32374784
152	R2	2026-08-14T01:58:34,150344688-0700	1786697914143626188	ServiceA	ServiceA	3953	3824	4468	2656	10948	439969	167	782976	92940	88961024	23939502	32374784
152	R2	2026-08-14T01:58:34,150344688-0700	1786697914143626188	ServiceB	ServiceB	692	3892	4464	2176	10532	32845	414	782976	92940	88961024	23939502	32374784
152	R2	2026-08-14T01:58:34,150344688-0700	1786697914143626188	ChannelLoader	ServiceH	3740	13464	26376	4324	44164	160321	103	782976	92940	88961024	23939502	32374784
152	R2	2026-08-14T01:58:34,150344688-0700	1786697914143626188	WebRuntime	ServiceE	545	8772	2120	7800	18692	28406	342	782976	92940	88961024	23939502	32374784
153	R2	2026-08-14T01:58:34,820305688-0700	1786697914814391105	ServiceA	ServiceA	3953	3824	4468	2656	10948	439969	167	782488	92940	88961024	23939502	32374784
153	R2	2026-08-14T01:58:34,820305688-0700	1786697914814391105	ServiceB	ServiceB	692	3892	4464	2176	10532	32845	414	782488	92940	88961024	23939502	32374784
153	R2	2026-08-14T01:58:34,820305688-0700	1786697914814391105	ChannelLoader	ServiceH	3740	13464	26376	4324	44164	160321	103	782488	92940	88961024	23939502	32374784
153	R2	2026-08-14T01:58:34,820305688-0700	1786697914814391105	WebRuntime	ServiceE	545	8772	2120	7800	18692	28406	342	782488	92940	88961024	23939502	32374784
154	R2	2026-08-14T01:58:35,581673021-0700	1786697915574724438	ServiceA	ServiceA	3953	3824	4468	2656	10948	439969	167	781236	92940	88961024	23939502	32374784
154	R2	2026-08-14T01:58:35,581673021-0700	1786697915574724438	ServiceB	ServiceB	692	3892	4464	2176	10532	32845	414	781236	92940	88961024	23939502	32374784
154	R2	2026-08-14T01:58:35,581673021-0700	1786697915574724438	ChannelLoader	ServiceH	3740	13464	26376	4324	44164	160361	103	781236	92940	88961024	23939502	32374784
154	R2	2026-08-14T01:58:35,581673021-0700	1786697915574724438	WebRuntime	ServiceE	545	8772	2120	7800	18692	28406	342	781236	92940	88961024	23939502	32374784
155	R2	2026-08-14T01:58:36,303865604-0700	1786697916294224021	ServiceA	ServiceA	3953	3824	4468	2656	10948	439969	167	781888	92940	88961024	23939502	32374784
155	R2	2026-08-14T01:58:36,303865604-0700	1786697916294224021	ServiceB	ServiceB	692	3892	4464	2176	10532	32845	414	781888	92940	88961024	23939502	32374784
155	R2	2026-08-14T01:58:36,303865604-0700	1786697916294224021	ChannelLoader	ServiceH	3740	13464	26376	4324	44164	160361	103	781888	92940	88961024	23939502	32374784
155	R2	2026-08-14T01:58:36,303865604-0700	1786697916294224021	WebRuntime	ServiceE	545	8772	2120	7800	18692	28406	342	781888	92940	88961024	23939502	32374784
156	R2	2026-08-14T01:58:37,043225521-0700	1786697917037990104	ServiceA	ServiceA	3953	3824	4468	2656	10948	439969	167	781372	92940	88961024	23939502	32374784
156	R2	2026-08-14T01:58:37,043225521-0700	1786697917037990104	ServiceB	ServiceB	692	3892	4464	2176	10532	32845	414	781372	92940	88961024	23939502	32374784
156	R2	2026-08-14T01:58:37,043225521-0700	1786697917037990104	ChannelLoader	ServiceH	3740	13464	26376	4324	44164	160361	103	781372	92940	88961024	23939502	32374784
156	R2	2026-08-14T01:58:37,043225521-0700	1786697917037990104	WebRuntime	ServiceE	545	8772	2120	7800	18692	28406	342	781372	92940	88961024	23939502	32374784
157	R2	2026-08-14T01:58:37,838566521-0700	1786697917832236104	ServiceA	ServiceA	3953	3824	4468	2656	10948	439969	167	781768	92940	88961024	23939502	32374784
157	R2	2026-08-14T01:58:37,838566521-0700	1786697917832236104	ServiceB	ServiceB	692	3892	4464	2176	10532	32845	414	781768	92940	88961024	23939502	32374784
157	R2	2026-08-14T01:58:37,838566521-0700	1786697917832236104	ChannelLoader	ServiceH	3740	13464	26376	4324	44164	160361	103	781768	92940	88961024	23939502	32374784
157	R2	2026-08-14T01:58:37,838566521-0700	1786697917832236104	WebRuntime	ServiceE	545	8772	2120	7800	18692	28406	342	781768	92940	88961024	23939502	32374784
158	R2	2026-08-14T01:58:38,569726437-0700	1786697918562276437	ServiceA	ServiceA	3953	3824	4468	2656	10948	439969	167	782420	92940	88961024	23939502	32374784
158	R2	2026-08-14T01:58:38,569726437-0700	1786697918562276437	ServiceB	ServiceB	692	3892	4464	2176	10532	32845	414	782420	92940	88961024	23939502	32374784
158	R2	2026-08-14T01:58:38,569726437-0700	1786697918562276437	ChannelLoader	ServiceH	3740	13464	26376	4324	44164	160361	103	782420	92940	88961024	23939502	32374784
158	R2	2026-08-14T01:58:38,569726437-0700	1786697918562276437	WebRuntime	ServiceE	545	8772	2120	7800	18692	28406	342	782420	92940	88961024	23939502	32374784
159	R2	2026-08-14T01:58:39,380254770-0700	1786697919372152103	ServiceA	ServiceA	3953	3824	4468	2656	10948	439969	167	782888	92940	88961024	23939502	32374784
159	R2	2026-08-14T01:58:39,380254770-0700	1786697919372152103	ServiceB	ServiceB	692	3892	4464	2176	10532	32845	414	782888	92940	88961024	23939502	32374784
159	R2	2026-08-14T01:58:39,380254770-0700	1786697919372152103	ChannelLoader	ServiceH	3740	13464	26376	4324	44164	160361	103	782888	92940	88961024	23939502	32374784
159	R2	2026-08-14T01:58:39,380254770-0700	1786697919372152103	WebRuntime	ServiceE	545	8772	2120	7800	18692	28406	342	782888	92940	88961024	23939502	32374784
160	R2	2026-08-14T01:58:40,196592687-0700	1786697920188764937	ServiceA	ServiceA	3953	3824	4468	2656	10948	439969	167	783608	92940	88961024	23939502	32374784
160	R2	2026-08-14T01:58:40,196592687-0700	1786697920188764937	ServiceB	ServiceB	692	3892	4464	2176	10532	32845	414	783608	92940	88961024	23939502	32374784
160	R2	2026-08-14T01:58:40,196592687-0700	1786697920188764937	ChannelLoader	ServiceH	3740	13464	26376	4324	44164	160401	103	783608	92940	88961024	23939502	32374784
160	R2	2026-08-14T01:58:40,196592687-0700	1786697920188764937	WebRuntime	ServiceE	545	8772	2120	7800	18692	28406	342	783608	92940	88961024	23939502	32374784
161	R2	2026-08-14T01:58:40,935247770-0700	1786697920928761603	ServiceA	ServiceA	3953	3824	4468	2656	10948	439969	167	785160	92940	88961024	23939502	32374784
161	R2	2026-08-14T01:58:40,935247770-0700	1786697920928761603	ServiceB	ServiceB	692	3892	4464	2176	10532	32845	414	785160	92940	88961024	23939502	32374784
161	R2	2026-08-14T01:58:40,935247770-0700	1786697920928761603	ChannelLoader	ServiceH	3740	13464	26376	4324	44164	160401	103	785160	92940	88961024	23939502	32374784
161	R2	2026-08-14T01:58:40,935247770-0700	1786697920928761603	WebRuntime	ServiceE	545	8772	2120	7800	18692	28406	342	785160	92940	88961024	23939502	32374784
162	R2	2026-08-14T01:58:41,631564270-0700	1786697921627084853	ServiceA	ServiceA	3953	3824	4468	2656	10948	439969	167	786264	92940	88961024	23939502	32374784
162	R2	2026-08-14T01:58:41,631564270-0700	1786697921627084853	ServiceB	ServiceB	692	3892	4464	2176	10532	32845	414	786264	92940	88961024	23939502	32374784
162	R2	2026-08-14T01:58:41,631564270-0700	1786697921627084853	ChannelLoader	ServiceH	3740	13464	26376	4324	44164	160401	103	786264	92940	88961024	23939502	32374784
162	R2	2026-08-14T01:58:41,631564270-0700	1786697921627084853	WebRuntime	ServiceE	545	8772	2120	7800	18692	28406	342	786264	92940	88961024	23939502	32374784
163	R2	2026-08-14T01:58:42,480999019-0700	1786697922472329519	ServiceA	ServiceA	3953	3824	4468	2656	10948	439969	167	785836	92940	88961024	23939502	32374784
163	R2	2026-08-14T01:58:42,480999019-0700	1786697922472329519	ServiceB	ServiceB	692	3892	4464	2176	10532	32845	414	785836	92940	88961024	23939502	32374784
163	R2	2026-08-14T01:58:42,480999019-0700	1786697922472329519	ChannelLoader	ServiceH	3740	13464	26376	4324	44164	160401	103	785836	92940	88961024	23939502	32374784
163	R2	2026-08-14T01:58:42,480999019-0700	1786697922472329519	WebRuntime	ServiceE	545	8772	2120	7800	18692	28406	342	785836	92940	88961024	23939502	32374784
164	R2	2026-08-14T01:58:43,245856519-0700	1786697923240209769	ServiceA	ServiceA	3953	3824	4468	2656	10948	439969	167	787000	92940	88961024	23939502	32374784
164	R2	2026-08-14T01:58:43,245856519-0700	1786697923240209769	ServiceB	ServiceB	692	3892	4464	2176	10532	32845	414	787000	92940	88961024	23939502	32374784
164	R2	2026-08-14T01:58:43,245856519-0700	1786697923240209769	ChannelLoader	ServiceH	3740	13464	26376	4324	44164	160401	103	787000	92940	88961024	23939502	32374784
164	R2	2026-08-14T01:58:43,245856519-0700	1786697923240209769	WebRuntime	ServiceE	545	8772	2120	7800	18692	28406	342	787000	92940	88961024	23939502	32374784
165	R2	2026-08-14T01:58:43,974323019-0700	1786697923965018352	ServiceA	ServiceA	3953	3824	4468	2656	10948	439969	167	789432	92940	88961024	23939502	32374784
165	R2	2026-08-14T01:58:43,974323019-0700	1786697923965018352	ServiceB	ServiceB	692	3892	4464	2176	10532	32845	414	789432	92940	88961024	23939502	32374784
165	R2	2026-08-14T01:58:43,974323019-0700	1786697923965018352	ChannelLoader	ServiceH	3740	13464	26376	4324	44164	160401	103	789432	92940	88961024	23939502	32374784
165	R2	2026-08-14T01:58:43,974323019-0700	1786697923965018352	WebRuntime	ServiceE	545	8772	2120	7800	18692	28406	342	789432	92940	88961024	23939502	32374784
166	R2	2026-08-14T01:58:44,688228269-0700	1786697924682146269	ServiceA	ServiceA	3953	3824	4468	2656	10948	439969	167	788860	92940	88961024	23939502	32374784
166	R2	2026-08-14T01:58:44,688228269-0700	1786697924682146269	ServiceB	ServiceB	692	3892	4464	2176	10532	32845	414	788860	92940	88961024	23939502	32374784
166	R2	2026-08-14T01:58:44,688228269-0700	1786697924682146269	ChannelLoader	ServiceH	3740	13464	26376	4324	44164	160401	103	788860	92940	88961024	23939502	32374784
166	R2	2026-08-14T01:58:44,688228269-0700	1786697924682146269	WebRuntime	ServiceE	545	8772	2120	7800	18692	28406	342	788860	92940	88961024	23939502	32374784
167	R2	2026-08-14T01:58:45,506011185-0700	1786697925476716519	ServiceA	ServiceA	3953	3824	4468	2656	10948	439969	167	786688	92940	88961024	23939502	32374784
167	R2	2026-08-14T01:58:45,506011185-0700	1786697925476716519	ServiceB	ServiceB	692	3892	4464	2176	10532	32845	414	786688	92940	88961024	23939502	32374784
167	R2	2026-08-14T01:58:45,506011185-0700	1786697925476716519	ChannelLoader	ServiceH	3740	13464	26376	4324	44164	160441	103	786688	92940	88961024	23939502	32374784
167	R2	2026-08-14T01:58:45,506011185-0700	1786697925476716519	WebRuntime	ServiceE	545	8772	2120	7800	18692	28406	342	786688	92940	88961024	23939502	32374784
168	R2	2026-08-14T01:58:46,287958685-0700	1786697926281625269	ServiceA	ServiceA	3953	3824	4468	2656	10948	439969	167	787440	92940	88961024	23939502	32374784
168	R2	2026-08-14T01:58:46,287958685-0700	1786697926281625269	ServiceB	ServiceB	692	3892	4464	2176	10532	32845	414	787440	92940	88961024	23939502	32374784
168	R2	2026-08-14T01:58:46,287958685-0700	1786697926281625269	ChannelLoader	ServiceH	3740	13464	26376	4324	44164	160441	103	787440	92940	88961024	23939502	32374784
168	R2	2026-08-14T01:58:46,287958685-0700	1786697926281625269	WebRuntime	ServiceE	545	8772	2120	7800	18692	28406	342	787440	92940	88961024	23939502	32374784
169	R2	2026-08-14T01:58:47,032952602-0700	1786697927022711435	ServiceA	ServiceA	3953	3824	4468	2656	10948	439969	167	787548	92940	88961024	23939502	32374784
169	R2	2026-08-14T01:58:47,032952602-0700	1786697927022711435	ServiceB	ServiceB	692	3892	4464	2176	10532	32845	414	787548	92940	88961024	23939502	32374784
169	R2	2026-08-14T01:58:47,032952602-0700	1786697927022711435	ChannelLoader	ServiceH	3740	13464	26376	4324	44164	160441	103	787548	92940	88961024	23939502	32374784
169	R2	2026-08-14T01:58:47,032952602-0700	1786697927022711435	WebRuntime	ServiceE	545	8772	2120	7800	18692	28406	342	787548	92940	88961024	23939502	32374784
170	R2	2026-08-14T01:58:47,728940685-0700	1786697927722880435	ServiceA	ServiceA	3953	3824	4468	2656	10948	439969	167	787004	92940	88961024	23939502	32374784
170	R2	2026-08-14T01:58:47,728940685-0700	1786697927722880435	ServiceB	ServiceB	692	3892	4464	2176	10532	32845	414	787004	92940	88961024	23939502	32374784
170	R2	2026-08-14T01:58:47,728940685-0700	1786697927722880435	ChannelLoader	ServiceH	3740	13464	26128	4324	43916	160441	103	787004	92940	88961024	23939502	32374784
170	R2	2026-08-14T01:58:47,728940685-0700	1786697927722880435	WebRuntime	ServiceE	545	8772	2120	7800	18692	28406	342	787004	92940	88961024	23939502	32374784
171	R2	2026-08-14T01:58:49,243541018-0700	1786697929230268601	ServiceA	ServiceA	3953	4360	4720	2656	11736	440509	167	768376	92940	88961024	23939502	32374784
171	R2	2026-08-14T01:58:49,243541018-0700	1786697929230268601	ServiceB	ServiceB	692	3924	4428	2176	10528	32861	414	768376	92940	88961024	23939502	32374784
171	R2	2026-08-14T01:58:49,243541018-0700	1786697929230268601	ChannelLoader	ServiceH	3740	13656	24924	4324	42904	160691	103	768376	92940	88961024	23939502	32374784
171	R2	2026-08-14T01:58:49,243541018-0700	1786697929230268601	WebRuntime	ServiceE	545	8772	2120	7800	18692	28406	342	768376	92940	88961024	23939502	32374784
172	R2	2026-08-14T01:58:50,927596767-0700	1786697930912585184	ServiceA	ServiceA	3953	12612	9716	2684	25012	441207	167	770924	92940	88961024	23939502	32374784
172	R2	2026-08-14T01:58:50,927596767-0700	1786697930912585184	ServiceB	ServiceB	692	3892	4428	2176	10496	32881	414	770924	92940	88961024	23939502	32374784
172	R2	2026-08-14T01:58:50,927596767-0700	1786697930912585184	ChannelLoader	ServiceH	3740	13972	25424	4324	43720	162074	103	770924	92940	88961024	23939502	32374784
172	R2	2026-08-14T01:58:50,927596767-0700	1786697930912585184	WebRuntime	ServiceE	545	8772	2120	7800	18692	28406	342	770924	92940	88961024	23939502	32374784
173	R2	2026-08-14T01:58:53,777881683-0700	1786697933759041933	ServiceA	ServiceA	3953	4564	6152	2656	13372	451370	167	770376	92940	88961024	23939502	32374784
173	R2	2026-08-14T01:58:53,777881683-0700	1786697933759041933	ServiceB	ServiceB	692	3912	4428	2176	10516	32881	414	770376	92940	88961024	23939502	32374784
173	R2	2026-08-14T01:58:53,777881683-0700	1786697933759041933	ChannelLoader	ServiceH	3740	13972	25456	4324	43752	162177	103	770376	92940	88961024	23939502	32374784
173	R2	2026-08-14T01:58:53,777881683-0700	1786697933759041933	WebRuntime	ServiceE	545	8772	2120	7800	18692	28417	342	770376	92940	88961024	23939502	32374784
174	R2	2026-08-14T01:58:59,561199182-0700	1786697939503288265	ServiceA	ServiceA	3953	3992	4384	2656	11032	451507	167	773852	92940	88961024	23939502	32374784
174	R2	2026-08-14T01:58:59,561199182-0700	1786697939503288265	ServiceB	ServiceB	692	3888	4428	2176	10492	33057	414	773852	92940	88961024	23939502	32374784
174	R2	2026-08-14T01:58:59,561199182-0700	1786697939503288265	ChannelLoader	ServiceH	3740	13972	25456	4324	43752	162223	103	773852	92940	88961024	23939502	32374784
174	R2	2026-08-14T01:58:59,561199182-0700	1786697939503288265	WebRuntime	ServiceE	545	8772	2120	7800	18692	28417	342	773852	92940	88961024	23939502	32374784
175	R2	2026-08-14T01:59:01,827967931-0700	1786697941817997765	ServiceA	ServiceA	3953	3992	4384	2656	11032	451507	167	780744	92940	88961024	23939502	32374784
175	R2	2026-08-14T01:59:01,827967931-0700	1786697941817997765	ServiceB	ServiceB	692	3888	4428	2176	10492	33057	414	780744	92940	88961024	23939502	32374784
175	R2	2026-08-14T01:59:01,827967931-0700	1786697941817997765	ChannelLoader	ServiceH	3740	13972	25456	4324	43752	162223	103	780744	92940	88961024	23939502	32374784
175	R2	2026-08-14T01:59:01,827967931-0700	1786697941817997765	WebRuntime	ServiceE	545	8772	2120	7800	18692	28417	342	780744	92940	88961024	23939502	32374784
176	R2	2026-08-14T01:59:03,607016931-0700	1786697943590659598	ServiceA	ServiceA	3953	3992	4384	2656	11032	451507	167	782616	92940	88961024	23939502	32374784
176	R2	2026-08-14T01:59:03,607016931-0700	1786697943590659598	ServiceB	ServiceB	692	3888	4428	2176	10492	33057	414	782616	92940	88961024	23939502	32374784
176	R2	2026-08-14T01:59:03,607016931-0700	1786697943590659598	ChannelLoader	ServiceH	3740	13972	25456	4324	43752	162223	103	782616	92940	88961024	23939502	32374784
176	R2	2026-08-14T01:59:03,607016931-0700	1786697943590659598	WebRuntime	ServiceE	545	8772	2120	7800	18692	28417	342	782616	92940	88961024	23939502	32374784
177	R2	2026-08-14T01:59:05,756289597-0700	1786697945745706431	ServiceA	ServiceA	3953	3992	4384	2656	11032	451507	167	783552	92940	88961024	23939502	32374784
177	R2	2026-08-14T01:59:05,756289597-0700	1786697945745706431	ServiceB	ServiceB	692	3888	4428	2176	10492	33059	414	783552	92940	88961024	23939502	32374784
177	R2	2026-08-14T01:59:05,756289597-0700	1786697945745706431	ChannelLoader	ServiceH	3740	13972	25456	4324	43752	162268	103	783552	92940	88961024	23939502	32374784
177	R2	2026-08-14T01:59:05,756289597-0700	1786697945745706431	WebRuntime	ServiceE	545	8772	2120	7800	18692	28417	342	783552	92940	88961024	23939502	32374784
178	R2	2026-08-14T01:59:07,678968430-0700	1786697947662454680	ServiceA	ServiceA	3953	3992	4384	2656	11032	451507	167	783764	92940	88961024	23939502	32374784
178	R2	2026-08-14T01:59:07,678968430-0700	1786697947662454680	ServiceB	ServiceB	692	3888	4428	2176	10492	33059	414	783764	92940	88961024	23939502	32374784
178	R2	2026-08-14T01:59:07,678968430-0700	1786697947662454680	ChannelLoader	ServiceH	3740	13972	25456	4324	43752	162268	103	783764	92940	88961024	23939502	32374784
178	R2	2026-08-14T01:59:07,678968430-0700	1786697947662454680	WebRuntime	ServiceE	545	8772	2120	7800	18692	28417	342	783764	92940	88961024	23939502	32374784
179	R2	2026-08-14T01:59:09,817565013-0700	1786697949796942346	ServiceA	ServiceA	3953	3992	4384	2656	11032	451507	167	789748	92940	88961024	23939502	32374784
179	R2	2026-08-14T01:59:09,817565013-0700	1786697949796942346	ServiceB	ServiceB	692	3888	4428	2176	10492	33059	414	789748	92940	88961024	23939502	32374784
179	R2	2026-08-14T01:59:09,817565013-0700	1786697949796942346	ChannelLoader	ServiceH	3740	13644	25724	4324	43692	164306	103	789748	92940	88961024	23939502	32374784
179	R2	2026-08-14T01:59:09,817565013-0700	1786697949796942346	WebRuntime	ServiceE	545	8772	2120	7800	18692	28417	342	789748	92940	88961024	23939502	32374784
180	R3	2026-08-14T01:59:11,196817429-0700	1786697951189214013	ServiceA	ServiceA	3953	3992	4384	2656	11032	451507	167	787536	92940	88961024	23939502	32374784
180	R3	2026-08-14T01:59:11,196817429-0700	1786697951189214013	ServiceB	ServiceB	692	3888	4428	2176	10492	33059	414	787536	92940	88961024	23939502	32374784
180	R3	2026-08-14T01:59:11,196817429-0700	1786697951189214013	ChannelLoader	ServiceH	3740	13684	25724	4324	43732	164678	103	787536	92940	88961024	23939502	32374784
180	R3	2026-08-14T01:59:11,196817429-0700	1786697951189214013	WebRuntime	ServiceE	545	8772	2120	7800	18692	28417	342	787536	92940	88961024	23939502	32374784
181	R3	2026-08-14T01:59:11,988800762-0700	1786697951975268012	ServiceA	ServiceA	3953	3992	4384	2656	11032	451507	167	788748	92940	88961024	23939502	32374784
181	R3	2026-08-14T01:59:11,988800762-0700	1786697951975268012	ServiceB	ServiceB	692	3888	4428	2176	10492	33059	414	788748	92940	88961024	23939502	32374784
181	R3	2026-08-14T01:59:11,988800762-0700	1786697951975268012	ChannelLoader	ServiceH	3740	13592	25724	4324	43640	164680	103	788748	92940	88961024	23939502	32374784
181	R3	2026-08-14T01:59:11,988800762-0700	1786697951975268012	WebRuntime	ServiceE	545	8772	2120	7800	18692	28417	342	788748	92940	88961024	23939502	32374784
182	R3	2026-08-14T01:59:12,762011429-0700	1786697952752491679	ServiceA	ServiceA	3953	4052	4276	2656	10984	451507	167	788376	92940	88961024	23939502	32374784
182	R3	2026-08-14T01:59:12,762011429-0700	1786697952752491679	ServiceB	ServiceB	692	3888	4432	2176	10496	33063	414	788376	92940	88961024	23939502	32374784
182	R3	2026-08-14T01:59:12,762011429-0700	1786697952752491679	ChannelLoader	ServiceH	3740	13592	25724	4324	43640	164687	103	788376	92940	88961024	23939502	32374784
182	R3	2026-08-14T01:59:12,762011429-0700	1786697952752491679	WebRuntime	ServiceE	545	8772	2120	7800	18692	28417	342	788376	92940	88961024	23939502	32374784
183	R3	2026-08-14T01:59:14,811727595-0700	1786697954798822262	ServiceA	ServiceA	3953	4052	4276	2656	10984	451507	167	764108	92940	88961024	23939502	32374784
183	R3	2026-08-14T01:59:14,811727595-0700	1786697954798822262	ServiceB	ServiceB	692	3888	4432	2176	10496	33063	414	764108	92940	88961024	23939502	32374784
183	R3	2026-08-14T01:59:14,811727595-0700	1786697954798822262	ChannelLoader	ServiceH	3740	13592	25724	4324	43640	164687	103	764108	92940	88961024	23939502	32374784
183	R3	2026-08-14T01:59:14,811727595-0700	1786697954798822262	WebRuntime	ServiceE	545	8772	2120	7800	18692	28417	342	764108	92940	88961024	23939502	32374784
184	R3	2026-08-14T01:59:15,824533178-0700	1786697955814025345	ServiceA	ServiceA	3953	4052	4276	2656	10984	451507	167	764796	92940	88961024	23939502	32374784
184	R3	2026-08-14T01:59:15,824533178-0700	1786697955814025345	ServiceB	ServiceB	692	3888	4432	2176	10496	33063	414	764796	92940	88961024	23939502	32374784
184	R3	2026-08-14T01:59:15,824533178-0700	1786697955814025345	ChannelLoader	ServiceH	3740	13592	25724	4324	43640	164729	103	764796	92940	88961024	23939502	32374784
184	R3	2026-08-14T01:59:15,824533178-0700	1786697955814025345	WebRuntime	ServiceE	545	8772	2120	7800	18692	28417	342	764796	92940	88961024	23939502	32374784
185	R3	2026-08-14T01:59:16,616035011-0700	1786697956603301011	ServiceA	ServiceA	3953	4052	4276	2656	10984	451507	167	765832	92940	88961024	23939502	32374784
185	R3	2026-08-14T01:59:16,616035011-0700	1786697956603301011	ServiceB	ServiceB	692	3888	4432	2176	10496	33063	414	765832	92940	88961024	23939502	32374784
185	R3	2026-08-14T01:59:16,616035011-0700	1786697956603301011	ChannelLoader	ServiceH	3740	13592	25724	4324	43640	164729	103	765832	92940	88961024	23939502	32374784
185	R3	2026-08-14T01:59:16,616035011-0700	1786697956603301011	WebRuntime	ServiceE	545	8772	2120	7800	18692	28417	342	765832	92940	88961024	23939502	32374784
186	R3	2026-08-14T01:59:17,475972344-0700	1786697957464383928	ServiceA	ServiceA	3953	4052	4276	2656	10984	451507	167	767640	92940	88961024	23939502	32374784
186	R3	2026-08-14T01:59:17,475972344-0700	1786697957464383928	ServiceB	ServiceB	692	3888	4428	2176	10492	33063	414	767640	92940	88961024	23939502	32374784
186	R3	2026-08-14T01:59:17,475972344-0700	1786697957464383928	ChannelLoader	ServiceH	3740	13592	25724	4324	43640	164729	103	767640	92940	88961024	23939502	32374784
186	R3	2026-08-14T01:59:17,475972344-0700	1786697957464383928	WebRuntime	ServiceE	545	8772	2120	7800	18692	28417	342	767640	92940	88961024	23939502	32374784
187	R3	2026-08-14T01:59:18,769851844-0700	1786697958753664511	ServiceA	ServiceA	3953	4048	4276	2656	10980	451507	167	788964	92940	88961024	23939502	32374784
187	R3	2026-08-14T01:59:18,769851844-0700	1786697958753664511	ServiceB	ServiceB	692	3888	4428	2176	10492	33063	414	788964	92940	88961024	23939502	32374784
187	R3	2026-08-14T01:59:18,769851844-0700	1786697958753664511	ChannelLoader	ServiceH	3740	13592	25724	4324	43640	164730	103	788964	92940	88961024	23939502	32374784
187	R3	2026-08-14T01:59:18,769851844-0700	1786697958753664511	WebRuntime	ServiceE	545	8772	2120	7800	18692	28417	342	788964	92940	88961024	23939502	32374784
188	R3	2026-08-14T01:59:19,970156594-0700	1786697959957209010	ServiceA	ServiceA	3953	4048	4276	2656	10980	451507	167	786888	92940	88961024	23939502	32374784
188	R3	2026-08-14T01:59:19,970156594-0700	1786697959957209010	ServiceB	ServiceB	692	3888	4428	2176	10492	33063	414	786888	92940	88961024	23939502	32374784
188	R3	2026-08-14T01:59:19,970156594-0700	1786697959957209010	ChannelLoader	ServiceH	3740	13592	25724	4324	43640	164772	103	786888	92940	88961024	23939502	32374784
188	R3	2026-08-14T01:59:19,970156594-0700	1786697959957209010	WebRuntime	ServiceE	545	8772	2120	7800	18692	28417	342	786888	92940	88961024	23939502	32374784
189	R3	2026-08-14T01:59:21,080487427-0700	1786697961069705927	ServiceA	ServiceA	3953	4048	4276	2656	10980	451507	167	784772	92940	88961024	23939502	32374784
189	R3	2026-08-14T01:59:21,080487427-0700	1786697961069705927	ServiceB	ServiceB	692	3888	4428	2176	10492	33063	414	784772	92940	88961024	23939502	32374784
189	R3	2026-08-14T01:59:21,080487427-0700	1786697961069705927	ChannelLoader	ServiceH	3740	13592	25724	4324	43640	164772	103	784772	92940	88961024	23939502	32374784
189	R3	2026-08-14T01:59:21,080487427-0700	1786697961069705927	WebRuntime	ServiceE	545	8772	2120	7800	18692	28417	342	784772	92940	88961024	23939502	32374784
190	R3	2026-08-14T01:59:22,260137010-0700	1786697962253779010	ServiceA	ServiceA	3953	4048	4276	2656	10980	451507	167	783848	92940	88961024	23939502	32374784
190	R3	2026-08-14T01:59:22,260137010-0700	1786697962253779010	ServiceB	ServiceB	692	3888	4428	2176	10492	33063	414	783848	92940	88961024	23939502	32374784
190	R3	2026-08-14T01:59:22,260137010-0700	1786697962253779010	ChannelLoader	ServiceH	3740	13592	25724	4324	43640	164772	103	783848	92940	88961024	23939502	32374784
190	R3	2026-08-14T01:59:22,260137010-0700	1786697962253779010	WebRuntime	ServiceE	545	8772	2120	7800	18692	28417	342	783848	92940	88961024	23939502	32374784
191	R3	2026-08-14T01:59:23,132127176-0700	1786697963106076426	ServiceA	ServiceA	3953	4048	4276	2656	10980	451507	167	784876	92940	88961024	23939502	32374784
191	R3	2026-08-14T01:59:23,132127176-0700	1786697963106076426	ServiceB	ServiceB	692	3888	4428	2176	10492	33063	414	784876	92940	88961024	23939502	32374784
191	R3	2026-08-14T01:59:23,132127176-0700	1786697963106076426	ChannelLoader	ServiceH	3740	13592	25724	4324	43640	164772	103	784876	92940	88961024	23939502	32374784
191	R3	2026-08-14T01:59:23,132127176-0700	1786697963106076426	WebRuntime	ServiceE	545	8772	2120	7800	18692	28417	342	784876	92940	88961024	23939502	32374784
192	R3	2026-08-14T01:59:23,966059593-0700	1786697963960876676	ServiceA	ServiceA	3953	4048	4276	2656	10980	451507	167	785716	92940	88961024	23939502	32374784
192	R3	2026-08-14T01:59:23,966059593-0700	1786697963960876676	ServiceB	ServiceB	692	3888	4428	2176	10492	33063	414	785716	92940	88961024	23939502	32374784
192	R3	2026-08-14T01:59:23,966059593-0700	1786697963960876676	ChannelLoader	ServiceH	3740	13592	25724	4324	43640	164772	103	785716	92940	88961024	23939502	32374784
192	R3	2026-08-14T01:59:23,966059593-0700	1786697963960876676	WebRuntime	ServiceE	545	8772	2120	7800	18692	28417	342	785716	92940	88961024	23939502	32374784
193	R3	2026-08-14T01:59:24,678960676-0700	1786697964674035593	ServiceA	ServiceA	3953	4048	4276	2656	10980	451507	167	785436	92940	88961024	23939502	32374784
193	R3	2026-08-14T01:59:24,678960676-0700	1786697964674035593	ServiceB	ServiceB	692	3888	4428	2176	10492	33063	414	785436	92940	88961024	23939502	32374784
193	R3	2026-08-14T01:59:24,678960676-0700	1786697964674035593	ChannelLoader	ServiceH	3740	13592	25724	4324	43640	164772	103	785436	92940	88961024	23939502	32374784
193	R3	2026-08-14T01:59:24,678960676-0700	1786697964674035593	WebRuntime	ServiceE	545	8772	2120	7800	18692	28417	342	785436	92940	88961024	23939502	32374784
194	R3	2026-08-14T01:59:25,395505093-0700	1786697965389596593	ServiceA	ServiceA	3953	4048	4276	2656	10980	451507	167	786204	92940	88961024	23939502	32374784
194	R3	2026-08-14T01:59:25,395505093-0700	1786697965389596593	ServiceB	ServiceB	692	3888	4428	2176	10492	33063	414	786204	92940	88961024	23939502	32374784
194	R3	2026-08-14T01:59:25,395505093-0700	1786697965389596593	ChannelLoader	ServiceH	3740	13592	25724	4324	43640	164814	103	786204	92940	88961024	23939502	32374784
194	R3	2026-08-14T01:59:25,395505093-0700	1786697965389596593	WebRuntime	ServiceE	545	8772	2120	7800	18692	28417	342	786204	92940	88961024	23939502	32374784
195	R3	2026-08-14T01:59:26,156386842-0700	1786697966148938009	ServiceA	ServiceA	3953	4048	4276	2656	10980	451507	167	786680	92940	88961024	23939502	32374784
195	R3	2026-08-14T01:59:26,156386842-0700	1786697966148938009	ServiceB	ServiceB	692	3888	4428	2176	10492	33063	414	786680	92940	88961024	23939502	32374784
195	R3	2026-08-14T01:59:26,156386842-0700	1786697966148938009	ChannelLoader	ServiceH	3740	13592	25724	4324	43640	164814	103	786680	92940	88961024	23939502	32374784
195	R3	2026-08-14T01:59:26,156386842-0700	1786697966148938009	WebRuntime	ServiceE	545	8772	2120	7800	18692	28417	342	786680	92940	88961024	23939502	32374784
196	R3	2026-08-14T01:59:26,929054842-0700	1786697966923892925	ServiceA	ServiceA	3953	4048	4276	2656	10980	451507	167	785600	92940	88961024	23939502	32374784
196	R3	2026-08-14T01:59:26,929054842-0700	1786697966923892925	ServiceB	ServiceB	692	3888	4428	2176	10492	33063	414	785600	92940	88961024	23939502	32374784
196	R3	2026-08-14T01:59:26,929054842-0700	1786697966923892925	ChannelLoader	ServiceH	3740	13592	25724	4324	43640	164814	103	785600	92940	88961024	23939502	32374784
196	R3	2026-08-14T01:59:26,929054842-0700	1786697966923892925	WebRuntime	ServiceE	545	8772	2120	7800	18692	28417	342	785600	92940	88961024	23939502	32374784
197	R3	2026-08-14T01:59:27,638374092-0700	1786697967630799925	ServiceA	ServiceA	3953	4048	4276	2656	10980	451507	167	784732	92940	88961024	23939502	32374784
197	R3	2026-08-14T01:59:27,638374092-0700	1786697967630799925	ServiceB	ServiceB	692	3888	4428	2176	10492	33063	414	784732	92940	88961024	23939502	32374784
197	R3	2026-08-14T01:59:27,638374092-0700	1786697967630799925	ChannelLoader	ServiceH	3740	13592	25724	4324	43640	164814	103	784732	92940	88961024	23939502	32374784
197	R3	2026-08-14T01:59:27,638374092-0700	1786697967630799925	WebRuntime	ServiceE	545	8772	2120	7800	18692	28417	342	784732	92940	88961024	23939502	32374784
198	R3	2026-08-14T01:59:28,375754175-0700	1786697968371260425	ServiceA	ServiceA	3953	4048	4276	2656	10980	451507	167	785384	92940	88961024	23939502	32374784
198	R3	2026-08-14T01:59:28,375754175-0700	1786697968371260425	ServiceB	ServiceB	692	3888	4428	2176	10492	33063	414	785384	92940	88961024	23939502	32374784
198	R3	2026-08-14T01:59:28,375754175-0700	1786697968371260425	ChannelLoader	ServiceH	3740	13592	25724	4324	43640	164814	103	785384	92940	88961024	23939502	32374784
198	R3	2026-08-14T01:59:28,375754175-0700	1786697968371260425	WebRuntime	ServiceE	545	8772	2120	7800	18692	28417	342	785384	92940	88961024	23939502	32374784
199	R3	2026-08-14T01:59:29,147359508-0700	1786697969140892675	ServiceA	ServiceA	3953	4048	4276	2656	10980	451507	167	785284	92940	88961024	23939502	32374784
199	R3	2026-08-14T01:59:29,147359508-0700	1786697969140892675	ServiceB	ServiceB	692	3888	4428	2176	10492	33063	414	785284	92940	88961024	23939502	32374784
199	R3	2026-08-14T01:59:29,147359508-0700	1786697969140892675	ChannelLoader	ServiceH	3740	13592	25724	4324	43640	164814	103	785284	92940	88961024	23939502	32374784
199	R3	2026-08-14T01:59:29,147359508-0700	1786697969140892675	WebRuntime	ServiceE	545	8772	2120	7800	18692	28417	342	785284	92940	88961024	23939502	32374784
200	R3	2026-08-14T01:59:29,954535925-0700	1786697969937207758	ServiceA	ServiceA	3953	4048	4276	2656	10980	451507	167	781820	92940	88961024	23939502	32374784
200	R3	2026-08-14T01:59:29,954535925-0700	1786697969937207758	ServiceB	ServiceB	692	3888	4428	2176	10492	33063	414	781820	92940	88961024	23939502	32374784
200	R3	2026-08-14T01:59:29,954535925-0700	1786697969937207758	ChannelLoader	ServiceH	3740	13592	25724	4324	43640	164814	103	781820	92940	88961024	23939502	32374784
200	R3	2026-08-14T01:59:29,954535925-0700	1786697969937207758	WebRuntime	ServiceE	545	8772	2120	7800	18692	28417	342	781820	92940	88961024	23939502	32374784
201	R3	2026-08-14T01:59:30,757798008-0700	1786697970746146341	ServiceA	ServiceA	3953	4048	4276	2656	10980	451507	167	781440	92940	88961024	23939502	32374784
201	R3	2026-08-14T01:59:30,757798008-0700	1786697970746146341	ServiceB	ServiceB	692	3888	4428	2176	10492	33063	414	781440	92940	88961024	23939502	32374784
201	R3	2026-08-14T01:59:30,757798008-0700	1786697970746146341	ChannelLoader	ServiceH	3740	13592	25724	4324	43640	164856	103	781440	92940	88961024	23939502	32374784
201	R3	2026-08-14T01:59:30,757798008-0700	1786697970746146341	WebRuntime	ServiceE	545	8772	2120	7800	18692	28417	342	781440	92940	88961024	23939502	32374784
202	R3	2026-08-14T01:59:31,475218008-0700	1786697971465610091	ServiceA	ServiceA	3953	4048	4276	2656	10980	451507	167	781180	92940	88961024	23939502	32374784
202	R3	2026-08-14T01:59:31,475218008-0700	1786697971465610091	ServiceB	ServiceB	692	3888	4428	2176	10492	33063	414	781180	92940	88961024	23939502	32374784
202	R3	2026-08-14T01:59:31,475218008-0700	1786697971465610091	ChannelLoader	ServiceH	3740	13592	25724	4324	43640	164856	103	781180	92940	88961024	23939502	32374784
202	R3	2026-08-14T01:59:31,475218008-0700	1786697971465610091	WebRuntime	ServiceE	545	8772	2120	7800	18692	28417	342	781180	92940	88961024	23939502	32374784
203	R3	2026-08-14T01:59:32,196583591-0700	1786697972188630508	ServiceA	ServiceA	3953	4048	4276	2656	10980	451507	167	781768	92940	88961024	23939502	32374784
203	R3	2026-08-14T01:59:32,196583591-0700	1786697972188630508	ServiceB	ServiceB	692	3888	4428	2176	10492	33063	414	781768	92940	88961024	23939502	32374784
203	R3	2026-08-14T01:59:32,196583591-0700	1786697972188630508	ChannelLoader	ServiceH	3740	13592	25724	4324	43640	164856	103	781768	92940	88961024	23939502	32374784
203	R3	2026-08-14T01:59:32,196583591-0700	1786697972188630508	WebRuntime	ServiceE	545	8772	2120	7800	18692	28417	342	781768	92940	88961024	23939502	32374784
204	R3	2026-08-14T01:59:32,904732007-0700	1786697972895460341	ServiceA	ServiceA	3953	4048	4276	2656	10980	451507	167	781644	92940	88961024	23939502	32374784
204	R3	2026-08-14T01:59:32,904732007-0700	1786697972895460341	ServiceB	ServiceB	692	3888	4428	2176	10492	33063	414	781644	92940	88961024	23939502	32374784
204	R3	2026-08-14T01:59:32,904732007-0700	1786697972895460341	ChannelLoader	ServiceH	3740	13592	25724	4324	43640	164856	103	781644	92940	88961024	23939502	32374784
204	R3	2026-08-14T01:59:32,904732007-0700	1786697972895460341	WebRuntime	ServiceE	545	8772	2120	7800	18692	28417	342	781644	92940	88961024	23939502	32374784
205	R3	2026-08-14T01:59:33,682409757-0700	1786697973677204757	ServiceA	ServiceA	3953	4048	4276	2656	10980	451507	167	782148	92940	88961024	23939502	32374784
205	R3	2026-08-14T01:59:33,682409757-0700	1786697973677204757	ServiceB	ServiceB	692	3888	4428	2176	10492	33063	414	782148	92940	88961024	23939502	32374784
205	R3	2026-08-14T01:59:33,682409757-0700	1786697973677204757	ChannelLoader	ServiceH	3740	13592	25724	4324	43640	164856	103	782148	92940	88961024	23939502	32374784
205	R3	2026-08-14T01:59:33,682409757-0700	1786697973677204757	WebRuntime	ServiceE	545	8772	2120	7800	18692	28417	342	782148	92940	88961024	23939502	32374784
206	R3	2026-08-14T01:59:34,430728924-0700	1786697974422374257	ServiceA	ServiceA	3953	4048	4276	2656	10980	451507	167	782732	92940	88961024	23939502	32374784
206	R3	2026-08-14T01:59:34,430728924-0700	1786697974422374257	ServiceB	ServiceB	692	3888	4428	2176	10492	33063	414	782732	92940	88961024	23939502	32374784
206	R3	2026-08-14T01:59:34,430728924-0700	1786697974422374257	ChannelLoader	ServiceH	3740	13592	25724	4324	43640	164856	103	782732	92940	88961024	23939502	32374784
206	R3	2026-08-14T01:59:34,430728924-0700	1786697974422374257	WebRuntime	ServiceE	545	8772	2120	7800	18692	28417	342	782732	92940	88961024	23939502	32374784
207	R3	2026-08-14T01:59:35,177567007-0700	1786697975171775840	ServiceA	ServiceA	3953	4048	4276	2656	10980	451507	167	782596	92940	88961024	23939502	32374784
207	R3	2026-08-14T01:59:35,177567007-0700	1786697975171775840	ServiceB	ServiceB	692	3888	4428	2176	10492	33063	414	782596	92940	88961024	23939502	32374784
207	R3	2026-08-14T01:59:35,177567007-0700	1786697975171775840	ChannelLoader	ServiceH	3740	13592	25724	4324	43640	164856	103	782596	92940	88961024	23939502	32374784
207	R3	2026-08-14T01:59:35,177567007-0700	1786697975171775840	WebRuntime	ServiceE	545	8772	2120	7800	18692	28417	342	782596	92940	88961024	23939502	32374784
208	R3	2026-08-14T01:59:35,874612840-0700	1786697975869233923	ServiceA	ServiceA	3953	4048	4276	2656	10980	451507	167	783852	92940	88961024	23939502	32374784
208	R3	2026-08-14T01:59:35,874612840-0700	1786697975869233923	ServiceB	ServiceB	692	3888	4428	2176	10492	33063	414	783852	92940	88961024	23939502	32374784
208	R3	2026-08-14T01:59:35,874612840-0700	1786697975869233923	ChannelLoader	ServiceH	3740	13592	25724	4324	43640	164896	103	783852	92940	88961024	23939502	32374784
208	R3	2026-08-14T01:59:35,874612840-0700	1786697975869233923	WebRuntime	ServiceE	545	8772	2120	7800	18692	28417	342	783852	92940	88961024	23939502	32374784
209	R3	2026-08-14T01:59:36,624928673-0700	1786697976616973173	ServiceA	ServiceA	3953	4048	4276	2656	10980	451507	167	783264	92940	88961024	23939502	32374784
209	R3	2026-08-14T01:59:36,624928673-0700	1786697976616973173	ServiceB	ServiceB	692	3888	4428	2176	10492	33063	414	783264	92940	88961024	23939502	32374784
209	R3	2026-08-14T01:59:36,624928673-0700	1786697976616973173	ChannelLoader	ServiceH	3740	13592	25724	4324	43640	164896	103	783264	92940	88961024	23939502	32374784
209	R3	2026-08-14T01:59:36,624928673-0700	1786697976616973173	WebRuntime	ServiceE	545	8772	2120	7800	18692	28417	342	783264	92940	88961024	23939502	32374784
210	R3	2026-08-14T01:59:37,353892840-0700	1786697977345805923	ServiceA	ServiceA	3953	4048	4276	2656	10980	451507	167	783916	92940	88961024	23939502	32374784
210	R3	2026-08-14T01:59:37,353892840-0700	1786697977345805923	ServiceB	ServiceB	692	3888	4428	2176	10492	33063	414	783916	92940	88961024	23939502	32374784
210	R3	2026-08-14T01:59:37,353892840-0700	1786697977345805923	ChannelLoader	ServiceH	3740	13592	25724	4324	43640	164896	103	783916	92940	88961024	23939502	32374784
210	R3	2026-08-14T01:59:37,353892840-0700	1786697977345805923	WebRuntime	ServiceE	545	8772	2120	7800	18692	28417	342	783916	92940	88961024	23939502	32374784
211	R3	2026-08-14T01:59:38,098945589-0700	1786697978090604506	ServiceA	ServiceA	3953	4048	4276	2656	10980	451507	167	784544	92940	88961024	23939502	32374784
211	R3	2026-08-14T01:59:38,098945589-0700	1786697978090604506	ServiceB	ServiceB	692	3888	4428	2176	10492	33063	414	784544	92940	88961024	23939502	32374784
211	R3	2026-08-14T01:59:38,098945589-0700	1786697978090604506	ChannelLoader	ServiceH	3740	13592	25724	4324	43640	164896	103	784544	92940	88961024	23939502	32374784
211	R3	2026-08-14T01:59:38,098945589-0700	1786697978090604506	WebRuntime	ServiceE	545	8772	2120	7800	18692	28417	342	784544	92940	88961024	23939502	32374784
212	R3	2026-08-14T01:59:38,847047506-0700	1786697978842001339	ServiceA	ServiceA	3953	4048	4276	2656	10980	451507	167	785548	92940	88961024	23939502	32374784
212	R3	2026-08-14T01:59:38,847047506-0700	1786697978842001339	ServiceB	ServiceB	692	3888	4428	2176	10492	33063	414	785548	92940	88961024	23939502	32374784
212	R3	2026-08-14T01:59:38,847047506-0700	1786697978842001339	ChannelLoader	ServiceH	3740	13592	25724	4324	43640	164896	103	785548	92940	88961024	23939502	32374784
212	R3	2026-08-14T01:59:38,847047506-0700	1786697978842001339	WebRuntime	ServiceE	545	8772	2120	7800	18692	28417	342	785548	92940	88961024	23939502	32374784
213	R3	2026-08-14T01:59:39,544846006-0700	1786697979537423172	ServiceA	ServiceA	3953	4048	4276	2656	10980	451507	167	784748	92940	88961024	23939502	32374784
213	R3	2026-08-14T01:59:39,544846006-0700	1786697979537423172	ServiceB	ServiceB	692	3888	4428	2176	10492	33063	414	784748	92940	88961024	23939502	32374784
213	R3	2026-08-14T01:59:39,544846006-0700	1786697979537423172	ChannelLoader	ServiceH	3740	13592	25724	4324	43640	164896	103	784748	92940	88961024	23939502	32374784
213	R3	2026-08-14T01:59:39,544846006-0700	1786697979537423172	WebRuntime	ServiceE	545	8772	2120	7800	18692	28417	342	784748	92940	88961024	23939502	32374784
214	R3	2026-08-14T01:59:40,382513756-0700	1786697980376600422	ServiceA	ServiceA	3953	4048	4276	2656	10980	451507	167	783796	92940	88961024	23939502	32374784
214	R3	2026-08-14T01:59:40,382513756-0700	1786697980376600422	ServiceB	ServiceB	692	3888	4428	2176	10492	33063	414	783796	92940	88961024	23939502	32374784
214	R3	2026-08-14T01:59:40,382513756-0700	1786697980376600422	ChannelLoader	ServiceH	3740	13592	25724	4324	43640	164936	103	783796	92940	88961024	23939502	32374784
214	R3	2026-08-14T01:59:40,382513756-0700	1786697980376600422	WebRuntime	ServiceE	545	8772	2120	7800	18692	28417	342	783796	92940	88961024	23939502	32374784
215	R3	2026-08-14T01:59:41,170506255-0700	1786697981163932589	ServiceA	ServiceA	3953	4048	4276	2656	10980	451507	167	784156	92940	88961024	23939502	32374784
215	R3	2026-08-14T01:59:41,170506255-0700	1786697981163932589	ServiceB	ServiceB	692	3888	4428	2176	10492	33063	414	784156	92940	88961024	23939502	32374784
215	R3	2026-08-14T01:59:41,170506255-0700	1786697981163932589	ChannelLoader	ServiceH	3740	13592	25724	4324	43640	164936	103	784156	92940	88961024	23939502	32374784
215	R3	2026-08-14T01:59:41,170506255-0700	1786697981163932589	WebRuntime	ServiceE	545	8772	2120	7800	18692	28417	342	784156	92940	88961024	23939502	32374784
216	R3	2026-08-14T01:59:41,874491005-0700	1786697981869640339	ServiceA	ServiceA	3953	4048	4276	2656	10980	451507	167	784720	92940	88961024	23939502	32374784
216	R3	2026-08-14T01:59:41,874491005-0700	1786697981869640339	ServiceB	ServiceB	692	3888	4428	2176	10492	33063	414	784720	92940	88961024	23939502	32374784
216	R3	2026-08-14T01:59:41,874491005-0700	1786697981869640339	ChannelLoader	ServiceH	3740	13592	25724	4324	43640	164936	103	784720	92940	88961024	23939502	32374784
216	R3	2026-08-14T01:59:41,874491005-0700	1786697981869640339	WebRuntime	ServiceE	545	8772	2120	7800	18692	28417	342	784720	92940	88961024	23939502	32374784
217	R3	2026-08-14T01:59:42,564534588-0700	1786697982556239505	ServiceA	ServiceA	3953	4048	4276	2656	10980	451507	167	784924	92940	88961024	23939502	32374784
217	R3	2026-08-14T01:59:42,564534588-0700	1786697982556239505	ServiceB	ServiceB	692	3888	4428	2176	10492	33063	414	784924	92940	88961024	23939502	32374784
217	R3	2026-08-14T01:59:42,564534588-0700	1786697982556239505	ChannelLoader	ServiceH	3740	13592	25724	4324	43640	164936	103	784924	92940	88961024	23939502	32374784
217	R3	2026-08-14T01:59:42,564534588-0700	1786697982556239505	WebRuntime	ServiceE	545	8772	2120	7800	18692	28417	342	784924	92940	88961024	23939502	32374784
218	R3	2026-08-14T01:59:43,283624088-0700	1786697983277899005	ServiceA	ServiceA	3953	4048	4276	2656	10980	451507	167	785728	92940	88961024	23939502	32374784
218	R3	2026-08-14T01:59:43,283624088-0700	1786697983277899005	ServiceB	ServiceB	692	3888	4428	2176	10492	33063	414	785728	92940	88961024	23939502	32374784
218	R3	2026-08-14T01:59:43,283624088-0700	1786697983277899005	ChannelLoader	ServiceH	3740	13592	25724	4324	43640	164936	103	785728	92940	88961024	23939502	32374784
218	R3	2026-08-14T01:59:43,283624088-0700	1786697983277899005	WebRuntime	ServiceE	545	8772	2120	7800	18692	28417	342	785728	92940	88961024	23939502	32374784
219	R3	2026-08-14T01:59:43,982010005-0700	1786697983969882255	ServiceA	ServiceA	3953	4048	4276	2656	10980	451507	167	785224	92940	88961024	23939502	32374784
219	R3	2026-08-14T01:59:43,982010005-0700	1786697983969882255	ServiceB	ServiceB	692	3888	4428	2176	10492	33063	414	785224	92940	88961024	23939502	32374784
219	R3	2026-08-14T01:59:43,982010005-0700	1786697983969882255	ChannelLoader	ServiceH	3740	13592	25724	4324	43640	164936	103	785224	92940	88961024	23939502	32374784
219	R3	2026-08-14T01:59:43,982010005-0700	1786697983969882255	WebRuntime	ServiceE	545	8772	2120	7800	18692	28417	342	785224	92940	88961024	23939502	32374784
220	R3	2026-08-14T01:59:44,730685005-0700	1786697984722789088	ServiceA	ServiceA	3953	4048	4276	2656	10980	451507	167	784700	92940	88961024	23939502	32374784
220	R3	2026-08-14T01:59:44,730685005-0700	1786697984722789088	ServiceB	ServiceB	692	3888	4428	2176	10492	33063	414	784700	92940	88961024	23939502	32374784
220	R3	2026-08-14T01:59:44,730685005-0700	1786697984722789088	ChannelLoader	ServiceH	3740	13592	25724	4324	43640	164936	103	784700	92940	88961024	23939502	32374784
220	R3	2026-08-14T01:59:44,730685005-0700	1786697984722789088	WebRuntime	ServiceE	545	8772	2120	7800	18692	28417	342	784700	92940	88961024	23939502	32374784
221	R3	2026-08-14T01:59:45,510731004-0700	1786697985500917671	ServiceA	ServiceA	3953	4048	4276	2656	10980	451507	167	784340	92940	88961024	23939502	32374784
221	R3	2026-08-14T01:59:45,510731004-0700	1786697985500917671	ServiceB	ServiceB	692	3888	4428	2176	10492	33063	414	784340	92940	88961024	23939502	32374784
221	R3	2026-08-14T01:59:45,510731004-0700	1786697985500917671	ChannelLoader	ServiceH	3740	13592	25724	4324	43640	164976	103	784340	92940	88961024	23939502	32374784
221	R3	2026-08-14T01:59:45,510731004-0700	1786697985500917671	WebRuntime	ServiceE	545	8772	2120	7800	18692	28417	342	784340	92940	88961024	23939502	32374784
222	R3	2026-08-14T01:59:46,242167754-0700	1786697986232790921	ServiceA	ServiceA	3953	4048	4276	2656	10980	451507	167	784388	92940	88961024	23939502	32374784
222	R3	2026-08-14T01:59:46,242167754-0700	1786697986232790921	ServiceB	ServiceB	692	3888	4428	2176	10492	33063	414	784388	92940	88961024	23939502	32374784
222	R3	2026-08-14T01:59:46,242167754-0700	1786697986232790921	ChannelLoader	ServiceH	3740	13592	25724	4324	43640	164976	103	784388	92940	88961024	23939502	32374784
222	R3	2026-08-14T01:59:46,242167754-0700	1786697986232790921	WebRuntime	ServiceE	545	8772	2120	7800	18692	28417	342	784388	92940	88961024	23939502	32374784
223	R3	2026-08-14T01:59:46,960114754-0700	1786697986954029504	ServiceA	ServiceA	3953	4048	4276	2656	10980	451507	167	784116	92940	88961024	23939502	32374784
223	R3	2026-08-14T01:59:46,960114754-0700	1786697986954029504	ServiceB	ServiceB	692	3888	4428	2176	10492	33063	414	784116	92940	88961024	23939502	32374784
223	R3	2026-08-14T01:59:46,960114754-0700	1786697986954029504	ChannelLoader	ServiceH	3740	13592	25724	4324	43640	164976	103	784116	92940	88961024	23939502	32374784
223	R3	2026-08-14T01:59:46,960114754-0700	1786697986954029504	WebRuntime	ServiceE	545	8772	2120	7800	18692	28417	342	784116	92940	88961024	23939502	32374784
224	R3	2026-08-14T01:59:47,688162337-0700	1786697987678323837	ServiceA	ServiceA	3953	4048	4276	2656	10980	451507	167	784196	92940	88961024	23939502	32374784
224	R3	2026-08-14T01:59:47,688162337-0700	1786697987678323837	ServiceB	ServiceB	692	3888	4428	2176	10492	33063	414	784196	92940	88961024	23939502	32374784
224	R3	2026-08-14T01:59:47,688162337-0700	1786697987678323837	ChannelLoader	ServiceH	3740	13592	25724	4324	43640	164976	103	784196	92940	88961024	23939502	32374784
224	R3	2026-08-14T01:59:47,688162337-0700	1786697987678323837	WebRuntime	ServiceE	545	8772	2120	7800	18692	28417	342	784196	92940	88961024	23939502	32374784
225	R3	2026-08-14T01:59:49,291195753-0700	1786697989283101837	ServiceA	ServiceA	3953	4768	4560	2656	11984	451926	167	754620	92940	88961024	23939502	32374784
225	R3	2026-08-14T01:59:49,291195753-0700	1786697989283101837	ServiceB	ServiceB	692	3888	4428	2176	10492	33064	414	754620	92940	88961024	23939502	32374784
225	R3	2026-08-14T01:59:49,291195753-0700	1786697989283101837	ChannelLoader	ServiceH	3740	13784	24656	4324	42764	166004	103	754620	92940	88961024	23939502	32374784
225	R3	2026-08-14T01:59:49,291195753-0700	1786697989283101837	WebRuntime	ServiceE	545	8772	2120	7800	18692	28417	342	754620	92940	88961024	23939502	32374784
226	R3	2026-08-14T01:59:50,816985670-0700	1786697990811303586	ServiceA	ServiceA	3953	10708	9196	2684	22588	452466	167	763432	92940	88961024	23939502	32374784
226	R3	2026-08-14T01:59:50,816985670-0700	1786697990811303586	ServiceB	ServiceB	692	3888	4428	2176	10492	33064	414	763432	92940	88961024	23939502	32374784
226	R3	2026-08-14T01:59:50,816985670-0700	1786697990811303586	ChannelLoader	ServiceH	3740	14100	25712	4324	44136	166773	103	763432	92940	88961024	23939502	32374784
226	R3	2026-08-14T01:59:50,816985670-0700	1786697990811303586	WebRuntime	ServiceE	545	8772	2120	7800	18692	28417	342	763432	92940	88961024	23939502	32374784
227	R3	2026-08-14T01:59:54,309606669-0700	1786697994082683669	ServiceA	ServiceA	3953	6772	8144	2656	17572	462129	167	761632	92940	88961024	23939502	32374784
227	R3	2026-08-14T01:59:54,309606669-0700	1786697994082683669	ServiceB	ServiceB	692	3884	4396	2176	10456	33064	414	761632	92940	88961024	23939502	32374784
227	R3	2026-08-14T01:59:54,309606669-0700	1786697994082683669	ChannelLoader	ServiceH	3740	14100	25712	4324	44136	166879	103	761632	92940	88961024	23939502	32374784
227	R3	2026-08-14T01:59:54,309606669-0700	1786697994082683669	WebRuntime	ServiceE	545	8772	2120	7800	18692	28417	342	761632	92940	88961024	23939502	32374784
228	R3	2026-08-14T01:59:59,519503834-0700	1786697999509384168	ServiceA	ServiceA	3953	4180	4256	2656	11092	462704	167	767020	92940	88961024	23939502	32374784
228	R3	2026-08-14T01:59:59,519503834-0700	1786697999509384168	ServiceB	ServiceB	692	3884	4436	2176	10496	33154	414	767020	92940	88961024	23939502	32374784
228	R3	2026-08-14T01:59:59,519503834-0700	1786697999509384168	ChannelLoader	ServiceH	3740	14100	25712	4324	44136	166892	103	767020	92940	88961024	23939502	32374784
228	R3	2026-08-14T01:59:59,519503834-0700	1786697999509384168	WebRuntime	ServiceE	545	8772	2120	7800	18692	28417	342	767020	92940	88961024	23939502	32374784
229	R3	2026-08-14T02:00:01,526291501-0700	1786698001521598584	ServiceA	ServiceA	3953	4180	4256	2656	11092	462704	167	771092	92940	88961024	23939502	32374784
229	R3	2026-08-14T02:00:01,526291501-0700	1786698001521598584	ServiceB	ServiceB	692	3888	4444	2176	10508	33170	414	771092	92940	88961024	23939502	32374784
229	R3	2026-08-14T02:00:01,526291501-0700	1786698001521598584	ChannelLoader	ServiceH	3740	14100	25712	4324	44136	166934	103	771092	92940	88961024	23939502	32374784
229	R3	2026-08-14T02:00:01,526291501-0700	1786698001521598584	WebRuntime	ServiceE	545	8772	2120	7800	18692	28417	342	771092	92940	88961024	23939502	32374784
230	R3	2026-08-14T02:00:03,391190917-0700	1786698003379018667	ServiceA	ServiceA	3953	4180	4256	2656	11092	462704	167	773832	92940	88961024	23939502	32374784
230	R3	2026-08-14T02:00:03,391190917-0700	1786698003379018667	ServiceB	ServiceB	692	3888	4444	2176	10508	33170	414	773832	92940	88961024	23939502	32374784
230	R3	2026-08-14T02:00:03,391190917-0700	1786698003379018667	ChannelLoader	ServiceH	3740	14100	25712	4324	44136	166935	103	773832	92940	88961024	23939502	32374784
230	R3	2026-08-14T02:00:03,391190917-0700	1786698003379018667	WebRuntime	ServiceE	545	8772	2120	7800	18692	28417	342	773832	92940	88961024	23939502	32374784
231	R3	2026-08-14T02:00:05,171727916-0700	1786698005156118250	ServiceA	ServiceA	3953	4172	4256	2656	11084	462704	167	777056	92940	88961024	23939502	32374784
231	R3	2026-08-14T02:00:05,171727916-0700	1786698005156118250	ServiceB	ServiceB	692	3908	4472	2176	10556	33243	414	777056	92940	88961024	23939502	32374784
231	R3	2026-08-14T02:00:05,171727916-0700	1786698005156118250	ChannelLoader	ServiceH	3740	14100	25712	4324	44136	166978	103	777056	92940	88961024	23939502	32374784
231	R3	2026-08-14T02:00:05,171727916-0700	1786698005156118250	WebRuntime	ServiceE	545	8772	2120	7800	18692	28417	342	777056	92940	88961024	23939502	32374784
232	R3	2026-08-14T02:00:07,347616166-0700	1786698007329092083	ServiceA	ServiceA	3953	4172	4256	2656	11084	462704	167	778268	92940	88961024	23939502	32374784
232	R3	2026-08-14T02:00:07,347616166-0700	1786698007329092083	ServiceB	ServiceB	692	3912	4484	2176	10572	33319	414	778268	92940	88961024	23939502	32374784
232	R3	2026-08-14T02:00:07,347616166-0700	1786698007329092083	ChannelLoader	ServiceH	3740	14100	25704	4324	44128	166980	103	778268	92940	88961024	23939502	32374784
232	R3	2026-08-14T02:00:07,347616166-0700	1786698007329092083	WebRuntime	ServiceE	545	8772	2120	7800	18692	28417	342	778268	92940	88961024	23939502	32374784
233	R3	2026-08-14T02:00:09,677054332-0700	1786698009665112332	ServiceA	ServiceA	3953	4172	4256	2656	11084	462704	167	778936	92940	88961024	23939502	32374784
233	R3	2026-08-14T02:00:09,677054332-0700	1786698009665112332	ServiceB	ServiceB	692	3912	4484	2176	10572	33332	414	778936	92940	88961024	23939502	32374784
233	R3	2026-08-14T02:00:09,677054332-0700	1786698009665112332	ChannelLoader	ServiceH	3740	13848	25784	4324	43956	168848	103	778936	92940	88961024	23939502	32374784
233	R3	2026-08-14T02:00:09,677054332-0700	1786698009665112332	WebRuntime	ServiceE	545	8772	2120	7800	18692	28417	342	778936	92940	88961024	23939502	32374784
234	R3	2026-08-14T02:00:10,903077082-0700	1786698010893921415	ServiceA	ServiceA	3953	4172	4256	2656	11084	462704	167	780616	92940	88961024	23939502	32374784
234	R3	2026-08-14T02:00:10,903077082-0700	1786698010893921415	ServiceB	ServiceB	692	3912	4472	2176	10560	33336	414	780616	92940	88961024	23939502	32374784
234	R3	2026-08-14T02:00:10,903077082-0700	1786698010893921415	ChannelLoader	ServiceH	3740	13676	25784	4324	43784	169224	103	780616	92940	88961024	23939502	32374784
234	R3	2026-08-14T02:00:10,903077082-0700	1786698010893921415	WebRuntime	ServiceE	545	8772	2120	7800	18692	28417	342	780616	92940	88961024	23939502	32374784
235	R3	2026-08-14T02:00:11,699557081-0700	1786698011683508748	ServiceA	ServiceA	3953	4172	4256	2656	11084	462704	167	780320	92940	88961024	23939502	32374784
235	R3	2026-08-14T02:00:11,699557081-0700	1786698011683508748	ServiceB	ServiceB	692	3912	4472	2176	10560	33336	414	780320	92940	88961024	23939502	32374784
235	R3	2026-08-14T02:00:11,699557081-0700	1786698011683508748	ChannelLoader	ServiceH	3740	13676	25784	4324	43784	169225	103	780320	92940	88961024	23939502	32374784
235	R3	2026-08-14T02:00:11,699557081-0700	1786698011683508748	WebRuntime	ServiceE	545	8772	2120	7800	18692	28417	342	780320	92940	88961024	23939502	32374784
236	R3	2026-08-14T02:00:12,483612415-0700	1786698012478250331	ServiceA	ServiceA	3953	4172	4256	2656	11084	462704	167	779524	92940	88961024	23939502	32374784
236	R3	2026-08-14T02:00:12,483612415-0700	1786698012478250331	ServiceB	ServiceB	692	3912	4472	2176	10560	33336	414	779524	92940	88961024	23939502	32374784
236	R3	2026-08-14T02:00:12,483612415-0700	1786698012478250331	ChannelLoader	ServiceH	3740	13676	25784	4324	43784	169232	103	779524	92940	88961024	23939502	32374784
236	R3	2026-08-14T02:00:12,483612415-0700	1786698012478250331	WebRuntime	ServiceE	545	8772	2120	7800	18692	28417	342	779524	92940	88961024	23939502	32374784
237	R3	2026-08-14T02:00:14,626770331-0700	1786698014599864997	ServiceA	ServiceA	3953	4056	4240	2656	10952	462704	167	738680	92940	88961024	23939502	32374784
237	R3	2026-08-14T02:00:14,626770331-0700	1786698014599864997	ServiceB	ServiceB	692	3912	4464	2176	10552	33362	414	738680	92940	88961024	23939502	32374784
237	R3	2026-08-14T02:00:14,626770331-0700	1786698014599864997	ChannelLoader	ServiceH	3740	13676	25784	4324	43784	169399	103	738680	92940	88961024	23939502	32374784
237	R3	2026-08-14T02:00:14,626770331-0700	1786698014599864997	WebRuntime	ServiceE	545	8772	2120	7800	18692	28417	342	738680	92940	88961024	23939502	32374784
238	R3	2026-08-14T02:00:15,599607331-0700	1786698015592892914	ServiceA	ServiceA	3953	4056	4240	2656	10952	462704	167	760228	92940	88961024	23939502	32374784
238	R3	2026-08-14T02:00:15,599607331-0700	1786698015592892914	ServiceB	ServiceB	692	3912	4484	2176	10572	33362	414	760228	92940	88961024	23939502	32374784
238	R3	2026-08-14T02:00:15,599607331-0700	1786698015592892914	ChannelLoader	ServiceH	3740	13676	25784	4324	43784	169442	103	760228	92940	88961024	23939502	32374784
238	R3	2026-08-14T02:00:15,599607331-0700	1786698015592892914	WebRuntime	ServiceE	545	8772	2120	7800	18692	28417	342	760228	92940	88961024	23939502	32374784
239	R3	2026-08-14T02:00:16,413558664-0700	1786698016407219330	ServiceA	ServiceA	3953	4056	4240	2656	10952	462704	167	761076	92940	88961024	23939502	32374784
239	R3	2026-08-14T02:00:16,413558664-0700	1786698016407219330	ServiceB	ServiceB	692	3912	4488	2176	10576	33373	414	761076	92940	88961024	23939502	32374784
239	R3	2026-08-14T02:00:16,413558664-0700	1786698016407219330	ChannelLoader	ServiceH	3740	13676	25784	4324	43784	169442	103	761076	92940	88961024	23939502	32374784
239	R3	2026-08-14T02:00:16,413558664-0700	1786698016407219330	WebRuntime	ServiceE	545	8772	2120	7800	18692	28417	342	761076	92940	88961024	23939502	32374784
240	R4	2026-08-14T02:00:17,520618330-0700	1786698017514245913	ServiceA	ServiceA	3953	4056	4240	2656	10952	462704	167	779468	92940	88961024	23939502	32374784
240	R4	2026-08-14T02:00:17,520618330-0700	1786698017514245913	ServiceB	ServiceB	692	3928	4496	2176	10600	33433	414	779468	92940	88961024	23939502	32374784
240	R4	2026-08-14T02:00:17,520618330-0700	1786698017514245913	ChannelLoader	ServiceH	3740	13676	25784	4324	43784	169443	103	779468	92940	88961024	23939502	32374784
240	R4	2026-08-14T02:00:17,520618330-0700	1786698017514245913	WebRuntime	ServiceE	545	8772	2120	7800	18692	28417	342	779468	92940	88961024	23939502	32374784
241	R4	2026-08-14T02:00:18,552050663-0700	1786698018543237163	ServiceA	ServiceA	3953	4032	4240	2656	10928	462704	167	777800	92940	88961024	23939502	32374784
241	R4	2026-08-14T02:00:18,552050663-0700	1786698018543237163	ServiceB	ServiceB	692	3912	4488	2176	10576	33438	414	777800	92940	88961024	23939502	32374784
241	R4	2026-08-14T02:00:18,552050663-0700	1786698018543237163	ChannelLoader	ServiceH	3740	13676	25784	4324	43784	169443	103	777800	92940	88961024	23939502	32374784
241	R4	2026-08-14T02:00:18,552050663-0700	1786698018543237163	WebRuntime	ServiceE	545	8772	2120	7800	18692	28417	342	777800	92940	88961024	23939502	32374784
242	R4	2026-08-14T02:00:19,696107996-0700	1786698019689987830	ServiceA	ServiceA	3953	4032	4240	2656	10928	462704	167	774112	92940	88961024	23939502	32374784
242	R4	2026-08-14T02:00:19,696107996-0700	1786698019689987830	ServiceB	ServiceB	692	3912	4488	2176	10576	33438	414	774112	92940	88961024	23939502	32374784
242	R4	2026-08-14T02:00:19,696107996-0700	1786698019689987830	ChannelLoader	ServiceH	3740	13676	25784	4324	43784	169443	103	774112	92940	88961024	23939502	32374784
242	R4	2026-08-14T02:00:19,696107996-0700	1786698019689987830	WebRuntime	ServiceE	545	8772	2120	7800	18692	28417	342	774112	92940	88961024	23939502	32374784
243	R4	2026-08-14T02:00:20,847770746-0700	1786698020830152579	ServiceA	ServiceA	3953	4032	4240	2656	10928	462704	167	772504	92940	88961024	23939502	32374784
243	R4	2026-08-14T02:00:20,847770746-0700	1786698020830152579	ServiceB	ServiceB	692	3912	4488	2176	10576	33438	414	772504	92940	88961024	23939502	32374784
243	R4	2026-08-14T02:00:20,847770746-0700	1786698020830152579	ChannelLoader	ServiceH	3740	13676	25784	4324	43784	169486	103	772504	92940	88961024	23939502	32374784
243	R4	2026-08-14T02:00:20,847770746-0700	1786698020830152579	WebRuntime	ServiceE	545	8772	2120	7800	18692	28417	342	772504	92940	88961024	23939502	32374784
244	R4	2026-08-14T02:00:21,960563496-0700	1786698021949931079	ServiceA	ServiceA	3953	4032	4240	2656	10928	462704	167	772112	92940	88961024	23939502	32374784
244	R4	2026-08-14T02:00:21,960563496-0700	1786698021949931079	ServiceB	ServiceB	692	3912	4488	2176	10576	33438	414	772112	92940	88961024	23939502	32374784
244	R4	2026-08-14T02:00:21,960563496-0700	1786698021949931079	ChannelLoader	ServiceH	3740	13676	25784	4324	43784	169486	103	772112	92940	88961024	23939502	32374784
244	R4	2026-08-14T02:00:21,960563496-0700	1786698021949931079	WebRuntime	ServiceE	545	8772	2120	7800	18692	28417	342	772112	92940	88961024	23939502	32374784
245	R4	2026-08-14T02:00:22,797784329-0700	1786698022790742162	ServiceA	ServiceA	3953	4032	4240	2656	10928	462704	167	772312	92940	88961024	23939502	32374784
245	R4	2026-08-14T02:00:22,797784329-0700	1786698022790742162	ServiceB	ServiceB	692	3912	4488	2176	10576	33438	414	772312	92940	88961024	23939502	32374784
245	R4	2026-08-14T02:00:22,797784329-0700	1786698022790742162	ChannelLoader	ServiceH	3740	13676	25784	4324	43784	169486	103	772312	92940	88961024	23939502	32374784
245	R4	2026-08-14T02:00:22,797784329-0700	1786698022790742162	WebRuntime	ServiceE	545	8772	2120	7800	18692	28417	342	772312	92940	88961024	23939502	32374784
246	R4	2026-08-14T02:00:23,690301079-0700	1786698023682101495	ServiceA	ServiceA	3953	4032	4240	2656	10928	462704	167	773532	92940	88961024	23939502	32374784
246	R4	2026-08-14T02:00:23,690301079-0700	1786698023682101495	ServiceB	ServiceB	692	3912	4488	2176	10576	33438	414	773532	92940	88961024	23939502	32374784
246	R4	2026-08-14T02:00:23,690301079-0700	1786698023682101495	ChannelLoader	ServiceH	3740	13676	25784	4324	43784	169486	103	773532	92940	88961024	23939502	32374784
246	R4	2026-08-14T02:00:23,690301079-0700	1786698023682101495	WebRuntime	ServiceE	545	8772	2120	7800	18692	28417	342	773532	92940	88961024	23939502	32374784
247	R4	2026-08-14T02:00:24,414443662-0700	1786698024409488995	ServiceA	ServiceA	3953	4032	4240	2656	10928	462704	167	775852	92940	88961024	23939502	32374784
247	R4	2026-08-14T02:00:24,414443662-0700	1786698024409488995	ServiceB	ServiceB	692	3912	4488	2176	10576	33438	414	775852	92940	88961024	23939502	32374784
247	R4	2026-08-14T02:00:24,414443662-0700	1786698024409488995	ChannelLoader	ServiceH	3740	13676	25784	4324	43784	169486	103	775852	92940	88961024	23939502	32374784
247	R4	2026-08-14T02:00:24,414443662-0700	1786698024409488995	WebRuntime	ServiceE	545	8772	2120	7800	18692	28417	342	775852	92940	88961024	23939502	32374784
248	R4	2026-08-14T02:00:25,225470245-0700	1786698025212476828	ServiceA	ServiceA	3953	4032	4240	2656	10928	462704	167	777532	92940	88961024	23939502	32374784
248	R4	2026-08-14T02:00:25,225470245-0700	1786698025212476828	ServiceB	ServiceB	692	3912	4488	2176	10576	33438	414	777532	92940	88961024	23939502	32374784
248	R4	2026-08-14T02:00:25,225470245-0700	1786698025212476828	ChannelLoader	ServiceH	3740	13676	25784	4324	43784	169528	103	777532	92940	88961024	23939502	32374784
248	R4	2026-08-14T02:00:25,225470245-0700	1786698025212476828	WebRuntime	ServiceE	545	8772	2120	7800	18692	28417	342	777532	92940	88961024	23939502	32374784
249	R4	2026-08-14T02:00:26,055119078-0700	1786698026047904078	ServiceA	ServiceA	3953	4032	4240	2656	10928	462704	167	777480	92940	88961024	23939502	32374784
249	R4	2026-08-14T02:00:26,055119078-0700	1786698026047904078	ServiceB	ServiceB	692	3912	4488	2176	10576	33438	414	777480	92940	88961024	23939502	32374784
249	R4	2026-08-14T02:00:26,055119078-0700	1786698026047904078	ChannelLoader	ServiceH	3740	13676	25784	4324	43784	169528	103	777480	92940	88961024	23939502	32374784
249	R4	2026-08-14T02:00:26,055119078-0700	1786698026047904078	WebRuntime	ServiceE	545	8772	2120	7800	18692	28417	342	777480	92940	88961024	23939502	32374784
250	R4	2026-08-14T02:00:27,053459828-0700	1786698027045780994	ServiceA	ServiceA	3953	4032	4240	2656	10928	462704	167	781432	92940	88961024	23939502	32374784
250	R4	2026-08-14T02:00:27,053459828-0700	1786698027045780994	ServiceB	ServiceB	692	3912	4488	2176	10576	33438	414	781432	92940	88961024	23939502	32374784
250	R4	2026-08-14T02:00:27,053459828-0700	1786698027045780994	ChannelLoader	ServiceH	3740	13676	25784	4324	43784	169528	103	781432	92940	88961024	23939502	32374784
250	R4	2026-08-14T02:00:27,053459828-0700	1786698027045780994	WebRuntime	ServiceE	545	8772	2120	7800	18692	28417	342	781432	92940	88961024	23939502	32374784
251	R4	2026-08-14T02:00:28,082362661-0700	1786698028076870744	ServiceA	ServiceA	3953	4032	4240	2656	10928	462704	167	780296	92940	88961024	23939502	32374784
251	R4	2026-08-14T02:00:28,082362661-0700	1786698028076870744	ServiceB	ServiceB	692	3912	4488	2176	10576	33438	414	780296	92940	88961024	23939502	32374784
251	R4	2026-08-14T02:00:28,082362661-0700	1786698028076870744	ChannelLoader	ServiceH	3740	13676	25784	4324	43784	169528	103	780296	92940	88961024	23939502	32374784
251	R4	2026-08-14T02:00:28,082362661-0700	1786698028076870744	WebRuntime	ServiceE	545	8772	2120	7800	18692	28417	342	780296	92940	88961024	23939502	32374784
252	R4	2026-08-14T02:00:28,822640327-0700	1786698028815567411	ServiceA	ServiceA	3953	4032	4240	2656	10928	462704	167	779856	92940	88961024	23939502	32374784
252	R4	2026-08-14T02:00:28,822640327-0700	1786698028815567411	ServiceB	ServiceB	692	3912	4488	2176	10576	33438	414	779856	92940	88961024	23939502	32374784
252	R4	2026-08-14T02:00:28,822640327-0700	1786698028815567411	ChannelLoader	ServiceH	3740	13676	25784	4324	43784	169528	103	779856	92940	88961024	23939502	32374784
252	R4	2026-08-14T02:00:28,822640327-0700	1786698028815567411	WebRuntime	ServiceE	545	8772	2120	7800	18692	28417	342	779856	92940	88961024	23939502	32374784
253	R4	2026-08-14T02:00:29,557128161-0700	1786698029549629411	ServiceA	ServiceA	3953	4032	4240	2656	10928	462704	167	779396	92940	88961024	23939502	32374784
253	R4	2026-08-14T02:00:29,557128161-0700	1786698029549629411	ServiceB	ServiceB	692	3912	4488	2176	10576	33438	414	779396	92940	88961024	23939502	32374784
253	R4	2026-08-14T02:00:29,557128161-0700	1786698029549629411	ChannelLoader	ServiceH	3740	13676	25784	4324	43784	169528	103	779396	92940	88961024	23939502	32374784
253	R4	2026-08-14T02:00:29,557128161-0700	1786698029549629411	WebRuntime	ServiceE	545	8772	2120	7800	18692	28417	342	779396	92940	88961024	23939502	32374784
254	R4	2026-08-14T02:00:30,297214910-0700	1786698030290166410	ServiceA	ServiceA	3953	4032	4240	2656	10928	462704	167	780420	92940	88961024	23939502	32374784
254	R4	2026-08-14T02:00:30,297214910-0700	1786698030290166410	ServiceB	ServiceB	692	3912	4488	2176	10576	33438	414	780420	92940	88961024	23939502	32374784
254	R4	2026-08-14T02:00:30,297214910-0700	1786698030290166410	ChannelLoader	ServiceH	3740	13676	25784	4324	43784	169570	103	780420	92940	88961024	23939502	32374784
254	R4	2026-08-14T02:00:30,297214910-0700	1786698030290166410	WebRuntime	ServiceE	545	8772	2120	7800	18692	28417	342	780420	92940	88961024	23939502	32374784
255	R4	2026-08-14T02:00:31,045139827-0700	1786698031038677660	ServiceA	ServiceA	3953	4032	4240	2656	10928	462704	167	781404	92940	88961024	23939502	32374784
255	R4	2026-08-14T02:00:31,045139827-0700	1786698031038677660	ServiceB	ServiceB	692	3912	4488	2176	10576	33438	414	781404	92940	88961024	23939502	32374784
255	R4	2026-08-14T02:00:31,045139827-0700	1786698031038677660	ChannelLoader	ServiceH	3740	13676	25784	4324	43784	169570	103	781404	92940	88961024	23939502	32374784
255	R4	2026-08-14T02:00:31,045139827-0700	1786698031038677660	WebRuntime	ServiceE	545	8772	2120	7800	18692	28417	342	781404	92940	88961024	23939502	32374784
256	R4	2026-08-14T02:00:31,806990660-0700	1786698031800058243	ServiceA	ServiceA	3953	4032	4240	2656	10928	462704	167	781496	92940	88961024	23939502	32374784
256	R4	2026-08-14T02:00:31,806990660-0700	1786698031800058243	ServiceB	ServiceB	692	3912	4488	2176	10576	33438	414	781496	92940	88961024	23939502	32374784
256	R4	2026-08-14T02:00:31,806990660-0700	1786698031800058243	ChannelLoader	ServiceH	3740	13676	25784	4324	43784	169570	103	781496	92940	88961024	23939502	32374784
256	R4	2026-08-14T02:00:31,806990660-0700	1786698031800058243	WebRuntime	ServiceE	545	8772	2120	7800	18692	28417	342	781496	92940	88961024	23939502	32374784
257	R4	2026-08-14T02:00:32,463945660-0700	1786698032458541327	ServiceA	ServiceA	3953	4032	4240	2656	10928	462704	167	781944	92940	88961024	23939502	32374784
257	R4	2026-08-14T02:00:32,463945660-0700	1786698032458541327	ServiceB	ServiceB	692	3912	4488	2176	10576	33438	414	781944	92940	88961024	23939502	32374784
257	R4	2026-08-14T02:00:32,463945660-0700	1786698032458541327	ChannelLoader	ServiceH	3740	13676	25784	4324	43784	169570	103	781944	92940	88961024	23939502	32374784
257	R4	2026-08-14T02:00:32,463945660-0700	1786698032458541327	WebRuntime	ServiceE	545	8772	2120	7800	18692	28417	342	781944	92940	88961024	23939502	32374784
258	R4	2026-08-14T02:00:33,175319826-0700	1786698033167881243	ServiceA	ServiceA	3953	4032	4240	2656	10928	462704	167	782156	92940	88961024	23939502	32374784
258	R4	2026-08-14T02:00:33,175319826-0700	1786698033167881243	ServiceB	ServiceB	692	3912	4488	2176	10576	33438	414	782156	92940	88961024	23939502	32374784
258	R4	2026-08-14T02:00:33,175319826-0700	1786698033167881243	ChannelLoader	ServiceH	3740	13676	25784	4324	43784	169571	103	782156	92940	88961024	23939502	32374784
258	R4	2026-08-14T02:00:33,175319826-0700	1786698033167881243	WebRuntime	ServiceE	545	8772	2120	7800	18692	28417	342	782156	92940	88961024	23939502	32374784
259	R4	2026-08-14T02:00:33,865776743-0700	1786698033861183076	ServiceA	ServiceA	3953	4032	4240	2656	10928	462704	167	783520	92940	88961024	23939502	32374784
259	R4	2026-08-14T02:00:33,865776743-0700	1786698033861183076	ServiceB	ServiceB	692	3912	4488	2176	10576	33438	414	783520	92940	88961024	23939502	32374784
259	R4	2026-08-14T02:00:33,865776743-0700	1786698033861183076	ChannelLoader	ServiceH	3740	13676	25784	4324	43784	169571	103	783520	92940	88961024	23939502	32374784
259	R4	2026-08-14T02:00:33,865776743-0700	1786698033861183076	WebRuntime	ServiceE	545	8772	2120	7800	18692	28417	342	783520	92940	88961024	23939502	32374784
260	R4	2026-08-14T02:00:34,662384743-0700	1786698034655145326	ServiceA	ServiceA	3953	4032	4240	2656	10928	462704	167	782400	92940	88961024	23939502	32374784
260	R4	2026-08-14T02:00:34,662384743-0700	1786698034655145326	ServiceB	ServiceB	692	3912	4488	2176	10576	33438	414	782400	92940	88961024	23939502	32374784
260	R4	2026-08-14T02:00:34,662384743-0700	1786698034655145326	ChannelLoader	ServiceH	3740	13676	25784	4324	43784	169571	103	782400	92940	88961024	23939502	32374784
260	R4	2026-08-14T02:00:34,662384743-0700	1786698034655145326	WebRuntime	ServiceE	545	8772	2120	7800	18692	28417	342	782400	92940	88961024	23939502	32374784
261	R4	2026-08-14T02:00:35,460826659-0700	1786698035452586576	ServiceA	ServiceA	3953	4032	4240	2656	10928	462704	167	777792	92940	88961024	23939502	32374784
261	R4	2026-08-14T02:00:35,460826659-0700	1786698035452586576	ServiceB	ServiceB	692	3912	4488	2176	10576	33438	414	777792	92940	88961024	23939502	32374784
261	R4	2026-08-14T02:00:35,460826659-0700	1786698035452586576	ChannelLoader	ServiceH	3740	13676	25784	4324	43784	169611	103	777792	92940	88961024	23939502	32374784
261	R4	2026-08-14T02:00:35,460826659-0700	1786698035452586576	WebRuntime	ServiceE	545	8772	2120	7800	18692	28417	342	777792	92940	88961024	23939502	32374784
262	R4	2026-08-14T02:00:36,152700742-0700	1786698036146472909	ServiceA	ServiceA	3953	4032	4240	2656	10928	462704	167	781136	92940	88961024	23939502	32374784
262	R4	2026-08-14T02:00:36,152700742-0700	1786698036146472909	ServiceB	ServiceB	692	3912	4488	2176	10576	33438	414	781136	92940	88961024	23939502	32374784
262	R4	2026-08-14T02:00:36,152700742-0700	1786698036146472909	ChannelLoader	ServiceH	3740	13676	25784	4324	43784	169611	103	781136	92940	88961024	23939502	32374784
262	R4	2026-08-14T02:00:36,152700742-0700	1786698036146472909	WebRuntime	ServiceE	545	8772	2120	7800	18692	28417	342	781136	92940	88961024	23939502	32374784
263	R4	2026-08-14T02:00:36,866798742-0700	1786698036862118075	ServiceA	ServiceA	3953	4032	4240	2656	10928	462704	167	780576	92940	88961024	23939502	32374784
263	R4	2026-08-14T02:00:36,866798742-0700	1786698036862118075	ServiceB	ServiceB	692	3912	4488	2176	10576	33438	414	780576	92940	88961024	23939502	32374784
263	R4	2026-08-14T02:00:36,866798742-0700	1786698036862118075	ChannelLoader	ServiceH	3740	13676	25784	4324	43784	169611	103	780576	92940	88961024	23939502	32374784
263	R4	2026-08-14T02:00:36,866798742-0700	1786698036862118075	WebRuntime	ServiceE	545	8772	2120	7800	18692	28417	342	780576	92940	88961024	23939502	32374784
264	R4	2026-08-14T02:00:37,685516659-0700	1786698037678536409	ServiceA	ServiceA	3953	4032	4240	2656	10928	462704	167	779660	92940	88961024	23939502	32374784
264	R4	2026-08-14T02:00:37,685516659-0700	1786698037678536409	ServiceB	ServiceB	692	3912	4488	2176	10576	33438	414	779660	92940	88961024	23939502	32374784
264	R4	2026-08-14T02:00:37,685516659-0700	1786698037678536409	ChannelLoader	ServiceH	3740	13676	25784	4324	43784	169611	103	779660	92940	88961024	23939502	32374784
264	R4	2026-08-14T02:00:37,685516659-0700	1786698037678536409	WebRuntime	ServiceE	545	8772	2120	7800	18692	28417	342	779660	92940	88961024	23939502	32374784
265	R4	2026-08-14T02:00:38,411417242-0700	1786698038404226575	ServiceA	ServiceA	3953	4032	4240	2656	10928	462704	167	779128	92940	88961024	23939502	32374784
265	R4	2026-08-14T02:00:38,411417242-0700	1786698038404226575	ServiceB	ServiceB	692	3912	4488	2176	10576	33438	414	779128	92940	88961024	23939502	32374784
265	R4	2026-08-14T02:00:38,411417242-0700	1786698038404226575	ChannelLoader	ServiceH	3740	13676	25784	4324	43784	169611	103	779128	92940	88961024	23939502	32374784
265	R4	2026-08-14T02:00:38,411417242-0700	1786698038404226575	WebRuntime	ServiceE	545	8772	2120	7800	18692	28417	342	779128	92940	88961024	23939502	32374784
266	R4	2026-08-14T02:00:39,105500408-0700	1786698039098241075	ServiceA	ServiceA	3953	4032	4240	2656	10928	462704	167	779400	92940	88961024	23939502	32374784
266	R4	2026-08-14T02:00:39,105500408-0700	1786698039098241075	ServiceB	ServiceB	692	3912	4488	2176	10576	33438	414	779400	92940	88961024	23939502	32374784
266	R4	2026-08-14T02:00:39,105500408-0700	1786698039098241075	ChannelLoader	ServiceH	3740	13676	25784	4324	43784	169611	103	779400	92940	88961024	23939502	32374784
266	R4	2026-08-14T02:00:39,105500408-0700	1786698039098241075	WebRuntime	ServiceE	545	8772	2120	7800	18692	28417	342	779400	92940	88961024	23939502	32374784
267	R4	2026-08-14T02:00:39,781747158-0700	1786698039775013908	ServiceA	ServiceA	3953	4032	4240	2656	10928	462704	167	780888	92940	88961024	23939502	32374784
267	R4	2026-08-14T02:00:39,781747158-0700	1786698039775013908	ServiceB	ServiceB	692	3912	4488	2176	10576	33438	414	780888	92940	88961024	23939502	32374784
267	R4	2026-08-14T02:00:39,781747158-0700	1786698039775013908	ChannelLoader	ServiceH	3740	13676	25784	4324	43784	169611	103	780888	92940	88961024	23939502	32374784
267	R4	2026-08-14T02:00:39,781747158-0700	1786698039775013908	WebRuntime	ServiceE	545	8772	2120	7800	18692	28417	342	780888	92940	88961024	23939502	32374784
268	R4	2026-08-14T02:00:40,494865325-0700	1786698040489124491	ServiceA	ServiceA	3953	4032	4240	2656	10928	462704	167	781956	92940	88961024	23939502	32374784
268	R4	2026-08-14T02:00:40,494865325-0700	1786698040489124491	ServiceB	ServiceB	692	3912	4488	2176	10576	33438	414	781956	92940	88961024	23939502	32374784
268	R4	2026-08-14T02:00:40,494865325-0700	1786698040489124491	ChannelLoader	ServiceH	3740	13676	25784	4324	43784	169651	103	781956	92940	88961024	23939502	32374784
268	R4	2026-08-14T02:00:40,494865325-0700	1786698040489124491	WebRuntime	ServiceE	545	8772	2120	7800	18692	28417	342	781956	92940	88961024	23939502	32374784
269	R4	2026-08-14T02:00:41,164188491-0700	1786698041159330408	ServiceA	ServiceA	3953	4032	4240	2656	10928	462704	167	782944	92940	88961024	23939502	32374784
269	R4	2026-08-14T02:00:41,164188491-0700	1786698041159330408	ServiceB	ServiceB	692	3912	4488	2176	10576	33438	414	782944	92940	88961024	23939502	32374784
269	R4	2026-08-14T02:00:41,164188491-0700	1786698041159330408	ChannelLoader	ServiceH	3740	13676	25784	4324	43784	169651	103	782944	92940	88961024	23939502	32374784
269	R4	2026-08-14T02:00:41,164188491-0700	1786698041159330408	WebRuntime	ServiceE	545	8772	2120	7800	18692	28417	342	782944	92940	88961024	23939502	32374784
270	R4	2026-08-14T02:00:41,909479074-0700	1786698041903766324	ServiceA	ServiceA	3953	4032	4240	2656	10928	462704	167	784872	92940	88961024	23939502	32374784
270	R4	2026-08-14T02:00:41,909479074-0700	1786698041903766324	ServiceB	ServiceB	692	3912	4488	2176	10576	33438	414	784872	92940	88961024	23939502	32374784
270	R4	2026-08-14T02:00:41,909479074-0700	1786698041903766324	ChannelLoader	ServiceH	3740	13676	25784	4324	43784	169651	103	784872	92940	88961024	23939502	32374784
270	R4	2026-08-14T02:00:41,909479074-0700	1786698041903766324	WebRuntime	ServiceE	545	8772	2120	7800	18692	28417	342	784872	92940	88961024	23939502	32374784
271	R4	2026-08-14T02:00:42,629159491-0700	1786698042623075907	ServiceA	ServiceA	3953	4032	4240	2656	10928	462704	167	784164	92940	88961024	23939502	32374784
271	R4	2026-08-14T02:00:42,629159491-0700	1786698042623075907	ServiceB	ServiceB	692	3912	4488	2176	10576	33438	414	784164	92940	88961024	23939502	32374784
271	R4	2026-08-14T02:00:42,629159491-0700	1786698042623075907	ChannelLoader	ServiceH	3740	13676	25784	4324	43784	169651	103	784164	92940	88961024	23939502	32374784
271	R4	2026-08-14T02:00:42,629159491-0700	1786698042623075907	WebRuntime	ServiceE	545	8772	2120	7800	18692	28417	342	784164	92940	88961024	23939502	32374784
272	R4	2026-08-14T02:00:43,326053491-0700	1786698043316505074	ServiceA	ServiceA	3953	4032	4240	2656	10928	462704	167	784284	92940	88961024	23939502	32374784
272	R4	2026-08-14T02:00:43,326053491-0700	1786698043316505074	ServiceB	ServiceB	692	3912	4488	2176	10576	33438	414	784284	92940	88961024	23939502	32374784
272	R4	2026-08-14T02:00:43,326053491-0700	1786698043316505074	ChannelLoader	ServiceH	3740	13676	25784	4324	43784	169651	103	784284	92940	88961024	23939502	32374784
272	R4	2026-08-14T02:00:43,326053491-0700	1786698043316505074	WebRuntime	ServiceE	545	8772	2120	7800	18692	28417	342	784284	92940	88961024	23939502	32374784
273	R4	2026-08-14T02:00:44,026617074-0700	1786698044020724240	ServiceA	ServiceA	3953	4032	4240	2656	10928	462704	167	785356	92940	88961024	23939502	32374784
273	R4	2026-08-14T02:00:44,026617074-0700	1786698044020724240	ServiceB	ServiceB	692	3912	4488	2176	10576	33438	414	785356	92940	88961024	23939502	32374784
273	R4	2026-08-14T02:00:44,026617074-0700	1786698044020724240	ChannelLoader	ServiceH	3740	13676	25784	4324	43784	169651	103	785356	92940	88961024	23939502	32374784
273	R4	2026-08-14T02:00:44,026617074-0700	1786698044020724240	WebRuntime	ServiceE	545	8772	2120	7800	18692	28417	342	785356	92940	88961024	23939502	32374784
274	R4	2026-08-14T02:00:44,715069407-0700	1786698044710248574	ServiceA	ServiceA	3953	4032	4240	2656	10928	462704	167	784448	92940	88961024	23939502	32374784
274	R4	2026-08-14T02:00:44,715069407-0700	1786698044710248574	ServiceB	ServiceB	692	3912	4488	2176	10576	33438	414	784448	92940	88961024	23939502	32374784
274	R4	2026-08-14T02:00:44,715069407-0700	1786698044710248574	ChannelLoader	ServiceH	3740	13676	25784	4324	43784	169651	103	784448	92940	88961024	23939502	32374784
274	R4	2026-08-14T02:00:44,715069407-0700	1786698044710248574	WebRuntime	ServiceE	545	8772	2120	7800	18692	28417	342	784448	92940	88961024	23939502	32374784
275	R4	2026-08-14T02:00:45,481003157-0700	1786698045475445740	ServiceA	ServiceA	3953	4032	4240	2656	10928	462704	167	780836	92940	88961024	23939502	32374784
275	R4	2026-08-14T02:00:45,481003157-0700	1786698045475445740	ServiceB	ServiceB	692	3912	4488	2176	10576	33438	414	780836	92940	88961024	23939502	32374784
275	R4	2026-08-14T02:00:45,481003157-0700	1786698045475445740	ChannelLoader	ServiceH	3740	13676	25784	4324	43784	169691	103	780836	92940	88961024	23939502	32374784
275	R4	2026-08-14T02:00:45,481003157-0700	1786698045475445740	WebRuntime	ServiceE	545	8772	2120	7800	18692	28417	342	780836	92940	88961024	23939502	32374784
276	R4	2026-08-14T02:00:46,185743573-0700	1786698046178079740	ServiceA	ServiceA	3953	4032	4240	2656	10928	462704	167	780968	92940	88961024	23939502	32374784
276	R4	2026-08-14T02:00:46,185743573-0700	1786698046178079740	ServiceB	ServiceB	692	3912	4488	2176	10576	33438	414	780968	92940	88961024	23939502	32374784
276	R4	2026-08-14T02:00:46,185743573-0700	1786698046178079740	ChannelLoader	ServiceH	3740	13676	25784	4324	43784	169691	103	780968	92940	88961024	23939502	32374784
276	R4	2026-08-14T02:00:46,185743573-0700	1786698046178079740	WebRuntime	ServiceE	545	8772	2120	7800	18692	28417	342	780968	92940	88961024	23939502	32374784
277	R4	2026-08-14T02:00:46,932901823-0700	1786698046927642323	ServiceA	ServiceA	3953	4032	4240	2656	10928	462704	167	780580	92940	88961024	23939502	32374784
277	R4	2026-08-14T02:00:46,932901823-0700	1786698046927642323	ServiceB	ServiceB	692	3912	4488	2176	10576	33438	414	780580	92940	88961024	23939502	32374784
277	R4	2026-08-14T02:00:46,932901823-0700	1786698046927642323	ChannelLoader	ServiceH	3740	13676	25784	4324	43784	169691	103	780580	92940	88961024	23939502	32374784
277	R4	2026-08-14T02:00:46,932901823-0700	1786698046927642323	WebRuntime	ServiceE	545	8772	2120	7800	18692	28417	342	780580	92940	88961024	23939502	32374784
278	R4	2026-08-14T02:00:47,638752906-0700	1786698047632174240	ServiceA	ServiceA	3953	4032	4240	2656	10928	462704	167	780020	92940	88961024	23939502	32374784
278	R4	2026-08-14T02:00:47,638752906-0700	1786698047632174240	ServiceB	ServiceB	692	3912	4488	2176	10576	33438	414	780020	92940	88961024	23939502	32374784
278	R4	2026-08-14T02:00:47,638752906-0700	1786698047632174240	ChannelLoader	ServiceH	3740	13696	25784	4324	43804	169691	103	780020	92940	88961024	23939502	32374784
278	R4	2026-08-14T02:00:47,638752906-0700	1786698047632174240	WebRuntime	ServiceE	545	8772	2120	7800	18692	28418	342	780020	92940	88961024	23939502	32374784
279	R4	2026-08-14T02:00:49,131456573-0700	1786698049124494489	ServiceA	ServiceA	3953	4948	4288	2656	11892	463101	167	763992	92940	88961024	23939502	32374784
279	R4	2026-08-14T02:00:49,131456573-0700	1786698049124494489	ServiceB	ServiceB	692	3912	4464	2176	10552	33469	414	763992	92940	88961024	23939502	32374784
279	R4	2026-08-14T02:00:49,131456573-0700	1786698049124494489	ChannelLoader	ServiceH	3740	14196	25772	4324	44292	170756	103	763992	92940	88961024	23939502	32374784
279	R4	2026-08-14T02:00:49,131456573-0700	1786698049124494489	WebRuntime	ServiceE	545	8772	2120	7800	18692	28418	342	763992	92940	88961024	23939502	32374784
280	R4	2026-08-14T02:00:50,889803155-0700	1786698050876807739	ServiceA	ServiceA	3953	8176	8144	2684	19004	463786	167	752076	92940	88961024	23939502	32374784
280	R4	2026-08-14T02:00:50,889803155-0700	1786698050876807739	ServiceB	ServiceB	692	3912	4464	2176	10552	33475	414	752076	92940	88961024	23939502	32374784
280	R4	2026-08-14T02:00:50,889803155-0700	1786698050876807739	ChannelLoader	ServiceH	3740	14196	26092	4324	44612	172204	103	752076	92940	88961024	23939502	32374784
280	R4	2026-08-14T02:00:50,889803155-0700	1786698050876807739	WebRuntime	ServiceE	545	8772	2120	7800	18692	28418	342	752076	92940	88961024	23939502	32374784
281	R4	2026-08-14T02:00:55,312549904-0700	1786698055208151488	ServiceA	ServiceA	3953	6248	6292	2656	15196	473975	167	737800	92940	88961024	23939502	32374784
281	R4	2026-08-14T02:00:55,312549904-0700	1786698055208151488	ServiceB	ServiceB	692	3912	4464	2176	10552	33475	414	737800	92940	88961024	23939502	32374784
281	R4	2026-08-14T02:00:55,312549904-0700	1786698055208151488	ChannelLoader	ServiceH	3740	14196	26092	4324	44612	172292	103	737800	92940	88961024	23939502	32374784
281	R4	2026-08-14T02:00:55,312549904-0700	1786698055208151488	WebRuntime	ServiceE	545	8772	2120	7800	18692	28418	342	737800	92940	88961024	23939502	32374784
282	R4	2026-08-14T02:00:59,393794237-0700	1786698059374648570	ServiceA	ServiceA	3953	4144	4296	2656	11096	474138	167	762968	92940	88961024	23939502	32374784
282	R4	2026-08-14T02:00:59,393794237-0700	1786698059374648570	ServiceB	ServiceB	692	3912	4464	2176	10552	33518	414	762968	92940	88961024	23939502	32374784
282	R4	2026-08-14T02:00:59,393794237-0700	1786698059374648570	ChannelLoader	ServiceH	3740	14196	26092	4324	44612	172294	103	762968	92940	88961024	23939502	32374784
282	R4	2026-08-14T02:00:59,393794237-0700	1786698059374648570	WebRuntime	ServiceE	545	8772	2120	7800	18692	28418	342	762968	92940	88961024	23939502	32374784
283	R4	2026-08-14T02:01:01,616182403-0700	1786698061604128570	ServiceA	ServiceA	3953	4144	4296	2656	11096	474138	167	768848	92940	88961024	23939502	32374784
283	R4	2026-08-14T02:01:01,616182403-0700	1786698061604128570	ServiceB	ServiceB	692	3912	4464	2176	10552	33518	414	768848	92940	88961024	23939502	32374784
283	R4	2026-08-14T02:01:01,616182403-0700	1786698061604128570	ChannelLoader	ServiceH	3740	14196	26024	4324	44544	172336	103	768848	92940	88961024	23939502	32374784
283	R4	2026-08-14T02:01:01,616182403-0700	1786698061604128570	WebRuntime	ServiceE	545	8772	2120	7800	18692	28418	342	768848	92940	88961024	23939502	32374784
284	R4	2026-08-14T02:01:03,293000069-0700	1786698063279375903	ServiceA	ServiceA	3953	4144	4296	2656	11096	474138	167	771508	92940	88961024	23939502	32374784
284	R4	2026-08-14T02:01:03,293000069-0700	1786698063279375903	ServiceB	ServiceB	692	3912	4464	2176	10552	33518	414	771508	92940	88961024	23939502	32374784
284	R4	2026-08-14T02:01:03,293000069-0700	1786698063279375903	ChannelLoader	ServiceH	3740	14196	25912	4324	44432	172336	103	771508	92940	88961024	23939502	32374784
284	R4	2026-08-14T02:01:03,293000069-0700	1786698063279375903	WebRuntime	ServiceE	545	8772	2120	7800	18692	28418	342	771508	92940	88961024	23939502	32374784
285	R4	2026-08-14T02:01:04,887660235-0700	1786698064868101319	ServiceA	ServiceA	3953	4144	4296	2656	11096	474138	167	773904	92940	88961024	23939502	32374784
285	R4	2026-08-14T02:01:04,887660235-0700	1786698064868101319	ServiceB	ServiceB	692	3912	4464	2176	10552	33521	414	773904	92940	88961024	23939502	32374784
285	R4	2026-08-14T02:01:04,887660235-0700	1786698064868101319	ChannelLoader	ServiceH	3740	14196	25816	4324	44336	172336	103	773904	92940	88961024	23939502	32374784
285	R4	2026-08-14T02:01:04,887660235-0700	1786698064868101319	WebRuntime	ServiceE	545	8772	2120	7800	18692	28418	342	773904	92940	88961024	23939502	32374784
286	R4	2026-08-14T02:01:06,732332568-0700	1786698066723684985	ServiceA	ServiceA	3953	4144	4296	2656	11096	474138	167	774964	92940	88961024	23939502	32374784
286	R4	2026-08-14T02:01:06,732332568-0700	1786698066723684985	ServiceB	ServiceB	692	3912	4464	2176	10552	33521	414	774964	92940	88961024	23939502	32374784
286	R4	2026-08-14T02:01:06,732332568-0700	1786698066723684985	ChannelLoader	ServiceH	3740	14196	25740	4324	44260	172378	103	774964	92940	88961024	23939502	32374784
286	R4	2026-08-14T02:01:06,732332568-0700	1786698066723684985	WebRuntime	ServiceE	545	8772	2120	7800	18692	28418	342	774964	92940	88961024	23939502	32374784
287	R4	2026-08-14T02:01:08,699420735-0700	1786698068691062985	ServiceA	ServiceA	3953	4144	4296	2656	11096	474138	167	775164	92940	88961024	23939502	32374784
287	R4	2026-08-14T02:01:08,699420735-0700	1786698068691062985	ServiceB	ServiceB	692	3912	4464	2176	10552	33521	414	775164	92940	88961024	23939502	32374784
287	R4	2026-08-14T02:01:08,699420735-0700	1786698068691062985	ChannelLoader	ServiceH	3740	13748	25812	4324	43884	172398	103	775164	92940	88961024	23939502	32374784
287	R4	2026-08-14T02:01:08,699420735-0700	1786698068691062985	WebRuntime	ServiceE	545	8772	2120	7800	18692	28418	342	775164	92940	88961024	23939502	32374784
288	R4	2026-08-14T02:01:10,360602067-0700	1786698070349874567	ServiceA	ServiceA	3953	4144	4296	2656	11096	474138	167	777488	92940	88961024	23939502	32374784
288	R4	2026-08-14T02:01:10,360602067-0700	1786698070349874567	ServiceB	ServiceB	692	3912	4464	2176	10552	33521	414	777488	92940	88961024	23939502	32374784
288	R4	2026-08-14T02:01:10,360602067-0700	1786698070349874567	ChannelLoader	ServiceH	3740	13796	25812	4324	43932	174605	103	777488	92940	88961024	23939502	32374784
288	R4	2026-08-14T02:01:10,360602067-0700	1786698070349874567	WebRuntime	ServiceE	545	8772	2120	7800	18692	28418	342	777488	92940	88961024	23939502	32374784
289	R4	2026-08-14T02:01:11,151402234-0700	1786698071144645234	ServiceA	ServiceA	3953	4144	4296	2656	11096	474138	167	778444	92940	88961024	23939502	32374784
289	R4	2026-08-14T02:01:11,151402234-0700	1786698071144645234	ServiceB	ServiceB	692	3912	4464	2176	10552	33521	414	778444	92940	88961024	23939502	32374784
289	R4	2026-08-14T02:01:11,151402234-0700	1786698071144645234	ChannelLoader	ServiceH	3740	13796	25812	4324	43932	174606	103	778444	92940	88961024	23939502	32374784
289	R4	2026-08-14T02:01:11,151402234-0700	1786698071144645234	WebRuntime	ServiceE	545	8772	2120	7800	18692	28418	342	778444	92940	88961024	23939502	32374784
290	R4	2026-08-14T02:01:11,917851150-0700	1786698071911875150	ServiceA	ServiceA	3953	4144	4296	2656	11096	474138	167	777884	92940	88961024	23939502	32374784
290	R4	2026-08-14T02:01:11,917851150-0700	1786698071911875150	ServiceB	ServiceB	692	3912	4464	2176	10552	33521	414	777884	92940	88961024	23939502	32374784
290	R4	2026-08-14T02:01:11,917851150-0700	1786698071911875150	ChannelLoader	ServiceH	3740	13796	25812	4324	43932	174606	103	777884	92940	88961024	23939502	32374784
290	R4	2026-08-14T02:01:11,917851150-0700	1786698071911875150	WebRuntime	ServiceE	545	8772	2120	7800	18692	28418	342	777884	92940	88961024	23939502	32374784
291	R4	2026-08-14T02:01:12,651239484-0700	1786698072646514067	ServiceA	ServiceA	3953	4144	4296	2656	11096	474138	167	777220	92940	88961024	23939502	32374784
291	R4	2026-08-14T02:01:12,651239484-0700	1786698072646514067	ServiceB	ServiceB	692	3912	4464	2176	10552	33521	414	777220	92940	88961024	23939502	32374784
291	R4	2026-08-14T02:01:12,651239484-0700	1786698072646514067	ChannelLoader	ServiceH	3740	13796	25812	4324	43932	174614	103	777220	92940	88961024	23939502	32374784
291	R4	2026-08-14T02:01:12,651239484-0700	1786698072646514067	WebRuntime	ServiceE	545	8772	2120	7800	18692	28418	342	777220	92940	88961024	23939502	32374784
292	R4	2026-08-14T02:01:14,685638150-0700	1786698074672665483	ServiceA	ServiceA	3953	4172	4244	2656	11072	474138	167	756880	92940	88961024	23939502	32374784
292	R4	2026-08-14T02:01:14,685638150-0700	1786698074672665483	ServiceB	ServiceB	692	3912	4468	2176	10556	33527	414	756880	92940	88961024	23939502	32374784
292	R4	2026-08-14T02:01:14,685638150-0700	1786698074672665483	ChannelLoader	ServiceH	3740	13796	25812	4324	43932	174614	103	756880	92940	88961024	23939502	32374784
292	R4	2026-08-14T02:01:14,685638150-0700	1786698074672665483	WebRuntime	ServiceE	545	8772	2120	7800	18692	28418	342	756880	92940	88961024	23939502	32374784
293	R4	2026-08-14T02:01:15,506347233-0700	1786698075496806733	ServiceA	ServiceA	3953	4172	4244	2656	11072	474138	167	754004	92940	88961024	23939502	32374784
293	R4	2026-08-14T02:01:15,506347233-0700	1786698075496806733	ServiceB	ServiceB	692	3912	4468	2176	10556	33527	414	754004	92940	88961024	23939502	32374784
293	R4	2026-08-14T02:01:15,506347233-0700	1786698075496806733	ChannelLoader	ServiceH	3740	13796	25812	4324	43932	174657	103	754004	92940	88961024	23939502	32374784
293	R4	2026-08-14T02:01:15,506347233-0700	1786698075496806733	WebRuntime	ServiceE	545	8772	2120	7800	18692	28418	342	754004	92940	88961024	23939502	32374784
294	R4	2026-08-14T02:01:16,299171399-0700	1786698076292151566	ServiceA	ServiceA	3953	4172	4244	2656	11072	474138	167	754196	92940	88961024	23939502	32374784
294	R4	2026-08-14T02:01:16,299171399-0700	1786698076292151566	ServiceB	ServiceB	692	3912	4468	2176	10556	33527	414	754196	92940	88961024	23939502	32374784
294	R4	2026-08-14T02:01:16,299171399-0700	1786698076292151566	ChannelLoader	ServiceH	3740	13796	25812	4324	43932	174657	103	754196	92940	88961024	23939502	32374784
294	R4	2026-08-14T02:01:16,299171399-0700	1786698076292151566	WebRuntime	ServiceE	545	8772	2120	7800	18692	28418	342	754196	92940	88961024	23939502	32374784
295	R4	2026-08-14T02:01:17,118788316-0700	1786698077110167316	ServiceA	ServiceA	3953	4172	4244	2656	11072	474138	167	756020	92940	88961024	23939502	32374784
295	R4	2026-08-14T02:01:17,118788316-0700	1786698077110167316	ServiceB	ServiceB	692	3912	4468	2176	10556	33527	414	756020	92940	88961024	23939502	32374784
295	R4	2026-08-14T02:01:17,118788316-0700	1786698077110167316	ChannelLoader	ServiceH	3740	13796	25812	4324	43932	174657	103	756020	92940	88961024	23939502	32374784
295	R4	2026-08-14T02:01:17,118788316-0700	1786698077110167316	WebRuntime	ServiceE	545	8772	2120	7800	18692	28418	342	756020	92940	88961024	23939502	32374784
296	R4	2026-08-14T02:01:18,039018899-0700	1786698078019646066	ServiceA	ServiceA	3953	4172	4244	2656	11072	474138	167	762492	92940	88961024	23939502	32374784
296	R4	2026-08-14T02:01:18,039018899-0700	1786698078019646066	ServiceB	ServiceB	692	3912	4464	2176	10552	33527	414	762492	92940	88961024	23939502	32374784
296	R4	2026-08-14T02:01:18,039018899-0700	1786698078019646066	ChannelLoader	ServiceH	3740	13796	25812	4324	43932	174658	103	762492	92940	88961024	23939502	32374784
296	R4	2026-08-14T02:01:18,039018899-0700	1786698078019646066	WebRuntime	ServiceE	545	8772	2120	7800	18692	28418	342	762492	92940	88961024	23939502	32374784
297	R4	2026-08-14T02:01:19,037631399-0700	1786698079027109565	ServiceA	ServiceA	3953	4172	4244	2656	11072	474138	167	777536	92940	88961024	23939502	32374784
297	R4	2026-08-14T02:01:19,037631399-0700	1786698079027109565	ServiceB	ServiceB	692	3912	4464	2176	10552	33527	414	777536	92940	88961024	23939502	32374784
297	R4	2026-08-14T02:01:19,037631399-0700	1786698079027109565	ChannelLoader	ServiceH	3740	13796	25812	4324	43932	174658	103	777536	92940	88961024	23939502	32374784
297	R4	2026-08-14T02:01:19,037631399-0700	1786698079027109565	WebRuntime	ServiceE	545	8772	2120	7800	18692	28418	342	777536	92940	88961024	23939502	32374784
298	R4	2026-08-14T02:01:19,990307815-0700	1786698079978729649	ServiceA	ServiceA	3953	4172	4244	2656	11072	474138	167	776040	92940	88961024	23939502	32374784
298	R4	2026-08-14T02:01:19,990307815-0700	1786698079978729649	ServiceB	ServiceB	692	3912	4464	2176	10552	33527	414	776040	92940	88961024	23939502	32374784
298	R4	2026-08-14T02:01:19,990307815-0700	1786698079978729649	ChannelLoader	ServiceH	3740	13796	25812	4324	43932	174660	103	776040	92940	88961024	23939502	32374784
298	R4	2026-08-14T02:01:19,990307815-0700	1786698079978729649	WebRuntime	ServiceE	545	8772	2120	7800	18692	28418	342	776040	92940	88961024	23939502	32374784
299	R4	2026-08-14T02:01:21,275857315-0700	1786698081270562315	ServiceA	ServiceA	3953	4172	4244	2656	11072	474138	167	772768	92940	88961024	23939502	32374784
299	R4	2026-08-14T02:01:21,275857315-0700	1786698081270562315	ServiceB	ServiceB	692	3912	4464	2176	10552	33527	414	772768	92940	88961024	23939502	32374784
299	R4	2026-08-14T02:01:21,275857315-0700	1786698081270562315	ChannelLoader	ServiceH	3740	13796	25812	4324	43932	174703	103	772768	92940	88961024	23939502	32374784
299	R4	2026-08-14T02:01:21,275857315-0700	1786698081270562315	WebRuntime	ServiceE	545	8772	2120	7800	18692	28418	342	772768	92940	88961024	23939502	32374784
300	R5	2026-08-14T02:01:22,063428731-0700	1786698082055597898	ServiceA	ServiceA	3953	4172	4244	2656	11072	474138	167	773952	92940	88961024	23939502	32374784
300	R5	2026-08-14T02:01:22,063428731-0700	1786698082055597898	ServiceB	ServiceB	692	3912	4464	2176	10552	33527	414	773952	92940	88961024	23939502	32374784
300	R5	2026-08-14T02:01:22,063428731-0700	1786698082055597898	ChannelLoader	ServiceH	3740	13796	25812	4324	43932	174703	103	773952	92940	88961024	23939502	32374784
300	R5	2026-08-14T02:01:22,063428731-0700	1786698082055597898	WebRuntime	ServiceE	545	8772	2120	7800	18692	28418	342	773952	92940	88961024	23939502	32374784
301	R5	2026-08-14T02:01:22,840834148-0700	1786698082835505231	ServiceA	ServiceA	3953	4172	4244	2656	11072	474138	167	774596	92940	88961024	23939502	32374784
301	R5	2026-08-14T02:01:22,840834148-0700	1786698082835505231	ServiceB	ServiceB	692	3912	4464	2176	10552	33527	414	774596	92940	88961024	23939502	32374784
301	R5	2026-08-14T02:01:22,840834148-0700	1786698082835505231	ChannelLoader	ServiceH	3740	13796	25812	4324	43932	174703	103	774596	92940	88961024	23939502	32374784
301	R5	2026-08-14T02:01:22,840834148-0700	1786698082835505231	WebRuntime	ServiceE	545	8772	2120	7800	18692	28418	342	774596	92940	88961024	23939502	32374784
302	R5	2026-08-14T02:01:23,623871648-0700	1786698083615082064	ServiceA	ServiceA	3953	4172	4244	2656	11072	474138	167	775460	92940	88961024	23939502	32374784
302	R5	2026-08-14T02:01:23,623871648-0700	1786698083615082064	ServiceB	ServiceB	692	3912	4464	2176	10552	33527	414	775460	92940	88961024	23939502	32374784
302	R5	2026-08-14T02:01:23,623871648-0700	1786698083615082064	ChannelLoader	ServiceH	3740	13796	25812	4324	43932	174703	103	775460	92940	88961024	23939502	32374784
302	R5	2026-08-14T02:01:23,623871648-0700	1786698083615082064	WebRuntime	ServiceE	545	8772	2120	7800	18692	28418	342	775460	92940	88961024	23939502	32374784
303	R5	2026-08-14T02:01:24,271792898-0700	1786698084264372064	ServiceA	ServiceA	3953	4172	4244	2656	11072	474138	167	774992	92940	88961024	23939502	32374784
303	R5	2026-08-14T02:01:24,271792898-0700	1786698084264372064	ServiceB	ServiceB	692	3912	4464	2176	10552	33527	414	774992	92940	88961024	23939502	32374784
303	R5	2026-08-14T02:01:24,271792898-0700	1786698084264372064	ChannelLoader	ServiceH	3740	13796	25812	4324	43932	174703	103	774992	92940	88961024	23939502	32374784
303	R5	2026-08-14T02:01:24,271792898-0700	1786698084264372064	WebRuntime	ServiceE	545	8772	2120	7800	18692	28418	342	774992	92940	88961024	23939502	32374784
304	R5	2026-08-14T02:01:24,930379481-0700	1786698084925872981	ServiceA	ServiceA	3953	4172	4244	2656	11072	474138	167	776132	92940	88961024	23939502	32374784
304	R5	2026-08-14T02:01:24,930379481-0700	1786698084925872981	ServiceB	ServiceB	692	3912	4464	2176	10552	33527	414	776132	92940	88961024	23939502	32374784
304	R5	2026-08-14T02:01:24,930379481-0700	1786698084925872981	ChannelLoader	ServiceH	3740	13796	25812	4324	43932	174703	103	776132	92940	88961024	23939502	32374784
304	R5	2026-08-14T02:01:24,930379481-0700	1786698084925872981	WebRuntime	ServiceE	545	8772	2120	7800	18692	28418	342	776132	92940	88961024	23939502	32374784
305	R5	2026-08-14T02:01:25,558025147-0700	1786698085552484897	ServiceA	ServiceA	3953	4172	4244	2656	11072	474138	167	776500	92940	88961024	23939502	32374784
305	R5	2026-08-14T02:01:25,558025147-0700	1786698085552484897	ServiceB	ServiceB	692	3912	4464	2176	10552	33527	414	776500	92940	88961024	23939502	32374784
305	R5	2026-08-14T02:01:25,558025147-0700	1786698085552484897	ChannelLoader	ServiceH	3740	13796	25812	4324	43932	174746	103	776500	92940	88961024	23939502	32374784
305	R5	2026-08-14T02:01:25,558025147-0700	1786698085552484897	WebRuntime	ServiceE	545	8772	2120	7800	18692	28418	342	776500	92940	88961024	23939502	32374784
306	R5	2026-08-14T02:01:26,317456564-0700	1786698086311802147	ServiceA	ServiceA	3953	4172	4244	2656	11072	474138	167	777568	92940	88961024	23939502	32374784
306	R5	2026-08-14T02:01:26,317456564-0700	1786698086311802147	ServiceB	ServiceB	692	3912	4464	2176	10552	33527	414	777568	92940	88961024	23939502	32374784
306	R5	2026-08-14T02:01:26,317456564-0700	1786698086311802147	ChannelLoader	ServiceH	3740	13796	25812	4324	43932	174746	103	777568	92940	88961024	23939502	32374784
306	R5	2026-08-14T02:01:26,317456564-0700	1786698086311802147	WebRuntime	ServiceE	545	8772	2120	7800	18692	28418	342	777568	92940	88961024	23939502	32374784
307	R5	2026-08-14T02:01:27,038889980-0700	1786698087031874230	ServiceA	ServiceA	3953	4172	4244	2656	11072	474138	167	777932	92940	88961024	23939502	32374784
307	R5	2026-08-14T02:01:27,038889980-0700	1786698087031874230	ServiceB	ServiceB	692	3912	4464	2176	10552	33527	414	777932	92940	88961024	23939502	32374784
307	R5	2026-08-14T02:01:27,038889980-0700	1786698087031874230	ChannelLoader	ServiceH	3740	13796	25812	4324	43932	174746	103	777932	92940	88961024	23939502	32374784
307	R5	2026-08-14T02:01:27,038889980-0700	1786698087031874230	WebRuntime	ServiceE	545	8772	2120	7800	18692	28418	342	777932	92940	88961024	23939502	32374784
308	R5	2026-08-14T02:01:27,769615063-0700	1786698087760915563	ServiceA	ServiceA	3953	4172	4244	2656	11072	474138	167	778500	92940	88961024	23939502	32374784
308	R5	2026-08-14T02:01:27,769615063-0700	1786698087760915563	ServiceB	ServiceB	692	3912	4464	2176	10552	33527	414	778500	92940	88961024	23939502	32374784
308	R5	2026-08-14T02:01:27,769615063-0700	1786698087760915563	ChannelLoader	ServiceH	3740	13796	25812	4324	43932	174746	103	778500	92940	88961024	23939502	32374784
308	R5	2026-08-14T02:01:27,769615063-0700	1786698087760915563	WebRuntime	ServiceE	545	8772	2120	7800	18692	28418	342	778500	92940	88961024	23939502	32374784
309	R5	2026-08-14T02:01:28,524750063-0700	1786698088516334313	ServiceA	ServiceA	3953	4172	4244	2656	11072	474138	167	779876	92940	88961024	23939502	32374784
309	R5	2026-08-14T02:01:28,524750063-0700	1786698088516334313	ServiceB	ServiceB	692	3912	4464	2176	10552	33527	414	779876	92940	88961024	23939502	32374784
309	R5	2026-08-14T02:01:28,524750063-0700	1786698088516334313	ChannelLoader	ServiceH	3740	13796	25812	4324	43932	174746	103	779876	92940	88961024	23939502	32374784
309	R5	2026-08-14T02:01:28,524750063-0700	1786698088516334313	WebRuntime	ServiceE	545	8772	2120	7800	18692	28418	342	779876	92940	88961024	23939502	32374784
310	R5	2026-08-14T02:01:29,212648480-0700	1786698089206741063	ServiceA	ServiceA	3953	4172	4244	2656	11072	474138	167	779220	92940	88961024	23939502	32374784
310	R5	2026-08-14T02:01:29,212648480-0700	1786698089206741063	ServiceB	ServiceB	692	3912	4464	2176	10552	33527	414	779220	92940	88961024	23939502	32374784
310	R5	2026-08-14T02:01:29,212648480-0700	1786698089206741063	ChannelLoader	ServiceH	3740	13796	25812	4324	43932	174746	103	779220	92940	88961024	23939502	32374784
310	R5	2026-08-14T02:01:29,212648480-0700	1786698089206741063	WebRuntime	ServiceE	545	8772	2120	7800	18692	28418	342	779220	92940	88961024	23939502	32374784
311	R5	2026-08-14T02:01:29,890433896-0700	1786698089879079646	ServiceA	ServiceA	3953	4172	4244	2656	11072	474138	167	779668	92940	88961024	23939502	32374784
311	R5	2026-08-14T02:01:29,890433896-0700	1786698089879079646	ServiceB	ServiceB	692	3912	4464	2176	10552	33527	414	779668	92940	88961024	23939502	32374784
311	R5	2026-08-14T02:01:29,890433896-0700	1786698089879079646	ChannelLoader	ServiceH	3740	13796	25812	4324	43932	174746	103	779668	92940	88961024	23939502	32374784
311	R5	2026-08-14T02:01:29,890433896-0700	1786698089879079646	WebRuntime	ServiceE	545	8772	2120	7800	18692	28418	342	779668	92940	88961024	23939502	32374784
312	R5	2026-08-14T02:01:30,563178979-0700	1786698090555138729	ServiceA	ServiceA	3953	4172	4244	2656	11072	474138	167	778776	92940	88961024	23939502	32374784
312	R5	2026-08-14T02:01:30,563178979-0700	1786698090555138729	ServiceB	ServiceB	692	3912	4464	2176	10552	33527	414	778776	92940	88961024	23939502	32374784
312	R5	2026-08-14T02:01:30,563178979-0700	1786698090555138729	ChannelLoader	ServiceH	3740	13796	25812	4324	43932	174788	103	778776	92940	88961024	23939502	32374784
312	R5	2026-08-14T02:01:30,563178979-0700	1786698090555138729	WebRuntime	ServiceE	545	8772	2120	7800	18692	28418	342	778776	92940	88961024	23939502	32374784
313	R5	2026-08-14T02:01:31,218461063-0700	1786698091196166563	ServiceA	ServiceA	3953	4172	4244	2656	11072	474138	167	778960	92940	88961024	23939502	32374784
313	R5	2026-08-14T02:01:31,218461063-0700	1786698091196166563	ServiceB	ServiceB	692	3912	4464	2176	10552	33527	414	778960	92940	88961024	23939502	32374784
313	R5	2026-08-14T02:01:31,218461063-0700	1786698091196166563	ChannelLoader	ServiceH	3740	13796	25812	4324	43932	174788	103	778960	92940	88961024	23939502	32374784
313	R5	2026-08-14T02:01:31,218461063-0700	1786698091196166563	WebRuntime	ServiceE	545	8772	2120	7800	18692	28418	342	778960	92940	88961024	23939502	32374784
314	R5	2026-08-14T02:01:31,900244979-0700	1786698091893675646	ServiceA	ServiceA	3953	4172	4244	2656	11072	474138	167	777528	92940	88961024	23939502	32374784
314	R5	2026-08-14T02:01:31,900244979-0700	1786698091893675646	ServiceB	ServiceB	692	3912	4464	2176	10552	33527	414	777528	92940	88961024	23939502	32374784
314	R5	2026-08-14T02:01:31,900244979-0700	1786698091893675646	ChannelLoader	ServiceH	3740	13796	25812	4324	43932	174788	103	777528	92940	88961024	23939502	32374784
314	R5	2026-08-14T02:01:31,900244979-0700	1786698091893675646	WebRuntime	ServiceE	545	8772	2120	7800	18692	28418	342	777528	92940	88961024	23939502	32374784
315	R5	2026-08-14T02:01:32,579566062-0700	1786698092572835896	ServiceA	ServiceA	3953	4172	4244	2656	11072	474138	167	776564	92940	88961024	23939502	32374784
315	R5	2026-08-14T02:01:32,579566062-0700	1786698092572835896	ServiceB	ServiceB	692	3912	4464	2176	10552	33527	414	776564	92940	88961024	23939502	32374784
315	R5	2026-08-14T02:01:32,579566062-0700	1786698092572835896	ChannelLoader	ServiceH	3740	13796	25812	4324	43932	174788	103	776564	92940	88961024	23939502	32374784
315	R5	2026-08-14T02:01:32,579566062-0700	1786698092572835896	WebRuntime	ServiceE	545	8772	2120	7800	18692	28418	342	776564	92940	88961024	23939502	32374784
316	R5	2026-08-14T02:01:33,320806062-0700	1786698093307604312	ServiceA	ServiceA	3953	4172	4244	2656	11072	474138	167	776688	92940	88961024	23939502	32374784
316	R5	2026-08-14T02:01:33,320806062-0700	1786698093307604312	ServiceB	ServiceB	692	3912	4464	2176	10552	33527	414	776688	92940	88961024	23939502	32374784
316	R5	2026-08-14T02:01:33,320806062-0700	1786698093307604312	ChannelLoader	ServiceH	3740	13796	25804	4324	43924	174788	103	776688	92940	88961024	23939502	32374784
316	R5	2026-08-14T02:01:33,320806062-0700	1786698093307604312	WebRuntime	ServiceE	545	8772	2120	7800	18692	28418	342	776688	92940	88961024	23939502	32374784
317	R5	2026-08-14T02:01:33,995876812-0700	1786698093988328979	ServiceA	ServiceA	3953	4172	4244	2656	11072	474138	167	777052	92940	88961024	23939502	32374784
317	R5	2026-08-14T02:01:33,995876812-0700	1786698093988328979	ServiceB	ServiceB	692	3912	4464	2176	10552	33527	414	777052	92940	88961024	23939502	32374784
317	R5	2026-08-14T02:01:33,995876812-0700	1786698093988328979	ChannelLoader	ServiceH	3740	13796	25804	4324	43924	174788	103	777052	92940	88961024	23939502	32374784
317	R5	2026-08-14T02:01:33,995876812-0700	1786698093988328979	WebRuntime	ServiceE	545	8772	2120	7800	18692	28418	342	777052	92940	88961024	23939502	32374784
318	R5	2026-08-14T02:01:34,758761478-0700	1786698094751195228	ServiceA	ServiceA	3953	4172	4244	2656	11072	474138	167	777428	92940	88961024	23939502	32374784
318	R5	2026-08-14T02:01:34,758761478-0700	1786698094751195228	ServiceB	ServiceB	692	3912	4464	2176	10552	33527	414	777428	92940	88961024	23939502	32374784
318	R5	2026-08-14T02:01:34,758761478-0700	1786698094751195228	ChannelLoader	ServiceH	3740	13796	25804	4324	43924	174788	103	777428	92940	88961024	23939502	32374784
318	R5	2026-08-14T02:01:34,758761478-0700	1786698094751195228	WebRuntime	ServiceE	545	8772	2120	7800	18692	28418	342	777428	92940	88961024	23939502	32374784
319	R5	2026-08-14T02:01:35,503629895-0700	1786698095496694145	ServiceA	ServiceA	3953	4172	4244	2656	11072	474138	167	777340	92940	88961024	23939502	32374784
319	R5	2026-08-14T02:01:35,503629895-0700	1786698095496694145	ServiceB	ServiceB	692	3912	4464	2176	10552	33527	414	777340	92940	88961024	23939502	32374784
319	R5	2026-08-14T02:01:35,503629895-0700	1786698095496694145	ChannelLoader	ServiceH	3740	13796	25804	4324	43924	174828	103	777340	92940	88961024	23939502	32374784
319	R5	2026-08-14T02:01:35,503629895-0700	1786698095496694145	WebRuntime	ServiceE	545	8772	2120	7800	18692	28418	342	777340	92940	88961024	23939502	32374784
320	R5	2026-08-14T02:01:36,258549228-0700	1786698096251307728	ServiceA	ServiceA	3953	4172	4244	2656	11072	474138	167	777904	92940	88961024	23939502	32374784
320	R5	2026-08-14T02:01:36,258549228-0700	1786698096251307728	ServiceB	ServiceB	692	3912	4464	2176	10552	33527	414	777904	92940	88961024	23939502	32374784
320	R5	2026-08-14T02:01:36,258549228-0700	1786698096251307728	ChannelLoader	ServiceH	3740	13796	25804	4324	43924	174828	103	777904	92940	88961024	23939502	32374784
320	R5	2026-08-14T02:01:36,258549228-0700	1786698096251307728	WebRuntime	ServiceE	545	8772	2120	7800	18692	28418	342	777904	92940	88961024	23939502	32374784
321	R5	2026-08-14T02:01:36,943229561-0700	1786698096935088478	ServiceA	ServiceA	3953	4172	4244	2656	11072	474138	167	778084	92940	88961024	23939502	32374784
321	R5	2026-08-14T02:01:36,943229561-0700	1786698096935088478	ServiceB	ServiceB	692	3912	4464	2176	10552	33527	414	778084	92940	88961024	23939502	32374784
321	R5	2026-08-14T02:01:36,943229561-0700	1786698096935088478	ChannelLoader	ServiceH	3740	13796	25804	4324	43924	174828	103	778084	92940	88961024	23939502	32374784
321	R5	2026-08-14T02:01:36,943229561-0700	1786698096935088478	WebRuntime	ServiceE	545	8772	2120	7800	18692	28418	342	778084	92940	88961024	23939502	32374784
322	R5	2026-08-14T02:01:37,718420728-0700	1786698097712659394	ServiceA	ServiceA	3953	4172	4244	2656	11072	474138	167	778384	92940	88961024	23939502	32374784
322	R5	2026-08-14T02:01:37,718420728-0700	1786698097712659394	ServiceB	ServiceB	692	3912	4464	2176	10552	33527	414	778384	92940	88961024	23939502	32374784
322	R5	2026-08-14T02:01:37,718420728-0700	1786698097712659394	ChannelLoader	ServiceH	3740	13796	25804	4324	43924	174828	103	778384	92940	88961024	23939502	32374784
322	R5	2026-08-14T02:01:37,718420728-0700	1786698097712659394	WebRuntime	ServiceE	545	8772	2120	7800	18692	28418	342	778384	92940	88961024	23939502	32374784
323	R5	2026-08-14T02:01:38,426981811-0700	1786698098422327394	ServiceA	ServiceA	3953	4172	4244	2656	11072	474138	167	777964	92940	88961024	23939502	32374784
323	R5	2026-08-14T02:01:38,426981811-0700	1786698098422327394	ServiceB	ServiceB	692	3912	4464	2176	10552	33527	414	777964	92940	88961024	23939502	32374784
323	R5	2026-08-14T02:01:38,426981811-0700	1786698098422327394	ChannelLoader	ServiceH	3740	13796	25804	4324	43924	174828	103	777964	92940	88961024	23939502	32374784
323	R5	2026-08-14T02:01:38,426981811-0700	1786698098422327394	WebRuntime	ServiceE	545	8772	2120	7800	18692	28418	342	777964	92940	88961024	23939502	32374784
324	R5	2026-08-14T02:01:39,088343561-0700	1786698099079189477	ServiceA	ServiceA	3953	4172	4244	2656	11072	474138	167	778260	92940	88961024	23939502	32374784
324	R5	2026-08-14T02:01:39,088343561-0700	1786698099079189477	ServiceB	ServiceB	692	3912	4464	2176	10552	33527	414	778260	92940	88961024	23939502	32374784
324	R5	2026-08-14T02:01:39,088343561-0700	1786698099079189477	ChannelLoader	ServiceH	3740	13796	25804	4324	43924	174828	103	778260	92940	88961024	23939502	32374784
324	R5	2026-08-14T02:01:39,088343561-0700	1786698099079189477	WebRuntime	ServiceE	545	8772	2120	7800	18692	28418	342	778260	92940	88961024	23939502	32374784
325	R5	2026-08-14T02:01:39,784317894-0700	1786698099776784144	ServiceA	ServiceA	3953	4172	4244	2656	11072	474138	167	778352	92940	88961024	23939502	32374784
325	R5	2026-08-14T02:01:39,784317894-0700	1786698099776784144	ServiceB	ServiceB	692	3912	4464	2176	10552	33527	414	778352	92940	88961024	23939502	32374784
325	R5	2026-08-14T02:01:39,784317894-0700	1786698099776784144	ChannelLoader	ServiceH	3740	13804	25804	4324	43932	174828	103	778352	92940	88961024	23939502	32374784
325	R5	2026-08-14T02:01:39,784317894-0700	1786698099776784144	WebRuntime	ServiceE	545	8772	2120	7800	18692	28418	342	778352	92940	88961024	23939502	32374784
326	R5	2026-08-14T02:01:40,522348477-0700	1786698100513596894	ServiceA	ServiceA	3953	4172	4244	2656	11072	474138	167	779392	92940	88961024	23939502	32374784
326	R5	2026-08-14T02:01:40,522348477-0700	1786698100513596894	ServiceB	ServiceB	692	3912	4464	2176	10552	33527	414	779392	92940	88961024	23939502	32374784
326	R5	2026-08-14T02:01:40,522348477-0700	1786698100513596894	ChannelLoader	ServiceH	3740	13796	25804	4324	43924	174868	103	779392	92940	88961024	23939502	32374784
326	R5	2026-08-14T02:01:40,522348477-0700	1786698100513596894	WebRuntime	ServiceE	545	8772	2120	7800	18692	28418	342	779392	92940	88961024	23939502	32374784
327	R5	2026-08-14T02:01:41,244236060-0700	1786698101236833893	ServiceA	ServiceA	3953	4172	4244	2656	11072	474138	167	778616	92940	88961024	23939502	32374784
327	R5	2026-08-14T02:01:41,244236060-0700	1786698101236833893	ServiceB	ServiceB	692	3912	4464	2176	10552	33527	414	778616	92940	88961024	23939502	32374784
327	R5	2026-08-14T02:01:41,244236060-0700	1786698101236833893	ChannelLoader	ServiceH	3740	13796	25804	4324	43924	174868	103	778616	92940	88961024	23939502	32374784
327	R5	2026-08-14T02:01:41,244236060-0700	1786698101236833893	WebRuntime	ServiceE	545	8772	2120	7800	18692	28418	342	778616	92940	88961024	23939502	32374784
328	R5	2026-08-14T02:01:41,966245643-0700	1786698101960345977	ServiceA	ServiceA	3953	4172	4244	2656	11072	474138	167	780328	92940	88961024	23939502	32374784
328	R5	2026-08-14T02:01:41,966245643-0700	1786698101960345977	ServiceB	ServiceB	692	3912	4464	2176	10552	33527	414	780328	92940	88961024	23939502	32374784
328	R5	2026-08-14T02:01:41,966245643-0700	1786698101960345977	ChannelLoader	ServiceH	3740	13796	25804	4324	43924	174868	103	780328	92940	88961024	23939502	32374784
328	R5	2026-08-14T02:01:41,966245643-0700	1786698101960345977	WebRuntime	ServiceE	545	8772	2120	7800	18692	28418	342	780328	92940	88961024	23939502	32374784
329	R5	2026-08-14T02:01:42,714676726-0700	1786698102708053976	ServiceA	ServiceA	3953	4172	4244	2656	11072	474138	167	778844	92940	88961024	23939502	32374784
329	R5	2026-08-14T02:01:42,714676726-0700	1786698102708053976	ServiceB	ServiceB	692	3912	4464	2176	10552	33527	414	778844	92940	88961024	23939502	32374784
329	R5	2026-08-14T02:01:42,714676726-0700	1786698102708053976	ChannelLoader	ServiceH	3740	13796	25804	4324	43924	174868	103	778844	92940	88961024	23939502	32374784
329	R5	2026-08-14T02:01:42,714676726-0700	1786698102708053976	WebRuntime	ServiceE	545	8772	2120	7800	18692	28418	342	778844	92940	88961024	23939502	32374784
330	R5	2026-08-14T02:01:43,391790143-0700	1786698103385877226	ServiceA	ServiceA	3953	4172	4244	2656	11072	474138	167	778856	92940	88961024	23939502	32374784
330	R5	2026-08-14T02:01:43,391790143-0700	1786698103385877226	ServiceB	ServiceB	692	3912	4464	2176	10552	33527	414	778856	92940	88961024	23939502	32374784
330	R5	2026-08-14T02:01:43,391790143-0700	1786698103385877226	ChannelLoader	ServiceH	3740	13796	25804	4324	43924	174868	103	778856	92940	88961024	23939502	32374784
330	R5	2026-08-14T02:01:43,391790143-0700	1786698103385877226	WebRuntime	ServiceE	545	8772	2120	7800	18692	28418	342	778856	92940	88961024	23939502	32374784
331	R5	2026-08-14T02:01:44,078964809-0700	1786698104070547643	ServiceA	ServiceA	3953	4172	4244	2656	11072	474138	167	779256	92940	88961024	23939502	32374784
331	R5	2026-08-14T02:01:44,078964809-0700	1786698104070547643	ServiceB	ServiceB	692	3912	4464	2176	10552	33527	414	779256	92940	88961024	23939502	32374784
331	R5	2026-08-14T02:01:44,078964809-0700	1786698104070547643	ChannelLoader	ServiceH	3740	13796	25800	4324	43920	174868	103	779256	92940	88961024	23939502	32374784
331	R5	2026-08-14T02:01:44,078964809-0700	1786698104070547643	WebRuntime	ServiceE	545	8772	2120	7800	18692	28418	342	779256	92940	88961024	23939502	32374784
332	R5	2026-08-14T02:01:44,729415559-0700	1786698104724225809	ServiceA	ServiceA	3953	4172	4244	2656	11072	474138	167	779452	92940	88961024	23939502	32374784
332	R5	2026-08-14T02:01:44,729415559-0700	1786698104724225809	ServiceB	ServiceB	692	3912	4464	2176	10552	33527	414	779452	92940	88961024	23939502	32374784
332	R5	2026-08-14T02:01:44,729415559-0700	1786698104724225809	ChannelLoader	ServiceH	3740	13796	25800	4324	43920	174868	103	779452	92940	88961024	23939502	32374784
332	R5	2026-08-14T02:01:44,729415559-0700	1786698104724225809	WebRuntime	ServiceE	545	8772	2120	7800	18692	28418	342	779452	92940	88961024	23939502	32374784
333	R5	2026-08-14T02:01:45,409653142-0700	1786698105404940559	ServiceA	ServiceA	3953	4172	4244	2656	11072	474138	167	780340	92940	88961024	23939502	32374784
333	R5	2026-08-14T02:01:45,409653142-0700	1786698105404940559	ServiceB	ServiceB	692	3912	4464	2176	10552	33527	414	780340	92940	88961024	23939502	32374784
333	R5	2026-08-14T02:01:45,409653142-0700	1786698105404940559	ChannelLoader	ServiceH	3740	13796	25800	4324	43920	174908	103	780340	92940	88961024	23939502	32374784
333	R5	2026-08-14T02:01:45,409653142-0700	1786698105404940559	WebRuntime	ServiceE	545	8772	2120	7800	18692	28418	342	780340	92940	88961024	23939502	32374784
334	R5	2026-08-14T02:01:46,115872476-0700	1786698106110835059	ServiceA	ServiceA	3953	4172	4244	2656	11072	474138	167	781208	92940	88961024	23939502	32374784
334	R5	2026-08-14T02:01:46,115872476-0700	1786698106110835059	ServiceB	ServiceB	692	3912	4464	2176	10552	33527	414	781208	92940	88961024	23939502	32374784
334	R5	2026-08-14T02:01:46,115872476-0700	1786698106110835059	ChannelLoader	ServiceH	3740	13796	25800	4324	43920	174908	103	781208	92940	88961024	23939502	32374784
334	R5	2026-08-14T02:01:46,115872476-0700	1786698106110835059	WebRuntime	ServiceE	545	8772	2120	7800	18692	28418	342	781208	92940	88961024	23939502	32374784
335	R5	2026-08-14T02:01:46,846458642-0700	1786698106841855309	ServiceA	ServiceA	3953	4172	4244	2656	11072	474138	167	780468	92940	88961024	23939502	32374784
335	R5	2026-08-14T02:01:46,846458642-0700	1786698106841855309	ServiceB	ServiceB	692	3912	4464	2176	10552	33527	414	780468	92940	88961024	23939502	32374784
335	R5	2026-08-14T02:01:46,846458642-0700	1786698106841855309	ChannelLoader	ServiceH	3740	13796	25800	4324	43920	174908	103	780468	92940	88961024	23939502	32374784
335	R5	2026-08-14T02:01:46,846458642-0700	1786698106841855309	WebRuntime	ServiceE	545	8772	2120	7800	18692	28418	342	780468	92940	88961024	23939502	32374784
336	R5	2026-08-14T02:01:47,486960725-0700	1786698107478859559	ServiceA	ServiceA	3953	4172	4244	2656	11072	474138	167	780560	92940	88961024	23939502	32374784
336	R5	2026-08-14T02:01:47,486960725-0700	1786698107478859559	ServiceB	ServiceB	692	3912	4464	2176	10552	33527	414	780560	92940	88961024	23939502	32374784
336	R5	2026-08-14T02:01:47,486960725-0700	1786698107478859559	ChannelLoader	ServiceH	3740	13796	25800	4324	43920	174908	103	780560	92940	88961024	23939502	32374784
336	R5	2026-08-14T02:01:47,486960725-0700	1786698107478859559	WebRuntime	ServiceE	545	8772	2120	7800	18692	28418	342	780560	92940	88961024	23939502	32374784
337	R5	2026-08-14T02:01:48,828454475-0700	1786698108814332892	ServiceA	ServiceA	3953	4508	4440	2656	11604	474227	167	757064	92940	88961024	23939502	32374784
337	R5	2026-08-14T02:01:48,828454475-0700	1786698108814332892	ServiceB	ServiceB	692	3912	4464	2176	10552	33527	414	757064	92940	88961024	23939502	32374784
337	R5	2026-08-14T02:01:48,828454475-0700	1786698108814332892	ChannelLoader	ServiceH	3740	13984	25788	4324	44096	175111	103	757064	92940	88961024	23939502	32374784
337	R5	2026-08-14T02:01:48,828454475-0700	1786698108814332892	WebRuntime	ServiceE	545	8772	2120	7800	18692	28418	342	757064	92940	88961024	23939502	32374784
338	R5	2026-08-14T02:01:50,518189975-0700	1786698110509120141	ServiceA	ServiceA	3953	10392	11188	2684	24264	474995	167	762620	92940	88961024	23939502	32374784
338	R5	2026-08-14T02:01:50,518189975-0700	1786698110509120141	ServiceB	ServiceB	692	3912	4464	2176	10552	33527	414	762620	92940	88961024	23939502	32374784
338	R5	2026-08-14T02:01:50,518189975-0700	1786698110509120141	ChannelLoader	ServiceH	3740	14300	26108	4324	44732	176524	103	762620	92940	88961024	23939502	32374784
338	R5	2026-08-14T02:01:50,518189975-0700	1786698110509120141	WebRuntime	ServiceE	545	8772	2120	7800	18692	28418	342	762620	92940	88961024	23939502	32374784
339	R5	2026-08-14T02:01:53,248679724-0700	1786698113237941641	ServiceA	ServiceA	3953	8372	10436	2684	21492	482692	167	754792	92940	88961024	23939502	32374784
339	R5	2026-08-14T02:01:53,248679724-0700	1786698113237941641	ServiceB	ServiceB	692	3912	4464	2176	10552	33527	414	754792	92940	88961024	23939502	32374784
339	R5	2026-08-14T02:01:53,248679724-0700	1786698113237941641	ChannelLoader	ServiceH	3740	14300	26104	4324	44728	176581	103	754792	92940	88961024	23939502	32374784
339	R5	2026-08-14T02:01:53,248679724-0700	1786698113237941641	WebRuntime	ServiceE	545	8772	2120	7800	18692	28418	342	754792	92940	88961024	23939502	32374784
340	R5	2026-08-14T02:01:58,413051139-0700	1786698118370743723	ServiceA	ServiceA	3953	4228	4364	2656	11248	485921	167	752824	92684	88698880	23897017	32362496
340	R5	2026-08-14T02:01:58,413051139-0700	1786698118370743723	ServiceB	ServiceB	692	3912	4476	2176	10564	33590	414	752824	92684	88698880	23897017	32362496
340	R5	2026-08-14T02:01:58,413051139-0700	1786698118370743723	ChannelLoader	ServiceH	3740	14300	26104	4324	44728	176630	103	752824	92684	88698880	23897017	32362496
340	R5	2026-08-14T02:01:58,413051139-0700	1786698118370743723	WebRuntime	ServiceE	545	8772	2120	7800	18692	28418	342	752824	92684	88698880	23897017	32362496
341	R5	2026-08-14T02:02:01,477390722-0700	1786698121462348472	ServiceA	ServiceA	3953	4228	4364	2656	11248	485921	167	764960	92684	88698880	23897017	32362496
341	R5	2026-08-14T02:02:01,477390722-0700	1786698121462348472	ServiceB	ServiceB	692	3912	4452	2176	10540	33598	414	764960	92684	88698880	23897017	32362496
341	R5	2026-08-14T02:02:01,477390722-0700	1786698121462348472	ChannelLoader	ServiceH	3740	14300	26048	4324	44672	176672	103	764960	92684	88698880	23897017	32362496
341	R5	2026-08-14T02:02:01,477390722-0700	1786698121462348472	WebRuntime	ServiceE	545	8772	2120	7800	18692	28418	342	764960	92684	88698880	23897017	32362496
342	R5	2026-08-14T02:02:03,271131722-0700	1786698123258263222	ServiceA	ServiceA	3953	4228	4364	2656	11248	485921	167	766684	92684	88698880	23897017	32362496
342	R5	2026-08-14T02:02:03,271131722-0700	1786698123258263222	ServiceB	ServiceB	692	3912	4452	2176	10540	33598	414	766684	92684	88698880	23897017	32362496
342	R5	2026-08-14T02:02:03,271131722-0700	1786698123258263222	ChannelLoader	ServiceH	3740	14300	25932	4324	44556	176673	103	766684	92684	88698880	23897017	32362496
342	R5	2026-08-14T02:02:03,271131722-0700	1786698123258263222	WebRuntime	ServiceE	545	8772	2120	7800	18692	28418	342	766684	92684	88698880	23897017	32362496
343	R5	2026-08-14T02:02:05,179663971-0700	1786698125156039721	ServiceA	ServiceA	3953	4228	4364	2656	11248	485921	167	767568	92684	88698880	23897017	32362496
343	R5	2026-08-14T02:02:05,179663971-0700	1786698125156039721	ServiceB	ServiceB	692	3872	4400	2176	10448	33601	414	767568	92684	88698880	23897017	32362496
343	R5	2026-08-14T02:02:05,179663971-0700	1786698125156039721	ChannelLoader	ServiceH	3740	14300	25844	4324	44468	176715	103	767568	92684	88698880	23897017	32362496
343	R5	2026-08-14T02:02:05,179663971-0700	1786698125156039721	WebRuntime	ServiceE	545	8772	2120	7800	18692	28418	342	767568	92684	88698880	23897017	32362496
344	R5	2026-08-14T02:02:07,204242471-0700	1786698127179537137	ServiceA	ServiceA	3953	4228	4336	2656	11220	485921	167	769300	92684	88698880	23897017	32362496
344	R5	2026-08-14T02:02:07,204242471-0700	1786698127179537137	ServiceB	ServiceB	692	3872	4400	2176	10448	33601	414	769300	92684	88698880	23897017	32362496
344	R5	2026-08-14T02:02:07,204242471-0700	1786698127179537137	ChannelLoader	ServiceH	3740	14300	25720	4324	44344	176715	103	769300	92684	88698880	23897017	32362496
344	R5	2026-08-14T02:02:07,204242471-0700	1786698127179537137	WebRuntime	ServiceE	545	8772	2120	7800	18692	28418	342	769300	92684	88698880	23897017	32362496
345	R5	2026-08-14T02:02:09,248127887-0700	1786698129211987970	ServiceA	ServiceA	3953	4228	4336	2656	11220	485921	167	772032	92684	88698880	23897017	32362496
345	R5	2026-08-14T02:02:09,248127887-0700	1786698129211987970	ServiceB	ServiceB	692	3872	4400	2176	10448	33601	414	772032	92684	88698880	23897017	32362496
345	R5	2026-08-14T02:02:09,248127887-0700	1786698129211987970	ChannelLoader	ServiceH	3740	13968	25828	4324	44120	178754	103	772032	92684	88698880	23897017	32362496
345	R5	2026-08-14T02:02:09,248127887-0700	1786698129211987970	WebRuntime	ServiceE	545	8772	2120	7800	18692	28418	342	772032	92684	88698880	23897017	32362496
346	R5	2026-08-14T02:02:10,549998803-0700	1786698130544702803	ServiceA	ServiceA	3953	4228	4336	2656	11220	485921	167	772800	92684	88698880	23897017	32362496
346	R5	2026-08-14T02:02:10,549998803-0700	1786698130544702803	ServiceB	ServiceB	692	3872	4400	2176	10448	33601	414	772800	92684	88698880	23897017	32362496
346	R5	2026-08-14T02:02:10,549998803-0700	1786698130544702803	ChannelLoader	ServiceH	3740	13928	25828	4324	44080	179122	103	772800	92684	88698880	23897017	32362496
346	R5	2026-08-14T02:02:10,549998803-0700	1786698130544702803	WebRuntime	ServiceE	545	8772	2120	7800	18692	28418	342	772800	92684	88698880	23897017	32362496
347	R5	2026-08-14T02:02:11,315911136-0700	1786698131311294386	ServiceA	ServiceA	3953	4228	4336	2656	11220	485921	167	773252	92684	88698880	23897017	32362496
347	R5	2026-08-14T02:02:11,315911136-0700	1786698131311294386	ServiceB	ServiceB	692	3872	4400	2176	10448	33601	414	773252	92684	88698880	23897017	32362496
347	R5	2026-08-14T02:02:11,315911136-0700	1786698131311294386	ChannelLoader	ServiceH	3740	13928	25828	4324	44080	179122	103	773252	92684	88698880	23897017	32362496
347	R5	2026-08-14T02:02:11,315911136-0700	1786698131311294386	WebRuntime	ServiceE	545	8772	2120	7800	18692	28418	342	773252	92684	88698880	23897017	32362496
348	R5	2026-08-14T02:02:12,107608386-0700	1786698132101299469	ServiceA	ServiceA	3953	4228	4336	2656	11220	485921	167	772676	92684	88698880	23897017	32362496
348	R5	2026-08-14T02:02:12,107608386-0700	1786698132101299469	ServiceB	ServiceB	692	3872	4400	2176	10448	33601	414	772676	92684	88698880	23897017	32362496
348	R5	2026-08-14T02:02:12,107608386-0700	1786698132101299469	ChannelLoader	ServiceH	3740	13928	25828	4324	44080	179129	103	772676	92684	88698880	23897017	32362496
348	R5	2026-08-14T02:02:12,107608386-0700	1786698132101299469	WebRuntime	ServiceE	545	8772	2120	7800	18692	28418	342	772676	92684	88698880	23897017	32362496
349	R5	2026-08-14T02:02:12,946531719-0700	1786698132941431969	ServiceA	ServiceA	3953	4212	4320	2656	11188	485921	167	773668	92684	88698880	23897017	32362496
349	R5	2026-08-14T02:02:12,946531719-0700	1786698132941431969	ServiceB	ServiceB	692	3872	4400	2176	10448	33601	414	773668	92684	88698880	23897017	32362496
349	R5	2026-08-14T02:02:12,946531719-0700	1786698132941431969	ChannelLoader	ServiceH	3740	13928	25828	4324	44080	179129	103	773668	92684	88698880	23897017	32362496
349	R5	2026-08-14T02:02:12,946531719-0700	1786698132941431969	WebRuntime	ServiceE	545	8772	2120	7800	18692	28418	342	773668	92684	88698880	23897017	32362496
350	R5	2026-08-14T02:02:15,000444469-0700	1786698134994796135	ServiceA	ServiceA	3953	4212	4320	2656	11188	485921	167	746244	92684	88698880	23897017	32362496
350	R5	2026-08-14T02:02:15,000444469-0700	1786698134994796135	ServiceB	ServiceB	692	3872	4404	2176	10452	33629	414	746244	92684	88698880	23897017	32362496
350	R5	2026-08-14T02:02:15,000444469-0700	1786698134994796135	ChannelLoader	ServiceH	3740	13928	25828	4324	44080	179129	103	746244	92684	88698880	23897017	32362496
350	R5	2026-08-14T02:02:15,000444469-0700	1786698134994796135	WebRuntime	ServiceE	545	8772	2120	7800	18692	28418	342	746244	92684	88698880	23897017	32362496
351	R5	2026-08-14T02:02:15,758930469-0700	1786698135748987802	ServiceA	ServiceA	3953	4212	4320	2656	11188	485921	167	744996	92684	88698880	23897017	32362496
351	R5	2026-08-14T02:02:15,758930469-0700	1786698135748987802	ServiceB	ServiceB	692	3872	4404	2176	10452	33629	414	744996	92684	88698880	23897017	32362496
351	R5	2026-08-14T02:02:15,758930469-0700	1786698135748987802	ChannelLoader	ServiceH	3740	13928	25828	4324	44080	179171	103	744996	92684	88698880	23897017	32362496
351	R5	2026-08-14T02:02:15,758930469-0700	1786698135748987802	WebRuntime	ServiceE	545	8772	2120	7800	18692	28418	342	744996	92684	88698880	23897017	32362496
352	R5	2026-08-14T02:02:16,538447385-0700	1786698136520005552	ServiceA	ServiceA	3953	4212	4320	2656	11188	485921	167	756264	92684	88698880	23897017	32362496
352	R5	2026-08-14T02:02:16,538447385-0700	1786698136520005552	ServiceB	ServiceB	692	3872	4404	2176	10452	33629	414	756264	92684	88698880	23897017	32362496
352	R5	2026-08-14T02:02:16,538447385-0700	1786698136520005552	ChannelLoader	ServiceH	3740	13928	25828	4324	44080	179171	103	756264	92684	88698880	23897017	32362496
352	R5	2026-08-14T02:02:16,538447385-0700	1786698136520005552	WebRuntime	ServiceE	545	8772	2120	7800	18692	28418	342	756264	92684	88698880	23897017	32362496
353	R5	2026-08-14T02:02:17,541748968-0700	1786698137530076885	ServiceA	ServiceA	3953	4212	4320	2656	11188	485921	167	776592	92684	88698880	23897017	32362496
353	R5	2026-08-14T02:02:17,541748968-0700	1786698137530076885	ServiceB	ServiceB	692	3872	4400	2176	10448	33629	414	776592	92684	88698880	23897017	32362496
353	R5	2026-08-14T02:02:17,541748968-0700	1786698137530076885	ChannelLoader	ServiceH	3740	13928	25828	4324	44080	179171	103	776592	92684	88698880	23897017	32362496
353	R5	2026-08-14T02:02:17,541748968-0700	1786698137530076885	WebRuntime	ServiceE	545	8772	2120	7800	18692	28418	342	776592	92684	88698880	23897017	32362496
354	R5	2026-08-14T02:02:18,471931218-0700	1786698138463967218	ServiceA	ServiceA	3953	4212	4320	2656	11188	485921	167	777912	92684	88698880	23897017	32362496
354	R5	2026-08-14T02:02:18,471931218-0700	1786698138463967218	ServiceB	ServiceB	692	3872	4400	2176	10448	33629	414	777912	92684	88698880	23897017	32362496
354	R5	2026-08-14T02:02:18,471931218-0700	1786698138463967218	ChannelLoader	ServiceH	3740	13928	25828	4324	44080	179171	103	777912	92684	88698880	23897017	32362496
354	R5	2026-08-14T02:02:18,471931218-0700	1786698138463967218	WebRuntime	ServiceE	545	8772	2120	7800	18692	28418	342	777912	92684	88698880	23897017	32362496
355	R5	2026-08-14T02:02:19,528932801-0700	1786698139513552801	ServiceA	ServiceA	3953	4212	4320	2656	11188	485921	167	774120	92684	88698880	23897017	32362496
355	R5	2026-08-14T02:02:19,528932801-0700	1786698139513552801	ServiceB	ServiceB	692	3872	4400	2176	10448	33629	414	774120	92684	88698880	23897017	32362496
355	R5	2026-08-14T02:02:19,528932801-0700	1786698139513552801	ChannelLoader	ServiceH	3740	13920	25828	4324	44072	179171	103	774120	92684	88698880	23897017	32362496
355	R5	2026-08-14T02:02:19,528932801-0700	1786698139513552801	WebRuntime	ServiceE	545	8772	2120	7800	18692	28418	342	774120	92684	88698880	23897017	32362496
356	R5	2026-08-14T02:02:20,632484467-0700	1786698140625801884	ServiceA	ServiceA	3953	4212	4320	2656	11188	485921	167	772796	92684	88698880	23897017	32362496
356	R5	2026-08-14T02:02:20,632484467-0700	1786698140625801884	ServiceB	ServiceB	692	3872	4400	2176	10448	33629	414	772796	92684	88698880	23897017	32362496
356	R5	2026-08-14T02:02:20,632484467-0700	1786698140625801884	ChannelLoader	ServiceH	3740	13920	25828	4324	44072	179213	103	772796	92684	88698880	23897017	32362496
356	R5	2026-08-14T02:02:20,632484467-0700	1786698140625801884	WebRuntime	ServiceE	545	8772	2120	7800	18692	28418	342	772796	92684	88698880	23897017	32362496
357	R5	2026-08-14T02:02:21,770279884-0700	1786698141760243300	ServiceA	ServiceA	3953	4212	4320	2656	11188	485921	167	771088	92684	88698880	23897017	32362496
357	R5	2026-08-14T02:02:21,770279884-0700	1786698141760243300	ServiceB	ServiceB	692	3872	4400	2176	10448	33629	414	771088	92684	88698880	23897017	32362496
357	R5	2026-08-14T02:02:21,770279884-0700	1786698141760243300	ChannelLoader	ServiceH	3740	13920	25828	4324	44072	179213	103	771088	92684	88698880	23897017	32362496
357	R5	2026-08-14T02:02:21,770279884-0700	1786698141760243300	WebRuntime	ServiceE	545	8772	2120	7800	18692	28418	342	771088	92684	88698880	23897017	32362496
358	R5	2026-08-14T02:02:22,508681634-0700	1786698142502408967	ServiceA	ServiceA	3953	4212	4320	2656	11188	485921	167	771892	92684	88698880	23897017	32362496
358	R5	2026-08-14T02:02:22,508681634-0700	1786698142502408967	ServiceB	ServiceB	692	3872	4400	2176	10448	33629	414	771892	92684	88698880	23897017	32362496
358	R5	2026-08-14T02:02:22,508681634-0700	1786698142502408967	ChannelLoader	ServiceH	3740	13920	25828	4324	44072	179213	103	771892	92684	88698880	23897017	32362496
358	R5	2026-08-14T02:02:22,508681634-0700	1786698142502408967	WebRuntime	ServiceE	545	8772	2120	7800	18692	28418	342	771892	92684	88698880	23897017	32362496
359	R5	2026-08-14T02:02:23,336514967-0700	1786698143327293800	ServiceA	ServiceA	3953	4212	4320	2656	11188	485921	167	773484	92684	88698880	23897017	32362496
359	R5	2026-08-14T02:02:23,336514967-0700	1786698143327293800	ServiceB	ServiceB	692	3872	4400	2176	10448	33629	414	773484	92684	88698880	23897017	32362496
359	R5	2026-08-14T02:02:23,336514967-0700	1786698143327293800	ChannelLoader	ServiceH	3740	13920	25828	4324	44072	179213	103	773484	92684	88698880	23897017	32362496
359	R5	2026-08-14T02:02:23,336514967-0700	1786698143327293800	WebRuntime	ServiceE	545	8772	2120	7800	18692	28418	342	773484	92684	88698880	23897017	32362496
360	R6	2026-08-14T02:02:24,079289300-0700	1786698144073322133	ServiceA	ServiceA	3953	4212	4320	2656	11188	485921	167	774812	92684	88698880	23897017	32362496
360	R6	2026-08-14T02:02:24,079289300-0700	1786698144073322133	ServiceB	ServiceB	692	3872	4400	2176	10448	33629	414	774812	92684	88698880	23897017	32362496
360	R6	2026-08-14T02:02:24,079289300-0700	1786698144073322133	ChannelLoader	ServiceH	3740	13920	25828	4324	44072	179213	103	774812	92684	88698880	23897017	32362496
360	R6	2026-08-14T02:02:24,079289300-0700	1786698144073322133	WebRuntime	ServiceE	545	8772	2120	7800	18692	28418	342	774812	92684	88698880	23897017	32362496
361	R6	2026-08-14T02:02:24,790202633-0700	1786698144781397216	ServiceA	ServiceA	3953	4212	4320	2656	11188	485921	167	774732	92684	88698880	23897017	32362496
361	R6	2026-08-14T02:02:24,790202633-0700	1786698144781397216	ServiceB	ServiceB	692	3872	4400	2176	10448	33629	414	774732	92684	88698880	23897017	32362496
361	R6	2026-08-14T02:02:24,790202633-0700	1786698144781397216	ChannelLoader	ServiceH	3740	13920	25828	4324	44072	179213	103	774732	92684	88698880	23897017	32362496
361	R6	2026-08-14T02:02:24,790202633-0700	1786698144781397216	WebRuntime	ServiceE	545	8772	2120	7800	18692	28418	342	774732	92684	88698880	23897017	32362496
362	R6	2026-08-14T02:02:25,507343216-0700	1786698145499091383	ServiceA	ServiceA	3953	4212	4320	2656	11188	485921	167	778608	92684	88698880	23897017	32362496
362	R6	2026-08-14T02:02:25,507343216-0700	1786698145499091383	ServiceB	ServiceB	692	3872	4400	2176	10448	33629	414	778608	92684	88698880	23897017	32362496
362	R6	2026-08-14T02:02:25,507343216-0700	1786698145499091383	ChannelLoader	ServiceH	3740	13920	25828	4324	44072	179255	103	778608	92684	88698880	23897017	32362496
362	R6	2026-08-14T02:02:25,507343216-0700	1786698145499091383	WebRuntime	ServiceE	545	8772	2120	7800	18692	28418	342	778608	92684	88698880	23897017	32362496
363	R6	2026-08-14T02:02:26,253901966-0700	1786698146246777049	ServiceA	ServiceA	3953	4212	4320	2656	11188	485921	167	779784	92684	88698880	23897017	32362496
363	R6	2026-08-14T02:02:26,253901966-0700	1786698146246777049	ServiceB	ServiceB	692	3872	4400	2176	10448	33629	414	779784	92684	88698880	23897017	32362496
363	R6	2026-08-14T02:02:26,253901966-0700	1786698146246777049	ChannelLoader	ServiceH	3740	13920	25828	4324	44072	179255	103	779784	92684	88698880	23897017	32362496
363	R6	2026-08-14T02:02:26,253901966-0700	1786698146246777049	WebRuntime	ServiceE	545	8772	2120	7800	18692	28418	342	779784	92684	88698880	23897017	32362496
364	R6	2026-08-14T02:02:26,904638549-0700	1786698146896914216	ServiceA	ServiceA	3953	4212	4320	2656	11188	485921	167	780436	92684	88698880	23897017	32362496
364	R6	2026-08-14T02:02:26,904638549-0700	1786698146896914216	ServiceB	ServiceB	692	3872	4400	2176	10448	33629	414	780436	92684	88698880	23897017	32362496
364	R6	2026-08-14T02:02:26,904638549-0700	1786698146896914216	ChannelLoader	ServiceH	3740	13920	25828	4324	44072	179255	103	780436	92684	88698880	23897017	32362496
364	R6	2026-08-14T02:02:26,904638549-0700	1786698146896914216	WebRuntime	ServiceE	545	8772	2120	7800	18692	28418	342	780436	92684	88698880	23897017	32362496
365	R6	2026-08-14T02:02:27,644185549-0700	1786698147631238049	ServiceA	ServiceA	3953	4212	4320	2656	11188	485921	167	779876	92684	88698880	23897017	32362496
365	R6	2026-08-14T02:02:27,644185549-0700	1786698147631238049	ServiceB	ServiceB	692	3872	4400	2176	10448	33629	414	779876	92684	88698880	23897017	32362496
365	R6	2026-08-14T02:02:27,644185549-0700	1786698147631238049	ChannelLoader	ServiceH	3740	13920	25828	4324	44072	179255	103	779876	92684	88698880	23897017	32362496
365	R6	2026-08-14T02:02:27,644185549-0700	1786698147631238049	WebRuntime	ServiceE	545	8772	2120	7800	18692	28418	342	779876	92684	88698880	23897017	32362496
366	R6	2026-08-14T02:02:28,338812466-0700	1786698148327243882	ServiceA	ServiceA	3953	4212	4320	2656	11188	485921	167	781616	92684	88698880	23897017	32362496
366	R6	2026-08-14T02:02:28,338812466-0700	1786698148327243882	ServiceB	ServiceB	692	3872	4400	2176	10448	33629	414	781616	92684	88698880	23897017	32362496
366	R6	2026-08-14T02:02:28,338812466-0700	1786698148327243882	ChannelLoader	ServiceH	3740	13920	25828	4324	44072	179255	103	781616	92684	88698880	23897017	32362496
366	R6	2026-08-14T02:02:28,338812466-0700	1786698148327243882	WebRuntime	ServiceE	545	8772	2120	7800	18692	28418	342	781616	92684	88698880	23897017	32362496
367	R6	2026-08-14T02:02:29,064558132-0700	1786698149060050215	ServiceA	ServiceA	3953	4212	4320	2656	11188	485921	167	782140	92684	88698880	23897017	32362496
367	R6	2026-08-14T02:02:29,064558132-0700	1786698149060050215	ServiceB	ServiceB	692	3872	4400	2176	10448	33629	414	782140	92684	88698880	23897017	32362496
367	R6	2026-08-14T02:02:29,064558132-0700	1786698149060050215	ChannelLoader	ServiceH	3740	13920	25828	4324	44072	179255	103	782140	92684	88698880	23897017	32362496
367	R6	2026-08-14T02:02:29,064558132-0700	1786698149060050215	WebRuntime	ServiceE	545	8772	2120	7800	18692	28418	342	782140	92684	88698880	23897017	32362496
368	R6	2026-08-14T02:02:29,745900965-0700	1786698149741204632	ServiceA	ServiceA	3953	4212	4320	2656	11188	485921	167	782120	92684	88698880	23897017	32362496
368	R6	2026-08-14T02:02:29,745900965-0700	1786698149741204632	ServiceB	ServiceB	692	3872	4400	2176	10448	33629	414	782120	92684	88698880	23897017	32362496
368	R6	2026-08-14T02:02:29,745900965-0700	1786698149741204632	ChannelLoader	ServiceH	3740	13920	25828	4324	44072	179256	103	782120	92684	88698880	23897017	32362496
368	R6	2026-08-14T02:02:29,745900965-0700	1786698149741204632	WebRuntime	ServiceE	545	8772	2120	7800	18692	28418	342	782120	92684	88698880	23897017	32362496
369	R6	2026-08-14T02:02:30,396125132-0700	1786698150391586382	ServiceA	ServiceA	3953	4212	4320	2656	11188	485921	167	783644	92684	88698880	23897017	32362496
369	R6	2026-08-14T02:02:30,396125132-0700	1786698150391586382	ServiceB	ServiceB	692	3872	4400	2176	10448	33629	414	783644	92684	88698880	23897017	32362496
369	R6	2026-08-14T02:02:30,396125132-0700	1786698150391586382	ChannelLoader	ServiceH	3740	13920	25828	4324	44072	179298	103	783644	92684	88698880	23897017	32362496
369	R6	2026-08-14T02:02:30,396125132-0700	1786698150391586382	WebRuntime	ServiceE	545	8772	2120	7800	18692	28418	342	783644	92684	88698880	23897017	32362496
370	R6	2026-08-14T02:02:31,079122132-0700	1786698151073236382	ServiceA	ServiceA	3953	4212	4320	2656	11188	485921	167	783172	92684	88698880	23897017	32362496
370	R6	2026-08-14T02:02:31,079122132-0700	1786698151073236382	ServiceB	ServiceB	692	3872	4400	2176	10448	33629	414	783172	92684	88698880	23897017	32362496
370	R6	2026-08-14T02:02:31,079122132-0700	1786698151073236382	ChannelLoader	ServiceH	3740	13920	25828	4324	44072	179298	103	783172	92684	88698880	23897017	32362496
370	R6	2026-08-14T02:02:31,079122132-0700	1786698151073236382	WebRuntime	ServiceE	545	8772	2120	7800	18692	28418	342	783172	92684	88698880	23897017	32362496
371	R6	2026-08-14T02:02:31,816021715-0700	1786698151811637465	ServiceA	ServiceA	3953	4212	4320	2656	11188	485921	167	783132	92684	88698880	23897017	32362496
371	R6	2026-08-14T02:02:31,816021715-0700	1786698151811637465	ServiceB	ServiceB	692	3872	4400	2176	10448	33629	414	783132	92684	88698880	23897017	32362496
371	R6	2026-08-14T02:02:31,816021715-0700	1786698151811637465	ChannelLoader	ServiceH	3740	13920	25828	4324	44072	179298	103	783132	92684	88698880	23897017	32362496
371	R6	2026-08-14T02:02:31,816021715-0700	1786698151811637465	WebRuntime	ServiceE	545	8772	2120	7800	18692	28418	342	783132	92684	88698880	23897017	32362496
372	R6	2026-08-14T02:02:32,579054298-0700	1786698152572549048	ServiceA	ServiceA	3953	4212	4320	2656	11188	485921	167	783844	92684	88698880	23897017	32362496
372	R6	2026-08-14T02:02:32,579054298-0700	1786698152572549048	ServiceB	ServiceB	692	3872	4400	2176	10448	33629	414	783844	92684	88698880	23897017	32362496
372	R6	2026-08-14T02:02:32,579054298-0700	1786698152572549048	ChannelLoader	ServiceH	3740	13920	25828	4324	44072	179298	103	783844	92684	88698880	23897017	32362496
372	R6	2026-08-14T02:02:32,579054298-0700	1786698152572549048	WebRuntime	ServiceE	545	8772	2120	7800	18692	28418	342	783844	92684	88698880	23897017	32362496
373	R6	2026-08-14T02:02:33,324221631-0700	1786698153315115214	ServiceA	ServiceA	3953	4212	4320	2656	11188	485921	167	786228	92684	88698880	23897017	32362496
373	R6	2026-08-14T02:02:33,324221631-0700	1786698153315115214	ServiceB	ServiceB	692	3872	4400	2176	10448	33630	414	786228	92684	88698880	23897017	32362496
373	R6	2026-08-14T02:02:33,324221631-0700	1786698153315115214	ChannelLoader	ServiceH	3740	13920	25828	4324	44072	179298	103	786228	92684	88698880	23897017	32362496
373	R6	2026-08-14T02:02:33,324221631-0700	1786698153315115214	WebRuntime	ServiceE	545	8772	2120	7800	18692	28418	342	786228	92684	88698880	23897017	32362496
374	R6	2026-08-14T02:02:33,993098298-0700	1786698153987531464	ServiceA	ServiceA	3953	4212	4320	2656	11188	485921	167	786944	92684	88698880	23897017	32362496
374	R6	2026-08-14T02:02:33,993098298-0700	1786698153987531464	ServiceB	ServiceB	692	3872	4400	2176	10448	33630	414	786944	92684	88698880	23897017	32362496
374	R6	2026-08-14T02:02:33,993098298-0700	1786698153987531464	ChannelLoader	ServiceH	3740	13920	25828	4324	44072	179298	103	786944	92684	88698880	23897017	32362496
374	R6	2026-08-14T02:02:33,993098298-0700	1786698153987531464	WebRuntime	ServiceE	545	8772	2120	7800	18692	28418	342	786944	92684	88698880	23897017	32362496
375	R6	2026-08-14T02:02:34,692294547-0700	1786698154686193631	ServiceA	ServiceA	3953	4212	4320	2656	11188	485921	167	786640	92684	88698880	23897017	32362496
375	R6	2026-08-14T02:02:34,692294547-0700	1786698154686193631	ServiceB	ServiceB	692	3872	4400	2176	10448	33630	414	786640	92684	88698880	23897017	32362496
375	R6	2026-08-14T02:02:34,692294547-0700	1786698154686193631	ChannelLoader	ServiceH	3740	13920	25828	4324	44072	179298	103	786640	92684	88698880	23897017	32362496
375	R6	2026-08-14T02:02:34,692294547-0700	1786698154686193631	WebRuntime	ServiceE	545	8772	2120	7800	18692	28418	342	786640	92684	88698880	23897017	32362496
376	R6	2026-08-14T02:02:35,431542797-0700	1786698155426750964	ServiceA	ServiceA	3953	4212	4320	2656	11188	485921	167	787340	92684	88698880	23897017	32362496
376	R6	2026-08-14T02:02:35,431542797-0700	1786698155426750964	ServiceB	ServiceB	692	3872	4400	2176	10448	33630	414	787340	92684	88698880	23897017	32362496
376	R6	2026-08-14T02:02:35,431542797-0700	1786698155426750964	ChannelLoader	ServiceH	3740	13920	25828	4324	44072	179338	103	787340	92684	88698880	23897017	32362496
376	R6	2026-08-14T02:02:35,431542797-0700	1786698155426750964	WebRuntime	ServiceE	545	8772	2120	7800	18692	28418	342	787340	92684	88698880	23897017	32362496
377	R6	2026-08-14T02:02:36,093731380-0700	1786698156086860797	ServiceA	ServiceA	3953	4212	4320	2656	11188	485921	167	788136	92684	88698880	23897017	32362496
377	R6	2026-08-14T02:02:36,093731380-0700	1786698156086860797	ServiceB	ServiceB	692	3872	4400	2176	10448	33630	414	788136	92684	88698880	23897017	32362496
377	R6	2026-08-14T02:02:36,093731380-0700	1786698156086860797	ChannelLoader	ServiceH	3740	13920	25828	4324	44072	179338	103	788136	92684	88698880	23897017	32362496
377	R6	2026-08-14T02:02:36,093731380-0700	1786698156086860797	WebRuntime	ServiceE	545	8772	2120	7800	18692	28418	342	788136	92684	88698880	23897017	32362496
378	R6	2026-08-14T02:02:36,767762297-0700	1786698156761484714	ServiceA	ServiceA	3953	4212	4320	2656	11188	485921	167	788664	92684	88698880	23897017	32362496
378	R6	2026-08-14T02:02:36,767762297-0700	1786698156761484714	ServiceB	ServiceB	692	3872	4400	2176	10448	33630	414	788664	92684	88698880	23897017	32362496
378	R6	2026-08-14T02:02:36,767762297-0700	1786698156761484714	ChannelLoader	ServiceH	3740	13920	25828	4324	44072	179338	103	788664	92684	88698880	23897017	32362496
378	R6	2026-08-14T02:02:36,767762297-0700	1786698156761484714	WebRuntime	ServiceE	545	8772	2120	7800	18692	28418	342	788664	92684	88698880	23897017	32362496
379	R6	2026-08-14T02:02:37,545970630-0700	1786698157541823380	ServiceA	ServiceA	3953	4212	4320	2656	11188	485921	167	789428	92684	88698880	23897017	32362496
379	R6	2026-08-14T02:02:37,545970630-0700	1786698157541823380	ServiceB	ServiceB	692	3872	4400	2176	10448	33630	414	789428	92684	88698880	23897017	32362496
379	R6	2026-08-14T02:02:37,545970630-0700	1786698157541823380	ChannelLoader	ServiceH	3740	13920	25828	4324	44072	179338	103	789428	92684	88698880	23897017	32362496
379	R6	2026-08-14T02:02:37,545970630-0700	1786698157541823380	WebRuntime	ServiceE	545	8772	2120	7800	18692	28418	342	789428	92684	88698880	23897017	32362496
380	R6	2026-08-14T02:02:38,276546630-0700	1786698158270830963	ServiceA	ServiceA	3953	4212	4320	2656	11188	485921	167	789596	92684	88698880	23897017	32362496
380	R6	2026-08-14T02:02:38,276546630-0700	1786698158270830963	ServiceB	ServiceB	692	3872	4400	2176	10448	33630	414	789596	92684	88698880	23897017	32362496
380	R6	2026-08-14T02:02:38,276546630-0700	1786698158270830963	ChannelLoader	ServiceH	3740	13920	25828	4324	44072	179338	103	789596	92684	88698880	23897017	32362496
380	R6	2026-08-14T02:02:38,276546630-0700	1786698158270830963	WebRuntime	ServiceE	545	8772	2120	7800	18692	28418	342	789596	92684	88698880	23897017	32362496
381	R6	2026-08-14T02:02:39,020234296-0700	1786698159012056546	ServiceA	ServiceA	3953	4212	4320	2656	11188	485921	167	788660	92684	88698880	23897017	32362496
381	R6	2026-08-14T02:02:39,020234296-0700	1786698159012056546	ServiceB	ServiceB	692	3872	4400	2176	10448	33630	414	788660	92684	88698880	23897017	32362496
381	R6	2026-08-14T02:02:39,020234296-0700	1786698159012056546	ChannelLoader	ServiceH	3740	13920	25828	4324	44072	179338	103	788660	92684	88698880	23897017	32362496
381	R6	2026-08-14T02:02:39,020234296-0700	1786698159012056546	WebRuntime	ServiceE	545	8772	2120	7800	18692	28418	342	788660	92684	88698880	23897017	32362496
382	R6	2026-08-14T02:02:39,701277296-0700	1786698159694214880	ServiceA	ServiceA	3953	4212	4320	2656	11188	485921	167	788476	92684	88698880	23897017	32362496
382	R6	2026-08-14T02:02:39,701277296-0700	1786698159694214880	ServiceB	ServiceB	692	3872	4400	2176	10448	33630	414	788476	92684	88698880	23897017	32362496
382	R6	2026-08-14T02:02:39,701277296-0700	1786698159694214880	ChannelLoader	ServiceH	3740	13920	25828	4324	44072	179338	103	788476	92684	88698880	23897017	32362496
382	R6	2026-08-14T02:02:39,701277296-0700	1786698159694214880	WebRuntime	ServiceE	545	8772	2120	7800	18692	28418	342	788476	92684	88698880	23897017	32362496
383	R6	2026-08-14T02:02:40,358614963-0700	1786698160353885046	ServiceA	ServiceA	3953	4212	4320	2656	11188	485921	167	790824	92684	88698880	23897017	32362496
383	R6	2026-08-14T02:02:40,358614963-0700	1786698160353885046	ServiceB	ServiceB	692	3872	4400	2176	10448	33630	414	790824	92684	88698880	23897017	32362496
383	R6	2026-08-14T02:02:40,358614963-0700	1786698160353885046	ChannelLoader	ServiceH	3740	13920	25828	4324	44072	179378	103	790824	92684	88698880	23897017	32362496
383	R6	2026-08-14T02:02:40,358614963-0700	1786698160353885046	WebRuntime	ServiceE	545	8772	2120	7800	18692	28418	342	790824	92684	88698880	23897017	32362496
384	R6	2026-08-14T02:02:41,061319963-0700	1786698161055364546	ServiceA	ServiceA	3953	4212	4320	2656	11188	485921	167	790624	92684	88698880	23897017	32362496
384	R6	2026-08-14T02:02:41,061319963-0700	1786698161055364546	ServiceB	ServiceB	692	3872	4400	2176	10448	33630	414	790624	92684	88698880	23897017	32362496
384	R6	2026-08-14T02:02:41,061319963-0700	1786698161055364546	ChannelLoader	ServiceH	3740	13920	25828	4324	44072	179378	103	790624	92684	88698880	23897017	32362496
384	R6	2026-08-14T02:02:41,061319963-0700	1786698161055364546	WebRuntime	ServiceE	545	8772	2120	7800	18692	28418	342	790624	92684	88698880	23897017	32362496
385	R6	2026-08-14T02:02:41,789837712-0700	1786698161779904296	ServiceA	ServiceA	3953	4212	4320	2656	11188	485921	167	790816	92684	88698880	23897017	32362496
385	R6	2026-08-14T02:02:41,789837712-0700	1786698161779904296	ServiceB	ServiceB	692	3872	4400	2176	10448	33630	414	790816	92684	88698880	23897017	32362496
385	R6	2026-08-14T02:02:41,789837712-0700	1786698161779904296	ChannelLoader	ServiceH	3740	13920	25828	4324	44072	179378	103	790816	92684	88698880	23897017	32362496
385	R6	2026-08-14T02:02:41,789837712-0700	1786698161779904296	WebRuntime	ServiceE	545	8772	2120	7800	18692	28418	342	790816	92684	88698880	23897017	32362496
386	R6	2026-08-14T02:02:42,545011379-0700	1786698162524991962	ServiceA	ServiceA	3953	4212	4320	2656	11188	485921	167	790588	92684	88698880	23897017	32362496
386	R6	2026-08-14T02:02:42,545011379-0700	1786698162524991962	ServiceB	ServiceB	692	3872	4400	2176	10448	33630	414	790588	92684	88698880	23897017	32362496
386	R6	2026-08-14T02:02:42,545011379-0700	1786698162524991962	ChannelLoader	ServiceH	3740	13920	25828	4324	44072	179378	103	790588	92684	88698880	23897017	32362496
386	R6	2026-08-14T02:02:42,545011379-0700	1786698162524991962	WebRuntime	ServiceE	545	8772	2120	7800	18692	28418	342	790588	92684	88698880	23897017	32362496
387	R6	2026-08-14T02:02:43,240043712-0700	1786698163230736129	ServiceA	ServiceA	3953	4212	4320	2656	11188	485921	167	790772	92684	88698880	23897017	32362496
387	R6	2026-08-14T02:02:43,240043712-0700	1786698163230736129	ServiceB	ServiceB	692	3872	4400	2176	10448	33630	414	790772	92684	88698880	23897017	32362496
387	R6	2026-08-14T02:02:43,240043712-0700	1786698163230736129	ChannelLoader	ServiceH	3740	13920	25828	4324	44072	179378	103	790772	92684	88698880	23897017	32362496
387	R6	2026-08-14T02:02:43,240043712-0700	1786698163230736129	WebRuntime	ServiceE	545	8772	2120	7800	18692	28418	342	790772	92684	88698880	23897017	32362496
388	R6	2026-08-14T02:02:43,913191462-0700	1786698163908956545	ServiceA	ServiceA	3953	4212	4320	2656	11188	485921	167	790884	92684	88698880	23897017	32362496
388	R6	2026-08-14T02:02:43,913191462-0700	1786698163908956545	ServiceB	ServiceB	692	3872	4400	2176	10448	33630	414	790884	92684	88698880	23897017	32362496
388	R6	2026-08-14T02:02:43,913191462-0700	1786698163908956545	ChannelLoader	ServiceH	3740	13920	25828	4324	44072	179378	103	790884	92684	88698880	23897017	32362496
388	R6	2026-08-14T02:02:43,913191462-0700	1786698163908956545	WebRuntime	ServiceE	545	8772	2120	7800	18692	28418	342	790884	92684	88698880	23897017	32362496
389	R6	2026-08-14T02:02:44,552702878-0700	1786698164544675212	ServiceA	ServiceA	3953	4212	4320	2656	11188	485921	167	791180	92684	88698880	23897017	32362496
389	R6	2026-08-14T02:02:44,552702878-0700	1786698164544675212	ServiceB	ServiceB	692	3872	4400	2176	10448	33630	414	791180	92684	88698880	23897017	32362496
389	R6	2026-08-14T02:02:44,552702878-0700	1786698164544675212	ChannelLoader	ServiceH	3740	13920	25828	4324	44072	179378	103	791180	92684	88698880	23897017	32362496
389	R6	2026-08-14T02:02:44,552702878-0700	1786698164544675212	WebRuntime	ServiceE	545	8772	2120	7800	18692	28418	342	791180	92684	88698880	23897017	32362496
390	R6	2026-08-14T02:02:45,284970128-0700	1786698165277064212	ServiceA	ServiceA	3953	4212	4320	2656	11188	485921	167	791180	92684	88698880	23897017	32362496
390	R6	2026-08-14T02:02:45,284970128-0700	1786698165277064212	ServiceB	ServiceB	692	3872	4400	2176	10448	33630	414	791180	92684	88698880	23897017	32362496
390	R6	2026-08-14T02:02:45,284970128-0700	1786698165277064212	ChannelLoader	ServiceH	3740	13920	25828	4324	44072	179418	103	791180	92684	88698880	23897017	32362496
390	R6	2026-08-14T02:02:45,284970128-0700	1786698165277064212	WebRuntime	ServiceE	545	8772	2120	7800	18692	28418	342	791180	92684	88698880	23897017	32362496
391	R6	2026-08-14T02:02:45,965446378-0700	1786698165960373045	ServiceA	ServiceA	3953	4212	4320	2656	11188	485921	167	791320	92684	88698880	23897017	32362496
391	R6	2026-08-14T02:02:45,965446378-0700	1786698165960373045	ServiceB	ServiceB	692	3872	4400	2176	10448	33630	414	791320	92684	88698880	23897017	32362496
391	R6	2026-08-14T02:02:45,965446378-0700	1786698165960373045	ChannelLoader	ServiceH	3740	13920	25828	4324	44072	179418	103	791320	92684	88698880	23897017	32362496
391	R6	2026-08-14T02:02:45,965446378-0700	1786698165960373045	WebRuntime	ServiceE	545	8772	2120	7800	18692	28418	342	791320	92684	88698880	23897017	32362496
392	R6	2026-08-14T02:02:46,696700545-0700	1786698166691954878	ServiceA	ServiceA	3953	4212	4320	2656	11188	485921	167	792180	92684	88698880	23897017	32362496
392	R6	2026-08-14T02:02:46,696700545-0700	1786698166691954878	ServiceB	ServiceB	692	3872	4400	2176	10448	33630	414	792180	92684	88698880	23897017	32362496
392	R6	2026-08-14T02:02:46,696700545-0700	1786698166691954878	ChannelLoader	ServiceH	3740	13920	25828	4324	44072	179418	103	792180	92684	88698880	23897017	32362496
392	R6	2026-08-14T02:02:46,696700545-0700	1786698166691954878	WebRuntime	ServiceE	545	8772	2120	7800	18692	28418	342	792180	92684	88698880	23897017	32362496
393	R6	2026-08-14T02:02:47,376459378-0700	1786698167371777378	ServiceA	ServiceA	3953	4212	4320	2656	11188	485921	167	791188	92684	88698880	23897017	32362496
393	R6	2026-08-14T02:02:47,376459378-0700	1786698167371777378	ServiceB	ServiceB	692	3872	4400	2176	10448	33630	414	791188	92684	88698880	23897017	32362496
393	R6	2026-08-14T02:02:47,376459378-0700	1786698167371777378	ChannelLoader	ServiceH	3740	13920	25828	4324	44072	179418	103	791188	92684	88698880	23897017	32362496
393	R6	2026-08-14T02:02:47,376459378-0700	1786698167371777378	WebRuntime	ServiceE	545	8772	2120	7800	18692	28418	342	791188	92684	88698880	23897017	32362496
394	R6	2026-08-14T02:02:48,161710294-0700	1786698168144833961	ServiceA	ServiceA	3953	4276	4304	2656	11236	485921	167	775540	92684	88698880	23897017	32362496
394	R6	2026-08-14T02:02:48,161710294-0700	1786698168144833961	ServiceB	ServiceB	692	3872	4400	2176	10448	33630	414	775540	92684	88698880	23897017	32362496
394	R6	2026-08-14T02:02:48,161710294-0700	1786698168144833961	ChannelLoader	ServiceH	3740	13968	25816	4324	44108	179626	103	775540	92684	88698880	23897017	32362496
394	R6	2026-08-14T02:02:48,161710294-0700	1786698168144833961	WebRuntime	ServiceE	545	8772	2120	7800	18692	28418	342	775540	92684	88698880	23897017	32362496
395	R6	2026-08-14T02:02:50,176954460-0700	1786698170147963627	ServiceA	ServiceA	3953	7288	7868	2656	17812	486696	167	780032	92684	88698880	23897017	32362496
395	R6	2026-08-14T02:02:50,176954460-0700	1786698170147963627	ServiceB	ServiceB	692	3872	4400	2176	10448	33742	415	780032	92684	88698880	23897017	32362496
395	R6	2026-08-14T02:02:50,176954460-0700	1786698170147963627	ChannelLoader	ServiceH	3740	14628	26136	4324	45088	180913	103	780032	92684	88698880	23897017	32362496
395	R6	2026-08-14T02:02:50,176954460-0700	1786698170147963627	WebRuntime	ServiceE	545	8772	2120	7800	18692	28418	342	780032	92684	88698880	23897017	32362496
396	R6	2026-08-14T02:02:53,175449793-0700	1786698173150691960	ServiceA	ServiceA	3953	8396	12220	2684	23300	495536	167	769068	92684	88698880	23897017	32362496
396	R6	2026-08-14T02:02:53,175449793-0700	1786698173150691960	ServiceB	ServiceB	692	3872	4400	2176	10448	33742	415	769068	92684	88698880	23897017	32362496
396	R6	2026-08-14T02:02:53,175449793-0700	1786698173150691960	ChannelLoader	ServiceH	3740	14452	26136	4324	44912	181106	103	769068	92684	88698880	23897017	32362496
396	R6	2026-08-14T02:02:53,175449793-0700	1786698173150691960	WebRuntime	ServiceE	545	8772	2120	7800	18692	28418	342	769068	92684	88698880	23897017	32362496
397	R6	2026-08-14T02:02:58,410523125-0700	1786698178374384875	ServiceA	ServiceA	3953	4128	4752	2656	11536	497737	167	763748	92684	88698880	23897017	32362496
397	R6	2026-08-14T02:02:58,410523125-0700	1786698178374384875	ServiceB	ServiceB	692	3872	4416	2176	10464	33765	415	763748	92684	88698880	23897017	32362496
397	R6	2026-08-14T02:02:58,410523125-0700	1786698178374384875	ChannelLoader	ServiceH	3740	14452	26136	4324	44912	181208	103	763748	92684	88698880	23897017	32362496
397	R6	2026-08-14T02:02:58,410523125-0700	1786698178374384875	WebRuntime	ServiceE	545	8772	2120	7800	18692	28418	342	763748	92684	88698880	23897017	32362496
398	R6	2026-08-14T02:03:00,751417041-0700	1786698180733305458	ServiceA	ServiceA	3953	4128	4752	2656	11536	497737	167	774168	92684	88698880	23897017	32362496
398	R6	2026-08-14T02:03:00,751417041-0700	1786698180733305458	ServiceB	ServiceB	692	3872	4416	2176	10464	33765	415	774168	92684	88698880	23897017	32362496
398	R6	2026-08-14T02:03:00,751417041-0700	1786698180733305458	ChannelLoader	ServiceH	3740	14452	26096	4324	44872	181250	103	774168	92684	88698880	23897017	32362496
398	R6	2026-08-14T02:03:00,751417041-0700	1786698180733305458	WebRuntime	ServiceE	545	8772	2120	7800	18692	28418	342	774168	92684	88698880	23897017	32362496
399	R6	2026-08-14T02:03:02,815755124-0700	1786698182793723707	ServiceA	ServiceA	3953	4128	4752	2656	11536	497737	167	775688	92684	88698880	23897017	32362496
399	R6	2026-08-14T02:03:02,815755124-0700	1786698182793723707	ServiceB	ServiceB	692	3872	4416	2176	10464	33765	415	775688	92684	88698880	23897017	32362496
399	R6	2026-08-14T02:03:02,815755124-0700	1786698182793723707	ChannelLoader	ServiceH	3740	14452	25980	4324	44756	181258	103	775688	92684	88698880	23897017	32362496
399	R6	2026-08-14T02:03:02,815755124-0700	1786698182793723707	WebRuntime	ServiceE	545	8772	2120	7800	18692	28418	342	775688	92684	88698880	23897017	32362496
400	R6	2026-08-14T02:03:04,582801374-0700	1786698184578018874	ServiceA	ServiceA	3953	4128	4752	2656	11536	497737	167	777756	92684	88698880	23897017	32362496
400	R6	2026-08-14T02:03:04,582801374-0700	1786698184578018874	ServiceB	ServiceB	692	3872	4416	2176	10464	33765	415	777756	92684	88698880	23897017	32362496
400	R6	2026-08-14T02:03:04,582801374-0700	1786698184578018874	ChannelLoader	ServiceH	3740	14452	25880	4324	44656	181258	103	777756	92684	88698880	23897017	32362496
400	R6	2026-08-14T02:03:04,582801374-0700	1786698184578018874	WebRuntime	ServiceE	545	8772	2120	7800	18692	28418	342	777756	92684	88698880	23897017	32362496
401	R6	2026-08-14T02:03:06,502225706-0700	1786698186495161790	ServiceA	ServiceA	3953	4128	4752	2656	11536	497737	167	778148	92684	88698880	23897017	32362496
401	R6	2026-08-14T02:03:06,502225706-0700	1786698186495161790	ServiceB	ServiceB	692	3872	4424	2176	10472	33780	415	778148	92684	88698880	23897017	32362496
401	R6	2026-08-14T02:03:06,502225706-0700	1786698186495161790	ChannelLoader	ServiceH	3740	14452	25752	4324	44528	181300	103	778148	92684	88698880	23897017	32362496
401	R6	2026-08-14T02:03:06,502225706-0700	1786698186495161790	WebRuntime	ServiceE	545	8772	2120	7800	18692	28418	342	778148	92684	88698880	23897017	32362496
402	R6	2026-08-14T02:03:08,173293789-0700	1786698188162852206	ServiceA	ServiceA	3953	4128	4752	2656	11536	497737	167	779000	92684	88698880	23897017	32362496
402	R6	2026-08-14T02:03:08,173293789-0700	1786698188162852206	ServiceB	ServiceB	692	3872	4424	2176	10472	33780	415	779000	92684	88698880	23897017	32362496
402	R6	2026-08-14T02:03:08,173293789-0700	1786698188162852206	ChannelLoader	ServiceH	3740	14476	25720	4324	44520	181310	103	779000	92684	88698880	23897017	32362496
402	R6	2026-08-14T02:03:08,173293789-0700	1786698188162852206	WebRuntime	ServiceE	545	8772	2120	7800	18692	28418	342	779000	92684	88698880	23897017	32362496
403	R6	2026-08-14T02:03:10,120066206-0700	1786698190094293872	ServiceA	ServiceA	3953	4128	4752	2656	11536	497737	167	780528	92684	88698880	23897017	32362496
403	R6	2026-08-14T02:03:10,120066206-0700	1786698190094293872	ServiceB	ServiceB	692	3872	4424	2176	10472	33780	415	780528	92684	88698880	23897017	32362496
403	R6	2026-08-14T02:03:10,120066206-0700	1786698190094293872	ChannelLoader	ServiceH	3740	14064	25884	4324	44272	183546	103	780528	92684	88698880	23897017	32362496
403	R6	2026-08-14T02:03:10,120066206-0700	1786698190094293872	WebRuntime	ServiceE	545	8772	2120	7800	18692	28418	342	780528	92684	88698880	23897017	32362496
404	R6	2026-08-14T02:03:10,946537872-0700	1786698190935188872	ServiceA	ServiceA	3953	4128	4752	2656	11536	497737	167	781188	92684	88698880	23897017	32362496
404	R6	2026-08-14T02:03:10,946537872-0700	1786698190935188872	ServiceB	ServiceB	692	3872	4424	2176	10472	33780	415	781188	92684	88698880	23897017	32362496
404	R6	2026-08-14T02:03:10,946537872-0700	1786698190935188872	ChannelLoader	ServiceH	3740	14064	25884	4324	44272	183588	103	781188	92684	88698880	23897017	32362496
404	R6	2026-08-14T02:03:10,946537872-0700	1786698190935188872	WebRuntime	ServiceE	545	8772	2120	7800	18692	28418	342	781188	92684	88698880	23897017	32362496
405	R6	2026-08-14T02:03:11,655738705-0700	1786698191647058789	ServiceA	ServiceA	3953	4128	4752	2656	11536	497737	167	781512	92684	88698880	23897017	32362496
405	R6	2026-08-14T02:03:11,655738705-0700	1786698191647058789	ServiceB	ServiceB	692	3872	4424	2176	10472	33780	415	781512	92684	88698880	23897017	32362496
405	R6	2026-08-14T02:03:11,655738705-0700	1786698191647058789	ChannelLoader	ServiceH	3740	14064	25884	4324	44272	183588	103	781512	92684	88698880	23897017	32362496
405	R6	2026-08-14T02:03:11,655738705-0700	1786698191647058789	WebRuntime	ServiceE	545	8772	2120	7800	18692	28418	342	781512	92684	88698880	23897017	32362496
406	R6	2026-08-14T02:03:12,470289622-0700	1786698192462323955	ServiceA	ServiceA	3953	4128	4752	2656	11536	497737	167	777000	92684	88698880	23897017	32362496
406	R6	2026-08-14T02:03:12,470289622-0700	1786698192462323955	ServiceB	ServiceB	692	3872	4424	2176	10472	33780	415	777000	92684	88698880	23897017	32362496
406	R6	2026-08-14T02:03:12,470289622-0700	1786698192462323955	ChannelLoader	ServiceH	3740	14064	25884	4324	44272	183595	103	777000	92684	88698880	23897017	32362496
406	R6	2026-08-14T02:03:12,470289622-0700	1786698192462323955	WebRuntime	ServiceE	545	8772	2120	7800	18692	28418	342	777000	92684	88698880	23897017	32362496
407	R6	2026-08-14T02:03:14,396724538-0700	1786698194375392621	ServiceA	ServiceA	3953	4068	4704	2656	11428	497737	167	745388	92684	88698880	23897017	32362496
407	R6	2026-08-14T02:03:14,396724538-0700	1786698194375392621	ServiceB	ServiceB	692	3872	4428	2176	10476	33784	415	745388	92684	88698880	23897017	32362496
407	R6	2026-08-14T02:03:14,396724538-0700	1786698194375392621	ChannelLoader	ServiceH	3740	14064	25884	4324	44272	183597	103	745388	92684	88698880	23897017	32362496
407	R6	2026-08-14T02:03:14,396724538-0700	1786698194375392621	WebRuntime	ServiceE	545	8772	2120	7800	18692	28418	342	745388	92684	88698880	23897017	32362496
408	R6	2026-08-14T02:03:15,529714954-0700	1786698195517795621	ServiceA	ServiceA	3953	4068	4704	2656	11428	497737	167	757364	92684	88698880	23897017	32362496
408	R6	2026-08-14T02:03:15,529714954-0700	1786698195517795621	ServiceB	ServiceB	692	3872	4428	2176	10476	33784	415	757364	92684	88698880	23897017	32362496
408	R6	2026-08-14T02:03:15,529714954-0700	1786698195517795621	ChannelLoader	ServiceH	3740	14064	25884	4324	44272	183640	103	757364	92684	88698880	23897017	32362496
408	R6	2026-08-14T02:03:15,529714954-0700	1786698195517795621	WebRuntime	ServiceE	545	8772	2120	7800	18692	28418	342	757364	92684	88698880	23897017	32362496
409	R6	2026-08-14T02:03:16,263656204-0700	1786698196254178037	ServiceA	ServiceA	3953	4068	4704	2656	11428	497737	167	756596	92684	88698880	23897017	32362496
409	R6	2026-08-14T02:03:16,263656204-0700	1786698196254178037	ServiceB	ServiceB	692	3872	4428	2176	10476	33784	415	756596	92684	88698880	23897017	32362496
409	R6	2026-08-14T02:03:16,263656204-0700	1786698196254178037	ChannelLoader	ServiceH	3740	14064	25884	4324	44272	183640	103	756596	92684	88698880	23897017	32362496
409	R6	2026-08-14T02:03:16,263656204-0700	1786698196254178037	WebRuntime	ServiceE	545	8772	2120	7800	18692	28418	342	756596	92684	88698880	23897017	32362496
410	R6	2026-08-14T02:03:17,075415537-0700	1786698197066130704	ServiceA	ServiceA	3953	4068	4704	2656	11428	497737	167	758084	92684	88698880	23897017	32362496
410	R6	2026-08-14T02:03:17,075415537-0700	1786698197066130704	ServiceB	ServiceB	692	3872	4424	2176	10472	33784	415	758084	92684	88698880	23897017	32362496
410	R6	2026-08-14T02:03:17,075415537-0700	1786698197066130704	ChannelLoader	ServiceH	3740	14064	25884	4324	44272	183640	103	758084	92684	88698880	23897017	32362496
410	R6	2026-08-14T02:03:17,075415537-0700	1786698197066130704	WebRuntime	ServiceE	545	8772	2120	7800	18692	28418	342	758084	92684	88698880	23897017	32362496
411	R6	2026-08-14T02:03:18,206626704-0700	1786698198193279287	ServiceA	ServiceA	3953	4068	4704	2656	11428	497737	167	781480	92684	88698880	23897017	32362496
411	R6	2026-08-14T02:03:18,206626704-0700	1786698198193279287	ServiceB	ServiceB	692	3872	4424	2176	10472	33784	415	781480	92684	88698880	23897017	32362496
411	R6	2026-08-14T02:03:18,206626704-0700	1786698198193279287	ChannelLoader	ServiceH	3740	14064	25884	4324	44272	183640	103	781480	92684	88698880	23897017	32362496
411	R6	2026-08-14T02:03:18,206626704-0700	1786698198193279287	WebRuntime	ServiceE	545	8772	2120	7800	18692	28418	342	781480	92684	88698880	23897017	32362496
412	R6	2026-08-14T02:03:19,330679870-0700	1786698199323983787	ServiceA	ServiceA	3953	4064	4704	2656	11424	497737	167	776628	92684	88698880	23897017	32362496
412	R6	2026-08-14T02:03:19,330679870-0700	1786698199323983787	ServiceB	ServiceB	692	3872	4424	2176	10472	33784	415	776628	92684	88698880	23897017	32362496
412	R6	2026-08-14T02:03:19,330679870-0700	1786698199323983787	ChannelLoader	ServiceH	3740	14064	25884	4324	44272	183640	103	776628	92684	88698880	23897017	32362496
412	R6	2026-08-14T02:03:19,330679870-0700	1786698199323983787	WebRuntime	ServiceE	545	8772	2120	7800	18692	28418	342	776628	92684	88698880	23897017	32362496
413	R6	2026-08-14T02:03:20,667862786-0700	1786698200626568120	ServiceA	ServiceA	3953	4064	4704	2656	11424	497737	167	773636	92684	88698880	23897017	32362496
413	R6	2026-08-14T02:03:20,667862786-0700	1786698200626568120	ServiceB	ServiceB	692	3872	4424	2176	10472	33784	415	773636	92684	88698880	23897017	32362496
413	R6	2026-08-14T02:03:20,667862786-0700	1786698200626568120	ChannelLoader	ServiceH	3740	14064	25884	4324	44272	183683	103	773636	92684	88698880	23897017	32362496
413	R6	2026-08-14T02:03:20,667862786-0700	1786698200626568120	WebRuntime	ServiceE	545	8772	2120	7800	18692	28418	342	773636	92684	88698880	23897017	32362496
414	R6	2026-08-14T02:03:21,682809536-0700	1786698201675243370	ServiceA	ServiceA	3953	4064	4704	2656	11424	497737	167	773500	92684	88698880	23897017	32362496
414	R6	2026-08-14T02:03:21,682809536-0700	1786698201675243370	ServiceB	ServiceB	692	3872	4424	2176	10472	33784	415	773500	92684	88698880	23897017	32362496
414	R6	2026-08-14T02:03:21,682809536-0700	1786698201675243370	ChannelLoader	ServiceH	3740	14064	25884	4324	44272	183683	103	773500	92684	88698880	23897017	32362496
414	R6	2026-08-14T02:03:21,682809536-0700	1786698201675243370	WebRuntime	ServiceE	545	8772	2120	7800	18692	28418	342	773500	92684	88698880	23897017	32362496
415	R6	2026-08-14T02:03:22,472711369-0700	1786698202460205286	ServiceA	ServiceA	3953	4064	4704	2656	11424	497737	167	773540	92684	88698880	23897017	32362496
415	R6	2026-08-14T02:03:22,472711369-0700	1786698202460205286	ServiceB	ServiceB	692	3872	4424	2176	10472	33784	415	773540	92684	88698880	23897017	32362496
415	R6	2026-08-14T02:03:22,472711369-0700	1786698202460205286	ChannelLoader	ServiceH	3740	14064	25884	4324	44272	183683	103	773540	92684	88698880	23897017	32362496
415	R6	2026-08-14T02:03:22,472711369-0700	1786698202460205286	WebRuntime	ServiceE	545	8772	2120	7800	18692	28418	342	773540	92684	88698880	23897017	32362496
416	R6	2026-08-14T02:03:23,237189036-0700	1786698203230139036	ServiceA	ServiceA	3953	4064	4704	2656	11424	497737	167	774356	92684	88698880	23897017	32362496
416	R6	2026-08-14T02:03:23,237189036-0700	1786698203230139036	ServiceB	ServiceB	692	3872	4424	2176	10472	33784	415	774356	92684	88698880	23897017	32362496
416	R6	2026-08-14T02:03:23,237189036-0700	1786698203230139036	ChannelLoader	ServiceH	3740	14064	25884	4324	44272	183683	103	774356	92684	88698880	23897017	32362496
416	R6	2026-08-14T02:03:23,237189036-0700	1786698203230139036	WebRuntime	ServiceE	545	8772	2120	7800	18692	28418	342	774356	92684	88698880	23897017	32362496
417	R6	2026-08-14T02:03:23,948093536-0700	1786698203942221619	ServiceA	ServiceA	3953	4064	4704	2656	11424	497737	167	774764	92684	88698880	23897017	32362496
417	R6	2026-08-14T02:03:23,948093536-0700	1786698203942221619	ServiceB	ServiceB	692	3872	4424	2176	10472	33784	415	774764	92684	88698880	23897017	32362496
417	R6	2026-08-14T02:03:23,948093536-0700	1786698203942221619	ChannelLoader	ServiceH	3740	14064	25884	4324	44272	183683	103	774764	92684	88698880	23897017	32362496
417	R6	2026-08-14T02:03:23,948093536-0700	1786698203942221619	WebRuntime	ServiceE	545	8772	2120	7800	18692	28418	342	774764	92684	88698880	23897017	32362496
418	R6	2026-08-14T02:03:24,612858952-0700	1786698204603136202	ServiceA	ServiceA	3953	4064	4704	2656	11424	497737	167	775168	92684	88698880	23897017	32362496
418	R6	2026-08-14T02:03:24,612858952-0700	1786698204603136202	ServiceB	ServiceB	692	3872	4424	2176	10472	33784	415	775168	92684	88698880	23897017	32362496
418	R6	2026-08-14T02:03:24,612858952-0700	1786698204603136202	ChannelLoader	ServiceH	3740	14064	25884	4324	44272	183683	103	775168	92684	88698880	23897017	32362496
418	R6	2026-08-14T02:03:24,612858952-0700	1786698204603136202	WebRuntime	ServiceE	545	8772	2120	7800	18692	28418	342	775168	92684	88698880	23897017	32362496
419	R6	2026-08-14T02:03:25,327626619-0700	1786698205321626869	ServiceA	ServiceA	3953	4064	4704	2656	11424	497737	167	779204	92684	88698880	23897017	32362496
419	R6	2026-08-14T02:03:25,327626619-0700	1786698205321626869	ServiceB	ServiceB	692	3872	4424	2176	10472	33784	415	779204	92684	88698880	23897017	32362496
419	R6	2026-08-14T02:03:25,327626619-0700	1786698205321626869	ChannelLoader	ServiceH	3740	14064	25884	4324	44272	183726	103	779204	92684	88698880	23897017	32362496
419	R6	2026-08-14T02:03:25,327626619-0700	1786698205321626869	WebRuntime	ServiceE	545	8772	2120	7800	18692	28418	342	779204	92684	88698880	23897017	32362496
420	R7	2026-08-14T02:03:26,088461118-0700	1786698206082565702	ServiceA	ServiceA	3953	4064	4704	2656	11424	497737	167	779356	92684	88698880	23897017	32362496
420	R7	2026-08-14T02:03:26,088461118-0700	1786698206082565702	ServiceB	ServiceB	692	3872	4424	2176	10472	33784	415	779356	92684	88698880	23897017	32362496
420	R7	2026-08-14T02:03:26,088461118-0700	1786698206082565702	ChannelLoader	ServiceH	3740	14064	25884	4324	44272	183726	103	779356	92684	88698880	23897017	32362496
420	R7	2026-08-14T02:03:26,088461118-0700	1786698206082565702	WebRuntime	ServiceE	545	8772	2120	7800	18692	28418	342	779356	92684	88698880	23897017	32362496
421	R7	2026-08-14T02:03:26,842727702-0700	1786698206837997785	ServiceA	ServiceA	3953	4064	4704	2656	11424	497737	167	779576	92684	88698880	23897017	32362496
421	R7	2026-08-14T02:03:26,842727702-0700	1786698206837997785	ServiceB	ServiceB	692	3872	4424	2176	10472	33784	415	779576	92684	88698880	23897017	32362496
421	R7	2026-08-14T02:03:26,842727702-0700	1786698206837997785	ChannelLoader	ServiceH	3740	14064	25884	4324	44272	183726	103	779576	92684	88698880	23897017	32362496
421	R7	2026-08-14T02:03:26,842727702-0700	1786698206837997785	WebRuntime	ServiceE	545	8772	2120	7800	18692	28418	342	779576	92684	88698880	23897017	32362496
422	R7	2026-08-14T02:03:27,580899035-0700	1786698207575981201	ServiceA	ServiceA	3953	4064	4704	2656	11424	497737	167	779516	92684	88698880	23897017	32362496
422	R7	2026-08-14T02:03:27,580899035-0700	1786698207575981201	ServiceB	ServiceB	692	3872	4424	2176	10472	33784	415	779516	92684	88698880	23897017	32362496
422	R7	2026-08-14T02:03:27,580899035-0700	1786698207575981201	ChannelLoader	ServiceH	3740	14064	25884	4324	44272	183726	103	779516	92684	88698880	23897017	32362496
422	R7	2026-08-14T02:03:27,580899035-0700	1786698207575981201	WebRuntime	ServiceE	545	8772	2120	7800	18692	28418	342	779516	92684	88698880	23897017	32362496
423	R7	2026-08-14T02:03:28,262539118-0700	1786698208250356451	ServiceA	ServiceA	3953	4064	4704	2656	11424	497737	167	779312	92684	88698880	23897017	32362496
423	R7	2026-08-14T02:03:28,262539118-0700	1786698208250356451	ServiceB	ServiceB	692	3872	4424	2176	10472	33784	415	779312	92684	88698880	23897017	32362496
423	R7	2026-08-14T02:03:28,262539118-0700	1786698208250356451	ChannelLoader	ServiceH	3740	14064	25884	4324	44272	183726	103	779312	92684	88698880	23897017	32362496
423	R7	2026-08-14T02:03:28,262539118-0700	1786698208250356451	WebRuntime	ServiceE	545	8772	2120	7800	18692	28418	342	779312	92684	88698880	23897017	32362496
424	R7	2026-08-14T02:03:28,947846701-0700	1786698208943548618	ServiceA	ServiceA	3953	4064	4704	2656	11424	497737	167	779004	92684	88698880	23897017	32362496
424	R7	2026-08-14T02:03:28,947846701-0700	1786698208943548618	ServiceB	ServiceB	692	3872	4424	2176	10472	33784	415	779004	92684	88698880	23897017	32362496
424	R7	2026-08-14T02:03:28,947846701-0700	1786698208943548618	ChannelLoader	ServiceH	3740	14064	25884	4324	44272	183726	103	779004	92684	88698880	23897017	32362496
424	R7	2026-08-14T02:03:28,947846701-0700	1786698208943548618	WebRuntime	ServiceE	545	8772	2120	7800	18692	28418	342	779004	92684	88698880	23897017	32362496
425	R7	2026-08-14T02:03:29,647410951-0700	1786698209640422034	ServiceA	ServiceA	3953	4064	4704	2656	11424	497737	167	779152	92684	88698880	23897017	32362496
425	R7	2026-08-14T02:03:29,647410951-0700	1786698209640422034	ServiceB	ServiceB	692	3872	4424	2176	10472	33784	415	779152	92684	88698880	23897017	32362496
425	R7	2026-08-14T02:03:29,647410951-0700	1786698209640422034	ChannelLoader	ServiceH	3740	14064	25884	4324	44272	183726	103	779152	92684	88698880	23897017	32362496
425	R7	2026-08-14T02:03:29,647410951-0700	1786698209640422034	WebRuntime	ServiceE	545	8772	2120	7800	18692	28418	342	779152	92684	88698880	23897017	32362496
426	R7	2026-08-14T02:03:30,394756951-0700	1786698210388039451	ServiceA	ServiceA	3953	4064	4704	2656	11424	497737	167	779716	92684	88698880	23897017	32362496
426	R7	2026-08-14T02:03:30,394756951-0700	1786698210388039451	ServiceB	ServiceB	692	3872	4424	2176	10472	33784	415	779716	92684	88698880	23897017	32362496
426	R7	2026-08-14T02:03:30,394756951-0700	1786698210388039451	ChannelLoader	ServiceH	3740	14064	25884	4324	44272	183769	103	779716	92684	88698880	23897017	32362496
426	R7	2026-08-14T02:03:30,394756951-0700	1786698210388039451	WebRuntime	ServiceE	545	8772	2120	7800	18692	28418	342	779716	92684	88698880	23897017	32362496
427	R7	2026-08-14T02:03:31,044773201-0700	1786698211040219951	ServiceA	ServiceA	3953	4064	4704	2656	11424	497737	167	780212	92684	88698880	23897017	32362496
427	R7	2026-08-14T02:03:31,044773201-0700	1786698211040219951	ServiceB	ServiceB	692	3872	4424	2176	10472	33784	415	780212	92684	88698880	23897017	32362496
427	R7	2026-08-14T02:03:31,044773201-0700	1786698211040219951	ChannelLoader	ServiceH	3740	14064	25884	4324	44272	183769	103	780212	92684	88698880	23897017	32362496
427	R7	2026-08-14T02:03:31,044773201-0700	1786698211040219951	WebRuntime	ServiceE	545	8772	2120	7800	18692	28418	342	780212	92684	88698880	23897017	32362496
428	R7	2026-08-14T02:03:31,751576534-0700	1786698211743241534	ServiceA	ServiceA	3953	4064	4704	2656	11424	497737	167	779464	92684	88698880	23897017	32362496
428	R7	2026-08-14T02:03:31,751576534-0700	1786698211743241534	ServiceB	ServiceB	692	3872	4424	2176	10472	33784	415	779464	92684	88698880	23897017	32362496
428	R7	2026-08-14T02:03:31,751576534-0700	1786698211743241534	ChannelLoader	ServiceH	3740	14064	25884	4324	44272	183769	103	779464	92684	88698880	23897017	32362496
428	R7	2026-08-14T02:03:31,751576534-0700	1786698211743241534	WebRuntime	ServiceE	545	8772	2120	7800	18692	28418	342	779464	92684	88698880	23897017	32362496
429	R7	2026-08-14T02:03:32,408072784-0700	1786698212398137534	ServiceA	ServiceA	3953	4064	4704	2656	11424	497737	167	780596	92684	88698880	23897017	32362496
429	R7	2026-08-14T02:03:32,408072784-0700	1786698212398137534	ServiceB	ServiceB	692	3872	4424	2176	10472	33784	415	780596	92684	88698880	23897017	32362496
429	R7	2026-08-14T02:03:32,408072784-0700	1786698212398137534	ChannelLoader	ServiceH	3740	14064	25884	4324	44272	183769	103	780596	92684	88698880	23897017	32362496
429	R7	2026-08-14T02:03:32,408072784-0700	1786698212398137534	WebRuntime	ServiceE	545	8772	2120	7800	18692	28418	342	780596	92684	88698880	23897017	32362496
430	R7	2026-08-14T02:03:33,074446950-0700	1786698213069679033	ServiceA	ServiceA	3953	4064	4704	2656	11424	497737	167	780788	92684	88698880	23897017	32362496
430	R7	2026-08-14T02:03:33,074446950-0700	1786698213069679033	ServiceB	ServiceB	692	3872	4424	2176	10472	33784	415	780788	92684	88698880	23897017	32362496
430	R7	2026-08-14T02:03:33,074446950-0700	1786698213069679033	ChannelLoader	ServiceH	3740	14064	25884	4324	44272	183769	103	780788	92684	88698880	23897017	32362496
430	R7	2026-08-14T02:03:33,074446950-0700	1786698213069679033	WebRuntime	ServiceE	545	8772	2120	7800	18692	28418	342	780788	92684	88698880	23897017	32362496
431	R7	2026-08-14T02:03:33,747325200-0700	1786698213734589450	ServiceA	ServiceA	3953	4064	4704	2656	11424	497737	167	781204	92684	88698880	23897017	32362496
431	R7	2026-08-14T02:03:33,747325200-0700	1786698213734589450	ServiceB	ServiceB	692	3872	4424	2176	10472	33784	415	781204	92684	88698880	23897017	32362496
431	R7	2026-08-14T02:03:33,747325200-0700	1786698213734589450	ChannelLoader	ServiceH	3740	14064	25884	4324	44272	183769	103	781204	92684	88698880	23897017	32362496
431	R7	2026-08-14T02:03:33,747325200-0700	1786698213734589450	WebRuntime	ServiceE	545	8772	2120	7800	18692	28418	342	781204	92684	88698880	23897017	32362496
432	R7	2026-08-14T02:03:34,401820866-0700	1786698214395666950	ServiceA	ServiceA	3953	4064	4704	2656	11424	497737	167	780156	92684	88698880	23897017	32362496
432	R7	2026-08-14T02:03:34,401820866-0700	1786698214395666950	ServiceB	ServiceB	692	3872	4424	2176	10472	33784	415	780156	92684	88698880	23897017	32362496
432	R7	2026-08-14T02:03:34,401820866-0700	1786698214395666950	ChannelLoader	ServiceH	3740	14064	25884	4324	44272	183769	103	780156	92684	88698880	23897017	32362496
432	R7	2026-08-14T02:03:34,401820866-0700	1786698214395666950	WebRuntime	ServiceE	545	8772	2120	7800	18692	28418	342	780156	92684	88698880	23897017	32362496
433	R7	2026-08-14T02:03:35,091657116-0700	1786698215082399283	ServiceA	ServiceA	3953	4064	4704	2656	11424	497737	167	781980	92684	88698880	23897017	32362496
433	R7	2026-08-14T02:03:35,091657116-0700	1786698215082399283	ServiceB	ServiceB	692	3872	4424	2176	10472	33784	415	781980	92684	88698880	23897017	32362496
433	R7	2026-08-14T02:03:35,091657116-0700	1786698215082399283	ChannelLoader	ServiceH	3740	14064	25884	4324	44272	183769	103	781980	92684	88698880	23897017	32362496
433	R7	2026-08-14T02:03:35,091657116-0700	1786698215082399283	WebRuntime	ServiceE	545	8772	2120	7800	18692	28418	342	781980	92684	88698880	23897017	32362496
434	R7	2026-08-14T02:03:35,748374616-0700	1786698215742883033	ServiceA	ServiceA	3953	4064	4704	2656	11424	497737	167	780860	92684	88698880	23897017	32362496
434	R7	2026-08-14T02:03:35,748374616-0700	1786698215742883033	ServiceB	ServiceB	692	3872	4424	2176	10472	33784	415	780860	92684	88698880	23897017	32362496
434	R7	2026-08-14T02:03:35,748374616-0700	1786698215742883033	ChannelLoader	ServiceH	3740	14064	25884	4324	44272	183809	103	780860	92684	88698880	23897017	32362496
434	R7	2026-08-14T02:03:35,748374616-0700	1786698215742883033	WebRuntime	ServiceE	545	8772	2120	7800	18692	28418	342	780860	92684	88698880	23897017	32362496
435	R7	2026-08-14T02:03:36,431036366-0700	1786698216424383866	ServiceA	ServiceA	3953	4064	4704	2656	11424	497737	167	780436	92684	88698880	23897017	32362496
435	R7	2026-08-14T02:03:36,431036366-0700	1786698216424383866	ServiceB	ServiceB	692	3872	4424	2176	10472	33784	415	780436	92684	88698880	23897017	32362496
435	R7	2026-08-14T02:03:36,431036366-0700	1786698216424383866	ChannelLoader	ServiceH	3740	14064	25884	4324	44272	183809	103	780436	92684	88698880	23897017	32362496
435	R7	2026-08-14T02:03:36,431036366-0700	1786698216424383866	WebRuntime	ServiceE	545	8772	2120	7800	18692	28418	342	780436	92684	88698880	23897017	32362496
436	R7	2026-08-14T02:03:37,125560116-0700	1786698217116678782	ServiceA	ServiceA	3953	4064	4704	2656	11424	497737	167	779928	92684	88698880	23897017	32362496
436	R7	2026-08-14T02:03:37,125560116-0700	1786698217116678782	ServiceB	ServiceB	692	3872	4424	2176	10472	33784	415	779928	92684	88698880	23897017	32362496
436	R7	2026-08-14T02:03:37,125560116-0700	1786698217116678782	ChannelLoader	ServiceH	3740	14064	25884	4324	44272	183809	103	779928	92684	88698880	23897017	32362496
436	R7	2026-08-14T02:03:37,125560116-0700	1786698217116678782	WebRuntime	ServiceE	545	8772	2120	7800	18692	28418	342	779928	92684	88698880	23897017	32362496
437	R7	2026-08-14T02:03:37,803915116-0700	1786698217797306282	ServiceA	ServiceA	3953	4064	4704	2656	11424	497737	167	781400	92684	88698880	23897017	32362496
437	R7	2026-08-14T02:03:37,803915116-0700	1786698217797306282	ServiceB	ServiceB	692	3872	4424	2176	10472	33784	415	781400	92684	88698880	23897017	32362496
437	R7	2026-08-14T02:03:37,803915116-0700	1786698217797306282	ChannelLoader	ServiceH	3740	14064	25884	4324	44272	183809	103	781400	92684	88698880	23897017	32362496
437	R7	2026-08-14T02:03:37,803915116-0700	1786698217797306282	WebRuntime	ServiceE	545	8772	2120	7800	18692	28418	342	781400	92684	88698880	23897017	32362496
438	R7	2026-08-14T02:03:38,479172616-0700	1786698218474011199	ServiceA	ServiceA	3953	4064	4704	2656	11424	497737	167	781648	92684	88698880	23897017	32362496
438	R7	2026-08-14T02:03:38,479172616-0700	1786698218474011199	ServiceB	ServiceB	692	3872	4424	2176	10472	33784	415	781648	92684	88698880	23897017	32362496
438	R7	2026-08-14T02:03:38,479172616-0700	1786698218474011199	ChannelLoader	ServiceH	3740	14064	25884	4324	44272	183809	103	781648	92684	88698880	23897017	32362496
438	R7	2026-08-14T02:03:38,479172616-0700	1786698218474011199	WebRuntime	ServiceE	545	8772	2120	7800	18692	28418	342	781648	92684	88698880	23897017	32362496
439	R7	2026-08-14T02:03:39,271143449-0700	1786698219263080282	ServiceA	ServiceA	3953	4064	4704	2656	11424	497737	167	781208	92684	88698880	23897017	32362496
439	R7	2026-08-14T02:03:39,271143449-0700	1786698219263080282	ServiceB	ServiceB	692	3872	4424	2176	10472	33784	415	781208	92684	88698880	23897017	32362496
439	R7	2026-08-14T02:03:39,271143449-0700	1786698219263080282	ChannelLoader	ServiceH	3740	14064	25884	4324	44272	183809	103	781208	92684	88698880	23897017	32362496
439	R7	2026-08-14T02:03:39,271143449-0700	1786698219263080282	WebRuntime	ServiceE	545	8772	2120	7800	18692	28418	342	781208	92684	88698880	23897017	32362496
440	R7	2026-08-14T02:03:39,966667365-0700	1786698219961145282	ServiceA	ServiceA	3953	4064	4704	2656	11424	497737	167	782876	92684	88698880	23897017	32362496
440	R7	2026-08-14T02:03:39,966667365-0700	1786698219961145282	ServiceB	ServiceB	692	3872	4424	2176	10472	33784	415	782876	92684	88698880	23897017	32362496
440	R7	2026-08-14T02:03:39,966667365-0700	1786698219961145282	ChannelLoader	ServiceH	3740	14064	25884	4324	44272	183809	103	782876	92684	88698880	23897017	32362496
440	R7	2026-08-14T02:03:39,966667365-0700	1786698219961145282	WebRuntime	ServiceE	545	8772	2120	7800	18692	28418	342	782876	92684	88698880	23897017	32362496
441	R7	2026-08-14T02:03:40,675399032-0700	1786698220662857865	ServiceA	ServiceA	3953	4064	4704	2656	11424	497737	167	782288	92684	88698880	23897017	32362496
441	R7	2026-08-14T02:03:40,675399032-0700	1786698220662857865	ServiceB	ServiceB	692	3872	4424	2176	10472	33784	415	782288	92684	88698880	23897017	32362496
441	R7	2026-08-14T02:03:40,675399032-0700	1786698220662857865	ChannelLoader	ServiceH	3740	14064	25884	4324	44272	183849	103	782288	92684	88698880	23897017	32362496
441	R7	2026-08-14T02:03:40,675399032-0700	1786698220662857865	WebRuntime	ServiceE	545	8772	2120	7800	18692	28418	342	782288	92684	88698880	23897017	32362496
442	R7	2026-08-14T02:03:41,348338615-0700	1786698221342713198	ServiceA	ServiceA	3953	4064	4704	2656	11424	497737	167	781364	92684	88698880	23897017	32362496
442	R7	2026-08-14T02:03:41,348338615-0700	1786698221342713198	ServiceB	ServiceB	692	3872	4424	2176	10472	33784	415	781364	92684	88698880	23897017	32362496
442	R7	2026-08-14T02:03:41,348338615-0700	1786698221342713198	ChannelLoader	ServiceH	3740	14064	25884	4324	44272	183849	103	781364	92684	88698880	23897017	32362496
442	R7	2026-08-14T02:03:41,348338615-0700	1786698221342713198	WebRuntime	ServiceE	545	8772	2120	7800	18692	28418	342	781364	92684	88698880	23897017	32362496
443	R7	2026-08-14T02:03:42,077042948-0700	1786698222070021365	ServiceA	ServiceA	3953	4064	4704	2656	11424	497737	167	782308	92684	88698880	23897017	32362496
443	R7	2026-08-14T02:03:42,077042948-0700	1786698222070021365	ServiceB	ServiceB	692	3872	4424	2176	10472	33784	415	782308	92684	88698880	23897017	32362496
443	R7	2026-08-14T02:03:42,077042948-0700	1786698222070021365	ChannelLoader	ServiceH	3740	14064	25884	4324	44272	183849	103	782308	92684	88698880	23897017	32362496
443	R7	2026-08-14T02:03:42,077042948-0700	1786698222070021365	WebRuntime	ServiceE	545	8772	2120	7800	18692	28418	342	782308	92684	88698880	23897017	32362496
444	R7	2026-08-14T02:03:42,823761531-0700	1786698222813717448	ServiceA	ServiceA	3953	4064	4704	2656	11424	497737	167	783400	92684	88698880	23897017	32362496
444	R7	2026-08-14T02:03:42,823761531-0700	1786698222813717448	ServiceB	ServiceB	692	3872	4424	2176	10472	33784	415	783400	92684	88698880	23897017	32362496
444	R7	2026-08-14T02:03:42,823761531-0700	1786698222813717448	ChannelLoader	ServiceH	3740	14064	25884	4324	44272	183849	103	783400	92684	88698880	23897017	32362496
444	R7	2026-08-14T02:03:42,823761531-0700	1786698222813717448	WebRuntime	ServiceE	545	8772	2120	7800	18692	28418	342	783400	92684	88698880	23897017	32362496
445	R7	2026-08-14T02:03:43,573639031-0700	1786698223565744114	ServiceA	ServiceA	3953	4064	4704	2656	11424	497737	167	782932	92684	88698880	23897017	32362496
445	R7	2026-08-14T02:03:43,573639031-0700	1786698223565744114	ServiceB	ServiceB	692	3872	4424	2176	10472	33784	415	782932	92684	88698880	23897017	32362496
445	R7	2026-08-14T02:03:43,573639031-0700	1786698223565744114	ChannelLoader	ServiceH	3740	14064	25884	4324	44272	183849	103	782932	92684	88698880	23897017	32362496
445	R7	2026-08-14T02:03:43,573639031-0700	1786698223565744114	WebRuntime	ServiceE	545	8772	2120	7800	18692	28418	342	782932	92684	88698880	23897017	32362496
446	R7	2026-08-14T02:03:44,334843614-0700	1786698224326755864	ServiceA	ServiceA	3953	4064	4704	2656	11424	497737	167	781796	92684	88698880	23897017	32362496
446	R7	2026-08-14T02:03:44,334843614-0700	1786698224326755864	ServiceB	ServiceB	692	3872	4424	2176	10472	33784	415	781796	92684	88698880	23897017	32362496
446	R7	2026-08-14T02:03:44,334843614-0700	1786698224326755864	ChannelLoader	ServiceH	3740	14064	25884	4324	44272	183849	103	781796	92684	88698880	23897017	32362496
446	R7	2026-08-14T02:03:44,334843614-0700	1786698224326755864	WebRuntime	ServiceE	545	8772	2120	7800	18692	28418	342	781796	92684	88698880	23897017	32362496
447	R7	2026-08-14T02:03:44,981998947-0700	1786698224975160531	ServiceA	ServiceA	3953	4064	4704	2656	11424	497737	167	782980	92684	88698880	23897017	32362496
447	R7	2026-08-14T02:03:44,981998947-0700	1786698224975160531	ServiceB	ServiceB	692	3872	4424	2176	10472	33784	415	782980	92684	88698880	23897017	32362496
447	R7	2026-08-14T02:03:44,981998947-0700	1786698224975160531	ChannelLoader	ServiceH	3740	14064	25884	4324	44272	183849	103	782980	92684	88698880	23897017	32362496
447	R7	2026-08-14T02:03:44,981998947-0700	1786698224975160531	WebRuntime	ServiceE	545	8772	2120	7800	18692	28418	342	782980	92684	88698880	23897017	32362496
448	R7	2026-08-14T02:03:45,694337614-0700	1786698225684449530	ServiceA	ServiceA	3953	4064	4704	2656	11424	497737	167	782092	92684	88698880	23897017	32362496
448	R7	2026-08-14T02:03:45,694337614-0700	1786698225684449530	ServiceB	ServiceB	692	3872	4424	2176	10472	33784	415	782092	92684	88698880	23897017	32362496
448	R7	2026-08-14T02:03:45,694337614-0700	1786698225684449530	ChannelLoader	ServiceH	3740	14064	25884	4324	44272	183889	103	782092	92684	88698880	23897017	32362496
448	R7	2026-08-14T02:03:45,694337614-0700	1786698225684449530	WebRuntime	ServiceE	545	8772	2120	7800	18692	28418	342	782092	92684	88698880	23897017	32362496
449	R7	2026-08-14T02:03:46,412364114-0700	1786698226397149364	ServiceA	ServiceA	3953	4064	4704	2656	11424	497737	167	781028	92684	88698880	23897017	32362496
449	R7	2026-08-14T02:03:46,412364114-0700	1786698226397149364	ServiceB	ServiceB	692	3872	4424	2176	10472	33784	415	781028	92684	88698880	23897017	32362496
449	R7	2026-08-14T02:03:46,412364114-0700	1786698226397149364	ChannelLoader	ServiceH	3740	14064	25884	4324	44272	183889	103	781028	92684	88698880	23897017	32362496
449	R7	2026-08-14T02:03:46,412364114-0700	1786698226397149364	WebRuntime	ServiceE	545	8772	2120	7800	18692	28418	342	781028	92684	88698880	23897017	32362496
450	R7	2026-08-14T02:03:47,120020947-0700	1786698227113256947	ServiceA	ServiceA	3953	4064	4704	2656	11424	497737	167	781240	92684	88698880	23897017	32362496
450	R7	2026-08-14T02:03:47,120020947-0700	1786698227113256947	ServiceB	ServiceB	692	3872	4424	2176	10472	33784	415	781240	92684	88698880	23897017	32362496
450	R7	2026-08-14T02:03:47,120020947-0700	1786698227113256947	ChannelLoader	ServiceH	3740	14064	25884	4324	44272	183889	103	781240	92684	88698880	23897017	32362496
450	R7	2026-08-14T02:03:47,120020947-0700	1786698227113256947	WebRuntime	ServiceE	545	8772	2120	7800	18692	28418	342	781240	92684	88698880	23897017	32362496
451	R7	2026-08-14T02:03:47,814481280-0700	1786698227809048280	ServiceA	ServiceA	3953	4064	4704	2656	11424	497737	167	782012	92684	88698880	23897017	32362496
451	R7	2026-08-14T02:03:47,814481280-0700	1786698227809048280	ServiceB	ServiceB	692	3872	4424	2176	10472	33784	415	782012	92684	88698880	23897017	32362496
451	R7	2026-08-14T02:03:47,814481280-0700	1786698227809048280	ChannelLoader	ServiceH	3740	14084	25884	4324	44292	183889	103	782012	92684	88698880	23897017	32362496
451	R7	2026-08-14T02:03:47,814481280-0700	1786698227809048280	WebRuntime	ServiceE	545	8772	2120	7800	18692	28418	342	782012	92684	88698880	23897017	32362496
452	R7	2026-08-14T02:03:49,452749113-0700	1786698229438990946	ServiceA	ServiceA	3953	4992	4660	2656	12308	498166	167	764868	92684	88698880	23897017	32362496
452	R7	2026-08-14T02:03:49,452749113-0700	1786698229438990946	ServiceB	ServiceB	692	3864	4408	2176	10448	33801	415	764868	92684	88698880	23897017	32362496
452	R7	2026-08-14T02:03:49,452749113-0700	1786698229438990946	ChannelLoader	ServiceH	3740	14264	25844	4324	44432	184837	103	764868	92684	88698880	23897017	32362496
452	R7	2026-08-14T02:03:49,452749113-0700	1786698229438990946	WebRuntime	ServiceE	545	8772	2120	7800	18692	28418	342	764868	92684	88698880	23897017	32362496
453	R7	2026-08-14T02:03:51,442905529-0700	1786698231399151279	ServiceA	ServiceA	3953	10044	6940	2684	19668	503214	167	767956	92684	88698880	23897017	32362496
453	R7	2026-08-14T02:03:51,442905529-0700	1786698231399151279	ServiceB	ServiceB	692	3860	4408	2176	10444	33828	415	767956	92684	88698880	23897017	32362496
453	R7	2026-08-14T02:03:51,442905529-0700	1786698231399151279	ChannelLoader	ServiceH	3740	14580	26136	4324	45040	185462	103	767956	92684	88698880	23897017	32362496
453	R7	2026-08-14T02:03:51,442905529-0700	1786698231399151279	WebRuntime	ServiceE	545	8772	2120	7800	18692	28418	342	767956	92684	88698880	23897017	32362496
454	R7	2026-08-14T02:03:56,456271611-0700	1786698236432681778	ServiceA	ServiceA	3953	6820	4580	2656	14056	509233	167	750464	92684	88698880	23897017	32362496
454	R7	2026-08-14T02:03:56,456271611-0700	1786698236432681778	ServiceB	ServiceB	692	3860	4436	2176	10472	33829	415	750464	92684	88698880	23897017	32362496
454	R7	2026-08-14T02:03:56,456271611-0700	1786698236432681778	ChannelLoader	ServiceH	3740	14580	26136	4324	45040	185518	103	750464	92684	88698880	23897017	32362496
454	R7	2026-08-14T02:03:56,456271611-0700	1786698236432681778	WebRuntime	ServiceE	545	8772	2120	7800	18692	28418	342	750464	92684	88698880	23897017	32362496
455	R7	2026-08-14T02:04:00,320668610-0700	1786698240309777110	ServiceA	ServiceA	3953	4264	4388	2656	11308	509233	167	764392	92684	88698880	23897017	32362496
455	R7	2026-08-14T02:04:00,320668610-0700	1786698240309777110	ServiceB	ServiceB	692	3864	4440	2176	10480	33905	415	764392	92684	88698880	23897017	32362496
455	R7	2026-08-14T02:04:00,320668610-0700	1786698240309777110	ChannelLoader	ServiceH	3740	14580	26136	4324	45040	185568	103	764392	92684	88698880	23897017	32362496
455	R7	2026-08-14T02:04:00,320668610-0700	1786698240309777110	WebRuntime	ServiceE	545	8772	2120	7800	18692	28418	342	764392	92684	88698880	23897017	32362496
456	R7	2026-08-14T02:04:02,193684360-0700	1786698242178084860	ServiceA	ServiceA	3953	4264	4388	2656	11308	509233	167	770052	92684	88698880	23897017	32362496
456	R7	2026-08-14T02:04:02,193684360-0700	1786698242178084860	ServiceB	ServiceB	692	3864	4440	2176	10480	33905	415	770052	92684	88698880	23897017	32362496
456	R7	2026-08-14T02:04:02,193684360-0700	1786698242178084860	ChannelLoader	ServiceH	3740	14580	26136	4324	45040	185568	103	770052	92684	88698880	23897017	32362496
456	R7	2026-08-14T02:04:02,193684360-0700	1786698242178084860	WebRuntime	ServiceE	545	8772	2120	7800	18692	28418	342	770052	92684	88698880	23897017	32362496
457	R7	2026-08-14T02:04:04,108244859-0700	1786698244079636609	ServiceA	ServiceA	3953	4264	4388	2656	11308	509233	167	774284	92684	88698880	23897017	32362496
457	R7	2026-08-14T02:04:04,108244859-0700	1786698244079636609	ServiceB	ServiceB	692	3864	4440	2176	10480	33905	415	774284	92684	88698880	23897017	32362496
457	R7	2026-08-14T02:04:04,108244859-0700	1786698244079636609	ChannelLoader	ServiceH	3740	14580	26096	4324	45000	185570	103	774284	92684	88698880	23897017	32362496
457	R7	2026-08-14T02:04:04,108244859-0700	1786698244079636609	WebRuntime	ServiceE	545	8772	2120	7800	18692	28418	342	774284	92684	88698880	23897017	32362496
458	R7	2026-08-14T02:04:06,109524192-0700	1786698246080184942	ServiceA	ServiceA	3953	4264	4388	2656	11308	509233	167	778644	92684	88698880	23897017	32362496
458	R7	2026-08-14T02:04:06,109524192-0700	1786698246080184942	ServiceB	ServiceB	692	3864	4440	2176	10480	33907	415	778644	92684	88698880	23897017	32362496
458	R7	2026-08-14T02:04:06,109524192-0700	1786698246080184942	ChannelLoader	ServiceH	3740	14580	25900	4324	44804	185614	103	778644	92684	88698880	23897017	32362496
458	R7	2026-08-14T02:04:06,109524192-0700	1786698246080184942	WebRuntime	ServiceE	545	8772	2120	7800	18692	28418	342	778644	92684	88698880	23897017	32362496
459	R7	2026-08-14T02:04:07,858470108-0700	1786698247849029525	ServiceA	ServiceA	3953	4264	4388	2656	11308	509233	167	779880	92684	88698880	23897017	32362496
459	R7	2026-08-14T02:04:07,858470108-0700	1786698247849029525	ServiceB	ServiceB	692	3864	4440	2176	10480	33907	415	779880	92684	88698880	23897017	32362496
459	R7	2026-08-14T02:04:07,858470108-0700	1786698247849029525	ChannelLoader	ServiceH	3740	14588	25844	4324	44756	185618	103	779880	92684	88698880	23897017	32362496
459	R7	2026-08-14T02:04:07,858470108-0700	1786698247849029525	WebRuntime	ServiceE	545	8772	2120	7800	18692	28418	342	779880	92684	88698880	23897017	32362496
460	R7	2026-08-14T02:04:09,616310941-0700	1786698249599855691	ServiceA	ServiceA	3953	4264	4388	2656	11308	509233	167	780520	92684	88698880	23897017	32362496
460	R7	2026-08-14T02:04:09,616310941-0700	1786698249599855691	ServiceB	ServiceB	692	3864	4440	2176	10480	33907	415	780520	92684	88698880	23897017	32362496
460	R7	2026-08-14T02:04:09,616310941-0700	1786698249599855691	ChannelLoader	ServiceH	3740	14260	25956	4324	44540	187541	103	780520	92684	88698880	23897017	32362496
460	R7	2026-08-14T02:04:09,616310941-0700	1786698249599855691	WebRuntime	ServiceE	545	8772	2120	7800	18692	28418	342	780520	92684	88698880	23897017	32362496
461	R7	2026-08-14T02:04:10,708863274-0700	1786698250702944691	ServiceA	ServiceA	3953	4264	4388	2656	11308	509233	167	780256	92684	88698880	23897017	32362496
461	R7	2026-08-14T02:04:10,708863274-0700	1786698250702944691	ServiceB	ServiceB	692	3864	4440	2176	10480	33907	415	780256	92684	88698880	23897017	32362496
461	R7	2026-08-14T02:04:10,708863274-0700	1786698250702944691	ChannelLoader	ServiceH	3740	14200	25956	4324	44480	187998	103	780256	92684	88698880	23897017	32362496
461	R7	2026-08-14T02:04:10,708863274-0700	1786698250702944691	WebRuntime	ServiceE	545	8772	2120	7800	18692	28418	342	780256	92684	88698880	23897017	32362496
462	R7	2026-08-14T02:04:11,508799524-0700	1786698251503222024	ServiceA	ServiceA	3953	4264	4388	2656	11308	509233	167	782452	92684	88698880	23897017	32362496
462	R7	2026-08-14T02:04:11,508799524-0700	1786698251503222024	ServiceB	ServiceB	692	3864	4440	2176	10480	33907	415	782452	92684	88698880	23897017	32362496
462	R7	2026-08-14T02:04:11,508799524-0700	1786698251503222024	ChannelLoader	ServiceH	3740	14200	25956	4324	44480	187998	103	782452	92684	88698880	23897017	32362496
462	R7	2026-08-14T02:04:11,508799524-0700	1786698251503222024	WebRuntime	ServiceE	545	8772	2120	7800	18692	28418	342	782452	92684	88698880	23897017	32362496
463	R7	2026-08-14T02:04:12,255498524-0700	1786698252248549607	ServiceA	ServiceA	3953	4264	4388	2656	11308	509233	167	783068	92684	88698880	23897017	32362496
463	R7	2026-08-14T02:04:12,255498524-0700	1786698252248549607	ServiceB	ServiceB	692	3864	4440	2176	10480	33907	415	783068	92684	88698880	23897017	32362496
463	R7	2026-08-14T02:04:12,255498524-0700	1786698252248549607	ChannelLoader	ServiceH	3740	14200	25956	4324	44480	188005	103	783068	92684	88698880	23897017	32362496
463	R7	2026-08-14T02:04:12,255498524-0700	1786698252248549607	WebRuntime	ServiceE	545	8772	2120	7800	18692	28418	342	783068	92684	88698880	23897017	32362496
464	R7	2026-08-14T02:04:13,112368691-0700	1786698253103182691	ServiceA	ServiceA	3953	4260	4364	2656	11280	509233	167	767048	92684	88698880	23897017	32362496
464	R7	2026-08-14T02:04:13,112368691-0700	1786698253103182691	ServiceB	ServiceB	692	3864	4444	2176	10484	33935	415	767048	92684	88698880	23897017	32362496
464	R7	2026-08-14T02:04:13,112368691-0700	1786698253103182691	ChannelLoader	ServiceH	3740	14200	25956	4324	44480	188005	103	767048	92684	88698880	23897017	32362496
464	R7	2026-08-14T02:04:13,112368691-0700	1786698253103182691	WebRuntime	ServiceE	545	8772	2120	7800	18692	28418	342	767048	92684	88698880	23897017	32362496
465	R7	2026-08-14T02:04:15,157290690-0700	1786698255152320773	ServiceA	ServiceA	3953	4260	4364	2656	11280	509233	167	761072	92684	88698880	23897017	32362496
465	R7	2026-08-14T02:04:15,157290690-0700	1786698255152320773	ServiceB	ServiceB	692	3864	4444	2176	10484	33935	415	761072	92684	88698880	23897017	32362496
465	R7	2026-08-14T02:04:15,157290690-0700	1786698255152320773	ChannelLoader	ServiceH	3740	14200	25956	4324	44480	188005	103	761072	92684	88698880	23897017	32362496
465	R7	2026-08-14T02:04:15,157290690-0700	1786698255152320773	WebRuntime	ServiceE	545	8772	2120	7800	18692	28418	342	761072	92684	88698880	23897017	32362496
466	R7	2026-08-14T02:04:15,937997940-0700	1786698255930010773	ServiceA	ServiceA	3953	4260	4364	2656	11280	509233	167	761136	92684	88698880	23897017	32362496
466	R7	2026-08-14T02:04:15,937997940-0700	1786698255930010773	ServiceB	ServiceB	692	3864	4444	2176	10484	33935	415	761136	92684	88698880	23897017	32362496
466	R7	2026-08-14T02:04:15,937997940-0700	1786698255930010773	ChannelLoader	ServiceH	3740	14200	25956	4324	44480	188047	103	761136	92684	88698880	23897017	32362496
466	R7	2026-08-14T02:04:15,937997940-0700	1786698255930010773	WebRuntime	ServiceE	545	8772	2120	7800	18692	28418	342	761136	92684	88698880	23897017	32362496
467	R7	2026-08-14T02:04:16,801504440-0700	1786698256795643106	ServiceA	ServiceA	3953	4260	4364	2656	11280	509233	167	760652	92684	88698880	23897017	32362496
467	R7	2026-08-14T02:04:16,801504440-0700	1786698256795643106	ServiceB	ServiceB	692	3864	4444	2176	10484	33935	415	760652	92684	88698880	23897017	32362496
467	R7	2026-08-14T02:04:16,801504440-0700	1786698256795643106	ChannelLoader	ServiceH	3740	14200	25956	4324	44480	188047	103	760652	92684	88698880	23897017	32362496
467	R7	2026-08-14T02:04:16,801504440-0700	1786698256795643106	WebRuntime	ServiceE	545	8772	2120	7800	18692	28418	342	760652	92684	88698880	23897017	32362496
468	R7	2026-08-14T02:04:17,588361856-0700	1786698257580419440	ServiceA	ServiceA	3953	4260	4364	2656	11280	509233	167	762284	92684	88698880	23897017	32362496
468	R7	2026-08-14T02:04:17,588361856-0700	1786698257580419440	ServiceB	ServiceB	692	3864	4440	2176	10480	33935	415	762284	92684	88698880	23897017	32362496
468	R7	2026-08-14T02:04:17,588361856-0700	1786698257580419440	ChannelLoader	ServiceH	3740	14200	25956	4324	44480	188047	103	762284	92684	88698880	23897017	32362496
468	R7	2026-08-14T02:04:17,588361856-0700	1786698257580419440	WebRuntime	ServiceE	545	8772	2120	7800	18692	28418	342	762284	92684	88698880	23897017	32362496
469	R7	2026-08-14T02:04:19,078685689-0700	1786698259072098189	ServiceA	ServiceA	3953	4252	4364	2656	11272	509233	167	781552	92684	88698880	23897017	32362496
469	R7	2026-08-14T02:04:19,078685689-0700	1786698259072098189	ServiceB	ServiceB	692	3864	4440	2176	10480	33935	415	781552	92684	88698880	23897017	32362496
469	R7	2026-08-14T02:04:19,078685689-0700	1786698259072098189	ChannelLoader	ServiceH	3740	14200	25956	4324	44480	188047	103	781552	92684	88698880	23897017	32362496
469	R7	2026-08-14T02:04:19,078685689-0700	1786698259072098189	WebRuntime	ServiceE	545	8772	2120	7800	18692	28418	342	781552	92684	88698880	23897017	32362496
470	R7	2026-08-14T02:04:20,471674272-0700	1786698260464171105	ServiceA	ServiceA	3953	4252	4364	2656	11272	509233	167	777704	92684	88698880	23897017	32362496
470	R7	2026-08-14T02:04:20,471674272-0700	1786698260464171105	ServiceB	ServiceB	692	3864	4440	2176	10480	33935	415	777704	92684	88698880	23897017	32362496
470	R7	2026-08-14T02:04:20,471674272-0700	1786698260464171105	ChannelLoader	ServiceH	3740	14200	25956	4324	44480	188089	103	777704	92684	88698880	23897017	32362496
470	R7	2026-08-14T02:04:20,471674272-0700	1786698260464171105	WebRuntime	ServiceE	545	8772	2120	7800	18692	28418	342	777704	92684	88698880	23897017	32362496
471	R7	2026-08-14T02:04:21,458382105-0700	1786698261449195272	ServiceA	ServiceA	3953	4252	4364	2656	11272	509233	167	778112	92684	88698880	23897017	32362496
471	R7	2026-08-14T02:04:21,458382105-0700	1786698261449195272	ServiceB	ServiceB	692	3864	4440	2176	10480	33935	415	778112	92684	88698880	23897017	32362496
471	R7	2026-08-14T02:04:21,458382105-0700	1786698261449195272	ChannelLoader	ServiceH	3740	14200	25956	4324	44480	188089	103	778112	92684	88698880	23897017	32362496
471	R7	2026-08-14T02:04:21,458382105-0700	1786698261449195272	WebRuntime	ServiceE	545	8772	2120	7800	18692	28418	342	778112	92684	88698880	23897017	32362496
472	R7	2026-08-14T02:04:22,246974438-0700	1786698262238205522	ServiceA	ServiceA	3953	4252	4364	2656	11272	509233	167	779968	92684	88698880	23897017	32362496
472	R7	2026-08-14T02:04:22,246974438-0700	1786698262238205522	ServiceB	ServiceB	692	3864	4440	2176	10480	33935	415	779968	92684	88698880	23897017	32362496
472	R7	2026-08-14T02:04:22,246974438-0700	1786698262238205522	ChannelLoader	ServiceH	3740	14200	25956	4324	44480	188089	103	779968	92684	88698880	23897017	32362496
472	R7	2026-08-14T02:04:22,246974438-0700	1786698262238205522	WebRuntime	ServiceE	545	8772	2120	7800	18692	28418	342	779968	92684	88698880	23897017	32362496
473	R7	2026-08-14T02:04:23,075651522-0700	1786698263065820022	ServiceA	ServiceA	3953	4252	4364	2656	11272	509233	167	781416	92684	88698880	23897017	32362496
473	R7	2026-08-14T02:04:23,075651522-0700	1786698263065820022	ServiceB	ServiceB	692	3864	4440	2176	10480	33935	415	781416	92684	88698880	23897017	32362496
473	R7	2026-08-14T02:04:23,075651522-0700	1786698263065820022	ChannelLoader	ServiceH	3740	14200	25956	4324	44480	188089	103	781416	92684	88698880	23897017	32362496
473	R7	2026-08-14T02:04:23,075651522-0700	1786698263065820022	WebRuntime	ServiceE	545	8772	2120	7800	18692	28418	342	781416	92684	88698880	23897017	32362496
474	R7	2026-08-14T02:04:23,941959271-0700	1786698263932346355	ServiceA	ServiceA	3953	4252	4364	2656	11272	509233	167	782312	92684	88698880	23897017	32362496
474	R7	2026-08-14T02:04:23,941959271-0700	1786698263932346355	ServiceB	ServiceB	692	3864	4440	2176	10480	33935	415	782312	92684	88698880	23897017	32362496
474	R7	2026-08-14T02:04:23,941959271-0700	1786698263932346355	ChannelLoader	ServiceH	3740	14200	25956	4324	44480	188089	103	782312	92684	88698880	23897017	32362496
474	R7	2026-08-14T02:04:23,941959271-0700	1786698263932346355	WebRuntime	ServiceE	545	8772	2120	7800	18692	28418	342	782312	92684	88698880	23897017	32362496
475	R7	2026-08-14T02:04:24,756583438-0700	1786698264749898438	ServiceA	ServiceA	3953	4252	4364	2656	11272	509233	167	785288	92684	88698880	23897017	32362496
475	R7	2026-08-14T02:04:24,756583438-0700	1786698264749898438	ServiceB	ServiceB	692	3864	4440	2176	10480	33935	415	785288	92684	88698880	23897017	32362496
475	R7	2026-08-14T02:04:24,756583438-0700	1786698264749898438	ChannelLoader	ServiceH	3740	14200	25956	4324	44480	188089	103	785288	92684	88698880	23897017	32362496
475	R7	2026-08-14T02:04:24,756583438-0700	1786698264749898438	WebRuntime	ServiceE	545	8772	2120	7800	18692	28418	342	785288	92684	88698880	23897017	32362496
476	R7	2026-08-14T02:04:25,519292438-0700	1786698265512533188	ServiceA	ServiceA	3953	4252	4364	2656	11272	509233	167	786960	92684	88698880	23897017	32362496
476	R7	2026-08-14T02:04:25,519292438-0700	1786698265512533188	ServiceB	ServiceB	692	3864	4440	2176	10480	33935	415	786960	92684	88698880	23897017	32362496
476	R7	2026-08-14T02:04:25,519292438-0700	1786698265512533188	ChannelLoader	ServiceH	3740	14200	25956	4324	44480	188131	103	786960	92684	88698880	23897017	32362496
476	R7	2026-08-14T02:04:25,519292438-0700	1786698265512533188	WebRuntime	ServiceE	545	8772	2120	7800	18692	28418	342	786960	92684	88698880	23897017	32362496
477	R7	2026-08-14T02:04:26,232750937-0700	1786698266228014354	ServiceA	ServiceA	3953	4252	4364	2656	11272	509233	167	787404	92684	88698880	23897017	32362496
477	R7	2026-08-14T02:04:26,232750937-0700	1786698266228014354	ServiceB	ServiceB	692	3864	4440	2176	10480	33935	415	787404	92684	88698880	23897017	32362496
477	R7	2026-08-14T02:04:26,232750937-0700	1786698266228014354	ChannelLoader	ServiceH	3740	14200	25956	4324	44480	188131	103	787404	92684	88698880	23897017	32362496
477	R7	2026-08-14T02:04:26,232750937-0700	1786698266228014354	WebRuntime	ServiceE	545	8772	2120	7800	18692	28418	342	787404	92684	88698880	23897017	32362496
478	R7	2026-08-14T02:04:27,107257937-0700	1786698267098750521	ServiceA	ServiceA	3953	4252	4364	2656	11272	509233	167	788404	92684	88698880	23897017	32362496
478	R7	2026-08-14T02:04:27,107257937-0700	1786698267098750521	ServiceB	ServiceB	692	3864	4440	2176	10480	33935	415	788404	92684	88698880	23897017	32362496
478	R7	2026-08-14T02:04:27,107257937-0700	1786698267098750521	ChannelLoader	ServiceH	3740	14200	25956	4324	44480	188131	103	788404	92684	88698880	23897017	32362496
478	R7	2026-08-14T02:04:27,107257937-0700	1786698267098750521	WebRuntime	ServiceE	545	8772	2120	7800	18692	28418	342	788404	92684	88698880	23897017	32362496
479	R7	2026-08-14T02:04:27,830880104-0700	1786698267824479270	ServiceA	ServiceA	3953	4252	4364	2656	11272	509233	167	789920	92684	88698880	23897017	32362496
479	R7	2026-08-14T02:04:27,830880104-0700	1786698267824479270	ServiceB	ServiceB	692	3864	4440	2176	10480	33935	415	789920	92684	88698880	23897017	32362496
479	R7	2026-08-14T02:04:27,830880104-0700	1786698267824479270	ChannelLoader	ServiceH	3740	14200	25956	4324	44480	188131	103	789920	92684	88698880	23897017	32362496
479	R7	2026-08-14T02:04:27,830880104-0700	1786698267824479270	WebRuntime	ServiceE	545	8772	2120	7800	18692	28418	342	789920	92684	88698880	23897017	32362496
480	R8	2026-08-14T02:04:28,523846687-0700	1786698268516594020	ServiceA	ServiceA	3953	4252	4364	2656	11272	509233	167	790148	92684	88698880	23897017	32362496
480	R8	2026-08-14T02:04:28,523846687-0700	1786698268516594020	ServiceB	ServiceB	692	3864	4440	2176	10480	33935	415	790148	92684	88698880	23897017	32362496
480	R8	2026-08-14T02:04:28,523846687-0700	1786698268516594020	ChannelLoader	ServiceH	3740	14200	25956	4324	44480	188131	103	790148	92684	88698880	23897017	32362496
480	R8	2026-08-14T02:04:28,523846687-0700	1786698268516594020	WebRuntime	ServiceE	545	8772	2120	7800	18692	28418	342	790148	92684	88698880	23897017	32362496
481	R8	2026-08-14T02:04:29,215790603-0700	1786698269208598270	ServiceA	ServiceA	3953	4252	4364	2656	11272	509233	167	793288	92684	88698880	23897017	32362496
481	R8	2026-08-14T02:04:29,215790603-0700	1786698269208598270	ServiceB	ServiceB	692	3864	4440	2176	10480	33935	415	793288	92684	88698880	23897017	32362496
481	R8	2026-08-14T02:04:29,215790603-0700	1786698269208598270	ChannelLoader	ServiceH	3740	14200	25956	4324	44480	188131	103	793288	92684	88698880	23897017	32362496
481	R8	2026-08-14T02:04:29,215790603-0700	1786698269208598270	WebRuntime	ServiceE	545	8772	2120	7800	18692	28418	342	793288	92684	88698880	23897017	32362496
482	R8	2026-08-14T02:04:29,898232853-0700	1786698269892983520	ServiceA	ServiceA	3953	4252	4364	2656	11272	509233	167	792696	92684	88698880	23897017	32362496
482	R8	2026-08-14T02:04:29,898232853-0700	1786698269892983520	ServiceB	ServiceB	692	3864	4440	2176	10480	33935	415	792696	92684	88698880	23897017	32362496
482	R8	2026-08-14T02:04:29,898232853-0700	1786698269892983520	ChannelLoader	ServiceH	3740	14200	25956	4324	44480	188131	103	792696	92684	88698880	23897017	32362496
482	R8	2026-08-14T02:04:29,898232853-0700	1786698269892983520	WebRuntime	ServiceE	545	8772	2120	7800	18692	28418	342	792696	92684	88698880	23897017	32362496
483	R8	2026-08-14T02:04:30,579341520-0700	1786698270573852770	ServiceA	ServiceA	3953	4252	4364	2656	11272	509233	167	793316	92684	88698880	23897017	32362496
483	R8	2026-08-14T02:04:30,579341520-0700	1786698270573852770	ServiceB	ServiceB	692	3864	4440	2176	10480	33935	415	793316	92684	88698880	23897017	32362496
483	R8	2026-08-14T02:04:30,579341520-0700	1786698270573852770	ChannelLoader	ServiceH	3740	14200	25956	4324	44480	188173	103	793316	92684	88698880	23897017	32362496
483	R8	2026-08-14T02:04:30,579341520-0700	1786698270573852770	WebRuntime	ServiceE	545	8772	2120	7800	18692	28418	342	793316	92684	88698880	23897017	32362496
484	R8	2026-08-14T02:04:31,370429686-0700	1786698271364660436	ServiceA	ServiceA	3953	4252	4364	2656	11272	509233	167	792824	92684	88698880	23897017	32362496
484	R8	2026-08-14T02:04:31,370429686-0700	1786698271364660436	ServiceB	ServiceB	692	3864	4440	2176	10480	33935	415	792824	92684	88698880	23897017	32362496
484	R8	2026-08-14T02:04:31,370429686-0700	1786698271364660436	ChannelLoader	ServiceH	3740	14200	25956	4324	44480	188173	103	792824	92684	88698880	23897017	32362496
484	R8	2026-08-14T02:04:31,370429686-0700	1786698271364660436	WebRuntime	ServiceE	545	8772	2120	7800	18692	28418	342	792824	92684	88698880	23897017	32362496
485	R8	2026-08-14T02:04:32,061914936-0700	1786698272053028769	ServiceA	ServiceA	3953	4252	4364	2656	11272	509233	167	792648	92684	88698880	23897017	32362496
485	R8	2026-08-14T02:04:32,061914936-0700	1786698272053028769	ServiceB	ServiceB	692	3864	4440	2176	10480	33935	415	792648	92684	88698880	23897017	32362496
485	R8	2026-08-14T02:04:32,061914936-0700	1786698272053028769	ChannelLoader	ServiceH	3740	14200	25956	4324	44480	188173	103	792648	92684	88698880	23897017	32362496
485	R8	2026-08-14T02:04:32,061914936-0700	1786698272053028769	WebRuntime	ServiceE	545	8772	2120	7800	18692	28418	342	792648	92684	88698880	23897017	32362496
486	R8	2026-08-14T02:04:32,699305603-0700	1786698272694106353	ServiceA	ServiceA	3953	4252	4364	2656	11272	509233	167	791816	92684	88698880	23897017	32362496
486	R8	2026-08-14T02:04:32,699305603-0700	1786698272694106353	ServiceB	ServiceB	692	3864	4440	2176	10480	33935	415	791816	92684	88698880	23897017	32362496
486	R8	2026-08-14T02:04:32,699305603-0700	1786698272694106353	ChannelLoader	ServiceH	3740	14200	25956	4324	44480	188173	103	791816	92684	88698880	23897017	32362496
486	R8	2026-08-14T02:04:32,699305603-0700	1786698272694106353	WebRuntime	ServiceE	545	8772	2120	7800	18692	28418	342	791816	92684	88698880	23897017	32362496
487	R8	2026-08-14T02:04:33,395003019-0700	1786698273389784269	ServiceA	ServiceA	3953	4252	4364	2656	11272	509233	167	792616	92684	88698880	23897017	32362496
487	R8	2026-08-14T02:04:33,395003019-0700	1786698273389784269	ServiceB	ServiceB	692	3864	4440	2176	10480	33935	415	792616	92684	88698880	23897017	32362496
487	R8	2026-08-14T02:04:33,395003019-0700	1786698273389784269	ChannelLoader	ServiceH	3740	14200	25956	4324	44480	188173	103	792616	92684	88698880	23897017	32362496
487	R8	2026-08-14T02:04:33,395003019-0700	1786698273389784269	WebRuntime	ServiceE	545	8772	2120	7800	18692	28418	342	792616	92684	88698880	23897017	32362496
488	R8	2026-08-14T02:04:34,039731602-0700	1786698274031834102	ServiceA	ServiceA	3953	4252	4364	2656	11272	509233	167	793300	92684	88698880	23897017	32362496
488	R8	2026-08-14T02:04:34,039731602-0700	1786698274031834102	ServiceB	ServiceB	692	3864	4440	2176	10480	33935	415	793300	92684	88698880	23897017	32362496
488	R8	2026-08-14T02:04:34,039731602-0700	1786698274031834102	ChannelLoader	ServiceH	3740	14200	25956	4324	44480	188173	103	793300	92684	88698880	23897017	32362496
488	R8	2026-08-14T02:04:34,039731602-0700	1786698274031834102	WebRuntime	ServiceE	545	8772	2120	7800	18692	28418	342	793300	92684	88698880	23897017	32362496
489	R8	2026-08-14T02:04:34,701537269-0700	1786698274695554852	ServiceA	ServiceA	3953	4252	4364	2656	11272	509233	167	793484	92684	88698880	23897017	32362496
489	R8	2026-08-14T02:04:34,701537269-0700	1786698274695554852	ServiceB	ServiceB	692	3864	4440	2176	10480	33935	415	793484	92684	88698880	23897017	32362496
489	R8	2026-08-14T02:04:34,701537269-0700	1786698274695554852	ChannelLoader	ServiceH	3740	14200	25956	4324	44480	188173	103	793484	92684	88698880	23897017	32362496
489	R8	2026-08-14T02:04:34,701537269-0700	1786698274695554852	WebRuntime	ServiceE	545	8772	2120	7800	18692	28418	342	793484	92684	88698880	23897017	32362496
490	R8	2026-08-14T02:04:35,380801602-0700	1786698275375745435	ServiceA	ServiceA	3953	4252	4364	2656	11272	509233	167	794348	92684	88698880	23897017	32362496
490	R8	2026-08-14T02:04:35,380801602-0700	1786698275375745435	ServiceB	ServiceB	692	3864	4440	2176	10480	33935	415	794348	92684	88698880	23897017	32362496
490	R8	2026-08-14T02:04:35,380801602-0700	1786698275375745435	ChannelLoader	ServiceH	3740	14200	25956	4324	44480	188213	103	794348	92684	88698880	23897017	32362496
490	R8	2026-08-14T02:04:35,380801602-0700	1786698275375745435	WebRuntime	ServiceE	545	8772	2120	7800	18692	28418	342	794348	92684	88698880	23897017	32362496
491	R8	2026-08-14T02:04:36,063792352-0700	1786698276057123935	ServiceA	ServiceA	3953	4252	4364	2656	11272	509233	167	795380	92684	88698880	23897017	32362496
491	R8	2026-08-14T02:04:36,063792352-0700	1786698276057123935	ServiceB	ServiceB	692	3864	4440	2176	10480	33935	415	795380	92684	88698880	23897017	32362496
491	R8	2026-08-14T02:04:36,063792352-0700	1786698276057123935	ChannelLoader	ServiceH	3740	14200	25956	4324	44480	188213	103	795380	92684	88698880	23897017	32362496
491	R8	2026-08-14T02:04:36,063792352-0700	1786698276057123935	WebRuntime	ServiceE	545	8772	2120	7800	18692	28418	342	795380	92684	88698880	23897017	32362496
492	R8	2026-08-14T02:04:36,745395685-0700	1786698276740930185	ServiceA	ServiceA	3953	4252	4364	2656	11272	509233	167	796392	92684	88698880	23897017	32362496
492	R8	2026-08-14T02:04:36,745395685-0700	1786698276740930185	ServiceB	ServiceB	692	3864	4440	2176	10480	33935	415	796392	92684	88698880	23897017	32362496
492	R8	2026-08-14T02:04:36,745395685-0700	1786698276740930185	ChannelLoader	ServiceH	3740	14200	25956	4324	44480	188213	103	796392	92684	88698880	23897017	32362496
492	R8	2026-08-14T02:04:36,745395685-0700	1786698276740930185	WebRuntime	ServiceE	545	8772	2120	7800	18692	28418	342	796392	92684	88698880	23897017	32362496
493	R8	2026-08-14T02:04:37,415652268-0700	1786698277410770268	ServiceA	ServiceA	3953	4252	4364	2656	11272	509233	167	795488	92684	88698880	23897017	32362496
493	R8	2026-08-14T02:04:37,415652268-0700	1786698277410770268	ServiceB	ServiceB	692	3864	4440	2176	10480	33935	415	795488	92684	88698880	23897017	32362496
493	R8	2026-08-14T02:04:37,415652268-0700	1786698277410770268	ChannelLoader	ServiceH	3740	14200	25956	4324	44480	188213	103	795488	92684	88698880	23897017	32362496
493	R8	2026-08-14T02:04:37,415652268-0700	1786698277410770268	WebRuntime	ServiceE	545	8772	2120	7800	18692	28418	342	795488	92684	88698880	23897017	32362496
494	R8	2026-08-14T02:04:38,176884768-0700	1786698278165221685	ServiceA	ServiceA	3953	4252	4364	2656	11272	509233	167	796504	92684	88698880	23897017	32362496
494	R8	2026-08-14T02:04:38,176884768-0700	1786698278165221685	ServiceB	ServiceB	692	3864	4440	2176	10480	33935	415	796504	92684	88698880	23897017	32362496
494	R8	2026-08-14T02:04:38,176884768-0700	1786698278165221685	ChannelLoader	ServiceH	3740	14200	25956	4324	44480	188213	103	796504	92684	88698880	23897017	32362496
494	R8	2026-08-14T02:04:38,176884768-0700	1786698278165221685	WebRuntime	ServiceE	545	8772	2120	7800	18692	28418	342	796504	92684	88698880	23897017	32362496
495	R8	2026-08-14T02:04:38,879818434-0700	1786698278872474768	ServiceA	ServiceA	3953	4252	4364	2656	11272	509233	167	796420	92684	88698880	23897017	32362496
495	R8	2026-08-14T02:04:38,879818434-0700	1786698278872474768	ServiceB	ServiceB	692	3864	4440	2176	10480	33935	415	796420	92684	88698880	23897017	32362496
495	R8	2026-08-14T02:04:38,879818434-0700	1786698278872474768	ChannelLoader	ServiceH	3740	14200	25956	4324	44480	188213	103	796420	92684	88698880	23897017	32362496
495	R8	2026-08-14T02:04:38,879818434-0700	1786698278872474768	WebRuntime	ServiceE	545	8772	2120	7800	18692	28418	342	796420	92684	88698880	23897017	32362496
496	R8	2026-08-14T02:04:39,533746434-0700	1786698279529116934	ServiceA	ServiceA	3953	4252	4364	2656	11272	509233	167	795276	92684	88698880	23897017	32362496
496	R8	2026-08-14T02:04:39,533746434-0700	1786698279529116934	ServiceB	ServiceB	692	3864	4440	2176	10480	33935	415	795276	92684	88698880	23897017	32362496
496	R8	2026-08-14T02:04:39,533746434-0700	1786698279529116934	ChannelLoader	ServiceH	3740	14200	25956	4324	44480	188213	103	795276	92684	88698880	23897017	32362496
496	R8	2026-08-14T02:04:39,533746434-0700	1786698279529116934	WebRuntime	ServiceE	545	8772	2120	7800	18692	28418	342	795276	92684	88698880	23897017	32362496
497	R8	2026-08-14T02:04:40,175649101-0700	1786698280170330601	ServiceA	ServiceA	3953	4252	4364	2656	11272	509233	167	795396	92684	88698880	23897017	32362496
497	R8	2026-08-14T02:04:40,175649101-0700	1786698280170330601	ServiceB	ServiceB	692	3864	4440	2176	10480	33935	415	795396	92684	88698880	23897017	32362496
497	R8	2026-08-14T02:04:40,175649101-0700	1786698280170330601	ChannelLoader	ServiceH	3740	14200	25956	4324	44480	188213	103	795396	92684	88698880	23897017	32362496
497	R8	2026-08-14T02:04:40,175649101-0700	1786698280170330601	WebRuntime	ServiceE	545	8772	2120	7800	18692	28418	342	795396	92684	88698880	23897017	32362496
498	R8	2026-08-14T02:04:40,863550934-0700	1786698280858551601	ServiceA	ServiceA	3953	4252	4364	2656	11272	509233	167	796020	92684	88698880	23897017	32362496
498	R8	2026-08-14T02:04:40,863550934-0700	1786698280858551601	ServiceB	ServiceB	692	3864	4440	2176	10480	33935	415	796020	92684	88698880	23897017	32362496
498	R8	2026-08-14T02:04:40,863550934-0700	1786698280858551601	ChannelLoader	ServiceH	3740	14200	25956	4324	44480	188253	103	796020	92684	88698880	23897017	32362496
498	R8	2026-08-14T02:04:40,863550934-0700	1786698280858551601	WebRuntime	ServiceE	545	8772	2120	7800	18692	28418	342	796020	92684	88698880	23897017	32362496
499	R8	2026-08-14T02:04:41,573748267-0700	1786698281566671767	ServiceA	ServiceA	3953	4252	4364	2656	11272	509233	167	796016	92684	88698880	23897017	32362496
499	R8	2026-08-14T02:04:41,573748267-0700	1786698281566671767	ServiceB	ServiceB	692	3864	4440	2176	10480	33935	415	796016	92684	88698880	23897017	32362496
499	R8	2026-08-14T02:04:41,573748267-0700	1786698281566671767	ChannelLoader	ServiceH	3740	14200	25956	4324	44480	188253	103	796016	92684	88698880	23897017	32362496
499	R8	2026-08-14T02:04:41,573748267-0700	1786698281566671767	WebRuntime	ServiceE	545	8772	2120	7800	18692	28418	342	796016	92684	88698880	23897017	32362496
500	R8	2026-08-14T02:04:42,278953017-0700	1786698282270794600	ServiceA	ServiceA	3953	4252	4364	2656	11272	509233	167	797500	92684	88698880	23897017	32362496
500	R8	2026-08-14T02:04:42,278953017-0700	1786698282270794600	ServiceB	ServiceB	692	3864	4440	2176	10480	33935	415	797500	92684	88698880	23897017	32362496
500	R8	2026-08-14T02:04:42,278953017-0700	1786698282270794600	ChannelLoader	ServiceH	3740	14200	25956	4324	44480	188253	103	797500	92684	88698880	23897017	32362496
500	R8	2026-08-14T02:04:42,278953017-0700	1786698282270794600	WebRuntime	ServiceE	545	8772	2120	7800	18692	28418	342	797500	92684	88698880	23897017	32362496
501	R8	2026-08-14T02:04:42,968421433-0700	1786698282962864350	ServiceA	ServiceA	3953	4252	4364	2656	11272	509233	167	796864	92684	88698880	23897017	32362496
501	R8	2026-08-14T02:04:42,968421433-0700	1786698282962864350	ServiceB	ServiceB	692	3864	4440	2176	10480	33935	415	796864	92684	88698880	23897017	32362496
501	R8	2026-08-14T02:04:42,968421433-0700	1786698282962864350	ChannelLoader	ServiceH	3740	14200	25956	4324	44480	188253	103	796864	92684	88698880	23897017	32362496
501	R8	2026-08-14T02:04:42,968421433-0700	1786698282962864350	WebRuntime	ServiceE	545	8772	2120	7800	18692	28418	342	796864	92684	88698880	23897017	32362496
502	R8	2026-08-14T02:04:43,688940767-0700	1786698283679390183	ServiceA	ServiceA	3953	4252	4364	2656	11272	509233	167	796688	92684	88698880	23897017	32362496
502	R8	2026-08-14T02:04:43,688940767-0700	1786698283679390183	ServiceB	ServiceB	692	3864	4440	2176	10480	33935	415	796688	92684	88698880	23897017	32362496
502	R8	2026-08-14T02:04:43,688940767-0700	1786698283679390183	ChannelLoader	ServiceH	3740	14200	25956	4324	44480	188253	103	796688	92684	88698880	23897017	32362496
502	R8	2026-08-14T02:04:43,688940767-0700	1786698283679390183	WebRuntime	ServiceE	545	8772	2120	7800	18692	28418	342	796688	92684	88698880	23897017	32362496
503	R8	2026-08-14T02:04:44,402403266-0700	1786698284397323266	ServiceA	ServiceA	3953	4252	4364	2656	11272	509233	167	795456	92684	88698880	23897017	32362496
503	R8	2026-08-14T02:04:44,402403266-0700	1786698284397323266	ServiceB	ServiceB	692	3864	4440	2176	10480	33935	415	795456	92684	88698880	23897017	32362496
503	R8	2026-08-14T02:04:44,402403266-0700	1786698284397323266	ChannelLoader	ServiceH	3740	14200	25956	4324	44480	188253	103	795456	92684	88698880	23897017	32362496
503	R8	2026-08-14T02:04:44,402403266-0700	1786698284397323266	WebRuntime	ServiceE	545	8772	2120	7800	18692	28418	342	795456	92684	88698880	23897017	32362496
504	R8	2026-08-14T02:04:45,102375516-0700	1786698285095214850	ServiceA	ServiceA	3953	4252	4364	2656	11272	509233	167	795940	92684	88698880	23897017	32362496
504	R8	2026-08-14T02:04:45,102375516-0700	1786698285095214850	ServiceB	ServiceB	692	3864	4440	2176	10480	33935	415	795940	92684	88698880	23897017	32362496
504	R8	2026-08-14T02:04:45,102375516-0700	1786698285095214850	ChannelLoader	ServiceH	3740	14200	25956	4324	44480	188253	103	795940	92684	88698880	23897017	32362496
504	R8	2026-08-14T02:04:45,102375516-0700	1786698285095214850	WebRuntime	ServiceE	545	8772	2120	7800	18692	28418	342	795940	92684	88698880	23897017	32362496
505	R8	2026-08-14T02:04:45,831009683-0700	1786698285825245266	ServiceA	ServiceA	3953	4252	4364	2656	11272	509233	167	795528	92684	88698880	23897017	32362496
505	R8	2026-08-14T02:04:45,831009683-0700	1786698285825245266	ServiceB	ServiceB	692	3864	4440	2176	10480	33935	415	795528	92684	88698880	23897017	32362496
505	R8	2026-08-14T02:04:45,831009683-0700	1786698285825245266	ChannelLoader	ServiceH	3740	14200	25956	4324	44480	188293	103	795528	92684	88698880	23897017	32362496
505	R8	2026-08-14T02:04:45,831009683-0700	1786698285825245266	WebRuntime	ServiceE	545	8772	2120	7800	18692	28418	342	795528	92684	88698880	23897017	32362496
506	R8	2026-08-14T02:04:46,546487516-0700	1786698286539904266	ServiceA	ServiceA	3953	4252	4364	2656	11272	509233	167	796668	92684	88698880	23897017	32362496
506	R8	2026-08-14T02:04:46,546487516-0700	1786698286539904266	ServiceB	ServiceB	692	3864	4440	2176	10480	33935	415	796668	92684	88698880	23897017	32362496
506	R8	2026-08-14T02:04:46,546487516-0700	1786698286539904266	ChannelLoader	ServiceH	3740	14200	25956	4324	44480	188293	103	796668	92684	88698880	23897017	32362496
506	R8	2026-08-14T02:04:46,546487516-0700	1786698286539904266	WebRuntime	ServiceE	545	8772	2120	7800	18692	28418	342	796668	92684	88698880	23897017	32362496
507	R8	2026-08-14T02:04:47,252226599-0700	1786698287246943599	ServiceA	ServiceA	3953	4252	4364	2656	11272	509233	167	795772	92684	88698880	23897017	32362496
507	R8	2026-08-14T02:04:47,252226599-0700	1786698287246943599	ServiceB	ServiceB	692	3864	4440	2176	10480	33935	415	795772	92684	88698880	23897017	32362496
507	R8	2026-08-14T02:04:47,252226599-0700	1786698287246943599	ChannelLoader	ServiceH	3740	14200	25956	4324	44480	188293	103	795772	92684	88698880	23897017	32362496
507	R8	2026-08-14T02:04:47,252226599-0700	1786698287246943599	WebRuntime	ServiceE	545	8772	2120	7800	18692	28418	342	795772	92684	88698880	23897017	32362496
508	R8	2026-08-14T02:04:48,031135099-0700	1786698288021577766	ServiceA	ServiceA	3953	4252	4364	2656	11272	509233	167	796648	92684	88698880	23897017	32362496
508	R8	2026-08-14T02:04:48,031135099-0700	1786698288021577766	ServiceB	ServiceB	692	3864	4440	2176	10480	33935	415	796648	92684	88698880	23897017	32362496
508	R8	2026-08-14T02:04:48,031135099-0700	1786698288021577766	ChannelLoader	ServiceH	3740	14200	25956	4324	44480	188293	103	796648	92684	88698880	23897017	32362496
508	R8	2026-08-14T02:04:48,031135099-0700	1786698288021577766	WebRuntime	ServiceE	545	8772	2120	7800	18692	28418	342	796648	92684	88698880	23897017	32362496
509	R8	2026-08-14T02:04:48,771012015-0700	1786698288762547015	ServiceA	ServiceA	3953	4252	4364	2656	11272	509233	167	796660	92684	88698880	23897017	32362496
509	R8	2026-08-14T02:04:48,771012015-0700	1786698288762547015	ServiceB	ServiceB	692	3864	4440	2176	10480	33935	415	796660	92684	88698880	23897017	32362496
509	R8	2026-08-14T02:04:48,771012015-0700	1786698288762547015	ChannelLoader	ServiceH	3740	14200	25956	4324	44480	188293	103	796660	92684	88698880	23897017	32362496
509	R8	2026-08-14T02:04:48,771012015-0700	1786698288762547015	WebRuntime	ServiceE	545	8772	2120	7800	18692	28418	342	796660	92684	88698880	23897017	32362496
510	R8	2026-08-14T02:04:49,481973182-0700	1786698289477378015	ServiceA	ServiceA	3953	4252	4364	2656	11272	509233	167	797532	92684	88698880	23897017	32362496
510	R8	2026-08-14T02:04:49,481973182-0700	1786698289477378015	ServiceB	ServiceB	692	3864	4440	2176	10480	33935	415	797532	92684	88698880	23897017	32362496
510	R8	2026-08-14T02:04:49,481973182-0700	1786698289477378015	ChannelLoader	ServiceH	3740	14200	25956	4324	44480	188293	103	797532	92684	88698880	23897017	32362496
510	R8	2026-08-14T02:04:49,481973182-0700	1786698289477378015	WebRuntime	ServiceE	545	8772	2120	7800	18692	28418	342	797532	92684	88698880	23897017	32362496
511	R8	2026-08-14T02:04:50,215746098-0700	1786698290211105348	ServiceA	ServiceA	3953	4252	4364	2656	11272	509233	167	797220	92684	88698880	23897017	32362496
511	R8	2026-08-14T02:04:50,215746098-0700	1786698290211105348	ServiceB	ServiceB	692	3864	4440	2176	10480	33935	415	797220	92684	88698880	23897017	32362496
511	R8	2026-08-14T02:04:50,215746098-0700	1786698290211105348	ChannelLoader	ServiceH	3740	14200	25956	4324	44480	188293	103	797220	92684	88698880	23897017	32362496
511	R8	2026-08-14T02:04:50,215746098-0700	1786698290211105348	WebRuntime	ServiceE	545	8772	2120	7800	18692	28418	342	797220	92684	88698880	23897017	32362496
512	R8	2026-08-14T02:04:50,960683932-0700	1786698290952800015	ServiceA	ServiceA	3953	4252	4364	2656	11272	509233	167	796700	92684	88698880	23897017	32362496
512	R8	2026-08-14T02:04:50,960683932-0700	1786698290952800015	ServiceB	ServiceB	692	3864	4440	2176	10480	33935	415	796700	92684	88698880	23897017	32362496
512	R8	2026-08-14T02:04:50,960683932-0700	1786698290952800015	ChannelLoader	ServiceH	3740	14200	25956	4324	44480	188333	103	796700	92684	88698880	23897017	32362496
512	R8	2026-08-14T02:04:50,960683932-0700	1786698290952800015	WebRuntime	ServiceE	545	8772	2120	7800	18692	28418	342	796700	92684	88698880	23897017	32362496
513	R8	2026-08-14T02:04:51,602550765-0700	1786698291596785181	ServiceA	ServiceA	3953	4252	4364	2656	11272	509233	167	796588	92684	88698880	23897017	32362496
513	R8	2026-08-14T02:04:51,602550765-0700	1786698291596785181	ServiceB	ServiceB	692	3864	4440	2176	10480	33935	415	796588	92684	88698880	23897017	32362496
513	R8	2026-08-14T02:04:51,602550765-0700	1786698291596785181	ChannelLoader	ServiceH	3740	14200	25956	4324	44480	188333	103	796588	92684	88698880	23897017	32362496
513	R8	2026-08-14T02:04:51,602550765-0700	1786698291596785181	WebRuntime	ServiceE	545	8772	2120	7800	18692	28418	342	796588	92684	88698880	23897017	32362496
514	R8	2026-08-14T02:04:52,241817848-0700	1786698292236772681	ServiceA	ServiceA	3953	4252	4364	2656	11272	509233	167	797272	92684	88698880	23897017	32362496
514	R8	2026-08-14T02:04:52,241817848-0700	1786698292236772681	ServiceB	ServiceB	692	3864	4440	2176	10480	33935	415	797272	92684	88698880	23897017	32362496
514	R8	2026-08-14T02:04:52,241817848-0700	1786698292236772681	ChannelLoader	ServiceH	3740	14200	25956	4324	44480	188333	103	797272	92684	88698880	23897017	32362496
514	R8	2026-08-14T02:04:52,241817848-0700	1786698292236772681	WebRuntime	ServiceE	545	8772	2120	7800	18692	28418	342	797272	92684	88698880	23897017	32362496
515	R8	2026-08-14T02:04:52,998605014-0700	1786698292990173598	ServiceA	ServiceA	3953	4252	4364	2656	11272	509233	167	797704	92684	88698880	23897017	32362496
515	R8	2026-08-14T02:04:52,998605014-0700	1786698292990173598	ServiceB	ServiceB	692	3864	4440	2176	10480	33935	415	797704	92684	88698880	23897017	32362496
515	R8	2026-08-14T02:04:52,998605014-0700	1786698292990173598	ChannelLoader	ServiceH	3740	14200	25956	4324	44480	188333	103	797704	92684	88698880	23897017	32362496
515	R8	2026-08-14T02:04:52,998605014-0700	1786698292990173598	WebRuntime	ServiceE	545	8772	2120	7800	18692	28418	342	797704	92684	88698880	23897017	32362496
516	R8	2026-08-14T02:04:53,743217098-0700	1786698293732220431	ServiceA	ServiceA	3953	4252	4364	2656	11272	509233	167	798036	92684	88698880	23897017	32362496
516	R8	2026-08-14T02:04:53,743217098-0700	1786698293732220431	ServiceB	ServiceB	692	3864	4440	2176	10480	33935	415	798036	92684	88698880	23897017	32362496
516	R8	2026-08-14T02:04:53,743217098-0700	1786698293732220431	ChannelLoader	ServiceH	3740	14200	25956	4324	44480	188333	103	798036	92684	88698880	23897017	32362496
516	R8	2026-08-14T02:04:53,743217098-0700	1786698293732220431	WebRuntime	ServiceE	545	8772	2120	7800	18692	28418	342	798036	92684	88698880	23897017	32362496
517	R8	2026-08-14T02:04:54,471939681-0700	1786698294464985014	ServiceA	ServiceA	3953	4252	4364	2656	11272	509233	167	797720	92684	88698880	23897017	32362496
517	R8	2026-08-14T02:04:54,471939681-0700	1786698294464985014	ServiceB	ServiceB	692	3864	4440	2176	10480	33935	415	797720	92684	88698880	23897017	32362496
517	R8	2026-08-14T02:04:54,471939681-0700	1786698294464985014	ChannelLoader	ServiceH	3740	14200	25956	4324	44480	188333	103	797720	92684	88698880	23897017	32362496
517	R8	2026-08-14T02:04:54,471939681-0700	1786698294464985014	WebRuntime	ServiceE	545	8772	2120	7800	18692	28418	342	797720	92684	88698880	23897017	32362496
518	R8	2026-08-14T02:04:55,127217014-0700	1786698295119016514	ServiceA	ServiceA	3953	4252	4364	2656	11272	509233	167	797572	92684	88698880	23897017	32362496
518	R8	2026-08-14T02:04:55,127217014-0700	1786698295119016514	ServiceB	ServiceB	692	3864	4440	2176	10480	33935	415	797572	92684	88698880	23897017	32362496
518	R8	2026-08-14T02:04:55,127217014-0700	1786698295119016514	ChannelLoader	ServiceH	3740	14200	25956	4324	44480	188333	103	797572	92684	88698880	23897017	32362496
518	R8	2026-08-14T02:04:55,127217014-0700	1786698295119016514	WebRuntime	ServiceE	545	8772	2120	7800	18692	28418	342	797572	92684	88698880	23897017	32362496
519	R8	2026-08-14T02:04:55,865189180-0700	1786698295858735680	ServiceA	ServiceA	3953	4252	4364	2656	11272	509233	167	798092	92684	88698880	23897017	32362496
519	R8	2026-08-14T02:04:55,865189180-0700	1786698295858735680	ServiceB	ServiceB	692	3864	4440	2176	10480	33935	415	798092	92684	88698880	23897017	32362496
519	R8	2026-08-14T02:04:55,865189180-0700	1786698295858735680	ChannelLoader	ServiceH	3740	14200	25956	4324	44480	188373	103	798092	92684	88698880	23897017	32362496
519	R8	2026-08-14T02:04:55,865189180-0700	1786698295858735680	WebRuntime	ServiceE	545	8772	2120	7800	18692	28418	342	798092	92684	88698880	23897017	32362496
520	R8	2026-08-14T02:04:56,594427847-0700	1786698296582679597	ServiceA	ServiceA	3953	4252	4364	2656	11272	509233	167	798680	92684	88698880	23897017	32362496
520	R8	2026-08-14T02:04:56,594427847-0700	1786698296582679597	ServiceB	ServiceB	692	3864	4440	2176	10480	33935	415	798680	92684	88698880	23897017	32362496
520	R8	2026-08-14T02:04:56,594427847-0700	1786698296582679597	ChannelLoader	ServiceH	3740	14200	25956	4324	44480	188373	103	798680	92684	88698880	23897017	32362496
520	R8	2026-08-14T02:04:56,594427847-0700	1786698296582679597	WebRuntime	ServiceE	545	8772	2120	7800	18692	28418	342	798680	92684	88698880	23897017	32362496
521	R8	2026-08-14T02:04:57,284699680-0700	1786698297278032513	ServiceA	ServiceA	3953	4252	4364	2656	11272	509233	167	797556	92684	88698880	23897017	32362496
521	R8	2026-08-14T02:04:57,284699680-0700	1786698297278032513	ServiceB	ServiceB	692	3864	4440	2176	10480	33935	415	797556	92684	88698880	23897017	32362496
521	R8	2026-08-14T02:04:57,284699680-0700	1786698297278032513	ChannelLoader	ServiceH	3740	14200	25956	4324	44480	188373	103	797556	92684	88698880	23897017	32362496
521	R8	2026-08-14T02:04:57,284699680-0700	1786698297278032513	WebRuntime	ServiceE	545	8772	2120	7800	18692	28418	342	797556	92684	88698880	23897017	32362496
522	R8	2026-08-14T02:04:57,993692513-0700	1786698297988414597	ServiceA	ServiceA	3953	4252	4364	2656	11272	509233	167	797300	92684	88698880	23897017	32362496
522	R8	2026-08-14T02:04:57,993692513-0700	1786698297988414597	ServiceB	ServiceB	692	3864	4440	2176	10480	33935	415	797300	92684	88698880	23897017	32362496
522	R8	2026-08-14T02:04:57,993692513-0700	1786698297988414597	ChannelLoader	ServiceH	3740	14200	25956	4324	44480	188373	103	797300	92684	88698880	23897017	32362496
522	R8	2026-08-14T02:04:57,993692513-0700	1786698297988414597	WebRuntime	ServiceE	545	8772	2120	7800	18692	28418	342	797300	92684	88698880	23897017	32362496
523	R8	2026-08-14T02:04:58,698019346-0700	1786698298692039263	ServiceA	ServiceA	3953	4252	4364	2656	11272	509233	167	797204	92684	88698880	23897017	32362496
523	R8	2026-08-14T02:04:58,698019346-0700	1786698298692039263	ServiceB	ServiceB	692	3864	4440	2176	10480	33935	415	797204	92684	88698880	23897017	32362496
523	R8	2026-08-14T02:04:58,698019346-0700	1786698298692039263	ChannelLoader	ServiceH	3740	14200	25956	4324	44480	188373	103	797204	92684	88698880	23897017	32362496
523	R8	2026-08-14T02:04:58,698019346-0700	1786698298692039263	WebRuntime	ServiceE	545	8772	2120	7800	18692	28418	342	797204	92684	88698880	23897017	32362496
524	R8	2026-08-14T02:04:59,431238846-0700	1786698299425248180	ServiceA	ServiceA	3953	4252	4364	2656	11272	509233	167	797648	92684	88698880	23897017	32362496
524	R8	2026-08-14T02:04:59,431238846-0700	1786698299425248180	ServiceB	ServiceB	692	3864	4440	2176	10480	33935	415	797648	92684	88698880	23897017	32362496
524	R8	2026-08-14T02:04:59,431238846-0700	1786698299425248180	ChannelLoader	ServiceH	3740	14200	25956	4324	44480	188373	103	797648	92684	88698880	23897017	32362496
524	R8	2026-08-14T02:04:59,431238846-0700	1786698299425248180	WebRuntime	ServiceE	545	8772	2120	7800	18692	28418	342	797648	92684	88698880	23897017	32362496
525	R8	2026-08-14T02:05:00,178302179-0700	1786698300171996346	ServiceA	ServiceA	3953	4252	4364	2656	11272	509233	167	798552	92684	88698880	23897017	32362496
525	R8	2026-08-14T02:05:00,178302179-0700	1786698300171996346	ServiceB	ServiceB	692	3864	4440	2176	10480	33935	415	798552	92684	88698880	23897017	32362496
525	R8	2026-08-14T02:05:00,178302179-0700	1786698300171996346	ChannelLoader	ServiceH	3740	14200	25956	4324	44480	188373	103	798552	92684	88698880	23897017	32362496
525	R8	2026-08-14T02:05:00,178302179-0700	1786698300171996346	WebRuntime	ServiceE	545	8772	2120	7800	18692	28418	342	798552	92684	88698880	23897017	32362496
526	R8	2026-08-14T02:05:00,846546429-0700	1786698300837991596	ServiceA	ServiceA	3953	4252	4364	2656	11272	509233	167	798456	92684	88698880	23897017	32362496
526	R8	2026-08-14T02:05:00,846546429-0700	1786698300837991596	ServiceB	ServiceB	692	3864	4440	2176	10480	33935	415	798456	92684	88698880	23897017	32362496
526	R8	2026-08-14T02:05:00,846546429-0700	1786698300837991596	ChannelLoader	ServiceH	3740	14200	25956	4324	44480	188413	103	798456	92684	88698880	23897017	32362496
526	R8	2026-08-14T02:05:00,846546429-0700	1786698300837991596	WebRuntime	ServiceE	545	8772	2120	7800	18692	28418	342	798456	92684	88698880	23897017	32362496
527	R8	2026-08-14T02:05:01,561710762-0700	1786698301556652762	ServiceA	ServiceA	3953	4252	4364	2656	11272	509233	167	798480	92684	88698880	23897017	32362496
527	R8	2026-08-14T02:05:01,561710762-0700	1786698301556652762	ServiceB	ServiceB	692	3864	4440	2176	10480	33935	415	798480	92684	88698880	23897017	32362496
527	R8	2026-08-14T02:05:01,561710762-0700	1786698301556652762	ChannelLoader	ServiceH	3740	14200	25956	4324	44480	188413	103	798480	92684	88698880	23897017	32362496
527	R8	2026-08-14T02:05:01,561710762-0700	1786698301556652762	WebRuntime	ServiceE	545	8772	2120	7800	18692	28418	342	798480	92684	88698880	23897017	32362496
528	R8	2026-08-14T02:05:02,257038846-0700	1786698302251917929	ServiceA	ServiceA	3953	4252	4364	2656	11272	509233	167	798748	92684	88698880	23897017	32362496
528	R8	2026-08-14T02:05:02,257038846-0700	1786698302251917929	ServiceB	ServiceB	692	3864	4440	2176	10480	33935	415	798748	92684	88698880	23897017	32362496
528	R8	2026-08-14T02:05:02,257038846-0700	1786698302251917929	ChannelLoader	ServiceH	3740	14200	25956	4324	44480	188413	103	798748	92684	88698880	23897017	32362496
528	R8	2026-08-14T02:05:02,257038846-0700	1786698302251917929	WebRuntime	ServiceE	545	8772	2120	7800	18692	28418	342	798748	92684	88698880	23897017	32362496
529	R8	2026-08-14T02:05:02,979143845-0700	1786698302972260679	ServiceA	ServiceA	3953	4252	4364	2656	11272	509233	167	798828	92684	88698880	23897017	32362496
529	R8	2026-08-14T02:05:02,979143845-0700	1786698302972260679	ServiceB	ServiceB	692	3864	4440	2176	10480	33935	415	798828	92684	88698880	23897017	32362496
529	R8	2026-08-14T02:05:02,979143845-0700	1786698302972260679	ChannelLoader	ServiceH	3740	14200	25956	4324	44480	188413	103	798828	92684	88698880	23897017	32362496
529	R8	2026-08-14T02:05:02,979143845-0700	1786698302972260679	WebRuntime	ServiceE	545	8772	2120	7800	18692	28418	342	798828	92684	88698880	23897017	32362496
530	R8	2026-08-14T02:05:03,672314679-0700	1786698303666252929	ServiceA	ServiceA	3953	4252	4364	2656	11272	509233	167	798716	92684	88698880	23897017	32362496
530	R8	2026-08-14T02:05:03,672314679-0700	1786698303666252929	ServiceB	ServiceB	692	3864	4440	2176	10480	33935	415	798716	92684	88698880	23897017	32362496
530	R8	2026-08-14T02:05:03,672314679-0700	1786698303666252929	ChannelLoader	ServiceH	3740	14200	25956	4324	44480	188413	103	798716	92684	88698880	23897017	32362496
530	R8	2026-08-14T02:05:03,672314679-0700	1786698303666252929	WebRuntime	ServiceE	545	8772	2120	7800	18692	28418	342	798716	92684	88698880	23897017	32362496
531	R8	2026-08-14T02:05:04,286988845-0700	1786698304280851012	ServiceA	ServiceA	3953	4252	4364	2656	11272	509233	167	798196	92684	88698880	23897017	32362496
531	R8	2026-08-14T02:05:04,286988845-0700	1786698304280851012	ServiceB	ServiceB	692	3864	4440	2176	10480	33935	415	798196	92684	88698880	23897017	32362496
531	R8	2026-08-14T02:05:04,286988845-0700	1786698304280851012	ChannelLoader	ServiceH	3740	14200	25956	4324	44480	188413	103	798196	92684	88698880	23897017	32362496
531	R8	2026-08-14T02:05:04,286988845-0700	1786698304280851012	WebRuntime	ServiceE	545	8772	2120	7800	18692	28418	342	798196	92684	88698880	23897017	32362496
532	R8	2026-08-14T02:05:05,052713095-0700	1786698305047471595	ServiceA	ServiceA	3953	4252	4364	2656	11272	509233	167	797728	92684	88698880	23897017	32362496
532	R8	2026-08-14T02:05:05,052713095-0700	1786698305047471595	ServiceB	ServiceB	692	3864	4440	2176	10480	33935	415	797728	92684	88698880	23897017	32362496
532	R8	2026-08-14T02:05:05,052713095-0700	1786698305047471595	ChannelLoader	ServiceH	3740	14200	25956	4324	44480	188413	103	797728	92684	88698880	23897017	32362496
532	R8	2026-08-14T02:05:05,052713095-0700	1786698305047471595	WebRuntime	ServiceE	545	8772	2120	7800	18692	28418	342	797728	92684	88698880	23897017	32362496
533	R8	2026-08-14T02:05:05,721551678-0700	1786698305714280595	ServiceA	ServiceA	3953	4252	4364	2656	11272	509233	167	797908	92684	88698880	23897017	32362496
533	R8	2026-08-14T02:05:05,721551678-0700	1786698305714280595	ServiceB	ServiceB	692	3864	4440	2176	10480	33935	415	797908	92684	88698880	23897017	32362496
533	R8	2026-08-14T02:05:05,721551678-0700	1786698305714280595	ChannelLoader	ServiceH	3740	14200	25956	4324	44480	188453	103	797908	92684	88698880	23897017	32362496
533	R8	2026-08-14T02:05:05,721551678-0700	1786698305714280595	WebRuntime	ServiceE	545	8772	2120	7800	18692	28418	342	797908	92684	88698880	23897017	32362496
534	R8	2026-08-14T02:05:06,393659428-0700	1786698306384201178	ServiceA	ServiceA	3953	4248	4364	2656	11268	509234	167	798896	92684	88698880	23897017	32362496
534	R8	2026-08-14T02:05:06,393659428-0700	1786698306384201178	ServiceB	ServiceB	692	3904	4452	2176	10532	34024	415	798896	92684	88698880	23897017	32362496
534	R8	2026-08-14T02:05:06,393659428-0700	1786698306384201178	ChannelLoader	ServiceH	3740	14200	25956	4324	44480	188453	103	798896	92684	88698880	23897017	32362496
534	R8	2026-08-14T02:05:06,393659428-0700	1786698306384201178	WebRuntime	ServiceE	545	8772	2120	7800	18692	28418	342	798896	92684	88698880	23897017	32362496
535	R8	2026-08-14T02:05:07,114629344-0700	1786698307109498178	ServiceA	ServiceA	3953	4248	4364	2656	11268	509234	167	797064	92684	88698880	23897017	32362496
535	R8	2026-08-14T02:05:07,114629344-0700	1786698307109498178	ServiceB	ServiceB	692	3904	4452	2176	10532	34024	415	797064	92684	88698880	23897017	32362496
535	R8	2026-08-14T02:05:07,114629344-0700	1786698307109498178	ChannelLoader	ServiceH	3740	14200	25956	4324	44480	188453	103	797064	92684	88698880	23897017	32362496
535	R8	2026-08-14T02:05:07,114629344-0700	1786698307109498178	WebRuntime	ServiceE	545	8772	2120	7800	18692	28418	342	797064	92684	88698880	23897017	32362496
536	R8	2026-08-14T02:05:07,793779428-0700	1786698307786529678	ServiceA	ServiceA	3953	4248	4364	2656	11268	509234	167	797032	92684	88698880	23897017	32362496
536	R8	2026-08-14T02:05:07,793779428-0700	1786698307786529678	ServiceB	ServiceB	692	3904	4452	2176	10532	34024	415	797032	92684	88698880	23897017	32362496
536	R8	2026-08-14T02:05:07,793779428-0700	1786698307786529678	ChannelLoader	ServiceH	3740	14200	25956	4324	44480	188453	103	797032	92684	88698880	23897017	32362496
536	R8	2026-08-14T02:05:07,793779428-0700	1786698307786529678	WebRuntime	ServiceE	545	8772	2120	7800	18692	28418	342	797032	92684	88698880	23897017	32362496
537	R8	2026-08-14T02:05:08,455852511-0700	1786698308447891677	ServiceA	ServiceA	3953	4248	4364	2656	11268	509234	167	797404	92684	88698880	23897017	32362496
537	R8	2026-08-14T02:05:08,455852511-0700	1786698308447891677	ServiceB	ServiceB	692	3904	4452	2176	10532	34024	415	797404	92684	88698880	23897017	32362496
537	R8	2026-08-14T02:05:08,455852511-0700	1786698308447891677	ChannelLoader	ServiceH	3740	14200	25956	4324	44480	188453	103	797404	92684	88698880	23897017	32362496
537	R8	2026-08-14T02:05:08,455852511-0700	1786698308447891677	WebRuntime	ServiceE	545	8772	2120	7800	18692	28418	342	797404	92684	88698880	23897017	32362496
538	R8	2026-08-14T02:05:09,149716511-0700	1786698309144781344	ServiceA	ServiceA	3953	4248	4364	2656	11268	509234	167	795936	92684	88698880	23897017	32362496
538	R8	2026-08-14T02:05:09,149716511-0700	1786698309144781344	ServiceB	ServiceB	692	3904	4452	2176	10532	34024	415	795936	92684	88698880	23897017	32362496
538	R8	2026-08-14T02:05:09,149716511-0700	1786698309144781344	ChannelLoader	ServiceH	3740	14200	25956	4324	44480	188453	103	795936	92684	88698880	23897017	32362496
538	R8	2026-08-14T02:05:09,149716511-0700	1786698309144781344	WebRuntime	ServiceE	545	8772	2120	7800	18692	28418	342	795936	92684	88698880	23897017	32362496
539	R8	2026-08-14T02:05:09,853776510-0700	1786698309846046677	ServiceA	ServiceA	3953	4248	4364	2656	11268	509234	167	796692	92684	88698880	23897017	32362496
539	R8	2026-08-14T02:05:09,853776510-0700	1786698309846046677	ServiceB	ServiceB	692	3904	4452	2176	10532	34024	415	796692	92684	88698880	23897017	32362496
539	R8	2026-08-14T02:05:09,853776510-0700	1786698309846046677	ChannelLoader	ServiceH	3740	14200	25956	4324	44480	188453	103	796692	92684	88698880	23897017	32362496
539	R8	2026-08-14T02:05:09,853776510-0700	1786698309846046677	WebRuntime	ServiceE	545	8772	2120	7800	18692	28418	342	796692	92684	88698880	23897017	32362496
540	P1	2026-08-14T02:05:10,531004427-0700	1786698310521188844	ServiceA	ServiceA	3953	4248	4364	2656	11268	509234	167	796844	92684	88698880	23897017	32362496
540	P1	2026-08-14T02:05:10,531004427-0700	1786698310521188844	ServiceB	ServiceB	692	3904	4452	2176	10532	34024	415	796844	92684	88698880	23897017	32362496
540	P1	2026-08-14T02:05:10,531004427-0700	1786698310521188844	ChannelLoader	ServiceH	3740	14200	25956	4324	44480	188493	103	796844	92684	88698880	23897017	32362496
540	P1	2026-08-14T02:05:10,531004427-0700	1786698310521188844	WebRuntime	ServiceE	545	8772	2120	7800	18692	28418	342	796844	92684	88698880	23897017	32362496
541	P1	2026-08-14T02:05:11,231881260-0700	1786698311223597927	ServiceA	ServiceA	3953	4248	4364	2656	11268	509234	167	796988	92684	88698880	23897017	32362496
541	P1	2026-08-14T02:05:11,231881260-0700	1786698311223597927	ServiceB	ServiceB	692	3904	4452	2176	10532	34024	415	796988	92684	88698880	23897017	32362496
541	P1	2026-08-14T02:05:11,231881260-0700	1786698311223597927	ChannelLoader	ServiceH	3740	14200	25956	4324	44480	188493	103	796988	92684	88698880	23897017	32362496
541	P1	2026-08-14T02:05:11,231881260-0700	1786698311223597927	WebRuntime	ServiceE	545	8772	2120	7800	18692	28418	342	796988	92684	88698880	23897017	32362496
542	P1	2026-08-14T02:05:11,920502927-0700	1786698311913995093	ServiceA	ServiceA	3953	4248	4364	2656	11268	509234	167	797708	92684	88698880	23897017	32362496
542	P1	2026-08-14T02:05:11,920502927-0700	1786698311913995093	ServiceB	ServiceB	692	3904	4452	2176	10532	34024	415	797708	92684	88698880	23897017	32362496
542	P1	2026-08-14T02:05:11,920502927-0700	1786698311913995093	ChannelLoader	ServiceH	3740	14200	25956	4324	44480	188493	103	797708	92684	88698880	23897017	32362496
542	P1	2026-08-14T02:05:11,920502927-0700	1786698311913995093	WebRuntime	ServiceE	545	8772	2120	7800	18692	28418	342	797708	92684	88698880	23897017	32362496
543	P1	2026-08-14T02:05:12,648745676-0700	1786698312644293676	ServiceA	ServiceA	3953	4248	4364	2656	11268	509234	167	797308	92684	88698880	23897017	32362496
543	P1	2026-08-14T02:05:12,648745676-0700	1786698312644293676	ServiceB	ServiceB	692	3904	4448	2176	10528	34024	415	797308	92684	88698880	23897017	32362496
543	P1	2026-08-14T02:05:12,648745676-0700	1786698312644293676	ChannelLoader	ServiceH	3740	14200	25956	4324	44480	188493	103	797308	92684	88698880	23897017	32362496
543	P1	2026-08-14T02:05:12,648745676-0700	1786698312644293676	WebRuntime	ServiceE	545	8772	2120	7800	18692	28418	342	797308	92684	88698880	23897017	32362496
544	P1	2026-08-14T02:05:13,353577343-0700	1786698313347104260	ServiceA	ServiceA	3953	4248	4364	2656	11268	509234	167	797628	92684	88698880	23897017	32362496
544	P1	2026-08-14T02:05:13,353577343-0700	1786698313347104260	ServiceB	ServiceB	692	3904	4448	2176	10528	34024	415	797628	92684	88698880	23897017	32362496
544	P1	2026-08-14T02:05:13,353577343-0700	1786698313347104260	ChannelLoader	ServiceH	3740	14200	25956	4324	44480	188493	103	797628	92684	88698880	23897017	32362496
544	P1	2026-08-14T02:05:13,353577343-0700	1786698313347104260	WebRuntime	ServiceE	545	8772	2120	7800	18692	28418	342	797628	92684	88698880	23897017	32362496
545	P1	2026-08-14T02:05:14,026044926-0700	1786698314017581343	ServiceA	ServiceA	3953	4248	4364	2656	11268	509234	167	797932	92684	88698880	23897017	32362496
545	P1	2026-08-14T02:05:14,026044926-0700	1786698314017581343	ServiceB	ServiceB	692	3904	4448	2176	10528	34024	415	797932	92684	88698880	23897017	32362496
545	P1	2026-08-14T02:05:14,026044926-0700	1786698314017581343	ChannelLoader	ServiceH	3740	14200	25956	4324	44480	188493	103	797932	92684	88698880	23897017	32362496
545	P1	2026-08-14T02:05:14,026044926-0700	1786698314017581343	WebRuntime	ServiceE	545	8772	2120	7800	18692	28418	342	797932	92684	88698880	23897017	32362496
546	P1	2026-08-14T02:05:14,710040343-0700	1786698314700112259	ServiceA	ServiceA	3953	4248	4364	2656	11268	509234	167	796536	92684	88698880	23897017	32362496
546	P1	2026-08-14T02:05:14,710040343-0700	1786698314700112259	ServiceB	ServiceB	692	3904	4448	2176	10528	34024	415	796536	92684	88698880	23897017	32362496
546	P1	2026-08-14T02:05:14,710040343-0700	1786698314700112259	ChannelLoader	ServiceH	3740	14200	25956	4324	44480	188493	103	796536	92684	88698880	23897017	32362496
546	P1	2026-08-14T02:05:14,710040343-0700	1786698314700112259	WebRuntime	ServiceE	545	8772	2120	7800	18692	28418	342	796536	92684	88698880	23897017	32362496
547	P1	2026-08-14T02:05:15,383916926-0700	1786698315378040592	ServiceA	ServiceA	3953	4248	4364	2656	11268	509234	167	796684	92684	88698880	23897017	32362496
547	P1	2026-08-14T02:05:15,383916926-0700	1786698315378040592	ServiceB	ServiceB	692	3904	4448	2176	10528	34024	415	796684	92684	88698880	23897017	32362496
547	P1	2026-08-14T02:05:15,383916926-0700	1786698315378040592	ChannelLoader	ServiceH	3740	14200	25956	4324	44480	188533	103	796684	92684	88698880	23897017	32362496
547	P1	2026-08-14T02:05:15,383916926-0700	1786698315378040592	WebRuntime	ServiceE	545	8772	2120	7800	18692	28418	342	796684	92684	88698880	23897017	32362496
548	P1	2026-08-14T02:05:16,043122426-0700	1786698316031656342	ServiceA	ServiceA	3953	4248	4364	2656	11268	509234	167	796880	92684	88698880	23897017	32362496
548	P1	2026-08-14T02:05:16,043122426-0700	1786698316031656342	ServiceB	ServiceB	692	3904	4448	2176	10528	34024	415	796880	92684	88698880	23897017	32362496
548	P1	2026-08-14T02:05:16,043122426-0700	1786698316031656342	ChannelLoader	ServiceH	3740	14200	25956	4324	44480	188533	103	796880	92684	88698880	23897017	32362496
548	P1	2026-08-14T02:05:16,043122426-0700	1786698316031656342	WebRuntime	ServiceE	545	8772	2120	7800	18692	28418	342	796880	92684	88698880	23897017	32362496
549	P1	2026-08-14T02:05:16,726614592-0700	1786698316720408009	ServiceA	ServiceA	3953	4248	4364	2656	11268	509234	167	796284	92684	88698880	23897017	32362496
549	P1	2026-08-14T02:05:16,726614592-0700	1786698316720408009	ServiceB	ServiceB	692	3904	4448	2176	10528	34024	415	796284	92684	88698880	23897017	32362496
549	P1	2026-08-14T02:05:16,726614592-0700	1786698316720408009	ChannelLoader	ServiceH	3740	14200	25956	4324	44480	188533	103	796284	92684	88698880	23897017	32362496
549	P1	2026-08-14T02:05:16,726614592-0700	1786698316720408009	WebRuntime	ServiceE	545	8772	2120	7800	18692	28418	342	796284	92684	88698880	23897017	32362496
550	P1	2026-08-14T02:05:17,426074759-0700	1786698317421159259	ServiceA	ServiceA	3953	4248	4364	2656	11268	509234	167	796400	92684	88698880	23897017	32362496
550	P1	2026-08-14T02:05:17,426074759-0700	1786698317421159259	ServiceB	ServiceB	692	3904	4448	2176	10528	34024	415	796400	92684	88698880	23897017	32362496
550	P1	2026-08-14T02:05:17,426074759-0700	1786698317421159259	ChannelLoader	ServiceH	3740	14200	25956	4324	44480	188533	103	796400	92684	88698880	23897017	32362496
550	P1	2026-08-14T02:05:17,426074759-0700	1786698317421159259	WebRuntime	ServiceE	545	8772	2120	7800	18692	28418	342	796400	92684	88698880	23897017	32362496
551	P1	2026-08-14T02:05:18,205317008-0700	1786698318195976258	ServiceA	ServiceA	3953	4248	4364	2656	11268	509234	167	795972	92684	88698880	23897017	32362496
551	P1	2026-08-14T02:05:18,205317008-0700	1786698318195976258	ServiceB	ServiceB	692	3904	4448	2176	10528	34024	415	795972	92684	88698880	23897017	32362496
551	P1	2026-08-14T02:05:18,205317008-0700	1786698318195976258	ChannelLoader	ServiceH	3740	14200	25956	4324	44480	188533	103	795972	92684	88698880	23897017	32362496
551	P1	2026-08-14T02:05:18,205317008-0700	1786698318195976258	WebRuntime	ServiceE	545	8772	2120	7800	18692	28418	342	795972	92684	88698880	23897017	32362496
552	P1	2026-08-14T02:05:18,892895008-0700	1786698318886468842	ServiceA	ServiceA	3953	4248	4364	2656	11268	509234	167	795464	92684	88698880	23897017	32362496
552	P1	2026-08-14T02:05:18,892895008-0700	1786698318886468842	ServiceB	ServiceB	692	3904	4448	2176	10528	34024	415	795464	92684	88698880	23897017	32362496
552	P1	2026-08-14T02:05:18,892895008-0700	1786698318886468842	ChannelLoader	ServiceH	3740	14200	25956	4324	44480	188533	103	795464	92684	88698880	23897017	32362496
552	P1	2026-08-14T02:05:18,892895008-0700	1786698318886468842	WebRuntime	ServiceE	545	8772	2120	7800	18692	28418	342	795464	92684	88698880	23897017	32362496
553	P1	2026-08-14T02:05:19,642265591-0700	1786698319634631841	ServiceA	ServiceA	3953	4248	4364	2656	11268	509234	167	795408	92684	88698880	23897017	32362496
553	P1	2026-08-14T02:05:19,642265591-0700	1786698319634631841	ServiceB	ServiceB	692	3904	4448	2176	10528	34024	415	795408	92684	88698880	23897017	32362496
553	P1	2026-08-14T02:05:19,642265591-0700	1786698319634631841	ChannelLoader	ServiceH	3740	14172	25956	4324	44452	188533	103	795408	92684	88698880	23897017	32362496
553	P1	2026-08-14T02:05:19,642265591-0700	1786698319634631841	WebRuntime	ServiceE	545	8772	2120	7800	18692	28418	342	795408	92684	88698880	23897017	32362496
554	P1	2026-08-14T02:05:20,384370091-0700	1786698320379484008	ServiceA	ServiceA	3953	4248	4364	2656	11268	509234	167	796320	92684	88698880	23897017	32362496
554	P1	2026-08-14T02:05:20,384370091-0700	1786698320379484008	ServiceB	ServiceB	692	3904	4448	2176	10528	34024	415	796320	92684	88698880	23897017	32362496
554	P1	2026-08-14T02:05:20,384370091-0700	1786698320379484008	ChannelLoader	ServiceH	3740	14172	25956	4324	44452	188573	103	796320	92684	88698880	23897017	32362496
554	P1	2026-08-14T02:05:20,384370091-0700	1786698320379484008	WebRuntime	ServiceE	545	8772	2120	7800	18692	28418	342	796320	92684	88698880	23897017	32362496
555	P1	2026-08-14T02:05:21,062718758-0700	1786698321057843674	ServiceA	ServiceA	3953	4248	4364	2656	11268	509234	167	796760	92684	88698880	23897017	32362496
555	P1	2026-08-14T02:05:21,062718758-0700	1786698321057843674	ServiceB	ServiceB	692	3904	4448	2176	10528	34024	415	796760	92684	88698880	23897017	32362496
555	P1	2026-08-14T02:05:21,062718758-0700	1786698321057843674	ChannelLoader	ServiceH	3740	14172	25956	4324	44452	188573	103	796760	92684	88698880	23897017	32362496
555	P1	2026-08-14T02:05:21,062718758-0700	1786698321057843674	WebRuntime	ServiceE	545	8772	2120	7800	18692	28418	342	796760	92684	88698880	23897017	32362496
556	P1	2026-08-14T02:05:21,775478424-0700	1786698321765106674	ServiceA	ServiceA	3953	4248	4364	2656	11268	509234	167	797324	92684	88698880	23897017	32362496
556	P1	2026-08-14T02:05:21,775478424-0700	1786698321765106674	ServiceB	ServiceB	692	3904	4448	2176	10528	34024	415	797324	92684	88698880	23897017	32362496
556	P1	2026-08-14T02:05:21,775478424-0700	1786698321765106674	ChannelLoader	ServiceH	3740	14172	25956	4324	44452	188573	103	797324	92684	88698880	23897017	32362496
556	P1	2026-08-14T02:05:21,775478424-0700	1786698321765106674	WebRuntime	ServiceE	545	8772	2120	7800	18692	28418	342	797324	92684	88698880	23897017	32362496
557	P1	2026-08-14T02:05:22,527025257-0700	1786698322522025591	ServiceA	ServiceA	3953	4248	4364	2656	11268	509234	167	798140	92684	88698880	23897017	32362496
557	P1	2026-08-14T02:05:22,527025257-0700	1786698322522025591	ServiceB	ServiceB	692	3904	4448	2176	10528	34024	415	798140	92684	88698880	23897017	32362496
557	P1	2026-08-14T02:05:22,527025257-0700	1786698322522025591	ChannelLoader	ServiceH	3740	14172	25956	4324	44452	188573	103	798140	92684	88698880	23897017	32362496
557	P1	2026-08-14T02:05:22,527025257-0700	1786698322522025591	WebRuntime	ServiceE	545	8772	2120	7800	18692	28418	342	798140	92684	88698880	23897017	32362496
558	P1	2026-08-14T02:05:23,244331341-0700	1786698323238335924	ServiceA	ServiceA	3953	4248	4364	2656	11268	509234	167	796676	92684	88698880	23897017	32362496
558	P1	2026-08-14T02:05:23,244331341-0700	1786698323238335924	ServiceB	ServiceB	692	3904	4448	2176	10528	34024	415	796676	92684	88698880	23897017	32362496
558	P1	2026-08-14T02:05:23,244331341-0700	1786698323238335924	ChannelLoader	ServiceH	3740	14172	25956	4324	44452	188573	103	796676	92684	88698880	23897017	32362496
558	P1	2026-08-14T02:05:23,244331341-0700	1786698323238335924	WebRuntime	ServiceE	545	8772	2120	7800	18692	28418	342	796676	92684	88698880	23897017	32362496
559	P1	2026-08-14T02:05:23,882513757-0700	1786698323878253590	ServiceA	ServiceA	3953	4248	4364	2656	11268	509234	167	797388	92684	88698880	23897017	32362496
559	P1	2026-08-14T02:05:23,882513757-0700	1786698323878253590	ServiceB	ServiceB	692	3904	4448	2176	10528	34024	415	797388	92684	88698880	23897017	32362496
559	P1	2026-08-14T02:05:23,882513757-0700	1786698323878253590	ChannelLoader	ServiceH	3740	14172	25956	4324	44452	188573	103	797388	92684	88698880	23897017	32362496
559	P1	2026-08-14T02:05:23,882513757-0700	1786698323878253590	WebRuntime	ServiceE	545	8772	2120	7800	18692	28418	342	797388	92684	88698880	23897017	32362496
560	P1	2026-08-14T02:05:24,524839507-0700	1786698324514192257	ServiceA	ServiceA	3953	4248	4364	2656	11268	509234	167	798028	92684	88698880	23897017	32362496
560	P1	2026-08-14T02:05:24,524839507-0700	1786698324514192257	ServiceB	ServiceB	692	3904	4448	2176	10528	34024	415	798028	92684	88698880	23897017	32362496
560	P1	2026-08-14T02:05:24,524839507-0700	1786698324514192257	ChannelLoader	ServiceH	3740	14172	25956	4324	44452	188573	103	798028	92684	88698880	23897017	32362496
560	P1	2026-08-14T02:05:24,524839507-0700	1786698324514192257	WebRuntime	ServiceE	545	8772	2120	7800	18692	28418	342	798028	92684	88698880	23897017	32362496
561	P1	2026-08-14T02:05:25,233263090-0700	1786698325227383173	ServiceA	ServiceA	3953	4248	4364	2656	11268	509234	167	796556	92684	88698880	23897017	32362496
561	P1	2026-08-14T02:05:25,233263090-0700	1786698325227383173	ServiceB	ServiceB	692	3904	4448	2176	10528	34024	415	796556	92684	88698880	23897017	32362496
561	P1	2026-08-14T02:05:25,233263090-0700	1786698325227383173	ChannelLoader	ServiceH	3740	14172	25956	4324	44452	188573	103	796556	92684	88698880	23897017	32362496
561	P1	2026-08-14T02:05:25,233263090-0700	1786698325227383173	WebRuntime	ServiceE	545	8772	2120	7800	18692	28418	342	796556	92684	88698880	23897017	32362496
562	P1	2026-08-14T02:05:25,944584590-0700	1786698325935794423	ServiceA	ServiceA	3953	4248	4364	2656	11268	509234	167	796912	92684	88698880	23897017	32362496
562	P1	2026-08-14T02:05:25,944584590-0700	1786698325935794423	ServiceB	ServiceB	692	3904	4448	2176	10528	34024	415	796912	92684	88698880	23897017	32362496
562	P1	2026-08-14T02:05:25,944584590-0700	1786698325935794423	ChannelLoader	ServiceH	3740	14172	25956	4324	44452	188613	103	796912	92684	88698880	23897017	32362496
562	P1	2026-08-14T02:05:25,944584590-0700	1786698325935794423	WebRuntime	ServiceE	545	8772	2120	7800	18692	28418	342	796912	92684	88698880	23897017	32362496
563	P1	2026-08-14T02:05:26,671972340-0700	1786698326665569840	ServiceA	ServiceA	3953	4248	4364	2656	11268	509234	167	796432	92684	88698880	23897017	32362496
563	P1	2026-08-14T02:05:26,671972340-0700	1786698326665569840	ServiceB	ServiceB	692	3904	4448	2176	10528	34024	415	796432	92684	88698880	23897017	32362496
563	P1	2026-08-14T02:05:26,671972340-0700	1786698326665569840	ChannelLoader	ServiceH	3740	14172	25956	4324	44452	188613	103	796432	92684	88698880	23897017	32362496
563	P1	2026-08-14T02:05:26,671972340-0700	1786698326665569840	WebRuntime	ServiceE	545	8772	2120	7800	18692	28418	342	796432	92684	88698880	23897017	32362496
564	P1	2026-08-14T02:05:27,391082923-0700	1786698327384954173	ServiceA	ServiceA	3953	4248	4364	2656	11268	509234	167	795088	92684	88698880	23897017	32362496
564	P1	2026-08-14T02:05:27,391082923-0700	1786698327384954173	ServiceB	ServiceB	692	3904	4448	2176	10528	34024	415	795088	92684	88698880	23897017	32362496
564	P1	2026-08-14T02:05:27,391082923-0700	1786698327384954173	ChannelLoader	ServiceH	3740	14172	25956	4324	44452	188613	103	795088	92684	88698880	23897017	32362496
564	P1	2026-08-14T02:05:27,391082923-0700	1786698327384954173	WebRuntime	ServiceE	545	8772	2120	7800	18692	28418	342	795088	92684	88698880	23897017	32362496
565	P1	2026-08-14T02:05:28,125971173-0700	1786698328114593339	ServiceA	ServiceA	3953	4248	4364	2656	11268	509234	167	795816	92684	88698880	23897017	32362496
565	P1	2026-08-14T02:05:28,125971173-0700	1786698328114593339	ServiceB	ServiceB	692	3904	4448	2176	10528	34024	415	795816	92684	88698880	23897017	32362496
565	P1	2026-08-14T02:05:28,125971173-0700	1786698328114593339	ChannelLoader	ServiceH	3740	14172	25956	4324	44452	188613	103	795816	92684	88698880	23897017	32362496
565	P1	2026-08-14T02:05:28,125971173-0700	1786698328114593339	WebRuntime	ServiceE	545	8772	2120	7800	18692	28418	342	795816	92684	88698880	23897017	32362496
566	P1	2026-08-14T02:05:28,811265923-0700	1786698328804644423	ServiceA	ServiceA	3953	4248	4364	2656	11268	509234	167	795584	92684	88698880	23897017	32362496
566	P1	2026-08-14T02:05:28,811265923-0700	1786698328804644423	ServiceB	ServiceB	692	3904	4448	2176	10528	34024	415	795584	92684	88698880	23897017	32362496
566	P1	2026-08-14T02:05:28,811265923-0700	1786698328804644423	ChannelLoader	ServiceH	3740	14172	25956	4324	44452	188613	103	795584	92684	88698880	23897017	32362496
566	P1	2026-08-14T02:05:28,811265923-0700	1786698328804644423	WebRuntime	ServiceE	545	8772	2120	7800	18692	28418	342	795584	92684	88698880	23897017	32362496
567	P1	2026-08-14T02:05:29,532723339-0700	1786698329526460672	ServiceA	ServiceA	3953	4248	4364	2656	11268	509234	167	794760	92684	88698880	23897017	32362496
567	P1	2026-08-14T02:05:29,532723339-0700	1786698329526460672	ServiceB	ServiceB	692	3904	4448	2176	10528	34024	415	794760	92684	88698880	23897017	32362496
567	P1	2026-08-14T02:05:29,532723339-0700	1786698329526460672	ChannelLoader	ServiceH	3740	14172	25956	4324	44452	188613	103	794760	92684	88698880	23897017	32362496
567	P1	2026-08-14T02:05:29,532723339-0700	1786698329526460672	WebRuntime	ServiceE	545	8772	2120	7800	18692	28418	342	794760	92684	88698880	23897017	32362496
568	P1	2026-08-14T02:05:30,216439339-0700	1786698330209282839	ServiceA	ServiceA	3953	4248	4364	2656	11268	509234	167	795288	92684	88698880	23897017	32362496
568	P1	2026-08-14T02:05:30,216439339-0700	1786698330209282839	ServiceB	ServiceB	692	3904	4448	2176	10528	34024	415	795288	92684	88698880	23897017	32362496
568	P1	2026-08-14T02:05:30,216439339-0700	1786698330209282839	ChannelLoader	ServiceH	3740	14172	25956	4324	44452	188613	103	795288	92684	88698880	23897017	32362496
568	P1	2026-08-14T02:05:30,216439339-0700	1786698330209282839	WebRuntime	ServiceE	545	8772	2120	7800	18692	28418	342	795288	92684	88698880	23897017	32362496
569	P1	2026-08-14T02:05:30,856573422-0700	1786698330849655089	ServiceA	ServiceA	3953	4248	4364	2656	11268	509234	167	794952	92684	88698880	23897017	32362496
569	P1	2026-08-14T02:05:30,856573422-0700	1786698330849655089	ServiceB	ServiceB	692	3904	4448	2176	10528	34024	415	794952	92684	88698880	23897017	32362496
569	P1	2026-08-14T02:05:30,856573422-0700	1786698330849655089	ChannelLoader	ServiceH	3740	14172	25956	4324	44452	188653	103	794952	92684	88698880	23897017	32362496
569	P1	2026-08-14T02:05:30,856573422-0700	1786698330849655089	WebRuntime	ServiceE	545	8772	2120	7800	18692	28418	342	794952	92684	88698880	23897017	32362496
570	P1	2026-08-14T02:05:31,545177089-0700	1786698331533987089	ServiceA	ServiceA	3953	4248	4364	2656	11268	509234	167	795368	92684	88698880	23897017	32362496
570	P1	2026-08-14T02:05:31,545177089-0700	1786698331533987089	ServiceB	ServiceB	692	3904	4448	2176	10528	34024	415	795368	92684	88698880	23897017	32362496
570	P1	2026-08-14T02:05:31,545177089-0700	1786698331533987089	ChannelLoader	ServiceH	3740	14172	25956	4324	44452	188653	103	795368	92684	88698880	23897017	32362496
570	P1	2026-08-14T02:05:31,545177089-0700	1786698331533987089	WebRuntime	ServiceE	545	8772	2120	7800	18692	28418	342	795368	92684	88698880	23897017	32362496
571	P1	2026-08-14T02:05:32,243789172-0700	1786698332238778088	ServiceA	ServiceA	3953	4248	4364	2656	11268	509234	167	793964	92684	88698880	23897017	32362496
571	P1	2026-08-14T02:05:32,243789172-0700	1786698332238778088	ServiceB	ServiceB	692	3904	4448	2176	10528	34024	415	793964	92684	88698880	23897017	32362496
571	P1	2026-08-14T02:05:32,243789172-0700	1786698332238778088	ChannelLoader	ServiceH	3740	14172	25956	4324	44452	188653	103	793964	92684	88698880	23897017	32362496
571	P1	2026-08-14T02:05:32,243789172-0700	1786698332238778088	WebRuntime	ServiceE	545	8772	2120	7800	18692	28418	342	793964	92684	88698880	23897017	32362496
572	P1	2026-08-14T02:05:33,015524922-0700	1786698333008873338	ServiceA	ServiceA	3953	4248	4364	2656	11268	509234	167	793432	92684	88698880	23897017	32362496
572	P1	2026-08-14T02:05:33,015524922-0700	1786698333008873338	ServiceB	ServiceB	692	3904	4448	2176	10528	34024	415	793432	92684	88698880	23897017	32362496
572	P1	2026-08-14T02:05:33,015524922-0700	1786698333008873338	ChannelLoader	ServiceH	3740	14172	25956	4324	44452	188653	103	793432	92684	88698880	23897017	32362496
572	P1	2026-08-14T02:05:33,015524922-0700	1786698333008873338	WebRuntime	ServiceE	545	8772	2120	7800	18692	28418	342	793432	92684	88698880	23897017	32362496
573	P1	2026-08-14T02:05:33,772069838-0700	1786698333765276588	ServiceA	ServiceA	3953	4248	4364	2656	11268	509234	167	793480	92684	88698880	23897017	32362496
573	P1	2026-08-14T02:05:33,772069838-0700	1786698333765276588	ServiceB	ServiceB	692	3904	4448	2176	10528	34024	415	793480	92684	88698880	23897017	32362496
573	P1	2026-08-14T02:05:33,772069838-0700	1786698333765276588	ChannelLoader	ServiceH	3740	14172	25956	4324	44452	188653	103	793480	92684	88698880	23897017	32362496
573	P1	2026-08-14T02:05:33,772069838-0700	1786698333765276588	WebRuntime	ServiceE	545	8772	2120	7800	18692	28418	342	793480	92684	88698880	23897017	32362496
574	P1	2026-08-14T02:05:34,464178588-0700	1786698334458045338	ServiceA	ServiceA	3953	4248	4364	2656	11268	509234	167	793852	92684	88698880	23897017	32362496
574	P1	2026-08-14T02:05:34,464178588-0700	1786698334458045338	ServiceB	ServiceB	692	3904	4448	2176	10528	34024	415	793852	92684	88698880	23897017	32362496
574	P1	2026-08-14T02:05:34,464178588-0700	1786698334458045338	ChannelLoader	ServiceH	3740	14172	25956	4324	44452	188653	103	793852	92684	88698880	23897017	32362496
574	P1	2026-08-14T02:05:34,464178588-0700	1786698334458045338	WebRuntime	ServiceE	545	8772	2120	7800	18692	28418	342	793852	92684	88698880	23897017	32362496
575	P1	2026-08-14T02:05:35,134286504-0700	1786698335126589004	ServiceA	ServiceA	3953	4248	4364	2656	11268	509234	167	794128	92684	88698880	23897017	32362496
575	P1	2026-08-14T02:05:35,134286504-0700	1786698335126589004	ServiceB	ServiceB	692	3904	4448	2176	10528	34024	415	794128	92684	88698880	23897017	32362496
575	P1	2026-08-14T02:05:35,134286504-0700	1786698335126589004	ChannelLoader	ServiceH	3740	14172	25956	4324	44452	188653	103	794128	92684	88698880	23897017	32362496
575	P1	2026-08-14T02:05:35,134286504-0700	1786698335126589004	WebRuntime	ServiceE	545	8772	2120	7800	18692	28418	342	794128	92684	88698880	23897017	32362496
576	P1	2026-08-14T02:05:35,835197504-0700	1786698335828042254	ServiceA	ServiceA	3953	4248	4364	2656	11268	509234	167	793136	92684	88698880	23897017	32362496
576	P1	2026-08-14T02:05:35,835197504-0700	1786698335828042254	ServiceB	ServiceB	692	3904	4448	2176	10528	34024	415	793136	92684	88698880	23897017	32362496
576	P1	2026-08-14T02:05:35,835197504-0700	1786698335828042254	ChannelLoader	ServiceH	3740	14172	25956	4324	44452	188693	103	793136	92684	88698880	23897017	32362496
576	P1	2026-08-14T02:05:35,835197504-0700	1786698335828042254	WebRuntime	ServiceE	545	8772	2120	7800	18692	28418	342	793136	92684	88698880	23897017	32362496
577	P1	2026-08-14T02:05:36,562155671-0700	1786698336556963587	ServiceA	ServiceA	3953	4248	4364	2656	11268	509234	167	793412	92684	88698880	23897017	32362496
577	P1	2026-08-14T02:05:36,562155671-0700	1786698336556963587	ServiceB	ServiceB	692	3904	4448	2176	10528	34024	415	793412	92684	88698880	23897017	32362496
577	P1	2026-08-14T02:05:36,562155671-0700	1786698336556963587	ChannelLoader	ServiceH	3740	14172	25956	4324	44452	188693	103	793412	92684	88698880	23897017	32362496
577	P1	2026-08-14T02:05:36,562155671-0700	1786698336556963587	WebRuntime	ServiceE	545	8772	2120	7800	18692	28418	342	793412	92684	88698880	23897017	32362496
578	P1	2026-08-14T02:05:37,253650171-0700	1786698337246443754	ServiceA	ServiceA	3953	4248	4364	2656	11268	509234	167	793324	92684	88698880	23897017	32362496
578	P1	2026-08-14T02:05:37,253650171-0700	1786698337246443754	ServiceB	ServiceB	692	3904	4448	2176	10528	34025	415	793324	92684	88698880	23897017	32362496
578	P1	2026-08-14T02:05:37,253650171-0700	1786698337246443754	ChannelLoader	ServiceH	3740	14172	25956	4324	44452	188693	103	793324	92684	88698880	23897017	32362496
578	P1	2026-08-14T02:05:37,253650171-0700	1786698337246443754	WebRuntime	ServiceE	545	8772	2120	7800	18692	28418	342	793324	92684	88698880	23897017	32362496
579	P1	2026-08-14T02:05:37,944731920-0700	1786698337935503754	ServiceA	ServiceA	3953	4248	4364	2656	11268	509234	167	793836	92684	88698880	23897017	32362496
579	P1	2026-08-14T02:05:37,944731920-0700	1786698337935503754	ServiceB	ServiceB	692	3904	4448	2176	10528	34025	415	793836	92684	88698880	23897017	32362496
579	P1	2026-08-14T02:05:37,944731920-0700	1786698337935503754	ChannelLoader	ServiceH	3740	14172	25956	4324	44452	188693	103	793836	92684	88698880	23897017	32362496
579	P1	2026-08-14T02:05:37,944731920-0700	1786698337935503754	WebRuntime	ServiceE	545	8772	2120	7800	18692	28418	342	793836	92684	88698880	23897017	32362496
580	P1	2026-08-14T02:05:38,639712004-0700	1786698338631387254	ServiceA	ServiceA	3953	4248	4364	2656	11268	509234	167	793676	92684	88698880	23897017	32362496
580	P1	2026-08-14T02:05:38,639712004-0700	1786698338631387254	ServiceB	ServiceB	692	3904	4448	2176	10528	34025	415	793676	92684	88698880	23897017	32362496
580	P1	2026-08-14T02:05:38,639712004-0700	1786698338631387254	ChannelLoader	ServiceH	3740	14172	25956	4324	44452	188693	103	793676	92684	88698880	23897017	32362496
580	P1	2026-08-14T02:05:38,639712004-0700	1786698338631387254	WebRuntime	ServiceE	545	8772	2120	7800	18692	28418	342	793676	92684	88698880	23897017	32362496
581	P1	2026-08-14T02:05:39,256941087-0700	1786698339250070587	ServiceA	ServiceA	3953	4248	4364	2656	11268	509234	167	793592	92684	88698880	23897017	32362496
581	P1	2026-08-14T02:05:39,256941087-0700	1786698339250070587	ServiceB	ServiceB	692	3904	4448	2176	10528	34025	415	793592	92684	88698880	23897017	32362496
581	P1	2026-08-14T02:05:39,256941087-0700	1786698339250070587	ChannelLoader	ServiceH	3740	14172	25956	4324	44452	188693	103	793592	92684	88698880	23897017	32362496
581	P1	2026-08-14T02:05:39,256941087-0700	1786698339250070587	WebRuntime	ServiceE	545	8772	2120	7800	18692	28418	342	793592	92684	88698880	23897017	32362496
582	P1	2026-08-14T02:05:39,996952253-0700	1786698339984544420	ServiceA	ServiceA	3953	4248	4364	2656	11268	509234	167	793368	92684	88698880	23897017	32362496
582	P1	2026-08-14T02:05:39,996952253-0700	1786698339984544420	ServiceB	ServiceB	692	3904	4448	2176	10528	34025	415	793368	92684	88698880	23897017	32362496
582	P1	2026-08-14T02:05:39,996952253-0700	1786698339984544420	ChannelLoader	ServiceH	3740	14172	25956	4324	44452	188693	103	793368	92684	88698880	23897017	32362496
582	P1	2026-08-14T02:05:39,996952253-0700	1786698339984544420	WebRuntime	ServiceE	545	8772	2120	7800	18692	28418	342	793368	92684	88698880	23897017	32362496
583	P1	2026-08-14T02:05:40,666876836-0700	1786698340660279503	ServiceA	ServiceA	3953	4248	4364	2656	11268	509234	167	794320	92684	88698880	23897017	32362496
583	P1	2026-08-14T02:05:40,666876836-0700	1786698340660279503	ServiceB	ServiceB	692	3904	4448	2176	10528	34025	415	794320	92684	88698880	23897017	32362496
583	P1	2026-08-14T02:05:40,666876836-0700	1786698340660279503	ChannelLoader	ServiceH	3740	14172	25956	4324	44452	188733	103	794320	92684	88698880	23897017	32362496
583	P1	2026-08-14T02:05:40,666876836-0700	1786698340660279503	WebRuntime	ServiceE	545	8772	2120	7800	18692	28418	342	794320	92684	88698880	23897017	32362496
584	P1	2026-08-14T02:05:41,362668170-0700	1786698341357195003	ServiceA	ServiceA	3953	4248	4364	2656	11268	509234	167	794656	92684	88698880	23897017	32362496
584	P1	2026-08-14T02:05:41,362668170-0700	1786698341357195003	ServiceB	ServiceB	692	3904	4448	2176	10528	34025	415	794656	92684	88698880	23897017	32362496
584	P1	2026-08-14T02:05:41,362668170-0700	1786698341357195003	ChannelLoader	ServiceH	3740	14172	25956	4324	44452	188733	103	794656	92684	88698880	23897017	32362496
584	P1	2026-08-14T02:05:41,362668170-0700	1786698341357195003	WebRuntime	ServiceE	545	8772	2120	7800	18692	28418	342	794656	92684	88698880	23897017	32362496
585	P1	2026-08-14T02:05:42,060076336-0700	1786698342046745253	ServiceA	ServiceA	3953	4248	4364	2656	11268	509234	167	794120	92684	88698880	23897017	32362496
585	P1	2026-08-14T02:05:42,060076336-0700	1786698342046745253	ServiceB	ServiceB	692	3904	4448	2176	10528	34025	415	794120	92684	88698880	23897017	32362496
585	P1	2026-08-14T02:05:42,060076336-0700	1786698342046745253	ChannelLoader	ServiceH	3740	14172	25956	4324	44452	188733	103	794120	92684	88698880	23897017	32362496
585	P1	2026-08-14T02:05:42,060076336-0700	1786698342046745253	WebRuntime	ServiceE	545	8772	2120	7800	18692	28418	342	794120	92684	88698880	23897017	32362496
586	P1	2026-08-14T02:05:42,769031586-0700	1786698342761381253	ServiceA	ServiceA	3953	4248	4364	2656	11268	509234	167	793692	92684	88698880	23897017	32362496
586	P1	2026-08-14T02:05:42,769031586-0700	1786698342761381253	ServiceB	ServiceB	692	3904	4448	2176	10528	34025	415	793692	92684	88698880	23897017	32362496
586	P1	2026-08-14T02:05:42,769031586-0700	1786698342761381253	ChannelLoader	ServiceH	3740	14172	25956	4324	44452	188733	103	793692	92684	88698880	23897017	32362496
586	P1	2026-08-14T02:05:42,769031586-0700	1786698342761381253	WebRuntime	ServiceE	545	8772	2120	7800	18692	28418	342	793692	92684	88698880	23897017	32362496
587	P1	2026-08-14T02:05:43,432282919-0700	1786698343427801002	ServiceA	ServiceA	3953	4248	4364	2656	11268	509234	167	793112	92684	88698880	23897017	32362496
587	P1	2026-08-14T02:05:43,432282919-0700	1786698343427801002	ServiceB	ServiceB	692	3904	4448	2176	10528	34025	415	793112	92684	88698880	23897017	32362496
587	P1	2026-08-14T02:05:43,432282919-0700	1786698343427801002	ChannelLoader	ServiceH	3740	14172	25956	4324	44452	188733	103	793112	92684	88698880	23897017	32362496
587	P1	2026-08-14T02:05:43,432282919-0700	1786698343427801002	WebRuntime	ServiceE	545	8772	2120	7800	18692	28418	342	793112	92684	88698880	23897017	32362496
588	P1	2026-08-14T02:05:44,178747169-0700	1786698344170282169	ServiceA	ServiceA	3953	4248	4364	2656	11268	509234	167	793652	92684	88698880	23897017	32362496
588	P1	2026-08-14T02:05:44,178747169-0700	1786698344170282169	ServiceB	ServiceB	692	3904	4448	2176	10528	34025	415	793652	92684	88698880	23897017	32362496
588	P1	2026-08-14T02:05:44,178747169-0700	1786698344170282169	ChannelLoader	ServiceH	3740	14172	25956	4324	44452	188733	103	793652	92684	88698880	23897017	32362496
588	P1	2026-08-14T02:05:44,178747169-0700	1786698344170282169	WebRuntime	ServiceE	545	8772	2120	7800	18692	28418	342	793652	92684	88698880	23897017	32362496
589	P1	2026-08-14T02:05:44,862126752-0700	1786698344855904335	ServiceA	ServiceA	3953	4248	4364	2656	11268	509234	167	793512	92684	88698880	23897017	32362496
589	P1	2026-08-14T02:05:44,862126752-0700	1786698344855904335	ServiceB	ServiceB	692	3904	4448	2176	10528	34025	415	793512	92684	88698880	23897017	32362496
589	P1	2026-08-14T02:05:44,862126752-0700	1786698344855904335	ChannelLoader	ServiceH	3740	14172	25956	4324	44452	188733	103	793512	92684	88698880	23897017	32362496
589	P1	2026-08-14T02:05:44,862126752-0700	1786698344855904335	WebRuntime	ServiceE	545	8772	2120	7800	18692	28418	342	793512	92684	88698880	23897017	32362496
590	P1	2026-08-14T02:05:45,553470335-0700	1786698345546247669	ServiceA	ServiceA	3953	4248	4364	2656	11268	509234	167	793192	92684	88698880	23897017	32362496
590	P1	2026-08-14T02:05:45,553470335-0700	1786698345546247669	ServiceB	ServiceB	692	3904	4448	2176	10528	34025	415	793192	92684	88698880	23897017	32362496
590	P1	2026-08-14T02:05:45,553470335-0700	1786698345546247669	ChannelLoader	ServiceH	3740	14172	25956	4324	44452	188773	103	793192	92684	88698880	23897017	32362496
590	P1	2026-08-14T02:05:45,553470335-0700	1786698345546247669	WebRuntime	ServiceE	545	8772	2120	7800	18692	28418	342	793192	92684	88698880	23897017	32362496
591	P1	2026-08-14T02:05:46,260056418-0700	1786698346248715085	ServiceA	ServiceA	3953	4248	4364	2656	11268	509234	167	793416	92684	88698880	23897017	32362496
591	P1	2026-08-14T02:05:46,260056418-0700	1786698346248715085	ServiceB	ServiceB	692	3904	4448	2176	10528	34025	415	793416	92684	88698880	23897017	32362496
591	P1	2026-08-14T02:05:46,260056418-0700	1786698346248715085	ChannelLoader	ServiceH	3740	14172	25956	4324	44452	188773	103	793416	92684	88698880	23897017	32362496
591	P1	2026-08-14T02:05:46,260056418-0700	1786698346248715085	WebRuntime	ServiceE	545	8772	2120	7800	18692	28418	342	793416	92684	88698880	23897017	32362496
592	P1	2026-08-14T02:05:46,948479585-0700	1786698346936836835	ServiceA	ServiceA	3953	4248	4364	2656	11268	509234	167	794260	92684	88698880	23897017	32362496
592	P1	2026-08-14T02:05:46,948479585-0700	1786698346936836835	ServiceB	ServiceB	692	3904	4448	2176	10528	34025	415	794260	92684	88698880	23897017	32362496
592	P1	2026-08-14T02:05:46,948479585-0700	1786698346936836835	ChannelLoader	ServiceH	3740	14172	25956	4324	44452	188773	103	794260	92684	88698880	23897017	32362496
592	P1	2026-08-14T02:05:46,948479585-0700	1786698346936836835	WebRuntime	ServiceE	545	8772	2120	7800	18692	28418	342	794260	92684	88698880	23897017	32362496
593	P1	2026-08-14T02:05:47,662543168-0700	1786698347653941001	ServiceA	ServiceA	3953	4248	4364	2656	11268	509234	167	793756	92684	88698880	23897017	32362496
593	P1	2026-08-14T02:05:47,662543168-0700	1786698347653941001	ServiceB	ServiceB	692	3904	4448	2176	10528	34025	415	793756	92684	88698880	23897017	32362496
593	P1	2026-08-14T02:05:47,662543168-0700	1786698347653941001	ChannelLoader	ServiceH	3740	14172	25956	4324	44452	188773	103	793756	92684	88698880	23897017	32362496
593	P1	2026-08-14T02:05:47,662543168-0700	1786698347653941001	WebRuntime	ServiceE	545	8772	2120	7800	18692	28418	342	793756	92684	88698880	23897017	32362496
594	P1	2026-08-14T02:05:48,419767168-0700	1786698348414283585	ServiceA	ServiceA	3953	4248	4364	2656	11268	509234	167	793068	92684	88698880	23897017	32362496
594	P1	2026-08-14T02:05:48,419767168-0700	1786698348414283585	ServiceB	ServiceB	692	3904	4448	2176	10528	34025	415	793068	92684	88698880	23897017	32362496
594	P1	2026-08-14T02:05:48,419767168-0700	1786698348414283585	ChannelLoader	ServiceH	3740	14172	25956	4324	44452	188773	103	793068	92684	88698880	23897017	32362496
594	P1	2026-08-14T02:05:48,419767168-0700	1786698348414283585	WebRuntime	ServiceE	545	8772	2120	7800	18692	28418	342	793068	92684	88698880	23897017	32362496
595	P1	2026-08-14T02:05:49,095347751-0700	1786698349082745834	ServiceA	ServiceA	3953	4248	4364	2656	11268	509234	167	792708	92684	88698880	23897017	32362496
595	P1	2026-08-14T02:05:49,095347751-0700	1786698349082745834	ServiceB	ServiceB	692	3904	4448	2176	10528	34025	415	792708	92684	88698880	23897017	32362496
595	P1	2026-08-14T02:05:49,095347751-0700	1786698349082745834	ChannelLoader	ServiceH	3740	14172	25956	4324	44452	188773	103	792708	92684	88698880	23897017	32362496
595	P1	2026-08-14T02:05:49,095347751-0700	1786698349082745834	WebRuntime	ServiceE	545	8772	2120	7800	18692	28418	342	792708	92684	88698880	23897017	32362496
596	P1	2026-08-14T02:05:49,779422418-0700	1786698349774710501	ServiceA	ServiceA	3953	4248	4364	2656	11268	509234	167	792736	92684	88698880	23897017	32362496
596	P1	2026-08-14T02:05:49,779422418-0700	1786698349774710501	ServiceB	ServiceB	692	3904	4448	2176	10528	34025	415	792736	92684	88698880	23897017	32362496
596	P1	2026-08-14T02:05:49,779422418-0700	1786698349774710501	ChannelLoader	ServiceH	3740	14172	25956	4324	44452	188773	103	792736	92684	88698880	23897017	32362496
596	P1	2026-08-14T02:05:49,779422418-0700	1786698349774710501	WebRuntime	ServiceE	545	8772	2120	7800	18692	28418	342	792736	92684	88698880	23897017	32362496
597	P1	2026-08-14T02:05:50,514321001-0700	1786698350509687001	ServiceA	ServiceA	3953	4248	4364	2656	11268	509234	167	792628	92684	88698880	23897017	32362496
597	P1	2026-08-14T02:05:50,514321001-0700	1786698350509687001	ServiceB	ServiceB	692	3904	4448	2176	10528	34025	415	792628	92684	88698880	23897017	32362496
597	P1	2026-08-14T02:05:50,514321001-0700	1786698350509687001	ChannelLoader	ServiceH	3740	14172	25956	4324	44452	188813	103	792628	92684	88698880	23897017	32362496
597	P1	2026-08-14T02:05:50,514321001-0700	1786698350509687001	WebRuntime	ServiceE	545	8772	2120	7800	18692	28418	342	792628	92684	88698880	23897017	32362496
598	P1	2026-08-14T02:05:51,199372334-0700	1786698351194032167	ServiceA	ServiceA	3953	4248	4364	2656	11268	509234	167	792884	92684	88698880	23897017	32362496
598	P1	2026-08-14T02:05:51,199372334-0700	1786698351194032167	ServiceB	ServiceB	692	3904	4448	2176	10528	34025	415	792884	92684	88698880	23897017	32362496
598	P1	2026-08-14T02:05:51,199372334-0700	1786698351194032167	ChannelLoader	ServiceH	3740	14172	25956	4324	44452	188813	103	792884	92684	88698880	23897017	32362496
598	P1	2026-08-14T02:05:51,199372334-0700	1786698351194032167	WebRuntime	ServiceE	545	8772	2120	7800	18692	28418	342	792884	92684	88698880	23897017	32362496
599	P1	2026-08-14T02:05:51,955494084-0700	1786698351946776417	ServiceA	ServiceA	3953	4248	4364	2656	11268	509234	167	793112	92684	88698880	23897017	32362496
599	P1	2026-08-14T02:05:51,955494084-0700	1786698351946776417	ServiceB	ServiceB	692	3904	4448	2176	10528	34025	415	793112	92684	88698880	23897017	32362496
599	P1	2026-08-14T02:05:51,955494084-0700	1786698351946776417	ChannelLoader	ServiceH	3740	14172	25956	4324	44452	188813	103	793112	92684	88698880	23897017	32362496
599	P1	2026-08-14T02:05:51,955494084-0700	1786698351946776417	WebRuntime	ServiceE	545	8772	2120	7800	18692	28418	342	793112	92684	88698880	23897017	32362496
600	P1	2026-08-14T02:05:52,628389750-0700	1786698352620104667	ServiceA	ServiceA	3953	4248	4364	2656	11268	509234	167	793404	92684	88698880	23897017	32362496
600	P1	2026-08-14T02:05:52,628389750-0700	1786698352620104667	ServiceB	ServiceB	692	3904	4448	2176	10528	34025	415	793404	92684	88698880	23897017	32362496
600	P1	2026-08-14T02:05:52,628389750-0700	1786698352620104667	ChannelLoader	ServiceH	3740	14172	25956	4324	44452	188813	103	793404	92684	88698880	23897017	32362496
600	P1	2026-08-14T02:05:52,628389750-0700	1786698352620104667	WebRuntime	ServiceE	545	8772	2120	7800	18692	28418	342	793404	92684	88698880	23897017	32362496
601	P1	2026-08-14T02:05:53,430014667-0700	1786698353416660000	ServiceA	ServiceA	3953	4248	4364	2656	11268	509234	167	793124	92684	88698880	23897017	32362496
601	P1	2026-08-14T02:05:53,430014667-0700	1786698353416660000	ServiceB	ServiceB	692	3904	4448	2176	10528	34025	415	793124	92684	88698880	23897017	32362496
601	P1	2026-08-14T02:05:53,430014667-0700	1786698353416660000	ChannelLoader	ServiceH	3740	14172	25956	4324	44452	188813	103	793124	92684	88698880	23897017	32362496
601	P1	2026-08-14T02:05:53,430014667-0700	1786698353416660000	WebRuntime	ServiceE	545	8772	2120	7800	18692	28418	342	793124	92684	88698880	23897017	32362496
602	P1	2026-08-14T02:05:54,103438333-0700	1786698354097086833	ServiceA	ServiceA	3953	4248	4364	2656	11268	509234	167	793048	92684	88698880	23897017	32362496
602	P1	2026-08-14T02:05:54,103438333-0700	1786698354097086833	ServiceB	ServiceB	692	3904	4448	2176	10528	34025	415	793048	92684	88698880	23897017	32362496
602	P1	2026-08-14T02:05:54,103438333-0700	1786698354097086833	ChannelLoader	ServiceH	3740	14172	25956	4324	44452	188813	103	793048	92684	88698880	23897017	32362496
602	P1	2026-08-14T02:05:54,103438333-0700	1786698354097086833	WebRuntime	ServiceE	545	8772	2120	7800	18692	28418	342	793048	92684	88698880	23897017	32362496
603	P1	2026-08-14T02:05:54,839310166-0700	1786698354831011916	ServiceA	ServiceA	3953	4248	4364	2656	11268	509234	167	792176	92684	88698880	23897017	32362496
603	P1	2026-08-14T02:05:54,839310166-0700	1786698354831011916	ServiceB	ServiceB	692	3904	4448	2176	10528	34025	415	792176	92684	88698880	23897017	32362496
603	P1	2026-08-14T02:05:54,839310166-0700	1786698354831011916	ChannelLoader	ServiceH	3740	14172	25956	4324	44452	188813	103	792176	92684	88698880	23897017	32362496
603	P1	2026-08-14T02:05:54,839310166-0700	1786698354831011916	WebRuntime	ServiceE	545	8772	2120	7800	18692	28418	342	792176	92684	88698880	23897017	32362496
604	P1	2026-08-14T02:05:55,516078166-0700	1786698355509976583	ServiceA	ServiceA	3953	4248	4364	2656	11268	509234	167	793684	92684	88698880	23897017	32362496
604	P1	2026-08-14T02:05:55,516078166-0700	1786698355509976583	ServiceB	ServiceB	692	3904	4448	2176	10528	34025	415	793684	92684	88698880	23897017	32362496
604	P1	2026-08-14T02:05:55,516078166-0700	1786698355509976583	ChannelLoader	ServiceH	3740	14172	25956	4324	44452	188853	103	793684	92684	88698880	23897017	32362496
604	P1	2026-08-14T02:05:55,516078166-0700	1786698355509976583	WebRuntime	ServiceE	545	8772	2120	7800	18692	28418	342	793684	92684	88698880	23897017	32362496
605	P1	2026-08-14T02:05:56,149663583-0700	1786698356145005833	ServiceA	ServiceA	3953	4248	4364	2656	11268	509234	167	793632	92684	88698880	23897017	32362496
605	P1	2026-08-14T02:05:56,149663583-0700	1786698356145005833	ServiceB	ServiceB	692	3904	4448	2176	10528	34025	415	793632	92684	88698880	23897017	32362496
605	P1	2026-08-14T02:05:56,149663583-0700	1786698356145005833	ChannelLoader	ServiceH	3740	14172	25956	4324	44452	188853	103	793632	92684	88698880	23897017	32362496
605	P1	2026-08-14T02:05:56,149663583-0700	1786698356145005833	WebRuntime	ServiceE	545	8772	2120	7800	18692	28418	342	793632	92684	88698880	23897017	32362496
606	P1	2026-08-14T02:05:56,856256999-0700	1786698356847975083	ServiceA	ServiceA	3953	4248	4364	2656	11268	509234	167	794928	92684	88698880	23897017	32362496
606	P1	2026-08-14T02:05:56,856256999-0700	1786698356847975083	ServiceB	ServiceB	692	3904	4448	2176	10528	34025	415	794928	92684	88698880	23897017	32362496
606	P1	2026-08-14T02:05:56,856256999-0700	1786698356847975083	ChannelLoader	ServiceH	3740	14172	25956	4324	44452	188853	103	794928	92684	88698880	23897017	32362496
606	P1	2026-08-14T02:05:56,856256999-0700	1786698356847975083	WebRuntime	ServiceE	545	8772	2120	7800	18692	28418	342	794928	92684	88698880	23897017	32362496
607	P1	2026-08-14T02:05:57,565119416-0700	1786698357556672416	ServiceA	ServiceA	3953	4248	4364	2656	11268	509234	167	793220	92684	88698880	23897017	32362496
607	P1	2026-08-14T02:05:57,565119416-0700	1786698357556672416	ServiceB	ServiceB	692	3904	4448	2176	10528	34025	415	793220	92684	88698880	23897017	32362496
607	P1	2026-08-14T02:05:57,565119416-0700	1786698357556672416	ChannelLoader	ServiceH	3740	14172	25956	4324	44452	188853	103	793220	92684	88698880	23897017	32362496
607	P1	2026-08-14T02:05:57,565119416-0700	1786698357556672416	WebRuntime	ServiceE	545	8772	2120	7800	18692	28418	342	793220	92684	88698880	23897017	32362496
608	P1	2026-08-14T02:05:58,296647249-0700	1786698358288388416	ServiceA	ServiceA	3953	4248	4364	2656	11268	509234	167	792728	92684	88698880	23897017	32362496
608	P1	2026-08-14T02:05:58,296647249-0700	1786698358288388416	ServiceB	ServiceB	692	3904	4448	2176	10528	34025	415	792728	92684	88698880	23897017	32362496
608	P1	2026-08-14T02:05:58,296647249-0700	1786698358288388416	ChannelLoader	ServiceH	3740	14172	25956	4324	44452	188853	103	792728	92684	88698880	23897017	32362496
608	P1	2026-08-14T02:05:58,296647249-0700	1786698358288388416	WebRuntime	ServiceE	545	8772	2120	7800	18692	28418	342	792728	92684	88698880	23897017	32362496
609	P1	2026-08-14T02:05:58,992482665-0700	1786698358980563832	ServiceA	ServiceA	3953	4248	4364	2656	11268	509234	167	794124	92684	88698880	23897017	32362496
609	P1	2026-08-14T02:05:58,992482665-0700	1786698358980563832	ServiceB	ServiceB	692	3904	4448	2176	10528	34025	415	794124	92684	88698880	23897017	32362496
609	P1	2026-08-14T02:05:58,992482665-0700	1786698358980563832	ChannelLoader	ServiceH	3740	14172	25956	4324	44452	188853	103	794124	92684	88698880	23897017	32362496
609	P1	2026-08-14T02:05:58,992482665-0700	1786698358980563832	WebRuntime	ServiceE	545	8772	2120	7800	18692	28418	342	794124	92684	88698880	23897017	32362496
610	P1	2026-08-14T02:05:59,636391832-0700	1786698359630289249	ServiceA	ServiceA	3953	4248	4364	2656	11268	509234	167	793104	92684	88698880	23897017	32362496
610	P1	2026-08-14T02:05:59,636391832-0700	1786698359630289249	ServiceB	ServiceB	692	3904	4448	2176	10528	34025	415	793104	92684	88698880	23897017	32362496
610	P1	2026-08-14T02:05:59,636391832-0700	1786698359630289249	ChannelLoader	ServiceH	3740	14172	25956	4324	44452	188853	103	793104	92684	88698880	23897017	32362496
610	P1	2026-08-14T02:05:59,636391832-0700	1786698359630289249	WebRuntime	ServiceE	545	8772	2120	7800	18692	28418	342	793104	92684	88698880	23897017	32362496
611	P1	2026-08-14T02:06:00,362473498-0700	1786698360356806332	ServiceA	ServiceA	3953	4248	4364	2656	11268	509234	167	793080	92684	88698880	23897017	32362496
611	P1	2026-08-14T02:06:00,362473498-0700	1786698360356806332	ServiceB	ServiceB	692	3904	4448	2176	10528	34025	415	793080	92684	88698880	23897017	32362496
611	P1	2026-08-14T02:06:00,362473498-0700	1786698360356806332	ChannelLoader	ServiceH	3740	14172	25956	4324	44452	188893	103	793080	92684	88698880	23897017	32362496
611	P1	2026-08-14T02:06:00,362473498-0700	1786698360356806332	WebRuntime	ServiceE	545	8772	2120	7800	18692	28418	342	793080	92684	88698880	23897017	32362496
612	P1	2026-08-14T02:06:01,030215332-0700	1786698361024269915	ServiceA	ServiceA	3953	4248	4364	2656	11268	509234	167	793176	92684	88698880	23897017	32362496
612	P1	2026-08-14T02:06:01,030215332-0700	1786698361024269915	ServiceB	ServiceB	692	3904	4448	2176	10528	34025	415	793176	92684	88698880	23897017	32362496
612	P1	2026-08-14T02:06:01,030215332-0700	1786698361024269915	ChannelLoader	ServiceH	3740	14172	25956	4324	44452	188893	103	793176	92684	88698880	23897017	32362496
612	P1	2026-08-14T02:06:01,030215332-0700	1786698361024269915	WebRuntime	ServiceE	545	8772	2120	7800	18692	28418	342	793176	92684	88698880	23897017	32362496
613	P1	2026-08-14T02:06:01,707426248-0700	1786698361697933165	ServiceA	ServiceA	3953	4248	4364	2656	11268	509234	167	793480	92684	88698880	23897017	32362496
613	P1	2026-08-14T02:06:01,707426248-0700	1786698361697933165	ServiceB	ServiceB	692	3904	4448	2176	10528	34025	415	793480	92684	88698880	23897017	32362496
613	P1	2026-08-14T02:06:01,707426248-0700	1786698361697933165	ChannelLoader	ServiceH	3740	14172	25956	4324	44452	188893	103	793480	92684	88698880	23897017	32362496
613	P1	2026-08-14T02:06:01,707426248-0700	1786698361697933165	WebRuntime	ServiceE	545	8772	2120	7800	18692	28418	342	793480	92684	88698880	23897017	32362496
614	P1	2026-08-14T02:06:02,431684248-0700	1786698362423458165	ServiceA	ServiceA	3953	4248	4364	2656	11268	509234	167	792684	92684	88698880	23897017	32362496
614	P1	2026-08-14T02:06:02,431684248-0700	1786698362423458165	ServiceB	ServiceB	692	3904	4448	2176	10528	34025	415	792684	92684	88698880	23897017	32362496
614	P1	2026-08-14T02:06:02,431684248-0700	1786698362423458165	ChannelLoader	ServiceH	3740	14172	25956	4324	44452	188893	103	792684	92684	88698880	23897017	32362496
614	P1	2026-08-14T02:06:02,431684248-0700	1786698362423458165	WebRuntime	ServiceE	545	8772	2120	7800	18692	28418	342	792684	92684	88698880	23897017	32362496
615	P1	2026-08-14T02:06:03,176103081-0700	1786698363165758248	ServiceA	ServiceA	3953	4248	4364	2656	11268	509234	167	792700	92684	88698880	23897017	32362496
615	P1	2026-08-14T02:06:03,176103081-0700	1786698363165758248	ServiceB	ServiceB	692	3904	4448	2176	10528	34025	415	792700	92684	88698880	23897017	32362496
615	P1	2026-08-14T02:06:03,176103081-0700	1786698363165758248	ChannelLoader	ServiceH	3740	14172	25956	4324	44452	188893	103	792700	92684	88698880	23897017	32362496
615	P1	2026-08-14T02:06:03,176103081-0700	1786698363165758248	WebRuntime	ServiceE	545	8772	2120	7800	18692	28418	342	792700	92684	88698880	23897017	32362496
616	P1	2026-08-14T02:06:04,012226831-0700	1786698364006595164	ServiceA	ServiceA	3953	4248	4364	2656	11268	509234	167	792152	92684	88698880	23897017	32362496
616	P1	2026-08-14T02:06:04,012226831-0700	1786698364006595164	ServiceB	ServiceB	692	3904	4448	2176	10528	34025	415	792152	92684	88698880	23897017	32362496
616	P1	2026-08-14T02:06:04,012226831-0700	1786698364006595164	ChannelLoader	ServiceH	3740	14172	25956	4324	44452	188893	103	792152	92684	88698880	23897017	32362496
616	P1	2026-08-14T02:06:04,012226831-0700	1786698364006595164	WebRuntime	ServiceE	545	8772	2120	7800	18692	28418	342	792152	92684	88698880	23897017	32362496
617	P1	2026-08-14T02:06:05,011901414-0700	1786698365007237664	ServiceA	ServiceA	3953	4248	4364	2656	11268	509234	167	792216	92684	88698880	23897017	32362496
617	P1	2026-08-14T02:06:05,011901414-0700	1786698365007237664	ServiceB	ServiceB	692	3904	4448	2176	10528	34025	415	792216	92684	88698880	23897017	32362496
617	P1	2026-08-14T02:06:05,011901414-0700	1786698365007237664	ChannelLoader	ServiceH	3740	14172	25956	4324	44452	188893	103	792216	92684	88698880	23897017	32362496
617	P1	2026-08-14T02:06:05,011901414-0700	1786698365007237664	WebRuntime	ServiceE	545	8772	2120	7800	18692	28418	342	792216	92684	88698880	23897017	32362496
618	P1	2026-08-14T02:06:06,015403414-0700	1786698366010186914	ServiceA	ServiceA	3953	4248	4364	2656	11268	509234	167	792224	92684	88698880	23897017	32362496
618	P1	2026-08-14T02:06:06,015403414-0700	1786698366010186914	ServiceB	ServiceB	692	3904	4448	2176	10528	34025	415	792224	92684	88698880	23897017	32362496
618	P1	2026-08-14T02:06:06,015403414-0700	1786698366010186914	ChannelLoader	ServiceH	3740	14172	25956	4324	44452	188933	103	792224	92684	88698880	23897017	32362496
618	P1	2026-08-14T02:06:06,015403414-0700	1786698366010186914	WebRuntime	ServiceE	545	8772	2120	7800	18692	28418	342	792224	92684	88698880	23897017	32362496
619	P1	2026-08-14T02:06:07,008164163-0700	1786698366999145580	ServiceA	ServiceA	3953	4248	4364	2656	11268	509234	167	793024	92684	88698880	23897017	32362496
619	P1	2026-08-14T02:06:07,008164163-0700	1786698366999145580	ServiceB	ServiceB	692	3904	4448	2176	10528	34028	415	793024	92684	88698880	23897017	32362496
619	P1	2026-08-14T02:06:07,008164163-0700	1786698366999145580	ChannelLoader	ServiceH	3740	14172	25956	4324	44452	188933	103	793024	92684	88698880	23897017	32362496
619	P1	2026-08-14T02:06:07,008164163-0700	1786698366999145580	WebRuntime	ServiceE	545	8772	2120	7800	18692	28418	342	793024	92684	88698880	23897017	32362496
620	P1	2026-08-14T02:06:08,020730747-0700	1786698368012961413	ServiceA	ServiceA	3953	4248	4364	2656	11268	509234	167	792912	92684	88698880	23897017	32362496
620	P1	2026-08-14T02:06:08,020730747-0700	1786698368012961413	ServiceB	ServiceB	692	3904	4448	2176	10528	34028	415	792912	92684	88698880	23897017	32362496
620	P1	2026-08-14T02:06:08,020730747-0700	1786698368012961413	ChannelLoader	ServiceH	3740	14172	25956	4324	44452	188933	103	792912	92684	88698880	23897017	32362496
620	P1	2026-08-14T02:06:08,020730747-0700	1786698368012961413	WebRuntime	ServiceE	545	8772	2120	7800	18692	28418	342	792912	92684	88698880	23897017	32362496
621	P1	2026-08-14T02:06:09,014928080-0700	1786698369008414496	ServiceA	ServiceA	3953	4248	4364	2656	11268	509234	167	792736	92684	88698880	23897017	32362496
621	P1	2026-08-14T02:06:09,014928080-0700	1786698369008414496	ServiceB	ServiceB	692	3904	4448	2176	10528	34028	415	792736	92684	88698880	23897017	32362496
621	P1	2026-08-14T02:06:09,014928080-0700	1786698369008414496	ChannelLoader	ServiceH	3740	14172	25956	4324	44452	188933	103	792736	92684	88698880	23897017	32362496
621	P1	2026-08-14T02:06:09,014928080-0700	1786698369008414496	WebRuntime	ServiceE	545	8772	2120	7800	18692	28418	342	792736	92684	88698880	23897017	32362496
622	P1	2026-08-14T02:06:10,023647913-0700	1786698370010651079	ServiceA	ServiceA	3953	4248	4364	2656	11268	509234	167	793020	92684	88698880	23897017	32362496
622	P1	2026-08-14T02:06:10,023647913-0700	1786698370010651079	ServiceB	ServiceB	692	3904	4448	2176	10528	34028	415	793020	92684	88698880	23897017	32362496
622	P1	2026-08-14T02:06:10,023647913-0700	1786698370010651079	ChannelLoader	ServiceH	3740	14172	25956	4324	44452	188933	103	793020	92684	88698880	23897017	32362496
622	P1	2026-08-14T02:06:10,023647913-0700	1786698370010651079	WebRuntime	ServiceE	545	8772	2120	7800	18692	28418	342	793020	92684	88698880	23897017	32362496
623	P1	2026-08-14T02:06:11,015754412-0700	1786698371007493912	ServiceA	ServiceA	3953	4248	4364	2656	11268	509234	167	792676	92684	88698880	23897017	32362496
623	P1	2026-08-14T02:06:11,015754412-0700	1786698371007493912	ServiceB	ServiceB	692	3904	4448	2176	10528	34028	415	792676	92684	88698880	23897017	32362496
623	P1	2026-08-14T02:06:11,015754412-0700	1786698371007493912	ChannelLoader	ServiceH	3740	14172	25956	4324	44452	188973	103	792676	92684	88698880	23897017	32362496
623	P1	2026-08-14T02:06:11,015754412-0700	1786698371007493912	WebRuntime	ServiceE	545	8772	2120	7800	18692	28418	342	792676	92684	88698880	23897017	32362496
624	P1	2026-08-14T02:06:12,010291246-0700	1786698371999738412	ServiceA	ServiceA	3953	4248	4364	2656	11268	509234	167	794716	92684	88698880	23897017	32362496
624	P1	2026-08-14T02:06:12,010291246-0700	1786698371999738412	ServiceB	ServiceB	692	3904	4448	2176	10528	34028	415	794716	92684	88698880	23897017	32362496
624	P1	2026-08-14T02:06:12,010291246-0700	1786698371999738412	ChannelLoader	ServiceH	3740	14172	25956	4324	44452	188973	103	794716	92684	88698880	23897017	32362496
624	P1	2026-08-14T02:06:12,010291246-0700	1786698371999738412	WebRuntime	ServiceE	545	8772	2120	7800	18692	28418	342	794716	92684	88698880	23897017	32362496
625	P1	2026-08-14T02:06:13,010359995-0700	1786698373005180412	ServiceA	ServiceA	3953	4248	4364	2656	11268	509234	167	793120	92684	88698880	23897017	32362496
625	P1	2026-08-14T02:06:13,010359995-0700	1786698373005180412	ServiceB	ServiceB	692	3904	4448	2176	10528	34028	415	793120	92684	88698880	23897017	32362496
625	P1	2026-08-14T02:06:13,010359995-0700	1786698373005180412	ChannelLoader	ServiceH	3740	14172	25956	4324	44452	188973	103	793120	92684	88698880	23897017	32362496
625	P1	2026-08-14T02:06:13,010359995-0700	1786698373005180412	WebRuntime	ServiceE	545	8772	2120	7800	18692	28418	342	793120	92684	88698880	23897017	32362496
626	P1	2026-08-14T02:06:14,010223162-0700	1786698374003832412	ServiceA	ServiceA	3953	4248	4364	2656	11268	509234	167	792968	92684	88698880	23897017	32362496
626	P1	2026-08-14T02:06:14,010223162-0700	1786698374003832412	ServiceB	ServiceB	692	3904	4448	2176	10528	34028	415	792968	92684	88698880	23897017	32362496
626	P1	2026-08-14T02:06:14,010223162-0700	1786698374003832412	ChannelLoader	ServiceH	3740	14172	25956	4324	44452	188973	103	792968	92684	88698880	23897017	32362496
626	P1	2026-08-14T02:06:14,010223162-0700	1786698374003832412	WebRuntime	ServiceE	545	8772	2120	7800	18692	28418	342	792968	92684	88698880	23897017	32362496
627	P1	2026-08-14T02:06:15,025083578-0700	1786698375014966245	ServiceA	ServiceA	3953	4248	4364	2656	11268	509234	167	794092	92684	88698880	23897017	32362496
627	P1	2026-08-14T02:06:15,025083578-0700	1786698375014966245	ServiceB	ServiceB	692	3904	4448	2176	10528	34028	415	794092	92684	88698880	23897017	32362496
627	P1	2026-08-14T02:06:15,025083578-0700	1786698375014966245	ChannelLoader	ServiceH	3740	14172	25956	4324	44452	188973	103	794092	92684	88698880	23897017	32362496
627	P1	2026-08-14T02:06:15,025083578-0700	1786698375014966245	WebRuntime	ServiceE	545	8772	2120	7800	18692	28418	342	794092	92684	88698880	23897017	32362496
628	P1	2026-08-14T02:06:16,013068245-0700	1786698376006279078	ServiceA	ServiceA	3953	4248	4364	2656	11268	509234	167	794260	92684	88698880	23897017	32362496
628	P1	2026-08-14T02:06:16,013068245-0700	1786698376006279078	ServiceB	ServiceB	692	3904	4448	2176	10528	34028	415	794260	92684	88698880	23897017	32362496
628	P1	2026-08-14T02:06:16,013068245-0700	1786698376006279078	ChannelLoader	ServiceH	3740	14172	25956	4324	44452	189013	103	794260	92684	88698880	23897017	32362496
628	P1	2026-08-14T02:06:16,013068245-0700	1786698376006279078	WebRuntime	ServiceE	545	8772	2120	7800	18692	28418	342	794260	92684	88698880	23897017	32362496
629	P1	2026-08-14T02:06:17,012909494-0700	1786698377006638494	ServiceA	ServiceA	3953	4248	4364	2656	11268	509234	167	792812	92684	88698880	23897017	32362496
629	P1	2026-08-14T02:06:17,012909494-0700	1786698377006638494	ServiceB	ServiceB	692	3904	4448	2176	10528	34028	415	792812	92684	88698880	23897017	32362496
629	P1	2026-08-14T02:06:17,012909494-0700	1786698377006638494	ChannelLoader	ServiceH	3740	14172	25956	4324	44452	189013	103	792812	92684	88698880	23897017	32362496
629	P1	2026-08-14T02:06:17,012909494-0700	1786698377006638494	WebRuntime	ServiceE	545	8772	2120	7800	18692	28418	342	792812	92684	88698880	23897017	32362496
630	P1	2026-08-14T02:06:18,026058161-0700	1786698378020008661	ServiceA	ServiceA	3953	4248	4364	2656	11268	509234	167	793288	92684	88698880	23897017	32362496
630	P1	2026-08-14T02:06:18,026058161-0700	1786698378020008661	ServiceB	ServiceB	692	3904	4448	2176	10528	34028	415	793288	92684	88698880	23897017	32362496
630	P1	2026-08-14T02:06:18,026058161-0700	1786698378020008661	ChannelLoader	ServiceH	3740	14172	25956	4324	44452	189013	103	793288	92684	88698880	23897017	32362496
630	P1	2026-08-14T02:06:18,026058161-0700	1786698378020008661	WebRuntime	ServiceE	545	8772	2120	7800	18692	28418	342	793288	92684	88698880	23897017	32362496
631	P1	2026-08-14T02:06:19,012155744-0700	1786698379006561161	ServiceA	ServiceA	3953	4248	4364	2656	11268	509234	167	793948	92684	88698880	23897017	32362496
631	P1	2026-08-14T02:06:19,012155744-0700	1786698379006561161	ServiceB	ServiceB	692	3904	4448	2176	10528	34028	415	793948	92684	88698880	23897017	32362496
631	P1	2026-08-14T02:06:19,012155744-0700	1786698379006561161	ChannelLoader	ServiceH	3740	14172	25956	4324	44452	189013	103	793948	92684	88698880	23897017	32362496
631	P1	2026-08-14T02:06:19,012155744-0700	1786698379006561161	WebRuntime	ServiceE	545	8772	2120	7800	18692	28418	342	793948	92684	88698880	23897017	32362496
632	P1	2026-08-14T02:06:20,007485244-0700	1786698380001437994	ServiceA	ServiceA	3953	4248	4364	2656	11268	509234	167	793636	92684	88698880	23897017	32362496
632	P1	2026-08-14T02:06:20,007485244-0700	1786698380001437994	ServiceB	ServiceB	692	3904	4448	2176	10528	34028	415	793636	92684	88698880	23897017	32362496
632	P1	2026-08-14T02:06:20,007485244-0700	1786698380001437994	ChannelLoader	ServiceH	3740	14120	25956	4324	44400	189013	103	793636	92684	88698880	23897017	32362496
632	P1	2026-08-14T02:06:20,007485244-0700	1786698380001437994	WebRuntime	ServiceE	545	8772	2120	7800	18692	28418	342	793636	92684	88698880	23897017	32362496
633	P1	2026-08-14T02:06:21,019568910-0700	1786698381009904410	ServiceA	ServiceA	3953	4248	4364	2656	11268	509234	167	793228	92684	88698880	23897017	32362496
633	P1	2026-08-14T02:06:21,019568910-0700	1786698381009904410	ServiceB	ServiceB	692	3904	4448	2176	10528	34028	415	793228	92684	88698880	23897017	32362496
633	P1	2026-08-14T02:06:21,019568910-0700	1786698381009904410	ChannelLoader	ServiceH	3740	14120	25956	4324	44400	189053	103	793228	92684	88698880	23897017	32362496
633	P1	2026-08-14T02:06:21,019568910-0700	1786698381009904410	WebRuntime	ServiceE	545	8772	2120	7800	18692	28418	342	793228	92684	88698880	23897017	32362496
634	P1	2026-08-14T02:06:22,014902993-0700	1786698382009740660	ServiceA	ServiceA	3953	4248	4364	2656	11268	509234	167	794016	92684	88698880	23897017	32362496
634	P1	2026-08-14T02:06:22,014902993-0700	1786698382009740660	ServiceB	ServiceB	692	3904	4448	2176	10528	34028	415	794016	92684	88698880	23897017	32362496
634	P1	2026-08-14T02:06:22,014902993-0700	1786698382009740660	ChannelLoader	ServiceH	3740	14120	25956	4324	44400	189053	103	794016	92684	88698880	23897017	32362496
634	P1	2026-08-14T02:06:22,014902993-0700	1786698382009740660	WebRuntime	ServiceE	545	8772	2120	7800	18692	28418	342	794016	92684	88698880	23897017	32362496
635	P1	2026-08-14T02:06:23,013958326-0700	1786698383004251576	ServiceA	ServiceA	3953	4248	4364	2656	11268	509234	167	793884	92684	88698880	23897017	32362496
635	P1	2026-08-14T02:06:23,013958326-0700	1786698383004251576	ServiceB	ServiceB	692	3904	4448	2176	10528	34028	415	793884	92684	88698880	23897017	32362496
635	P1	2026-08-14T02:06:23,013958326-0700	1786698383004251576	ChannelLoader	ServiceH	3740	14120	25956	4324	44400	189053	103	793884	92684	88698880	23897017	32362496
635	P1	2026-08-14T02:06:23,013958326-0700	1786698383004251576	WebRuntime	ServiceE	545	8772	2120	7800	18692	28418	342	793884	92684	88698880	23897017	32362496
636	P1	2026-08-14T02:06:24,009963826-0700	1786698384005302659	ServiceA	ServiceA	3953	4248	4364	2656	11268	509234	167	794464	92684	88698880	23897017	32362496
636	P1	2026-08-14T02:06:24,009963826-0700	1786698384005302659	ServiceB	ServiceB	692	3904	4448	2176	10528	34028	415	794464	92684	88698880	23897017	32362496
636	P1	2026-08-14T02:06:24,009963826-0700	1786698384005302659	ChannelLoader	ServiceH	3740	14120	25956	4324	44400	189053	103	794464	92684	88698880	23897017	32362496
636	P1	2026-08-14T02:06:24,009963826-0700	1786698384005302659	WebRuntime	ServiceE	545	8772	2120	7800	18692	28418	342	794464	92684	88698880	23897017	32362496
637	P1	2026-08-14T02:06:25,020088242-0700	1786698385012076742	ServiceA	ServiceA	3953	4248	4364	2656	11268	509234	167	793840	92684	88698880	23897017	32362496
637	P1	2026-08-14T02:06:25,020088242-0700	1786698385012076742	ServiceB	ServiceB	692	3904	4448	2176	10528	34028	415	793840	92684	88698880	23897017	32362496
637	P1	2026-08-14T02:06:25,020088242-0700	1786698385012076742	ChannelLoader	ServiceH	3740	14120	25956	4324	44400	189053	103	793840	92684	88698880	23897017	32362496
637	P1	2026-08-14T02:06:25,020088242-0700	1786698385012076742	WebRuntime	ServiceE	545	8772	2120	7800	18692	28418	342	793840	92684	88698880	23897017	32362496
638	P1	2026-08-14T02:06:26,015559909-0700	1786698386011089659	ServiceA	ServiceA	3953	4248	4364	2656	11268	509234	167	794860	92684	88698880	23897017	32362496
638	P1	2026-08-14T02:06:26,015559909-0700	1786698386011089659	ServiceB	ServiceB	692	3904	4448	2176	10528	34028	415	794860	92684	88698880	23897017	32362496
638	P1	2026-08-14T02:06:26,015559909-0700	1786698386011089659	ChannelLoader	ServiceH	3740	14120	25956	4324	44400	189093	103	794860	92684	88698880	23897017	32362496
638	P1	2026-08-14T02:06:26,015559909-0700	1786698386011089659	WebRuntime	ServiceE	545	8772	2120	7800	18692	28418	342	794860	92684	88698880	23897017	32362496
639	P1	2026-08-14T02:06:27,016161075-0700	1786698387011619242	ServiceA	ServiceA	3953	4248	4364	2656	11268	509234	167	795188	92684	88698880	23897017	32362496
639	P1	2026-08-14T02:06:27,016161075-0700	1786698387011619242	ServiceB	ServiceB	692	3904	4448	2176	10528	34028	415	795188	92684	88698880	23897017	32362496
639	P1	2026-08-14T02:06:27,016161075-0700	1786698387011619242	ChannelLoader	ServiceH	3740	14120	25956	4324	44400	189093	103	795188	92684	88698880	23897017	32362496
639	P1	2026-08-14T02:06:27,016161075-0700	1786698387011619242	WebRuntime	ServiceE	545	8772	2120	7800	18692	28418	342	795188	92684	88698880	23897017	32362496
640	P1	2026-08-14T02:06:28,014379742-0700	1786698388007407825	ServiceA	ServiceA	3953	4248	4364	2656	11268	509234	167	794236	92684	88698880	23897017	32362496
640	P1	2026-08-14T02:06:28,014379742-0700	1786698388007407825	ServiceB	ServiceB	692	3904	4448	2176	10528	34028	415	794236	92684	88698880	23897017	32362496
640	P1	2026-08-14T02:06:28,014379742-0700	1786698388007407825	ChannelLoader	ServiceH	3740	14120	25956	4324	44400	189093	103	794236	92684	88698880	23897017	32362496
640	P1	2026-08-14T02:06:28,014379742-0700	1786698388007407825	WebRuntime	ServiceE	545	8772	2120	7800	18692	28418	342	794236	92684	88698880	23897017	32362496
641	P1	2026-08-14T02:06:29,013606492-0700	1786698389005909492	ServiceA	ServiceA	3953	4248	4364	2656	11268	509234	167	794220	92684	88698880	23897017	32362496
641	P1	2026-08-14T02:06:29,013606492-0700	1786698389005909492	ServiceB	ServiceB	692	3904	4448	2176	10528	34028	415	794220	92684	88698880	23897017	32362496
641	P1	2026-08-14T02:06:29,013606492-0700	1786698389005909492	ChannelLoader	ServiceH	3740	14120	25956	4324	44400	189093	103	794220	92684	88698880	23897017	32362496
641	P1	2026-08-14T02:06:29,013606492-0700	1786698389005909492	WebRuntime	ServiceE	545	8772	2120	7800	18692	28418	342	794220	92684	88698880	23897017	32362496
642	P1	2026-08-14T02:06:30,014623575-0700	1786698390009728991	ServiceA	ServiceA	3953	4248	4364	2656	11268	509234	167	797700	92684	88698880	23897017	32362496
642	P1	2026-08-14T02:06:30,014623575-0700	1786698390009728991	ServiceB	ServiceB	692	3904	4448	2176	10528	34028	415	797700	92684	88698880	23897017	32362496
642	P1	2026-08-14T02:06:30,014623575-0700	1786698390009728991	ChannelLoader	ServiceH	3740	14120	25956	4324	44400	189093	103	797700	92684	88698880	23897017	32362496
642	P1	2026-08-14T02:06:30,014623575-0700	1786698390009728991	WebRuntime	ServiceE	545	8772	2120	7800	18692	28418	342	797700	92684	88698880	23897017	32362496
643	P1	2026-08-14T02:06:31,014138491-0700	1786698391006551158	ServiceA	ServiceA	3953	4248	4364	2656	11268	509234	167	797840	92684	88698880	23897017	32362496
643	P1	2026-08-14T02:06:31,014138491-0700	1786698391006551158	ServiceB	ServiceB	692	3904	4448	2176	10528	34028	415	797840	92684	88698880	23897017	32362496
643	P1	2026-08-14T02:06:31,014138491-0700	1786698391006551158	ChannelLoader	ServiceH	3740	14120	25956	4324	44400	189133	103	797840	92684	88698880	23897017	32362496
643	P1	2026-08-14T02:06:31,014138491-0700	1786698391006551158	WebRuntime	ServiceE	545	8772	2120	7800	18692	28418	342	797840	92684	88698880	23897017	32362496
644	P1	2026-08-14T02:06:32,015732824-0700	1786698392008866074	ServiceA	ServiceA	3953	4248	4364	2656	11268	509234	167	798672	92684	88698880	23897017	32362496
644	P1	2026-08-14T02:06:32,015732824-0700	1786698392008866074	ServiceB	ServiceB	692	3904	4448	2176	10528	34028	415	798672	92684	88698880	23897017	32362496
644	P1	2026-08-14T02:06:32,015732824-0700	1786698392008866074	ChannelLoader	ServiceH	3740	14120	25956	4324	44400	189133	103	798672	92684	88698880	23897017	32362496
644	P1	2026-08-14T02:06:32,015732824-0700	1786698392008866074	WebRuntime	ServiceE	545	8772	2120	7800	18692	28418	342	798672	92684	88698880	23897017	32362496
645	P1	2026-08-14T02:06:33,007317241-0700	1786698392999837407	ServiceA	ServiceA	3953	4248	4364	2656	11268	509234	167	799696	92684	88698880	23897017	32362496
645	P1	2026-08-14T02:06:33,007317241-0700	1786698392999837407	ServiceB	ServiceB	692	3904	4448	2176	10528	34028	415	799696	92684	88698880	23897017	32362496
645	P1	2026-08-14T02:06:33,007317241-0700	1786698392999837407	ChannelLoader	ServiceH	3740	14120	25956	4324	44400	189133	103	799696	92684	88698880	23897017	32362496
645	P1	2026-08-14T02:06:33,007317241-0700	1786698392999837407	WebRuntime	ServiceE	545	8772	2120	7800	18692	28418	342	799696	92684	88698880	23897017	32362496
646	P1	2026-08-14T02:06:34,010059490-0700	1786698394002275907	ServiceA	ServiceA	3953	4248	4364	2656	11268	509234	167	800052	92684	88698880	23897017	32362496
646	P1	2026-08-14T02:06:34,010059490-0700	1786698394002275907	ServiceB	ServiceB	692	3904	4448	2176	10528	34028	415	800052	92684	88698880	23897017	32362496
646	P1	2026-08-14T02:06:34,010059490-0700	1786698394002275907	ChannelLoader	ServiceH	3740	14120	25956	4324	44400	189133	103	800052	92684	88698880	23897017	32362496
646	P1	2026-08-14T02:06:34,010059490-0700	1786698394002275907	WebRuntime	ServiceE	545	8772	2120	7800	18692	28418	342	800052	92684	88698880	23897017	32362496
647	P1	2026-08-14T02:06:35,012283407-0700	1786698395005549657	ServiceA	ServiceA	3953	4248	4364	2656	11268	509234	167	799876	92684	88698880	23897017	32362496
647	P1	2026-08-14T02:06:35,012283407-0700	1786698395005549657	ServiceB	ServiceB	692	3904	4448	2176	10528	34028	415	799876	92684	88698880	23897017	32362496
647	P1	2026-08-14T02:06:35,012283407-0700	1786698395005549657	ChannelLoader	ServiceH	3740	14120	25956	4324	44400	189133	103	799876	92684	88698880	23897017	32362496
647	P1	2026-08-14T02:06:35,012283407-0700	1786698395005549657	WebRuntime	ServiceE	545	8772	2120	7800	18692	28418	342	799876	92684	88698880	23897017	32362496
648	P1	2026-08-14T02:06:36,021020157-0700	1786698396013596323	ServiceA	ServiceA	3953	4248	4364	2656	11268	509234	167	799628	92684	88698880	23897017	32362496
648	P1	2026-08-14T02:06:36,021020157-0700	1786698396013596323	ServiceB	ServiceB	692	3904	4448	2176	10528	34028	415	799628	92684	88698880	23897017	32362496
648	P1	2026-08-14T02:06:36,021020157-0700	1786698396013596323	ChannelLoader	ServiceH	3740	14120	25956	4324	44400	189173	103	799628	92684	88698880	23897017	32362496
648	P1	2026-08-14T02:06:36,021020157-0700	1786698396013596323	WebRuntime	ServiceE	545	8772	2120	7800	18692	28418	342	799628	92684	88698880	23897017	32362496
649	P1	2026-08-14T02:06:37,013171823-0700	1786698397007642073	ServiceA	ServiceA	3953	4248	4364	2656	11268	509234	167	799008	92684	88698880	23897017	32362496
649	P1	2026-08-14T02:06:37,013171823-0700	1786698397007642073	ServiceB	ServiceB	692	3904	4448	2176	10528	34028	415	799008	92684	88698880	23897017	32362496
649	P1	2026-08-14T02:06:37,013171823-0700	1786698397007642073	ChannelLoader	ServiceH	3740	14120	25956	4324	44400	189173	103	799008	92684	88698880	23897017	32362496
649	P1	2026-08-14T02:06:37,013171823-0700	1786698397007642073	WebRuntime	ServiceE	545	8772	2120	7800	18692	28418	342	799008	92684	88698880	23897017	32362496
650	P1	2026-08-14T02:06:38,011734156-0700	1786698398002554489	ServiceA	ServiceA	3953	4248	4364	2656	11268	509234	167	800000	92684	88698880	23897017	32362496
650	P1	2026-08-14T02:06:38,011734156-0700	1786698398002554489	ServiceB	ServiceB	692	3904	4448	2176	10528	34028	415	800000	92684	88698880	23897017	32362496
650	P1	2026-08-14T02:06:38,011734156-0700	1786698398002554489	ChannelLoader	ServiceH	3740	14120	25956	4324	44400	189173	103	800000	92684	88698880	23897017	32362496
650	P1	2026-08-14T02:06:38,011734156-0700	1786698398002554489	WebRuntime	ServiceE	545	8772	2120	7800	18692	28418	342	800000	92684	88698880	23897017	32362496
651	P1	2026-08-14T02:06:39,011894072-0700	1786698399003251489	ServiceA	ServiceA	3953	4248	4364	2656	11268	509234	167	799776	92684	88698880	23897017	32362496
651	P1	2026-08-14T02:06:39,011894072-0700	1786698399003251489	ServiceB	ServiceB	692	3904	4448	2176	10528	34028	415	799776	92684	88698880	23897017	32362496
651	P1	2026-08-14T02:06:39,011894072-0700	1786698399003251489	ChannelLoader	ServiceH	3740	14120	25956	4324	44400	189173	103	799776	92684	88698880	23897017	32362496
651	P1	2026-08-14T02:06:39,011894072-0700	1786698399003251489	WebRuntime	ServiceE	545	8772	2120	7800	18692	28418	342	799776	92684	88698880	23897017	32362496
652	P1	2026-08-14T02:06:40,015897239-0700	1786698400011402406	ServiceA	ServiceA	3953	4248	4364	2656	11268	509234	167	800596	92684	88698880	23897017	32362496
652	P1	2026-08-14T02:06:40,015897239-0700	1786698400011402406	ServiceB	ServiceB	692	3904	4448	2176	10528	34028	415	800596	92684	88698880	23897017	32362496
652	P1	2026-08-14T02:06:40,015897239-0700	1786698400011402406	ChannelLoader	ServiceH	3740	14120	25956	4324	44400	189173	103	800596	92684	88698880	23897017	32362496
652	P1	2026-08-14T02:06:40,015897239-0700	1786698400011402406	WebRuntime	ServiceE	545	8772	2120	7800	18692	28418	342	800596	92684	88698880	23897017	32362496
653	P1	2026-08-14T02:06:41,011468405-0700	1786698401001867989	ServiceA	ServiceA	3953	4248	4364	2656	11268	509234	167	800116	92684	88698880	23897017	32362496
653	P1	2026-08-14T02:06:41,011468405-0700	1786698401001867989	ServiceB	ServiceB	692	3904	4448	2176	10528	34028	415	800116	92684	88698880	23897017	32362496
653	P1	2026-08-14T02:06:41,011468405-0700	1786698401001867989	ChannelLoader	ServiceH	3740	14120	25956	4324	44400	189213	103	800116	92684	88698880	23897017	32362496
653	P1	2026-08-14T02:06:41,011468405-0700	1786698401001867989	WebRuntime	ServiceE	545	8772	2120	7800	18692	28418	342	800116	92684	88698880	23897017	32362496
654	P1	2026-08-14T02:06:42,009998988-0700	1786698402004866238	ServiceA	ServiceA	3953	4248	4364	2656	11268	509234	167	800680	92684	88698880	23897017	32362496
654	P1	2026-08-14T02:06:42,009998988-0700	1786698402004866238	ServiceB	ServiceB	692	3904	4448	2176	10528	34028	415	800680	92684	88698880	23897017	32362496
654	P1	2026-08-14T02:06:42,009998988-0700	1786698402004866238	ChannelLoader	ServiceH	3740	14120	25956	4324	44400	189213	103	800680	92684	88698880	23897017	32362496
654	P1	2026-08-14T02:06:42,009998988-0700	1786698402004866238	WebRuntime	ServiceE	545	8772	2120	7800	18692	28418	342	800680	92684	88698880	23897017	32362496
655	P1	2026-08-14T02:06:43,012127905-0700	1786698403005944905	ServiceA	ServiceA	3953	4248	4364	2656	11268	509234	167	800852	92684	88698880	23897017	32362496
655	P1	2026-08-14T02:06:43,012127905-0700	1786698403005944905	ServiceB	ServiceB	692	3904	4448	2176	10528	34028	415	800852	92684	88698880	23897017	32362496
655	P1	2026-08-14T02:06:43,012127905-0700	1786698403005944905	ChannelLoader	ServiceH	3740	14120	25956	4324	44400	189213	103	800852	92684	88698880	23897017	32362496
655	P1	2026-08-14T02:06:43,012127905-0700	1786698403005944905	WebRuntime	ServiceE	545	8772	2120	7800	18692	28418	342	800852	92684	88698880	23897017	32362496
656	P1	2026-08-14T02:06:44,011946655-0700	1786698404004854321	ServiceA	ServiceA	3953	4248	4364	2656	11268	509234	167	801244	92684	88698880	23897017	32362496
656	P1	2026-08-14T02:06:44,011946655-0700	1786698404004854321	ServiceB	ServiceB	692	3904	4448	2176	10528	34028	415	801244	92684	88698880	23897017	32362496
656	P1	2026-08-14T02:06:44,011946655-0700	1786698404004854321	ChannelLoader	ServiceH	3740	14120	25956	4324	44400	189213	103	801244	92684	88698880	23897017	32362496
656	P1	2026-08-14T02:06:44,011946655-0700	1786698404004854321	WebRuntime	ServiceE	545	8772	2120	7800	18692	28418	342	801244	92684	88698880	23897017	32362496
657	P1	2026-08-14T02:06:45,015181404-0700	1786698405006524988	ServiceA	ServiceA	3953	4248	4364	2656	11268	509234	167	801084	92684	88698880	23897017	32362496
657	P1	2026-08-14T02:06:45,015181404-0700	1786698405006524988	ServiceB	ServiceB	692	3904	4448	2176	10528	34028	415	801084	92684	88698880	23897017	32362496
657	P1	2026-08-14T02:06:45,015181404-0700	1786698405006524988	ChannelLoader	ServiceH	3740	14120	25956	4324	44400	189213	103	801084	92684	88698880	23897017	32362496
657	P1	2026-08-14T02:06:45,015181404-0700	1786698405006524988	WebRuntime	ServiceE	545	8772	2120	7800	18692	28418	342	801084	92684	88698880	23897017	32362496
658	P1	2026-08-14T02:06:46,022344571-0700	1786698406013026071	ServiceA	ServiceA	3953	4248	4364	2656	11268	509234	167	801016	92684	88698880	23897017	32362496
658	P1	2026-08-14T02:06:46,022344571-0700	1786698406013026071	ServiceB	ServiceB	692	3904	4448	2176	10528	34028	415	801016	92684	88698880	23897017	32362496
658	P1	2026-08-14T02:06:46,022344571-0700	1786698406013026071	ChannelLoader	ServiceH	3740	14120	25956	4324	44400	189253	103	801016	92684	88698880	23897017	32362496
658	P1	2026-08-14T02:06:46,022344571-0700	1786698406013026071	WebRuntime	ServiceE	545	8772	2120	7800	18692	28418	342	801016	92684	88698880	23897017	32362496
659	P1	2026-08-14T02:06:47,015899904-0700	1786698407011490154	ServiceA	ServiceA	3953	4248	4364	2656	11268	509234	167	801396	92684	88698880	23897017	32362496
659	P1	2026-08-14T02:06:47,015899904-0700	1786698407011490154	ServiceB	ServiceB	692	3904	4448	2176	10528	34028	415	801396	92684	88698880	23897017	32362496
659	P1	2026-08-14T02:06:47,015899904-0700	1786698407011490154	ChannelLoader	ServiceH	3740	14120	25956	4324	44400	189253	103	801396	92684	88698880	23897017	32362496
659	P1	2026-08-14T02:06:47,015899904-0700	1786698407011490154	WebRuntime	ServiceE	545	8772	2120	7800	18692	28418	342	801396	92684	88698880	23897017	32362496
